[token:0] 001:embedding-lookup: 0.000003000 seconds
[token:0, layer:0] 002:attention-norm: 0.000322000 seconds
[token:0, layer:0] 003:qkv-projection: 0.014653000 seconds
[token:0, layer:0] 004:apply-rope: 0.000003000 seconds
[token:0, layer:0] 005:compute-attention: 0.000002000 seconds
[token:0, layer:0] 006:attention-output: 0.003075000 seconds
[token:0, layer:0] 007:ffn-norm: 0.001457000 seconds
[token:0, layer:0] 008:ffn-up-projection: 0.008354000 seconds
[token:0, layer:0] 009:ffn-swiglu: 0.000002000 seconds
[token:0, layer:0] 010:ffn-down-projection: 0.013638000 seconds
[token:0, layer:0] 102:layer-compute-total: 0.041506000 seconds
[token:0, layer:1] 002:attention-norm: 0.000000000 seconds
[token:0, layer:1] 003:qkv-projection: 0.010666000 seconds
[token:0, layer:1] 004:apply-rope: 0.000002000 seconds
[token:0, layer:1] 005:compute-attention: 0.000000000 seconds
[token:0, layer:1] 006:attention-output: 0.002273000 seconds
[token:0, layer:1] 007:ffn-norm: 0.000000000 seconds
[token:0, layer:1] 008:ffn-up-projection: 0.008623000 seconds
[token:0, layer:1] 009:ffn-swiglu: 0.000001000 seconds
[token:0, layer:1] 010:ffn-down-projection: 0.008937000 seconds
[token:0, layer:1] 102:layer-compute-total: 0.030502000 seconds
[token:0, layer:2] 002:attention-norm: 0.000001000 seconds
[token:0, layer:2] 003:qkv-projection: 0.012746000 seconds
[token:0, layer:2] 004:apply-rope: 0.000001000 seconds
[token:0, layer:2] 005:compute-attention: 0.000001000 seconds
[token:0, layer:2] 006:attention-output: 0.001461000 seconds
[token:0, layer:2] 007:ffn-norm: 0.000001000 seconds
[token:0, layer:2] 008:ffn-up-projection: 0.004454000 seconds
[token:0, layer:2] 009:ffn-swiglu: 0.000001000 seconds
[token:0, layer:2] 010:ffn-down-projection: 0.012237000 seconds
[token:0, layer:2] 102:layer-compute-total: 0.030903000 seconds
[token:0, layer:3] 002:attention-norm: 0.000000000 seconds
[token:0, layer:3] 003:qkv-projection: 0.011742000 seconds
[token:0, layer:3] 004:apply-rope: 0.000002000 seconds
[token:0, layer:3] 005:compute-attention: 0.000001000 seconds
[token:0, layer:3] 006:attention-output: 0.001782000 seconds
[token:0, layer:3] 007:ffn-norm: 0.000000000 seconds
[token:0, layer:3] 008:ffn-up-projection: 0.011309000 seconds
[token:0, layer:3] 009:ffn-swiglu: 0.000002000 seconds
[token:0, layer:3] 010:ffn-down-projection: 0.004414000 seconds
[token:0, layer:3] 102:layer-compute-total: 0.029252000 seconds
[token:0, layer:4] 002:attention-norm: 0.000001000 seconds
[token:0, layer:4] 003:qkv-projection: 0.009771000 seconds
[token:0, layer:4] 004:apply-rope: 0.000003000 seconds
[token:0, layer:4] 005:compute-attention: 0.000001000 seconds
[token:0, layer:4] 006:attention-output: 0.000893000 seconds
[token:0, layer:4] 007:ffn-norm: 0.000000000 seconds
[token:0, layer:4] 008:ffn-up-projection: 0.016259000 seconds
[token:0, layer:4] 009:ffn-swiglu: 0.000002000 seconds
[token:0, layer:4] 010:ffn-down-projection: 0.002772000 seconds
[token:0, layer:4] 102:layer-compute-total: 0.029702000 seconds
[token:0, layer:5] 002:attention-norm: 0.000000000 seconds
[token:0, layer:5] 003:qkv-projection: 0.011962000 seconds
[token:0, layer:5] 004:apply-rope: 0.000002000 seconds
[token:0, layer:5] 005:compute-attention: 0.000001000 seconds
[token:0, layer:5] 006:attention-output: 0.001573000 seconds
[token:0, layer:5] 007:ffn-norm: 0.000001000 seconds
[token:0, layer:5] 008:ffn-up-projection: 0.022967000 seconds
[token:0, layer:5] 009:ffn-swiglu: 0.000003000 seconds
[token:0, layer:5] 010:ffn-down-projection: 0.003811000 seconds
[token:0, layer:5] 102:layer-compute-total: 0.040320000 seconds
[token:0] 011:final-projection: 0.282953000 seconds
[token:0] 103:forward-compute-total: 0.485141000 seconds
[token:1] 001:embedding-lookup: 0.000001000 seconds
[token:1, layer:0] 002:attention-norm: 0.000000000 seconds
[token:1, layer:0] 003:qkv-projection: 0.000113000 seconds
[token:1, layer:0] 004:apply-rope: 0.000003000 seconds
[token:1, layer:0] 005:compute-attention: 0.000001000 seconds
[token:1, layer:0] 006:attention-output: 0.000037000 seconds
[token:1, layer:0] 007:ffn-norm: 0.000001000 seconds
[token:1, layer:0] 008:ffn-up-projection: 0.000195000 seconds
[token:1, layer:0] 009:ffn-swiglu: 0.000001000 seconds
[token:1, layer:0] 010:ffn-down-projection: 0.000135000 seconds
[token:1, layer:0] 102:layer-compute-total: 0.000486000 seconds
[token:1, layer:1] 002:attention-norm: 0.000000000 seconds
[token:1, layer:1] 003:qkv-projection: 0.000115000 seconds
[token:1, layer:1] 004:apply-rope: 0.000001000 seconds
[token:1, layer:1] 005:compute-attention: 0.000000000 seconds
[token:1, layer:1] 006:attention-output: 0.000036000 seconds
[token:1, layer:1] 007:ffn-norm: 0.000000000 seconds
[token:1, layer:1] 008:ffn-up-projection: 0.000194000 seconds
[token:1, layer:1] 009:ffn-swiglu: 0.000001000 seconds
[token:1, layer:1] 010:ffn-down-projection: 0.000139000 seconds
[token:1, layer:1] 102:layer-compute-total: 0.000486000 seconds
[token:1, layer:2] 002:attention-norm: 0.000001000 seconds
[token:1, layer:2] 003:qkv-projection: 0.000112000 seconds
[token:1, layer:2] 004:apply-rope: 0.000001000 seconds
[token:1, layer:2] 005:compute-attention: 0.000001000 seconds
[token:1, layer:2] 006:attention-output: 0.000036000 seconds
[token:1, layer:2] 007:ffn-norm: 0.000000000 seconds
[token:1, layer:2] 008:ffn-up-projection: 0.000194000 seconds
[token:1, layer:2] 009:ffn-swiglu: 0.000001000 seconds
[token:1, layer:2] 010:ffn-down-projection: 0.000139000 seconds
[token:1, layer:2] 102:layer-compute-total: 0.000485000 seconds
[token:1, layer:3] 002:attention-norm: 0.000000000 seconds
[token:1, layer:3] 003:qkv-projection: 0.000111000 seconds
[token:1, layer:3] 004:apply-rope: 0.000002000 seconds
[token:1, layer:3] 005:compute-attention: 0.000001000 seconds
[token:1, layer:3] 006:attention-output: 0.000036000 seconds
[token:1, layer:3] 007:ffn-norm: 0.000001000 seconds
[token:1, layer:3] 008:ffn-up-projection: 0.000194000 seconds
[token:1, layer:3] 009:ffn-swiglu: 0.000001000 seconds
[token:1, layer:3] 010:ffn-down-projection: 0.000139000 seconds
[token:1, layer:3] 102:layer-compute-total: 0.000485000 seconds
[token:1, layer:4] 002:attention-norm: 0.000001000 seconds
[token:1, layer:4] 003:qkv-projection: 0.000111000 seconds
[token:1, layer:4] 004:apply-rope: 0.000001000 seconds
[token:1, layer:4] 005:compute-attention: 0.000001000 seconds
[token:1, layer:4] 006:attention-output: 0.000036000 seconds
[token:1, layer:4] 007:ffn-norm: 0.000000000 seconds
[token:1, layer:4] 008:ffn-up-projection: 0.000194000 seconds
[token:1, layer:4] 009:ffn-swiglu: 0.000001000 seconds
[token:1, layer:4] 010:ffn-down-projection: 0.000140000 seconds
[token:1, layer:4] 102:layer-compute-total: 0.000485000 seconds
[token:1, layer:5] 002:attention-norm: 0.000001000 seconds
[token:1, layer:5] 003:qkv-projection: 0.000111000 seconds
[token:1, layer:5] 004:apply-rope: 0.000002000 seconds
[token:1, layer:5] 005:compute-attention: 0.000000000 seconds
[token:1, layer:5] 006:attention-output: 0.000037000 seconds
[token:1, layer:5] 007:ffn-norm: 0.000000000 seconds
[token:1, layer:5] 008:ffn-up-projection: 0.000194000 seconds
[token:1, layer:5] 009:ffn-swiglu: 0.000001000 seconds
[token:1, layer:5] 010:ffn-down-projection: 0.000139000 seconds
[token:1, layer:5] 102:layer-compute-total: 0.000485000 seconds
[token:1] 011:final-projection: 0.004041000 seconds
[token:1] 103:forward-compute-total: 0.006954000 seconds
[token:2] 001:embedding-lookup: 0.000000000 seconds
[token:2, layer:0] 002:attention-norm: 0.000001000 seconds
[token:2, layer:0] 003:qkv-projection: 0.000110000 seconds
[token:2, layer:0] 004:apply-rope: 0.000002000 seconds
[token:2, layer:0] 005:compute-attention: 0.000001000 seconds
[token:2, layer:0] 006:attention-output: 0.000037000 seconds
[token:2, layer:0] 007:ffn-norm: 0.000001000 seconds
[token:2, layer:0] 008:ffn-up-projection: 0.000194000 seconds
[token:2, layer:0] 009:ffn-swiglu: 0.000001000 seconds
[token:2, layer:0] 010:ffn-down-projection: 0.000139000 seconds
[token:2, layer:0] 102:layer-compute-total: 0.000486000 seconds
[token:2, layer:1] 002:attention-norm: 0.000000000 seconds
[token:2, layer:1] 003:qkv-projection: 0.000109000 seconds
[token:2, layer:1] 004:apply-rope: 0.000001000 seconds
[token:2, layer:1] 005:compute-attention: 0.000001000 seconds
[token:2, layer:1] 006:attention-output: 0.000036000 seconds
[token:2, layer:1] 007:ffn-norm: 0.000000000 seconds
[token:2, layer:1] 008:ffn-up-projection: 0.000195000 seconds
[token:2, layer:1] 009:ffn-swiglu: 0.000001000 seconds
[token:2, layer:1] 010:ffn-down-projection: 0.000140000 seconds
[token:2, layer:1] 102:layer-compute-total: 0.000483000 seconds
[token:2, layer:2] 002:attention-norm: 0.000000000 seconds
[token:2, layer:2] 003:qkv-projection: 0.000112000 seconds
[token:2, layer:2] 004:apply-rope: 0.000002000 seconds
[token:2, layer:2] 005:compute-attention: 0.000001000 seconds
[token:2, layer:2] 006:attention-output: 0.000037000 seconds
[token:2, layer:2] 007:ffn-norm: 0.000000000 seconds
[token:2, layer:2] 008:ffn-up-projection: 0.000194000 seconds
[token:2, layer:2] 009:ffn-swiglu: 0.000001000 seconds
[token:2, layer:2] 010:ffn-down-projection: 0.000143000 seconds
[token:2, layer:2] 102:layer-compute-total: 0.000490000 seconds
[token:2, layer:3] 002:attention-norm: 0.000000000 seconds
[token:2, layer:3] 003:qkv-projection: 0.000109000 seconds
[token:2, layer:3] 004:apply-rope: 0.000001000 seconds
[token:2, layer:3] 005:compute-attention: 0.000000000 seconds
[token:2, layer:3] 006:attention-output: 0.000037000 seconds
[token:2, layer:3] 007:ffn-norm: 0.000001000 seconds
[token:2, layer:3] 008:ffn-up-projection: 0.000194000 seconds
[token:2, layer:3] 009:ffn-swiglu: 0.000001000 seconds
[token:2, layer:3] 010:ffn-down-projection: 0.000139000 seconds
[token:2, layer:3] 102:layer-compute-total: 0.000482000 seconds
[token:2, layer:4] 002:attention-norm: 0.000000000 seconds
[token:2, layer:4] 003:qkv-projection: 0.000109000 seconds
[token:2, layer:4] 004:apply-rope: 0.000002000 seconds
[token:2, layer:4] 005:compute-attention: 0.000001000 seconds
[token:2, layer:4] 006:attention-output: 0.000036000 seconds
[token:2, layer:4] 007:ffn-norm: 0.000000000 seconds
[token:2, layer:4] 008:ffn-up-projection: 0.000194000 seconds
[token:2, layer:4] 009:ffn-swiglu: 0.000001000 seconds
[token:2, layer:4] 010:ffn-down-projection: 0.000144000 seconds
[token:2, layer:4] 102:layer-compute-total: 0.000487000 seconds
[token:2, layer:5] 002:attention-norm: 0.000001000 seconds
[token:2, layer:5] 003:qkv-projection: 0.000109000 seconds
[token:2, layer:5] 004:apply-rope: 0.000001000 seconds
[token:2, layer:5] 005:compute-attention: 0.000001000 seconds
[token:2, layer:5] 006:attention-output: 0.000037000 seconds
[token:2, layer:5] 007:ffn-norm: 0.000000000 seconds
[token:2, layer:5] 008:ffn-up-projection: 0.000194000 seconds
[token:2, layer:5] 009:ffn-swiglu: 0.000001000 seconds
[token:2, layer:5] 010:ffn-down-projection: 0.000139000 seconds
[token:2, layer:5] 102:layer-compute-total: 0.000483000 seconds
[token:2] 011:final-projection: 0.004063000 seconds
[token:2] 103:forward-compute-total: 0.006974000 seconds
[token:3] 001:embedding-lookup: 0.000000000 seconds
[token:3, layer:0] 002:attention-norm: 0.000000000 seconds
[token:3, layer:0] 003:qkv-projection: 0.000110000 seconds
[token:3, layer:0] 004:apply-rope: 0.000001000 seconds
[token:3, layer:0] 005:compute-attention: 0.000001000 seconds
[token:3, layer:0] 006:attention-output: 0.000037000 seconds
[token:3, layer:0] 007:ffn-norm: 0.000000000 seconds
[token:3, layer:0] 008:ffn-up-projection: 0.000194000 seconds
[token:3, layer:0] 009:ffn-swiglu: 0.000001000 seconds
[token:3, layer:0] 010:ffn-down-projection: 0.000139000 seconds
[token:3, layer:0] 102:layer-compute-total: 0.000483000 seconds
[token:3, layer:1] 002:attention-norm: 0.000001000 seconds
[token:3, layer:1] 003:qkv-projection: 0.000112000 seconds
[token:3, layer:1] 004:apply-rope: 0.000001000 seconds
[token:3, layer:1] 005:compute-attention: 0.000001000 seconds
[token:3, layer:1] 006:attention-output: 0.000037000 seconds
[token:3, layer:1] 007:ffn-norm: 0.000001000 seconds
[token:3, layer:1] 008:ffn-up-projection: 0.000194000 seconds
[token:3, layer:1] 009:ffn-swiglu: 0.000001000 seconds
[token:3, layer:1] 010:ffn-down-projection: 0.000139000 seconds
[token:3, layer:1] 102:layer-compute-total: 0.000487000 seconds
[token:3, layer:2] 002:attention-norm: 0.000001000 seconds
[token:3, layer:2] 003:qkv-projection: 0.000110000 seconds
[token:3, layer:2] 004:apply-rope: 0.000002000 seconds
[token:3, layer:2] 005:compute-attention: 0.000001000 seconds
[token:3, layer:2] 006:attention-output: 0.000037000 seconds
[token:3, layer:2] 007:ffn-norm: 0.000000000 seconds
[token:3, layer:2] 008:ffn-up-projection: 0.000192000 seconds
[token:3, layer:2] 009:ffn-swiglu: 0.000001000 seconds
[token:3, layer:2] 010:ffn-down-projection: 0.000152000 seconds
[token:3, layer:2] 102:layer-compute-total: 0.000496000 seconds
[token:3, layer:3] 002:attention-norm: 0.000000000 seconds
[token:3, layer:3] 003:qkv-projection: 0.000111000 seconds
[token:3, layer:3] 004:apply-rope: 0.000001000 seconds
[token:3, layer:3] 005:compute-attention: 0.000001000 seconds
[token:3, layer:3] 006:attention-output: 0.000036000 seconds
[token:3, layer:3] 007:ffn-norm: 0.000000000 seconds
[token:3, layer:3] 008:ffn-up-projection: 0.000198000 seconds
[token:3, layer:3] 009:ffn-swiglu: 0.000001000 seconds
[token:3, layer:3] 010:ffn-down-projection: 0.000138000 seconds
[token:3, layer:3] 102:layer-compute-total: 0.000486000 seconds
[token:3, layer:4] 002:attention-norm: 0.000001000 seconds
[token:3, layer:4] 003:qkv-projection: 0.000110000 seconds
[token:3, layer:4] 004:apply-rope: 0.000001000 seconds
[token:3, layer:4] 005:compute-attention: 0.000001000 seconds
[token:3, layer:4] 006:attention-output: 0.000037000 seconds
[token:3, layer:4] 007:ffn-norm: 0.000000000 seconds
[token:3, layer:4] 008:ffn-up-projection: 0.000195000 seconds
[token:3, layer:4] 009:ffn-swiglu: 0.000001000 seconds
[token:3, layer:4] 010:ffn-down-projection: 0.000139000 seconds
[token:3, layer:4] 102:layer-compute-total: 0.000485000 seconds
[token:3, layer:5] 002:attention-norm: 0.000001000 seconds
[token:3, layer:5] 003:qkv-projection: 0.000108000 seconds
[token:3, layer:5] 004:apply-rope: 0.000002000 seconds
[token:3, layer:5] 005:compute-attention: 0.000001000 seconds
[token:3, layer:5] 006:attention-output: 0.000036000 seconds
[token:3, layer:5] 007:ffn-norm: 0.000000000 seconds
[token:3, layer:5] 008:ffn-up-projection: 0.000194000 seconds
[token:3, layer:5] 009:ffn-swiglu: 0.000001000 seconds
[token:3, layer:5] 010:ffn-down-projection: 0.000139000 seconds
[token:3, layer:5] 102:layer-compute-total: 0.000482000 seconds
[token:3] 011:final-projection: 0.004219000 seconds
[token:3] 103:forward-compute-total: 0.007138000 seconds
[token:4] 001:embedding-lookup: 0.000001000 seconds
[token:4, layer:0] 002:attention-norm: 0.000000000 seconds
[token:4, layer:0] 003:qkv-projection: 0.000110000 seconds
[token:4, layer:0] 004:apply-rope: 0.000002000 seconds
[token:4, layer:0] 005:compute-attention: 0.000001000 seconds
[token:4, layer:0] 006:attention-output: 0.000037000 seconds
[token:4, layer:0] 007:ffn-norm: 0.000001000 seconds
[token:4, layer:0] 008:ffn-up-projection: 0.000197000 seconds
[token:4, layer:0] 009:ffn-swiglu: 0.000001000 seconds
[token:4, layer:0] 010:ffn-down-projection: 0.000140000 seconds
[token:4, layer:0] 102:layer-compute-total: 0.000489000 seconds
[token:4, layer:1] 002:attention-norm: 0.000000000 seconds
[token:4, layer:1] 003:qkv-projection: 0.000109000 seconds
[token:4, layer:1] 004:apply-rope: 0.000001000 seconds
[token:4, layer:1] 005:compute-attention: 0.000002000 seconds
[token:4, layer:1] 006:attention-output: 0.000036000 seconds
[token:4, layer:1] 007:ffn-norm: 0.000000000 seconds
[token:4, layer:1] 008:ffn-up-projection: 0.000194000 seconds
[token:4, layer:1] 009:ffn-swiglu: 0.000002000 seconds
[token:4, layer:1] 010:ffn-down-projection: 0.000140000 seconds
[token:4, layer:1] 102:layer-compute-total: 0.000484000 seconds
[token:4, layer:2] 002:attention-norm: 0.000000000 seconds
[token:4, layer:2] 003:qkv-projection: 0.000110000 seconds
[token:4, layer:2] 004:apply-rope: 0.000001000 seconds
[token:4, layer:2] 005:compute-attention: 0.000001000 seconds
[token:4, layer:2] 006:attention-output: 0.000037000 seconds
[token:4, layer:2] 007:ffn-norm: 0.000000000 seconds
[token:4, layer:2] 008:ffn-up-projection: 0.000194000 seconds
[token:4, layer:2] 009:ffn-swiglu: 0.000001000 seconds
[token:4, layer:2] 010:ffn-down-projection: 0.000139000 seconds
[token:4, layer:2] 102:layer-compute-total: 0.000483000 seconds
[token:4, layer:3] 002:attention-norm: 0.000000000 seconds
[token:4, layer:3] 003:qkv-projection: 0.000109000 seconds
[token:4, layer:3] 004:apply-rope: 0.000001000 seconds
[token:4, layer:3] 005:compute-attention: 0.000001000 seconds
[token:4, layer:3] 006:attention-output: 0.000036000 seconds
[token:4, layer:3] 007:ffn-norm: 0.000000000 seconds
[token:4, layer:3] 008:ffn-up-projection: 0.000196000 seconds
[token:4, layer:3] 009:ffn-swiglu: 0.000001000 seconds
[token:4, layer:3] 010:ffn-down-projection: 0.000139000 seconds
[token:4, layer:3] 102:layer-compute-total: 0.000483000 seconds
[token:4, layer:4] 002:attention-norm: 0.000000000 seconds
[token:4, layer:4] 003:qkv-projection: 0.000109000 seconds
[token:4, layer:4] 004:apply-rope: 0.000001000 seconds
[token:4, layer:4] 005:compute-attention: 0.000001000 seconds
[token:4, layer:4] 006:attention-output: 0.000036000 seconds
[token:4, layer:4] 007:ffn-norm: 0.000000000 seconds
[token:4, layer:4] 008:ffn-up-projection: 0.000196000 seconds
[token:4, layer:4] 009:ffn-swiglu: 0.000001000 seconds
[token:4, layer:4] 010:ffn-down-projection: 0.000139000 seconds
[token:4, layer:4] 102:layer-compute-total: 0.000483000 seconds
[token:4, layer:5] 002:attention-norm: 0.000001000 seconds
[token:4, layer:5] 003:qkv-projection: 0.000109000 seconds
[token:4, layer:5] 004:apply-rope: 0.000001000 seconds
[token:4, layer:5] 005:compute-attention: 0.000001000 seconds
[token:4, layer:5] 006:attention-output: 0.000036000 seconds
[token:4, layer:5] 007:ffn-norm: 0.000001000 seconds
[token:4, layer:5] 008:ffn-up-projection: 0.000189000 seconds
[token:4, layer:5] 009:ffn-swiglu: 0.000001000 seconds
[token:4, layer:5] 010:ffn-down-projection: 0.000137000 seconds
[token:4, layer:5] 102:layer-compute-total: 0.000476000 seconds
[token:4] 011:final-projection: 0.004043000 seconds
[token:4] 103:forward-compute-total: 0.006942000 seconds
[token:5] 001:embedding-lookup: 0.000000000 seconds
[token:5, layer:0] 002:attention-norm: 0.000000000 seconds
[token:5, layer:0] 003:qkv-projection: 0.000109000 seconds
[token:5, layer:0] 004:apply-rope: 0.000001000 seconds
[token:5, layer:0] 005:compute-attention: 0.000002000 seconds
[token:5, layer:0] 006:attention-output: 0.000036000 seconds
[token:5, layer:0] 007:ffn-norm: 0.000000000 seconds
[token:5, layer:0] 008:ffn-up-projection: 0.000194000 seconds
[token:5, layer:0] 009:ffn-swiglu: 0.000001000 seconds
[token:5, layer:0] 010:ffn-down-projection: 0.000139000 seconds
[token:5, layer:0] 102:layer-compute-total: 0.000482000 seconds
[token:5, layer:1] 002:attention-norm: 0.000001000 seconds
[token:5, layer:1] 003:qkv-projection: 0.000109000 seconds
[token:5, layer:1] 004:apply-rope: 0.000002000 seconds
[token:5, layer:1] 005:compute-attention: 0.000001000 seconds
[token:5, layer:1] 006:attention-output: 0.000036000 seconds
[token:5, layer:1] 007:ffn-norm: 0.000000000 seconds
[token:5, layer:1] 008:ffn-up-projection: 0.000195000 seconds
[token:5, layer:1] 009:ffn-swiglu: 0.000001000 seconds
[token:5, layer:1] 010:ffn-down-projection: 0.000134000 seconds
[token:5, layer:1] 102:layer-compute-total: 0.000479000 seconds
[token:5, layer:2] 002:attention-norm: 0.000001000 seconds
[token:5, layer:2] 003:qkv-projection: 0.000111000 seconds
[token:5, layer:2] 004:apply-rope: 0.000001000 seconds
[token:5, layer:2] 005:compute-attention: 0.000002000 seconds
[token:5, layer:2] 006:attention-output: 0.000037000 seconds
[token:5, layer:2] 007:ffn-norm: 0.000001000 seconds
[token:5, layer:2] 008:ffn-up-projection: 0.000195000 seconds
[token:5, layer:2] 009:ffn-swiglu: 0.000001000 seconds
[token:5, layer:2] 010:ffn-down-projection: 0.000139000 seconds
[token:5, layer:2] 102:layer-compute-total: 0.000488000 seconds
[token:5, layer:3] 002:attention-norm: 0.000000000 seconds
[token:5, layer:3] 003:qkv-projection: 0.000109000 seconds
[token:5, layer:3] 004:apply-rope: 0.000001000 seconds
[token:5, layer:3] 005:compute-attention: 0.000002000 seconds
[token:5, layer:3] 006:attention-output: 0.000036000 seconds
[token:5, layer:3] 007:ffn-norm: 0.000000000 seconds
[token:5, layer:3] 008:ffn-up-projection: 0.000189000 seconds
[token:5, layer:3] 009:ffn-swiglu: 0.000002000 seconds
[token:5, layer:3] 010:ffn-down-projection: 0.000140000 seconds
[token:5, layer:3] 102:layer-compute-total: 0.000479000 seconds
[token:5, layer:4] 002:attention-norm: 0.000000000 seconds
[token:5, layer:4] 003:qkv-projection: 0.000109000 seconds
[token:5, layer:4] 004:apply-rope: 0.000001000 seconds
[token:5, layer:4] 005:compute-attention: 0.000002000 seconds
[token:5, layer:4] 006:attention-output: 0.000037000 seconds
[token:5, layer:4] 007:ffn-norm: 0.000000000 seconds
[token:5, layer:4] 008:ffn-up-projection: 0.000194000 seconds
[token:5, layer:4] 009:ffn-swiglu: 0.000001000 seconds
[token:5, layer:4] 010:ffn-down-projection: 0.000139000 seconds
[token:5, layer:4] 102:layer-compute-total: 0.000483000 seconds
[token:5, layer:5] 002:attention-norm: 0.000001000 seconds
[token:5, layer:5] 003:qkv-projection: 0.000109000 seconds
[token:5, layer:5] 004:apply-rope: 0.000001000 seconds
[token:5, layer:5] 005:compute-attention: 0.000001000 seconds
[token:5, layer:5] 006:attention-output: 0.000036000 seconds
[token:5, layer:5] 007:ffn-norm: 0.000000000 seconds
[token:5, layer:5] 008:ffn-up-projection: 0.000194000 seconds
[token:5, layer:5] 009:ffn-swiglu: 0.000001000 seconds
[token:5, layer:5] 010:ffn-down-projection: 0.000144000 seconds
[token:5, layer:5] 102:layer-compute-total: 0.000487000 seconds
[token:5] 011:final-projection: 0.004449000 seconds
[token:5] 103:forward-compute-total: 0.007347000 seconds
[token:6] 001:embedding-lookup: 0.000001000 seconds
[token:6, layer:0] 002:attention-norm: 0.000000000 seconds
[token:6, layer:0] 003:qkv-projection: 0.000110000 seconds
[token:6, layer:0] 004:apply-rope: 0.000002000 seconds
[token:6, layer:0] 005:compute-attention: 0.000002000 seconds
[token:6, layer:0] 006:attention-output: 0.000037000 seconds
[token:6, layer:0] 007:ffn-norm: 0.000001000 seconds
[token:6, layer:0] 008:ffn-up-projection: 0.000194000 seconds
[token:6, layer:0] 009:ffn-swiglu: 0.000002000 seconds
[token:6, layer:0] 010:ffn-down-projection: 0.000140000 seconds
[token:6, layer:0] 102:layer-compute-total: 0.000488000 seconds
[token:6, layer:1] 002:attention-norm: 0.000001000 seconds
[token:6, layer:1] 003:qkv-projection: 0.000109000 seconds
[token:6, layer:1] 004:apply-rope: 0.000001000 seconds
[token:6, layer:1] 005:compute-attention: 0.000002000 seconds
[token:6, layer:1] 006:attention-output: 0.000037000 seconds
[token:6, layer:1] 007:ffn-norm: 0.000000000 seconds
[token:6, layer:1] 008:ffn-up-projection: 0.000196000 seconds
[token:6, layer:1] 009:ffn-swiglu: 0.000001000 seconds
[token:6, layer:1] 010:ffn-down-projection: 0.000139000 seconds
[token:6, layer:1] 102:layer-compute-total: 0.000486000 seconds
[token:6, layer:2] 002:attention-norm: 0.000001000 seconds
[token:6, layer:2] 003:qkv-projection: 0.000110000 seconds
[token:6, layer:2] 004:apply-rope: 0.000001000 seconds
[token:6, layer:2] 005:compute-attention: 0.000002000 seconds
[token:6, layer:2] 006:attention-output: 0.000036000 seconds
[token:6, layer:2] 007:ffn-norm: 0.000000000 seconds
[token:6, layer:2] 008:ffn-up-projection: 0.000193000 seconds
[token:6, layer:2] 009:ffn-swiglu: 0.000001000 seconds
[token:6, layer:2] 010:ffn-down-projection: 0.000139000 seconds
[token:6, layer:2] 102:layer-compute-total: 0.000483000 seconds
[token:6, layer:3] 002:attention-norm: 0.000001000 seconds
[token:6, layer:3] 003:qkv-projection: 0.000110000 seconds
[token:6, layer:3] 004:apply-rope: 0.000001000 seconds
[token:6, layer:3] 005:compute-attention: 0.000001000 seconds
[token:6, layer:3] 006:attention-output: 0.000036000 seconds
[token:6, layer:3] 007:ffn-norm: 0.000000000 seconds
[token:6, layer:3] 008:ffn-up-projection: 0.000191000 seconds
[token:6, layer:3] 009:ffn-swiglu: 0.000001000 seconds
[token:6, layer:3] 010:ffn-down-projection: 0.000134000 seconds
[token:6, layer:3] 102:layer-compute-total: 0.000475000 seconds
[token:6, layer:4] 002:attention-norm: 0.000000000 seconds
[token:6, layer:4] 003:qkv-projection: 0.000111000 seconds
[token:6, layer:4] 004:apply-rope: 0.000002000 seconds
[token:6, layer:4] 005:compute-attention: 0.000002000 seconds
[token:6, layer:4] 006:attention-output: 0.000037000 seconds
[token:6, layer:4] 007:ffn-norm: 0.000000000 seconds
[token:6, layer:4] 008:ffn-up-projection: 0.000194000 seconds
[token:6, layer:4] 009:ffn-swiglu: 0.000001000 seconds
[token:6, layer:4] 010:ffn-down-projection: 0.000140000 seconds
[token:6, layer:4] 102:layer-compute-total: 0.000487000 seconds
[token:6, layer:5] 002:attention-norm: 0.000000000 seconds
[token:6, layer:5] 003:qkv-projection: 0.000109000 seconds
[token:6, layer:5] 004:apply-rope: 0.000001000 seconds
[token:6, layer:5] 005:compute-attention: 0.000002000 seconds
[token:6, layer:5] 006:attention-output: 0.000037000 seconds
[token:6, layer:5] 007:ffn-norm: 0.000001000 seconds
[token:6, layer:5] 008:ffn-up-projection: 0.000195000 seconds
[token:6, layer:5] 009:ffn-swiglu: 0.000001000 seconds
[token:6, layer:5] 010:ffn-down-projection: 0.000139000 seconds
[token:6, layer:5] 102:layer-compute-total: 0.000485000 seconds
[token:6] 011:final-projection: 0.004054000 seconds
[token:6] 103:forward-compute-total: 0.006959000 seconds
[token:7] 001:embedding-lookup: 0.000000000 seconds
[token:7, layer:0] 002:attention-norm: 0.000001000 seconds
[token:7, layer:0] 003:qkv-projection: 0.000110000 seconds
[token:7, layer:0] 004:apply-rope: 0.000001000 seconds
[token:7, layer:0] 005:compute-attention: 0.000002000 seconds
[token:7, layer:0] 006:attention-output: 0.000036000 seconds
[token:7, layer:0] 007:ffn-norm: 0.000000000 seconds
[token:7, layer:0] 008:ffn-up-projection: 0.000194000 seconds
[token:7, layer:0] 009:ffn-swiglu: 0.000002000 seconds
[token:7, layer:0] 010:ffn-down-projection: 0.000137000 seconds
[token:7, layer:0] 102:layer-compute-total: 0.000483000 seconds
[token:7, layer:1] 002:attention-norm: 0.000001000 seconds
[token:7, layer:1] 003:qkv-projection: 0.000111000 seconds
[token:7, layer:1] 004:apply-rope: 0.000002000 seconds
[token:7, layer:1] 005:compute-attention: 0.000002000 seconds
[token:7, layer:1] 006:attention-output: 0.000036000 seconds
[token:7, layer:1] 007:ffn-norm: 0.000000000 seconds
[token:7, layer:1] 008:ffn-up-projection: 0.000194000 seconds
[token:7, layer:1] 009:ffn-swiglu: 0.000001000 seconds
[token:7, layer:1] 010:ffn-down-projection: 0.000143000 seconds
[token:7, layer:1] 102:layer-compute-total: 0.000490000 seconds
[token:7, layer:2] 002:attention-norm: 0.000000000 seconds
[token:7, layer:2] 003:qkv-projection: 0.000109000 seconds
[token:7, layer:2] 004:apply-rope: 0.000002000 seconds
[token:7, layer:2] 005:compute-attention: 0.000002000 seconds
[token:7, layer:2] 006:attention-output: 0.000036000 seconds
[token:7, layer:2] 007:ffn-norm: 0.000000000 seconds
[token:7, layer:2] 008:ffn-up-projection: 0.000194000 seconds
[token:7, layer:2] 009:ffn-swiglu: 0.000001000 seconds
[token:7, layer:2] 010:ffn-down-projection: 0.000139000 seconds
[token:7, layer:2] 102:layer-compute-total: 0.000483000 seconds
[token:7, layer:3] 002:attention-norm: 0.000001000 seconds
[token:7, layer:3] 003:qkv-projection: 0.000109000 seconds
[token:7, layer:3] 004:apply-rope: 0.000001000 seconds
[token:7, layer:3] 005:compute-attention: 0.000002000 seconds
[token:7, layer:3] 006:attention-output: 0.000037000 seconds
[token:7, layer:3] 007:ffn-norm: 0.000001000 seconds
[token:7, layer:3] 008:ffn-up-projection: 0.000194000 seconds
[token:7, layer:3] 009:ffn-swiglu: 0.000001000 seconds
[token:7, layer:3] 010:ffn-down-projection: 0.000139000 seconds
[token:7, layer:3] 102:layer-compute-total: 0.000485000 seconds
[token:7, layer:4] 002:attention-norm: 0.000001000 seconds
[token:7, layer:4] 003:qkv-projection: 0.000110000 seconds
[token:7, layer:4] 004:apply-rope: 0.000002000 seconds
[token:7, layer:4] 005:compute-attention: 0.000001000 seconds
[token:7, layer:4] 006:attention-output: 0.000037000 seconds
[token:7, layer:4] 007:ffn-norm: 0.000000000 seconds
[token:7, layer:4] 008:ffn-up-projection: 0.000195000 seconds
[token:7, layer:4] 009:ffn-swiglu: 0.000001000 seconds
[token:7, layer:4] 010:ffn-down-projection: 0.000139000 seconds
[token:7, layer:4] 102:layer-compute-total: 0.000486000 seconds
[token:7, layer:5] 002:attention-norm: 0.000000000 seconds
[token:7, layer:5] 003:qkv-projection: 0.000109000 seconds
[token:7, layer:5] 004:apply-rope: 0.000001000 seconds
[token:7, layer:5] 005:compute-attention: 0.000002000 seconds
[token:7, layer:5] 006:attention-output: 0.000037000 seconds
[token:7, layer:5] 007:ffn-norm: 0.000000000 seconds
[token:7, layer:5] 008:ffn-up-projection: 0.000194000 seconds
[token:7, layer:5] 009:ffn-swiglu: 0.000002000 seconds
[token:7, layer:5] 010:ffn-down-projection: 0.000139000 seconds
[token:7, layer:5] 102:layer-compute-total: 0.000484000 seconds
[token:7] 011:final-projection: 0.004252000 seconds
[token:7] 103:forward-compute-total: 0.007163000 seconds
[token:8] 001:embedding-lookup: 0.000000000 seconds
[token:8, layer:0] 002:attention-norm: 0.000001000 seconds
[token:8, layer:0] 003:qkv-projection: 0.000155000 seconds
[token:8, layer:0] 004:apply-rope: 0.000001000 seconds
[token:8, layer:0] 005:compute-attention: 0.000002000 seconds
[token:8, layer:0] 006:attention-output: 0.000038000 seconds
[token:8, layer:0] 007:ffn-norm: 0.000000000 seconds
[token:8, layer:0] 008:ffn-up-projection: 0.000221000 seconds
[token:8, layer:0] 009:ffn-swiglu: 0.000001000 seconds
[token:8, layer:0] 010:ffn-down-projection: 0.000140000 seconds
[token:8, layer:0] 102:layer-compute-total: 0.000559000 seconds
[token:8, layer:1] 002:attention-norm: 0.000000000 seconds
[token:8, layer:1] 003:qkv-projection: 0.000109000 seconds
[token:8, layer:1] 004:apply-rope: 0.000001000 seconds
[token:8, layer:1] 005:compute-attention: 0.000002000 seconds
[token:8, layer:1] 006:attention-output: 0.000037000 seconds
[token:8, layer:1] 007:ffn-norm: 0.000000000 seconds
[token:8, layer:1] 008:ffn-up-projection: 0.000194000 seconds
[token:8, layer:1] 009:ffn-swiglu: 0.000001000 seconds
[token:8, layer:1] 010:ffn-down-projection: 0.000140000 seconds
[token:8, layer:1] 102:layer-compute-total: 0.000484000 seconds
[token:8, layer:2] 002:attention-norm: 0.000000000 seconds
[token:8, layer:2] 003:qkv-projection: 0.000110000 seconds
[token:8, layer:2] 004:apply-rope: 0.000001000 seconds
[token:8, layer:2] 005:compute-attention: 0.000002000 seconds
[token:8, layer:2] 006:attention-output: 0.000036000 seconds
[token:8, layer:2] 007:ffn-norm: 0.000001000 seconds
[token:8, layer:2] 008:ffn-up-projection: 0.000190000 seconds
[token:8, layer:2] 009:ffn-swiglu: 0.000002000 seconds
[token:8, layer:2] 010:ffn-down-projection: 0.000136000 seconds
[token:8, layer:2] 102:layer-compute-total: 0.000478000 seconds
[token:8, layer:3] 002:attention-norm: 0.000000000 seconds
[token:8, layer:3] 003:qkv-projection: 0.000107000 seconds
[token:8, layer:3] 004:apply-rope: 0.000001000 seconds
[token:8, layer:3] 005:compute-attention: 0.000002000 seconds
[token:8, layer:3] 006:attention-output: 0.000036000 seconds
[token:8, layer:3] 007:ffn-norm: 0.000000000 seconds
[token:8, layer:3] 008:ffn-up-projection: 0.000190000 seconds
[token:8, layer:3] 009:ffn-swiglu: 0.000001000 seconds
[token:8, layer:3] 010:ffn-down-projection: 0.000136000 seconds
[token:8, layer:3] 102:layer-compute-total: 0.000473000 seconds
[token:8, layer:4] 002:attention-norm: 0.000000000 seconds
[token:8, layer:4] 003:qkv-projection: 0.000112000 seconds
[token:8, layer:4] 004:apply-rope: 0.000002000 seconds
[token:8, layer:4] 005:compute-attention: 0.000002000 seconds
[token:8, layer:4] 006:attention-output: 0.000037000 seconds
[token:8, layer:4] 007:ffn-norm: 0.000001000 seconds
[token:8, layer:4] 008:ffn-up-projection: 0.000194000 seconds
[token:8, layer:4] 009:ffn-swiglu: 0.000001000 seconds
[token:8, layer:4] 010:ffn-down-projection: 0.000140000 seconds
[token:8, layer:4] 102:layer-compute-total: 0.000489000 seconds
[token:8, layer:5] 002:attention-norm: 0.000000000 seconds
[token:8, layer:5] 003:qkv-projection: 0.000107000 seconds
[token:8, layer:5] 004:apply-rope: 0.000001000 seconds
[token:8, layer:5] 005:compute-attention: 0.000002000 seconds
[token:8, layer:5] 006:attention-output: 0.000035000 seconds
[token:8, layer:5] 007:ffn-norm: 0.000001000 seconds
[token:8, layer:5] 008:ffn-up-projection: 0.000196000 seconds
[token:8, layer:5] 009:ffn-swiglu: 0.000002000 seconds
[token:8, layer:5] 010:ffn-down-projection: 0.000139000 seconds
[token:8, layer:5] 102:layer-compute-total: 0.000483000 seconds
[token:8] 011:final-projection: 0.004045000 seconds
[token:8] 103:forward-compute-total: 0.007011000 seconds
[token:9] 001:embedding-lookup: 0.000001000 seconds
[token:9, layer:0] 002:attention-norm: 0.000000000 seconds
[token:9, layer:0] 003:qkv-projection: 0.000110000 seconds
[token:9, layer:0] 004:apply-rope: 0.000002000 seconds
[token:9, layer:0] 005:compute-attention: 0.000003000 seconds
[token:9, layer:0] 006:attention-output: 0.000036000 seconds
[token:9, layer:0] 007:ffn-norm: 0.000000000 seconds
[token:9, layer:0] 008:ffn-up-projection: 0.000194000 seconds
[token:9, layer:0] 009:ffn-swiglu: 0.000001000 seconds
[token:9, layer:0] 010:ffn-down-projection: 0.000142000 seconds
[token:9, layer:0] 102:layer-compute-total: 0.000488000 seconds
[token:9, layer:1] 002:attention-norm: 0.000000000 seconds
[token:9, layer:1] 003:qkv-projection: 0.000109000 seconds
[token:9, layer:1] 004:apply-rope: 0.000001000 seconds
[token:9, layer:1] 005:compute-attention: 0.000002000 seconds
[token:9, layer:1] 006:attention-output: 0.000036000 seconds
[token:9, layer:1] 007:ffn-norm: 0.000000000 seconds
[token:9, layer:1] 008:ffn-up-projection: 0.000193000 seconds
[token:9, layer:1] 009:ffn-swiglu: 0.000001000 seconds
[token:9, layer:1] 010:ffn-down-projection: 0.000136000 seconds
[token:9, layer:1] 102:layer-compute-total: 0.000478000 seconds
[token:9, layer:2] 002:attention-norm: 0.000001000 seconds
[token:9, layer:2] 003:qkv-projection: 0.000107000 seconds
[token:9, layer:2] 004:apply-rope: 0.000001000 seconds
[token:9, layer:2] 005:compute-attention: 0.000002000 seconds
[token:9, layer:2] 006:attention-output: 0.000036000 seconds
[token:9, layer:2] 007:ffn-norm: 0.000000000 seconds
[token:9, layer:2] 008:ffn-up-projection: 0.000195000 seconds
[token:9, layer:2] 009:ffn-swiglu: 0.000001000 seconds
[token:9, layer:2] 010:ffn-down-projection: 0.000139000 seconds
[token:9, layer:2] 102:layer-compute-total: 0.000482000 seconds
[token:9, layer:3] 002:attention-norm: 0.000000000 seconds
[token:9, layer:3] 003:qkv-projection: 0.000110000 seconds
[token:9, layer:3] 004:apply-rope: 0.000001000 seconds
[token:9, layer:3] 005:compute-attention: 0.000002000 seconds
[token:9, layer:3] 006:attention-output: 0.000036000 seconds
[token:9, layer:3] 007:ffn-norm: 0.000001000 seconds
[token:9, layer:3] 008:ffn-up-projection: 0.000191000 seconds
[token:9, layer:3] 009:ffn-swiglu: 0.000001000 seconds
[token:9, layer:3] 010:ffn-down-projection: 0.000137000 seconds
[token:9, layer:3] 102:layer-compute-total: 0.000479000 seconds
[token:9, layer:4] 002:attention-norm: 0.000001000 seconds
[token:9, layer:4] 003:qkv-projection: 0.000107000 seconds
[token:9, layer:4] 004:apply-rope: 0.000001000 seconds
[token:9, layer:4] 005:compute-attention: 0.000002000 seconds
[token:9, layer:4] 006:attention-output: 0.000036000 seconds
[token:9, layer:4] 007:ffn-norm: 0.000000000 seconds
[token:9, layer:4] 008:ffn-up-projection: 0.000190000 seconds
[token:9, layer:4] 009:ffn-swiglu: 0.000001000 seconds
[token:9, layer:4] 010:ffn-down-projection: 0.000136000 seconds
[token:9, layer:4] 102:layer-compute-total: 0.000474000 seconds
[token:9, layer:5] 002:attention-norm: 0.000000000 seconds
[token:9, layer:5] 003:qkv-projection: 0.000112000 seconds
[token:9, layer:5] 004:apply-rope: 0.000001000 seconds
[token:9, layer:5] 005:compute-attention: 0.000003000 seconds
[token:9, layer:5] 006:attention-output: 0.000037000 seconds
[token:9, layer:5] 007:ffn-norm: 0.000000000 seconds
[token:9, layer:5] 008:ffn-up-projection: 0.000194000 seconds
[token:9, layer:5] 009:ffn-swiglu: 0.000001000 seconds
[token:9, layer:5] 010:ffn-down-projection: 0.000138000 seconds
[token:9, layer:5] 102:layer-compute-total: 0.000486000 seconds
[token:9] 011:final-projection: 0.004052000 seconds
[token:9] 103:forward-compute-total: 0.006940000 seconds
[token:10] 001:embedding-lookup: 0.000000000 seconds
[token:10, layer:0] 002:attention-norm: 0.000000000 seconds
[token:10, layer:0] 003:qkv-projection: 0.000109000 seconds
[token:10, layer:0] 004:apply-rope: 0.000002000 seconds
[token:10, layer:0] 005:compute-attention: 0.000003000 seconds
[token:10, layer:0] 006:attention-output: 0.000036000 seconds
[token:10, layer:0] 007:ffn-norm: 0.000000000 seconds
[token:10, layer:0] 008:ffn-up-projection: 0.000194000 seconds
[token:10, layer:0] 009:ffn-swiglu: 0.000001000 seconds
[token:10, layer:0] 010:ffn-down-projection: 0.000140000 seconds
[token:10, layer:0] 102:layer-compute-total: 0.000485000 seconds
[token:10, layer:1] 002:attention-norm: 0.000000000 seconds
[token:10, layer:1] 003:qkv-projection: 0.000109000 seconds
[token:10, layer:1] 004:apply-rope: 0.000002000 seconds
[token:10, layer:1] 005:compute-attention: 0.000003000 seconds
[token:10, layer:1] 006:attention-output: 0.000036000 seconds
[token:10, layer:1] 007:ffn-norm: 0.000001000 seconds
[token:10, layer:1] 008:ffn-up-projection: 0.000195000 seconds
[token:10, layer:1] 009:ffn-swiglu: 0.000001000 seconds
[token:10, layer:1] 010:ffn-down-projection: 0.000139000 seconds
[token:10, layer:1] 102:layer-compute-total: 0.000486000 seconds
[token:10, layer:2] 002:attention-norm: 0.000000000 seconds
[token:10, layer:2] 003:qkv-projection: 0.000109000 seconds
[token:10, layer:2] 004:apply-rope: 0.000001000 seconds
[token:10, layer:2] 005:compute-attention: 0.000003000 seconds
[token:10, layer:2] 006:attention-output: 0.000036000 seconds
[token:10, layer:2] 007:ffn-norm: 0.000000000 seconds
[token:10, layer:2] 008:ffn-up-projection: 0.000225000 seconds
[token:10, layer:2] 009:ffn-swiglu: 0.000001000 seconds
[token:10, layer:2] 010:ffn-down-projection: 0.000219000 seconds
[token:10, layer:2] 102:layer-compute-total: 0.000594000 seconds
[token:10, layer:3] 002:attention-norm: 0.000000000 seconds
[token:10, layer:3] 003:qkv-projection: 0.000130000 seconds
[token:10, layer:3] 004:apply-rope: 0.000001000 seconds
[token:10, layer:3] 005:compute-attention: 0.000003000 seconds
[token:10, layer:3] 006:attention-output: 0.000037000 seconds
[token:10, layer:3] 007:ffn-norm: 0.000000000 seconds
[token:10, layer:3] 008:ffn-up-projection: 0.000198000 seconds
[token:10, layer:3] 009:ffn-swiglu: 0.000001000 seconds
[token:10, layer:3] 010:ffn-down-projection: 0.000145000 seconds
[token:10, layer:3] 102:layer-compute-total: 0.000515000 seconds
[token:10, layer:4] 002:attention-norm: 0.000000000 seconds
[token:10, layer:4] 003:qkv-projection: 0.000116000 seconds
[token:10, layer:4] 004:apply-rope: 0.000002000 seconds
[token:10, layer:4] 005:compute-attention: 0.000003000 seconds
[token:10, layer:4] 006:attention-output: 0.000036000 seconds
[token:10, layer:4] 007:ffn-norm: 0.000000000 seconds
[token:10, layer:4] 008:ffn-up-projection: 0.000194000 seconds
[token:10, layer:4] 009:ffn-swiglu: 0.000002000 seconds
[token:10, layer:4] 010:ffn-down-projection: 0.000140000 seconds
[token:10, layer:4] 102:layer-compute-total: 0.000493000 seconds
[token:10, layer:5] 002:attention-norm: 0.000001000 seconds
[token:10, layer:5] 003:qkv-projection: 0.000109000 seconds
[token:10, layer:5] 004:apply-rope: 0.000001000 seconds
[token:10, layer:5] 005:compute-attention: 0.000003000 seconds
[token:10, layer:5] 006:attention-output: 0.000037000 seconds
[token:10, layer:5] 007:ffn-norm: 0.000001000 seconds
[token:10, layer:5] 008:ffn-up-projection: 0.000194000 seconds
[token:10, layer:5] 009:ffn-swiglu: 0.000001000 seconds
[token:10, layer:5] 010:ffn-down-projection: 0.000139000 seconds
[token:10, layer:5] 102:layer-compute-total: 0.000486000 seconds
[token:10] 011:final-projection: 0.004032000 seconds
[token:10] 103:forward-compute-total: 0.007091000 seconds
[token:11] 001:embedding-lookup: 0.000000000 seconds
[token:11, layer:0] 002:attention-norm: 0.000000000 seconds
[token:11, layer:0] 003:qkv-projection: 0.000109000 seconds
[token:11, layer:0] 004:apply-rope: 0.000002000 seconds
[token:11, layer:0] 005:compute-attention: 0.000004000 seconds
[token:11, layer:0] 006:attention-output: 0.000037000 seconds
[token:11, layer:0] 007:ffn-norm: 0.000000000 seconds
[token:11, layer:0] 008:ffn-up-projection: 0.000194000 seconds
[token:11, layer:0] 009:ffn-swiglu: 0.000001000 seconds
[token:11, layer:0] 010:ffn-down-projection: 0.000139000 seconds
[token:11, layer:0] 102:layer-compute-total: 0.000486000 seconds
[token:11, layer:1] 002:attention-norm: 0.000000000 seconds
[token:11, layer:1] 003:qkv-projection: 0.000109000 seconds
[token:11, layer:1] 004:apply-rope: 0.000001000 seconds
[token:11, layer:1] 005:compute-attention: 0.000003000 seconds
[token:11, layer:1] 006:attention-output: 0.000037000 seconds
[token:11, layer:1] 007:ffn-norm: 0.000000000 seconds
[token:11, layer:1] 008:ffn-up-projection: 0.000195000 seconds
[token:11, layer:1] 009:ffn-swiglu: 0.000001000 seconds
[token:11, layer:1] 010:ffn-down-projection: 0.000139000 seconds
[token:11, layer:1] 102:layer-compute-total: 0.000485000 seconds
[token:11, layer:2] 002:attention-norm: 0.000001000 seconds
[token:11, layer:2] 003:qkv-projection: 0.000110000 seconds
[token:11, layer:2] 004:apply-rope: 0.000001000 seconds
[token:11, layer:2] 005:compute-attention: 0.000003000 seconds
[token:11, layer:2] 006:attention-output: 0.000037000 seconds
[token:11, layer:2] 007:ffn-norm: 0.000001000 seconds
[token:11, layer:2] 008:ffn-up-projection: 0.000195000 seconds
[token:11, layer:2] 009:ffn-swiglu: 0.000002000 seconds
[token:11, layer:2] 010:ffn-down-projection: 0.000139000 seconds
[token:11, layer:2] 102:layer-compute-total: 0.000489000 seconds
[token:11, layer:3] 002:attention-norm: 0.000000000 seconds
[token:11, layer:3] 003:qkv-projection: 0.000108000 seconds
[token:11, layer:3] 004:apply-rope: 0.000001000 seconds
[token:11, layer:3] 005:compute-attention: 0.000003000 seconds
[token:11, layer:3] 006:attention-output: 0.000036000 seconds
[token:11, layer:3] 007:ffn-norm: 0.000000000 seconds
[token:11, layer:3] 008:ffn-up-projection: 0.000190000 seconds
[token:11, layer:3] 009:ffn-swiglu: 0.000001000 seconds
[token:11, layer:3] 010:ffn-down-projection: 0.000136000 seconds
[token:11, layer:3] 102:layer-compute-total: 0.000475000 seconds
[token:11, layer:4] 002:attention-norm: 0.000001000 seconds
[token:11, layer:4] 003:qkv-projection: 0.000107000 seconds
[token:11, layer:4] 004:apply-rope: 0.000001000 seconds
[token:11, layer:4] 005:compute-attention: 0.000003000 seconds
[token:11, layer:4] 006:attention-output: 0.000036000 seconds
[token:11, layer:4] 007:ffn-norm: 0.000000000 seconds
[token:11, layer:4] 008:ffn-up-projection: 0.000189000 seconds
[token:11, layer:4] 009:ffn-swiglu: 0.000001000 seconds
[token:11, layer:4] 010:ffn-down-projection: 0.000136000 seconds
[token:11, layer:4] 102:layer-compute-total: 0.000474000 seconds
[token:11, layer:5] 002:attention-norm: 0.000000000 seconds
[token:11, layer:5] 003:qkv-projection: 0.000107000 seconds
[token:11, layer:5] 004:apply-rope: 0.000002000 seconds
[token:11, layer:5] 005:compute-attention: 0.000003000 seconds
[token:11, layer:5] 006:attention-output: 0.000035000 seconds
[token:11, layer:5] 007:ffn-norm: 0.000000000 seconds
[token:11, layer:5] 008:ffn-up-projection: 0.000190000 seconds
[token:11, layer:5] 009:ffn-swiglu: 0.000001000 seconds
[token:11, layer:5] 010:ffn-down-projection: 0.000136000 seconds
[token:11, layer:5] 102:layer-compute-total: 0.000474000 seconds
[token:11] 011:final-projection: 0.004037000 seconds
[token:11] 103:forward-compute-total: 0.006920000 seconds
[token:12] 001:embedding-lookup: 0.000000000 seconds
[token:12, layer:0] 002:attention-norm: 0.000000000 seconds
[token:12, layer:0] 003:qkv-projection: 0.000109000 seconds
[token:12, layer:0] 004:apply-rope: 0.000002000 seconds
[token:12, layer:0] 005:compute-attention: 0.000002000 seconds
[token:12, layer:0] 006:attention-output: 0.000036000 seconds
[token:12, layer:0] 007:ffn-norm: 0.000000000 seconds
[token:12, layer:0] 008:ffn-up-projection: 0.000189000 seconds
[token:12, layer:0] 009:ffn-swiglu: 0.000002000 seconds
[token:12, layer:0] 010:ffn-down-projection: 0.000136000 seconds
[token:12, layer:0] 102:layer-compute-total: 0.000476000 seconds
[token:12, layer:1] 002:attention-norm: 0.000000000 seconds
[token:12, layer:1] 003:qkv-projection: 0.000107000 seconds
[token:12, layer:1] 004:apply-rope: 0.000001000 seconds
[token:12, layer:1] 005:compute-attention: 0.000003000 seconds
[token:12, layer:1] 006:attention-output: 0.000039000 seconds
[token:12, layer:1] 007:ffn-norm: 0.000000000 seconds
[token:12, layer:1] 008:ffn-up-projection: 0.000254000 seconds
[token:12, layer:1] 009:ffn-swiglu: 0.000001000 seconds
[token:12, layer:1] 010:ffn-down-projection: 0.000139000 seconds
[token:12, layer:1] 102:layer-compute-total: 0.000544000 seconds
[token:12, layer:2] 002:attention-norm: 0.000000000 seconds
[token:12, layer:2] 003:qkv-projection: 0.000109000 seconds
[token:12, layer:2] 004:apply-rope: 0.000001000 seconds
[token:12, layer:2] 005:compute-attention: 0.000003000 seconds
[token:12, layer:2] 006:attention-output: 0.000036000 seconds
[token:12, layer:2] 007:ffn-norm: 0.000001000 seconds
[token:12, layer:2] 008:ffn-up-projection: 0.000194000 seconds
[token:12, layer:2] 009:ffn-swiglu: 0.000001000 seconds
[token:12, layer:2] 010:ffn-down-projection: 0.000139000 seconds
[token:12, layer:2] 102:layer-compute-total: 0.000484000 seconds
[token:12, layer:3] 002:attention-norm: 0.000000000 seconds
[token:12, layer:3] 003:qkv-projection: 0.000110000 seconds
[token:12, layer:3] 004:apply-rope: 0.000001000 seconds
[token:12, layer:3] 005:compute-attention: 0.000002000 seconds
[token:12, layer:3] 006:attention-output: 0.000036000 seconds
[token:12, layer:3] 007:ffn-norm: 0.000001000 seconds
[token:12, layer:3] 008:ffn-up-projection: 0.000195000 seconds
[token:12, layer:3] 009:ffn-swiglu: 0.000001000 seconds
[token:12, layer:3] 010:ffn-down-projection: 0.000140000 seconds
[token:12, layer:3] 102:layer-compute-total: 0.000486000 seconds
[token:12, layer:4] 002:attention-norm: 0.000000000 seconds
[token:12, layer:4] 003:qkv-projection: 0.000109000 seconds
[token:12, layer:4] 004:apply-rope: 0.000001000 seconds
[token:12, layer:4] 005:compute-attention: 0.000002000 seconds
[token:12, layer:4] 006:attention-output: 0.000036000 seconds
[token:12, layer:4] 007:ffn-norm: 0.000000000 seconds
[token:12, layer:4] 008:ffn-up-projection: 0.000195000 seconds
[token:12, layer:4] 009:ffn-swiglu: 0.000001000 seconds
[token:12, layer:4] 010:ffn-down-projection: 0.000139000 seconds
[token:12, layer:4] 102:layer-compute-total: 0.000483000 seconds
[token:12, layer:5] 002:attention-norm: 0.000000000 seconds
[token:12, layer:5] 003:qkv-projection: 0.000109000 seconds
[token:12, layer:5] 004:apply-rope: 0.000002000 seconds
[token:12, layer:5] 005:compute-attention: 0.000003000 seconds
[token:12, layer:5] 006:attention-output: 0.000036000 seconds
[token:12, layer:5] 007:ffn-norm: 0.000000000 seconds
[token:12, layer:5] 008:ffn-up-projection: 0.000194000 seconds
[token:12, layer:5] 009:ffn-swiglu: 0.000001000 seconds
[token:12, layer:5] 010:ffn-down-projection: 0.000140000 seconds
[token:12, layer:5] 102:layer-compute-total: 0.000485000 seconds
[token:12] 011:final-projection: 0.004390000 seconds
[token:12] 103:forward-compute-total: 0.007348000 seconds
[token:13] 001:embedding-lookup: 0.000001000 seconds
[token:13, layer:0] 002:attention-norm: 0.000000000 seconds
[token:13, layer:0] 003:qkv-projection: 0.000111000 seconds
[token:13, layer:0] 004:apply-rope: 0.000002000 seconds
[token:13, layer:0] 005:compute-attention: 0.000004000 seconds
[token:13, layer:0] 006:attention-output: 0.000037000 seconds
[token:13, layer:0] 007:ffn-norm: 0.000000000 seconds
[token:13, layer:0] 008:ffn-up-projection: 0.000194000 seconds
[token:13, layer:0] 009:ffn-swiglu: 0.000001000 seconds
[token:13, layer:0] 010:ffn-down-projection: 0.000140000 seconds
[token:13, layer:0] 102:layer-compute-total: 0.000489000 seconds
[token:13, layer:1] 002:attention-norm: 0.000000000 seconds
[token:13, layer:1] 003:qkv-projection: 0.000109000 seconds
[token:13, layer:1] 004:apply-rope: 0.000002000 seconds
[token:13, layer:1] 005:compute-attention: 0.000003000 seconds
[token:13, layer:1] 006:attention-output: 0.000036000 seconds
[token:13, layer:1] 007:ffn-norm: 0.000000000 seconds
[token:13, layer:1] 008:ffn-up-projection: 0.000196000 seconds
[token:13, layer:1] 009:ffn-swiglu: 0.000001000 seconds
[token:13, layer:1] 010:ffn-down-projection: 0.000139000 seconds
[token:13, layer:1] 102:layer-compute-total: 0.000486000 seconds
[token:13, layer:2] 002:attention-norm: 0.000000000 seconds
[token:13, layer:2] 003:qkv-projection: 0.000110000 seconds
[token:13, layer:2] 004:apply-rope: 0.000002000 seconds
[token:13, layer:2] 005:compute-attention: 0.000003000 seconds
[token:13, layer:2] 006:attention-output: 0.000037000 seconds
[token:13, layer:2] 007:ffn-norm: 0.000000000 seconds
[token:13, layer:2] 008:ffn-up-projection: 0.000194000 seconds
[token:13, layer:2] 009:ffn-swiglu: 0.000001000 seconds
[token:13, layer:2] 010:ffn-down-projection: 0.000139000 seconds
[token:13, layer:2] 102:layer-compute-total: 0.000486000 seconds
[token:13, layer:3] 002:attention-norm: 0.000000000 seconds
[token:13, layer:3] 003:qkv-projection: 0.000110000 seconds
[token:13, layer:3] 004:apply-rope: 0.000001000 seconds
[token:13, layer:3] 005:compute-attention: 0.000003000 seconds
[token:13, layer:3] 006:attention-output: 0.000036000 seconds
[token:13, layer:3] 007:ffn-norm: 0.000000000 seconds
[token:13, layer:3] 008:ffn-up-projection: 0.000194000 seconds
[token:13, layer:3] 009:ffn-swiglu: 0.000001000 seconds
[token:13, layer:3] 010:ffn-down-projection: 0.000140000 seconds
[token:13, layer:3] 102:layer-compute-total: 0.000485000 seconds
[token:13, layer:4] 002:attention-norm: 0.000001000 seconds
[token:13, layer:4] 003:qkv-projection: 0.000110000 seconds
[token:13, layer:4] 004:apply-rope: 0.000001000 seconds
[token:13, layer:4] 005:compute-attention: 0.000003000 seconds
[token:13, layer:4] 006:attention-output: 0.000036000 seconds
[token:13, layer:4] 007:ffn-norm: 0.000000000 seconds
[token:13, layer:4] 008:ffn-up-projection: 0.000194000 seconds
[token:13, layer:4] 009:ffn-swiglu: 0.000001000 seconds
[token:13, layer:4] 010:ffn-down-projection: 0.000139000 seconds
[token:13, layer:4] 102:layer-compute-total: 0.000485000 seconds
[token:13, layer:5] 002:attention-norm: 0.000000000 seconds
[token:13, layer:5] 003:qkv-projection: 0.000110000 seconds
[token:13, layer:5] 004:apply-rope: 0.000001000 seconds
[token:13, layer:5] 005:compute-attention: 0.000004000 seconds
[token:13, layer:5] 006:attention-output: 0.000037000 seconds
[token:13, layer:5] 007:ffn-norm: 0.000000000 seconds
[token:13, layer:5] 008:ffn-up-projection: 0.000194000 seconds
[token:13, layer:5] 009:ffn-swiglu: 0.000001000 seconds
[token:13, layer:5] 010:ffn-down-projection: 0.000140000 seconds
[token:13, layer:5] 102:layer-compute-total: 0.000487000 seconds
[token:13] 011:final-projection: 0.004068000 seconds
[token:13] 103:forward-compute-total: 0.006987000 seconds
[token:14] 001:embedding-lookup: 0.000000000 seconds
[token:14, layer:0] 002:attention-norm: 0.000000000 seconds
[token:14, layer:0] 003:qkv-projection: 0.000113000 seconds
[token:14, layer:0] 004:apply-rope: 0.000002000 seconds
[token:14, layer:0] 005:compute-attention: 0.000003000 seconds
[token:14, layer:0] 006:attention-output: 0.000036000 seconds
[token:14, layer:0] 007:ffn-norm: 0.000000000 seconds
[token:14, layer:0] 008:ffn-up-projection: 0.000194000 seconds
[token:14, layer:0] 009:ffn-swiglu: 0.000001000 seconds
[token:14, layer:0] 010:ffn-down-projection: 0.000140000 seconds
[token:14, layer:0] 102:layer-compute-total: 0.000489000 seconds
[token:14, layer:1] 002:attention-norm: 0.000000000 seconds
[token:14, layer:1] 003:qkv-projection: 0.000111000 seconds
[token:14, layer:1] 004:apply-rope: 0.000002000 seconds
[token:14, layer:1] 005:compute-attention: 0.000003000 seconds
[token:14, layer:1] 006:attention-output: 0.000041000 seconds
[token:14, layer:1] 007:ffn-norm: 0.000000000 seconds
[token:14, layer:1] 008:ffn-up-projection: 0.000194000 seconds
[token:14, layer:1] 009:ffn-swiglu: 0.000001000 seconds
[token:14, layer:1] 010:ffn-down-projection: 0.000139000 seconds
[token:14, layer:1] 102:layer-compute-total: 0.000491000 seconds
[token:14, layer:2] 002:attention-norm: 0.000000000 seconds
[token:14, layer:2] 003:qkv-projection: 0.000112000 seconds
[token:14, layer:2] 004:apply-rope: 0.000001000 seconds
[token:14, layer:2] 005:compute-attention: 0.000003000 seconds
[token:14, layer:2] 006:attention-output: 0.000040000 seconds
[token:14, layer:2] 007:ffn-norm: 0.000001000 seconds
[token:14, layer:2] 008:ffn-up-projection: 0.000195000 seconds
[token:14, layer:2] 009:ffn-swiglu: 0.000001000 seconds
[token:14, layer:2] 010:ffn-down-projection: 0.000139000 seconds
[token:14, layer:2] 102:layer-compute-total: 0.000492000 seconds
[token:14, layer:3] 002:attention-norm: 0.000000000 seconds
[token:14, layer:3] 003:qkv-projection: 0.000112000 seconds
[token:14, layer:3] 004:apply-rope: 0.000001000 seconds
[token:14, layer:3] 005:compute-attention: 0.000003000 seconds
[token:14, layer:3] 006:attention-output: 0.000036000 seconds
[token:14, layer:3] 007:ffn-norm: 0.000000000 seconds
[token:14, layer:3] 008:ffn-up-projection: 0.000189000 seconds
[token:14, layer:3] 009:ffn-swiglu: 0.000001000 seconds
[token:14, layer:3] 010:ffn-down-projection: 0.000134000 seconds
[token:14, layer:3] 102:layer-compute-total: 0.000476000 seconds
[token:14, layer:4] 002:attention-norm: 0.000000000 seconds
[token:14, layer:4] 003:qkv-projection: 0.000115000 seconds
[token:14, layer:4] 004:apply-rope: 0.000002000 seconds
[token:14, layer:4] 005:compute-attention: 0.000002000 seconds
[token:14, layer:4] 006:attention-output: 0.000036000 seconds
[token:14, layer:4] 007:ffn-norm: 0.000001000 seconds
[token:14, layer:4] 008:ffn-up-projection: 0.000222000 seconds
[token:14, layer:4] 009:ffn-swiglu: 0.000001000 seconds
[token:14, layer:4] 010:ffn-down-projection: 0.000139000 seconds
[token:14, layer:4] 102:layer-compute-total: 0.000518000 seconds
[token:14, layer:5] 002:attention-norm: 0.000001000 seconds
[token:14, layer:5] 003:qkv-projection: 0.000115000 seconds
[token:14, layer:5] 004:apply-rope: 0.000002000 seconds
[token:14, layer:5] 005:compute-attention: 0.000003000 seconds
[token:14, layer:5] 006:attention-output: 0.000036000 seconds
[token:14, layer:5] 007:ffn-norm: 0.000001000 seconds
[token:14, layer:5] 008:ffn-up-projection: 0.000194000 seconds
[token:14, layer:5] 009:ffn-swiglu: 0.000002000 seconds
[token:14, layer:5] 010:ffn-down-projection: 0.000139000 seconds
[token:14, layer:5] 102:layer-compute-total: 0.000493000 seconds
[token:14] 011:final-projection: 0.004171000 seconds
[token:14] 103:forward-compute-total: 0.007130000 seconds
[token:15] 001:embedding-lookup: 0.000000000 seconds
[token:15, layer:0] 002:attention-norm: 0.000001000 seconds
[token:15, layer:0] 003:qkv-projection: 0.000109000 seconds
[token:15, layer:0] 004:apply-rope: 0.000002000 seconds
[token:15, layer:0] 005:compute-attention: 0.000004000 seconds
[token:15, layer:0] 006:attention-output: 0.000037000 seconds
[token:15, layer:0] 007:ffn-norm: 0.000001000 seconds
[token:15, layer:0] 008:ffn-up-projection: 0.000194000 seconds
[token:15, layer:0] 009:ffn-swiglu: 0.000001000 seconds
[token:15, layer:0] 010:ffn-down-projection: 0.000144000 seconds
[token:15, layer:0] 102:layer-compute-total: 0.000493000 seconds
[token:15, layer:1] 002:attention-norm: 0.000000000 seconds
[token:15, layer:1] 003:qkv-projection: 0.000109000 seconds
[token:15, layer:1] 004:apply-rope: 0.000001000 seconds
[token:15, layer:1] 005:compute-attention: 0.000004000 seconds
[token:15, layer:1] 006:attention-output: 0.000037000 seconds
[token:15, layer:1] 007:ffn-norm: 0.000000000 seconds
[token:15, layer:1] 008:ffn-up-projection: 0.000194000 seconds
[token:15, layer:1] 009:ffn-swiglu: 0.000001000 seconds
[token:15, layer:1] 010:ffn-down-projection: 0.000140000 seconds
[token:15, layer:1] 102:layer-compute-total: 0.000486000 seconds
[token:15, layer:2] 002:attention-norm: 0.000000000 seconds
[token:15, layer:2] 003:qkv-projection: 0.000110000 seconds
[token:15, layer:2] 004:apply-rope: 0.000001000 seconds
[token:15, layer:2] 005:compute-attention: 0.000004000 seconds
[token:15, layer:2] 006:attention-output: 0.000036000 seconds
[token:15, layer:2] 007:ffn-norm: 0.000000000 seconds
[token:15, layer:2] 008:ffn-up-projection: 0.000194000 seconds
[token:15, layer:2] 009:ffn-swiglu: 0.000001000 seconds
[token:15, layer:2] 010:ffn-down-projection: 0.000139000 seconds
[token:15, layer:2] 102:layer-compute-total: 0.000485000 seconds
[token:15, layer:3] 002:attention-norm: 0.000001000 seconds
[token:15, layer:3] 003:qkv-projection: 0.000109000 seconds
[token:15, layer:3] 004:apply-rope: 0.000001000 seconds
[token:15, layer:3] 005:compute-attention: 0.000004000 seconds
[token:15, layer:3] 006:attention-output: 0.000036000 seconds
[token:15, layer:3] 007:ffn-norm: 0.000000000 seconds
[token:15, layer:3] 008:ffn-up-projection: 0.000194000 seconds
[token:15, layer:3] 009:ffn-swiglu: 0.000001000 seconds
[token:15, layer:3] 010:ffn-down-projection: 0.000141000 seconds
[token:15, layer:3] 102:layer-compute-total: 0.000487000 seconds
[token:15, layer:4] 002:attention-norm: 0.000000000 seconds
[token:15, layer:4] 003:qkv-projection: 0.000110000 seconds
[token:15, layer:4] 004:apply-rope: 0.000001000 seconds
[token:15, layer:4] 005:compute-attention: 0.000003000 seconds
[token:15, layer:4] 006:attention-output: 0.000037000 seconds
[token:15, layer:4] 007:ffn-norm: 0.000000000 seconds
[token:15, layer:4] 008:ffn-up-projection: 0.000193000 seconds
[token:15, layer:4] 009:ffn-swiglu: 0.000001000 seconds
[token:15, layer:4] 010:ffn-down-projection: 0.000136000 seconds
[token:15, layer:4] 102:layer-compute-total: 0.000481000 seconds
[token:15, layer:5] 002:attention-norm: 0.000001000 seconds
[token:15, layer:5] 003:qkv-projection: 0.000111000 seconds
[token:15, layer:5] 004:apply-rope: 0.000001000 seconds
[token:15, layer:5] 005:compute-attention: 0.000003000 seconds
[token:15, layer:5] 006:attention-output: 0.000036000 seconds
[token:15, layer:5] 007:ffn-norm: 0.000000000 seconds
[token:15, layer:5] 008:ffn-up-projection: 0.000194000 seconds
[token:15, layer:5] 009:ffn-swiglu: 0.000001000 seconds
[token:15, layer:5] 010:ffn-down-projection: 0.000139000 seconds
[token:15, layer:5] 102:layer-compute-total: 0.000486000 seconds
[token:15] 011:final-projection: 0.004044000 seconds
[token:15] 103:forward-compute-total: 0.006962000 seconds
[token:16] 001:embedding-lookup: 0.000000000 seconds
[token:16, layer:0] 002:attention-norm: 0.000000000 seconds
[token:16, layer:0] 003:qkv-projection: 0.000110000 seconds
[token:16, layer:0] 004:apply-rope: 0.000001000 seconds
[token:16, layer:0] 005:compute-attention: 0.000003000 seconds
[token:16, layer:0] 006:attention-output: 0.000037000 seconds
[token:16, layer:0] 007:ffn-norm: 0.000000000 seconds
[token:16, layer:0] 008:ffn-up-projection: 0.000195000 seconds
[token:16, layer:0] 009:ffn-swiglu: 0.000001000 seconds
[token:16, layer:0] 010:ffn-down-projection: 0.000140000 seconds
[token:16, layer:0] 102:layer-compute-total: 0.000487000 seconds
[token:16, layer:1] 002:attention-norm: 0.000000000 seconds
[token:16, layer:1] 003:qkv-projection: 0.000108000 seconds
[token:16, layer:1] 004:apply-rope: 0.000002000 seconds
[token:16, layer:1] 005:compute-attention: 0.000003000 seconds
[token:16, layer:1] 006:attention-output: 0.000037000 seconds
[token:16, layer:1] 007:ffn-norm: 0.000000000 seconds
[token:16, layer:1] 008:ffn-up-projection: 0.000195000 seconds
[token:16, layer:1] 009:ffn-swiglu: 0.000001000 seconds
[token:16, layer:1] 010:ffn-down-projection: 0.000139000 seconds
[token:16, layer:1] 102:layer-compute-total: 0.000485000 seconds
[token:16, layer:2] 002:attention-norm: 0.000000000 seconds
[token:16, layer:2] 003:qkv-projection: 0.000110000 seconds
[token:16, layer:2] 004:apply-rope: 0.000001000 seconds
[token:16, layer:2] 005:compute-attention: 0.000003000 seconds
[token:16, layer:2] 006:attention-output: 0.000041000 seconds
[token:16, layer:2] 007:ffn-norm: 0.000000000 seconds
[token:16, layer:2] 008:ffn-up-projection: 0.000193000 seconds
[token:16, layer:2] 009:ffn-swiglu: 0.000002000 seconds
[token:16, layer:2] 010:ffn-down-projection: 0.000140000 seconds
[token:16, layer:2] 102:layer-compute-total: 0.000490000 seconds
[token:16, layer:3] 002:attention-norm: 0.000000000 seconds
[token:16, layer:3] 003:qkv-projection: 0.000131000 seconds
[token:16, layer:3] 004:apply-rope: 0.000001000 seconds
[token:16, layer:3] 005:compute-attention: 0.000003000 seconds
[token:16, layer:3] 006:attention-output: 0.000036000 seconds
[token:16, layer:3] 007:ffn-norm: 0.000001000 seconds
[token:16, layer:3] 008:ffn-up-projection: 0.000194000 seconds
[token:16, layer:3] 009:ffn-swiglu: 0.000001000 seconds
[token:16, layer:3] 010:ffn-down-projection: 0.000139000 seconds
[token:16, layer:3] 102:layer-compute-total: 0.000506000 seconds
[token:16, layer:4] 002:attention-norm: 0.000000000 seconds
[token:16, layer:4] 003:qkv-projection: 0.000109000 seconds
[token:16, layer:4] 004:apply-rope: 0.000001000 seconds
[token:16, layer:4] 005:compute-attention: 0.000003000 seconds
[token:16, layer:4] 006:attention-output: 0.000036000 seconds
[token:16, layer:4] 007:ffn-norm: 0.000000000 seconds
[token:16, layer:4] 008:ffn-up-projection: 0.000194000 seconds
[token:16, layer:4] 009:ffn-swiglu: 0.000001000 seconds
[token:16, layer:4] 010:ffn-down-projection: 0.000139000 seconds
[token:16, layer:4] 102:layer-compute-total: 0.000483000 seconds
[token:16, layer:5] 002:attention-norm: 0.000000000 seconds
[token:16, layer:5] 003:qkv-projection: 0.000109000 seconds
[token:16, layer:5] 004:apply-rope: 0.000001000 seconds
[token:16, layer:5] 005:compute-attention: 0.000003000 seconds
[token:16, layer:5] 006:attention-output: 0.000036000 seconds
[token:16, layer:5] 007:ffn-norm: 0.000001000 seconds
[token:16, layer:5] 008:ffn-up-projection: 0.000190000 seconds
[token:16, layer:5] 009:ffn-swiglu: 0.000001000 seconds
[token:16, layer:5] 010:ffn-down-projection: 0.000144000 seconds
[token:16, layer:5] 102:layer-compute-total: 0.000485000 seconds
[token:16] 011:final-projection: 0.004313000 seconds
[token:16] 103:forward-compute-total: 0.007249000 seconds
[token:17] 001:embedding-lookup: 0.000001000 seconds
[token:17, layer:0] 002:attention-norm: 0.000000000 seconds
[token:17, layer:0] 003:qkv-projection: 0.000110000 seconds
[token:17, layer:0] 004:apply-rope: 0.000002000 seconds
[token:17, layer:0] 005:compute-attention: 0.000005000 seconds
[token:17, layer:0] 006:attention-output: 0.000037000 seconds
[token:17, layer:0] 007:ffn-norm: 0.000000000 seconds
[token:17, layer:0] 008:ffn-up-projection: 0.000194000 seconds
[token:17, layer:0] 009:ffn-swiglu: 0.000001000 seconds
[token:17, layer:0] 010:ffn-down-projection: 0.000140000 seconds
[token:17, layer:0] 102:layer-compute-total: 0.000489000 seconds
[token:17, layer:1] 002:attention-norm: 0.000000000 seconds
[token:17, layer:1] 003:qkv-projection: 0.000110000 seconds
[token:17, layer:1] 004:apply-rope: 0.000001000 seconds
[token:17, layer:1] 005:compute-attention: 0.000004000 seconds
[token:17, layer:1] 006:attention-output: 0.000037000 seconds
[token:17, layer:1] 007:ffn-norm: 0.000001000 seconds
[token:17, layer:1] 008:ffn-up-projection: 0.000194000 seconds
[token:17, layer:1] 009:ffn-swiglu: 0.000001000 seconds
[token:17, layer:1] 010:ffn-down-projection: 0.000139000 seconds
[token:17, layer:1] 102:layer-compute-total: 0.000487000 seconds
[token:17, layer:2] 002:attention-norm: 0.000000000 seconds
[token:17, layer:2] 003:qkv-projection: 0.000109000 seconds
[token:17, layer:2] 004:apply-rope: 0.000001000 seconds
[token:17, layer:2] 005:compute-attention: 0.000004000 seconds
[token:17, layer:2] 006:attention-output: 0.000036000 seconds
[token:17, layer:2] 007:ffn-norm: 0.000000000 seconds
[token:17, layer:2] 008:ffn-up-projection: 0.000195000 seconds
[token:17, layer:2] 009:ffn-swiglu: 0.000002000 seconds
[token:17, layer:2] 010:ffn-down-projection: 0.000139000 seconds
[token:17, layer:2] 102:layer-compute-total: 0.000486000 seconds
[token:17, layer:3] 002:attention-norm: 0.000000000 seconds
[token:17, layer:3] 003:qkv-projection: 0.000110000 seconds
[token:17, layer:3] 004:apply-rope: 0.000001000 seconds
[token:17, layer:3] 005:compute-attention: 0.000004000 seconds
[token:17, layer:3] 006:attention-output: 0.000036000 seconds
[token:17, layer:3] 007:ffn-norm: 0.000000000 seconds
[token:17, layer:3] 008:ffn-up-projection: 0.000195000 seconds
[token:17, layer:3] 009:ffn-swiglu: 0.000001000 seconds
[token:17, layer:3] 010:ffn-down-projection: 0.000140000 seconds
[token:17, layer:3] 102:layer-compute-total: 0.000487000 seconds
[token:17, layer:4] 002:attention-norm: 0.000000000 seconds
[token:17, layer:4] 003:qkv-projection: 0.000110000 seconds
[token:17, layer:4] 004:apply-rope: 0.000001000 seconds
[token:17, layer:4] 005:compute-attention: 0.000004000 seconds
[token:17, layer:4] 006:attention-output: 0.000036000 seconds
[token:17, layer:4] 007:ffn-norm: 0.000000000 seconds
[token:17, layer:4] 008:ffn-up-projection: 0.000194000 seconds
[token:17, layer:4] 009:ffn-swiglu: 0.000001000 seconds
[token:17, layer:4] 010:ffn-down-projection: 0.000140000 seconds
[token:17, layer:4] 102:layer-compute-total: 0.000486000 seconds
[token:17, layer:5] 002:attention-norm: 0.000000000 seconds
[token:17, layer:5] 003:qkv-projection: 0.000110000 seconds
[token:17, layer:5] 004:apply-rope: 0.000001000 seconds
[token:17, layer:5] 005:compute-attention: 0.000004000 seconds
[token:17, layer:5] 006:attention-output: 0.000036000 seconds
[token:17, layer:5] 007:ffn-norm: 0.000000000 seconds
[token:17, layer:5] 008:ffn-up-projection: 0.000194000 seconds
[token:17, layer:5] 009:ffn-swiglu: 0.000001000 seconds
[token:17, layer:5] 010:ffn-down-projection: 0.000140000 seconds
[token:17, layer:5] 102:layer-compute-total: 0.000486000 seconds
[token:17] 011:final-projection: 0.004109000 seconds
[token:17] 103:forward-compute-total: 0.007031000 seconds
[token:18] 001:embedding-lookup: 0.000001000 seconds
[token:18, layer:0] 002:attention-norm: 0.000001000 seconds
[token:18, layer:0] 003:qkv-projection: 0.000110000 seconds
[token:18, layer:0] 004:apply-rope: 0.000002000 seconds
[token:18, layer:0] 005:compute-attention: 0.000004000 seconds
[token:18, layer:0] 006:attention-output: 0.000037000 seconds
[token:18, layer:0] 007:ffn-norm: 0.000001000 seconds
[token:18, layer:0] 008:ffn-up-projection: 0.000228000 seconds
[token:18, layer:0] 009:ffn-swiglu: 0.000001000 seconds
[token:18, layer:0] 010:ffn-down-projection: 0.000143000 seconds
[token:18, layer:0] 102:layer-compute-total: 0.000527000 seconds
[token:18, layer:1] 002:attention-norm: 0.000000000 seconds
[token:18, layer:1] 003:qkv-projection: 0.000120000 seconds
[token:18, layer:1] 004:apply-rope: 0.000001000 seconds
[token:18, layer:1] 005:compute-attention: 0.000004000 seconds
[token:18, layer:1] 006:attention-output: 0.000037000 seconds
[token:18, layer:1] 007:ffn-norm: 0.000000000 seconds
[token:18, layer:1] 008:ffn-up-projection: 0.000198000 seconds
[token:18, layer:1] 009:ffn-swiglu: 0.000001000 seconds
[token:18, layer:1] 010:ffn-down-projection: 0.000138000 seconds
[token:18, layer:1] 102:layer-compute-total: 0.000499000 seconds
[token:18, layer:2] 002:attention-norm: 0.000001000 seconds
[token:18, layer:2] 003:qkv-projection: 0.000111000 seconds
[token:18, layer:2] 004:apply-rope: 0.000002000 seconds
[token:18, layer:2] 005:compute-attention: 0.000004000 seconds
[token:18, layer:2] 006:attention-output: 0.000036000 seconds
[token:18, layer:2] 007:ffn-norm: 0.000000000 seconds
[token:18, layer:2] 008:ffn-up-projection: 0.000194000 seconds
[token:18, layer:2] 009:ffn-swiglu: 0.000001000 seconds
[token:18, layer:2] 010:ffn-down-projection: 0.000140000 seconds
[token:18, layer:2] 102:layer-compute-total: 0.000489000 seconds
[token:18, layer:3] 002:attention-norm: 0.000000000 seconds
[token:18, layer:3] 003:qkv-projection: 0.000111000 seconds
[token:18, layer:3] 004:apply-rope: 0.000002000 seconds
[token:18, layer:3] 005:compute-attention: 0.000004000 seconds
[token:18, layer:3] 006:attention-output: 0.000036000 seconds
[token:18, layer:3] 007:ffn-norm: 0.000000000 seconds
[token:18, layer:3] 008:ffn-up-projection: 0.000194000 seconds
[token:18, layer:3] 009:ffn-swiglu: 0.000001000 seconds
[token:18, layer:3] 010:ffn-down-projection: 0.000142000 seconds
[token:18, layer:3] 102:layer-compute-total: 0.000490000 seconds
[token:18, layer:4] 002:attention-norm: 0.000000000 seconds
[token:18, layer:4] 003:qkv-projection: 0.000113000 seconds
[token:18, layer:4] 004:apply-rope: 0.000001000 seconds
[token:18, layer:4] 005:compute-attention: 0.000004000 seconds
[token:18, layer:4] 006:attention-output: 0.000038000 seconds
[token:18, layer:4] 007:ffn-norm: 0.000000000 seconds
[token:18, layer:4] 008:ffn-up-projection: 0.000205000 seconds
[token:18, layer:4] 009:ffn-swiglu: 0.000001000 seconds
[token:18, layer:4] 010:ffn-down-projection: 0.000139000 seconds
[token:18, layer:4] 102:layer-compute-total: 0.000501000 seconds
[token:18, layer:5] 002:attention-norm: 0.000000000 seconds
[token:18, layer:5] 003:qkv-projection: 0.000109000 seconds
[token:18, layer:5] 004:apply-rope: 0.000002000 seconds
[token:18, layer:5] 005:compute-attention: 0.000004000 seconds
[token:18, layer:5] 006:attention-output: 0.000037000 seconds
[token:18, layer:5] 007:ffn-norm: 0.000000000 seconds
[token:18, layer:5] 008:ffn-up-projection: 0.000194000 seconds
[token:18, layer:5] 009:ffn-swiglu: 0.000001000 seconds
[token:18, layer:5] 010:ffn-down-projection: 0.000139000 seconds
[token:18, layer:5] 102:layer-compute-total: 0.000486000 seconds
[token:18] 011:final-projection: 0.004108000 seconds
[token:18] 103:forward-compute-total: 0.007101000 seconds
[token:19] 001:embedding-lookup: 0.000000000 seconds
[token:19, layer:0] 002:attention-norm: 0.000000000 seconds
[token:19, layer:0] 003:qkv-projection: 0.000111000 seconds
[token:19, layer:0] 004:apply-rope: 0.000002000 seconds
[token:19, layer:0] 005:compute-attention: 0.000006000 seconds
[token:19, layer:0] 006:attention-output: 0.000037000 seconds
[token:19, layer:0] 007:ffn-norm: 0.000000000 seconds
[token:19, layer:0] 008:ffn-up-projection: 0.000194000 seconds
[token:19, layer:0] 009:ffn-swiglu: 0.000001000 seconds
[token:19, layer:0] 010:ffn-down-projection: 0.000139000 seconds
[token:19, layer:0] 102:layer-compute-total: 0.000490000 seconds
[token:19, layer:1] 002:attention-norm: 0.000001000 seconds
[token:19, layer:1] 003:qkv-projection: 0.000109000 seconds
[token:19, layer:1] 004:apply-rope: 0.000001000 seconds
[token:19, layer:1] 005:compute-attention: 0.000004000 seconds
[token:19, layer:1] 006:attention-output: 0.000037000 seconds
[token:19, layer:1] 007:ffn-norm: 0.000000000 seconds
[token:19, layer:1] 008:ffn-up-projection: 0.000191000 seconds
[token:19, layer:1] 009:ffn-swiglu: 0.000001000 seconds
[token:19, layer:1] 010:ffn-down-projection: 0.000139000 seconds
[token:19, layer:1] 102:layer-compute-total: 0.000483000 seconds
[token:19, layer:2] 002:attention-norm: 0.000001000 seconds
[token:19, layer:2] 003:qkv-projection: 0.000109000 seconds
[token:19, layer:2] 004:apply-rope: 0.000002000 seconds
[token:19, layer:2] 005:compute-attention: 0.000005000 seconds
[token:19, layer:2] 006:attention-output: 0.000037000 seconds
[token:19, layer:2] 007:ffn-norm: 0.000000000 seconds
[token:19, layer:2] 008:ffn-up-projection: 0.000194000 seconds
[token:19, layer:2] 009:ffn-swiglu: 0.000001000 seconds
[token:19, layer:2] 010:ffn-down-projection: 0.000140000 seconds
[token:19, layer:2] 102:layer-compute-total: 0.000489000 seconds
[token:19, layer:3] 002:attention-norm: 0.000001000 seconds
[token:19, layer:3] 003:qkv-projection: 0.000109000 seconds
[token:19, layer:3] 004:apply-rope: 0.000001000 seconds
[token:19, layer:3] 005:compute-attention: 0.000005000 seconds
[token:19, layer:3] 006:attention-output: 0.000037000 seconds
[token:19, layer:3] 007:ffn-norm: 0.000000000 seconds
[token:19, layer:3] 008:ffn-up-projection: 0.000197000 seconds
[token:19, layer:3] 009:ffn-swiglu: 0.000001000 seconds
[token:19, layer:3] 010:ffn-down-projection: 0.000140000 seconds
[token:19, layer:3] 102:layer-compute-total: 0.000491000 seconds
[token:19, layer:4] 002:attention-norm: 0.000000000 seconds
[token:19, layer:4] 003:qkv-projection: 0.000110000 seconds
[token:19, layer:4] 004:apply-rope: 0.000006000 seconds
[token:19, layer:4] 005:compute-attention: 0.000010000 seconds
[token:19, layer:4] 006:attention-output: 0.000041000 seconds
[token:19, layer:4] 007:ffn-norm: 0.000001000 seconds
[token:19, layer:4] 008:ffn-up-projection: 0.000195000 seconds
[token:19, layer:4] 009:ffn-swiglu: 0.000001000 seconds
[token:19, layer:4] 010:ffn-down-projection: 0.000146000 seconds
[token:19, layer:4] 102:layer-compute-total: 0.000510000 seconds
[token:19, layer:5] 002:attention-norm: 0.000001000 seconds
[token:19, layer:5] 003:qkv-projection: 0.000110000 seconds
[token:19, layer:5] 004:apply-rope: 0.000001000 seconds
[token:19, layer:5] 005:compute-attention: 0.000004000 seconds
[token:19, layer:5] 006:attention-output: 0.000037000 seconds
[token:19, layer:5] 007:ffn-norm: 0.000001000 seconds
[token:19, layer:5] 008:ffn-up-projection: 0.000194000 seconds
[token:19, layer:5] 009:ffn-swiglu: 0.000001000 seconds
[token:19, layer:5] 010:ffn-down-projection: 0.000139000 seconds
[token:19, layer:5] 102:layer-compute-total: 0.000488000 seconds
[token:19] 011:final-projection: 0.004629000 seconds
[token:19] 103:forward-compute-total: 0.007580000 seconds
[token:20] 001:embedding-lookup: 0.000000000 seconds
[token:20, layer:0] 002:attention-norm: 0.000000000 seconds
[token:20, layer:0] 003:qkv-projection: 0.000145000 seconds
[token:20, layer:0] 004:apply-rope: 0.000002000 seconds
[token:20, layer:0] 005:compute-attention: 0.000006000 seconds
[token:20, layer:0] 006:attention-output: 0.000037000 seconds
[token:20, layer:0] 007:ffn-norm: 0.000000000 seconds
[token:20, layer:0] 008:ffn-up-projection: 0.000222000 seconds
[token:20, layer:0] 009:ffn-swiglu: 0.000002000 seconds
[token:20, layer:0] 010:ffn-down-projection: 0.000140000 seconds
[token:20, layer:0] 102:layer-compute-total: 0.000554000 seconds
[token:20, layer:1] 002:attention-norm: 0.000001000 seconds
[token:20, layer:1] 003:qkv-projection: 0.000109000 seconds
[token:20, layer:1] 004:apply-rope: 0.000002000 seconds
[token:20, layer:1] 005:compute-attention: 0.000007000 seconds
[token:20, layer:1] 006:attention-output: 0.000036000 seconds
[token:20, layer:1] 007:ffn-norm: 0.000000000 seconds
[token:20, layer:1] 008:ffn-up-projection: 0.000195000 seconds
[token:20, layer:1] 009:ffn-swiglu: 0.000001000 seconds
[token:20, layer:1] 010:ffn-down-projection: 0.000139000 seconds
[token:20, layer:1] 102:layer-compute-total: 0.000490000 seconds
[token:20, layer:2] 002:attention-norm: 0.000001000 seconds
[token:20, layer:2] 003:qkv-projection: 0.000110000 seconds
[token:20, layer:2] 004:apply-rope: 0.000001000 seconds
[token:20, layer:2] 005:compute-attention: 0.000005000 seconds
[token:20, layer:2] 006:attention-output: 0.000037000 seconds
[token:20, layer:2] 007:ffn-norm: 0.000001000 seconds
[token:20, layer:2] 008:ffn-up-projection: 0.000194000 seconds
[token:20, layer:2] 009:ffn-swiglu: 0.000002000 seconds
[token:20, layer:2] 010:ffn-down-projection: 0.000139000 seconds
[token:20, layer:2] 102:layer-compute-total: 0.000490000 seconds
[token:20, layer:3] 002:attention-norm: 0.000000000 seconds
[token:20, layer:3] 003:qkv-projection: 0.000110000 seconds
[token:20, layer:3] 004:apply-rope: 0.000001000 seconds
[token:20, layer:3] 005:compute-attention: 0.000008000 seconds
[token:20, layer:3] 006:attention-output: 0.000036000 seconds
[token:20, layer:3] 007:ffn-norm: 0.000000000 seconds
[token:20, layer:3] 008:ffn-up-projection: 0.000199000 seconds
[token:20, layer:3] 009:ffn-swiglu: 0.000001000 seconds
[token:20, layer:3] 010:ffn-down-projection: 0.000138000 seconds
[token:20, layer:3] 102:layer-compute-total: 0.000493000 seconds
[token:20, layer:4] 002:attention-norm: 0.000000000 seconds
[token:20, layer:4] 003:qkv-projection: 0.000110000 seconds
[token:20, layer:4] 004:apply-rope: 0.000002000 seconds
[token:20, layer:4] 005:compute-attention: 0.000008000 seconds
[token:20, layer:4] 006:attention-output: 0.000037000 seconds
[token:20, layer:4] 007:ffn-norm: 0.000001000 seconds
[token:20, layer:4] 008:ffn-up-projection: 0.000192000 seconds
[token:20, layer:4] 009:ffn-swiglu: 0.000001000 seconds
[token:20, layer:4] 010:ffn-down-projection: 0.000140000 seconds
[token:20, layer:4] 102:layer-compute-total: 0.000491000 seconds
[token:20, layer:5] 002:attention-norm: 0.000001000 seconds
[token:20, layer:5] 003:qkv-projection: 0.000110000 seconds
[token:20, layer:5] 004:apply-rope: 0.000001000 seconds
[token:20, layer:5] 005:compute-attention: 0.000005000 seconds
[token:20, layer:5] 006:attention-output: 0.000036000 seconds
[token:20, layer:5] 007:ffn-norm: 0.000000000 seconds
[token:20, layer:5] 008:ffn-up-projection: 0.000195000 seconds
[token:20, layer:5] 009:ffn-swiglu: 0.000001000 seconds
[token:20, layer:5] 010:ffn-down-projection: 0.000141000 seconds
[token:20, layer:5] 102:layer-compute-total: 0.000490000 seconds
[token:20] 011:final-projection: 0.004180000 seconds
[token:20] 103:forward-compute-total: 0.007188000 seconds
[token:21] 001:embedding-lookup: 0.000001000 seconds
[token:21, layer:0] 002:attention-norm: 0.000000000 seconds
[token:21, layer:0] 003:qkv-projection: 0.000110000 seconds
[token:21, layer:0] 004:apply-rope: 0.000002000 seconds
[token:21, layer:0] 005:compute-attention: 0.000006000 seconds
[token:21, layer:0] 006:attention-output: 0.000037000 seconds
[token:21, layer:0] 007:ffn-norm: 0.000000000 seconds
[token:21, layer:0] 008:ffn-up-projection: 0.000206000 seconds
[token:21, layer:0] 009:ffn-swiglu: 0.000001000 seconds
[token:21, layer:0] 010:ffn-down-projection: 0.000166000 seconds
[token:21, layer:0] 102:layer-compute-total: 0.000528000 seconds
[token:21, layer:1] 002:attention-norm: 0.000000000 seconds
[token:21, layer:1] 003:qkv-projection: 0.000204000 seconds
[token:21, layer:1] 004:apply-rope: 0.000002000 seconds
[token:21, layer:1] 005:compute-attention: 0.000044000 seconds
[token:21, layer:1] 006:attention-output: 0.000106000 seconds
[token:21, layer:1] 007:ffn-norm: 0.000000000 seconds
[token:21, layer:1] 008:ffn-up-projection: 0.000212000 seconds
[token:21, layer:1] 009:ffn-swiglu: 0.000001000 seconds
[token:21, layer:1] 010:ffn-down-projection: 0.000139000 seconds
[token:21, layer:1] 102:layer-compute-total: 0.000708000 seconds
[token:21, layer:2] 002:attention-norm: 0.000000000 seconds
[token:21, layer:2] 003:qkv-projection: 0.000110000 seconds
[token:21, layer:2] 004:apply-rope: 0.000001000 seconds
[token:21, layer:2] 005:compute-attention: 0.000008000 seconds
[token:21, layer:2] 006:attention-output: 0.000070000 seconds
[token:21, layer:2] 007:ffn-norm: 0.000000000 seconds
[token:21, layer:2] 008:ffn-up-projection: 0.000195000 seconds
[token:21, layer:2] 009:ffn-swiglu: 0.000001000 seconds
[token:21, layer:2] 010:ffn-down-projection: 0.000139000 seconds
[token:21, layer:2] 102:layer-compute-total: 0.000524000 seconds
[token:21, layer:3] 002:attention-norm: 0.000000000 seconds
[token:21, layer:3] 003:qkv-projection: 0.000109000 seconds
[token:21, layer:3] 004:apply-rope: 0.000002000 seconds
[token:21, layer:3] 005:compute-attention: 0.000007000 seconds
[token:21, layer:3] 006:attention-output: 0.000037000 seconds
[token:21, layer:3] 007:ffn-norm: 0.000000000 seconds
[token:21, layer:3] 008:ffn-up-projection: 0.000194000 seconds
[token:21, layer:3] 009:ffn-swiglu: 0.000001000 seconds
[token:21, layer:3] 010:ffn-down-projection: 0.000139000 seconds
[token:21, layer:3] 102:layer-compute-total: 0.000489000 seconds
[token:21, layer:4] 002:attention-norm: 0.000001000 seconds
[token:21, layer:4] 003:qkv-projection: 0.000113000 seconds
[token:21, layer:4] 004:apply-rope: 0.000001000 seconds
[token:21, layer:4] 005:compute-attention: 0.000006000 seconds
[token:21, layer:4] 006:attention-output: 0.000037000 seconds
[token:21, layer:4] 007:ffn-norm: 0.000000000 seconds
[token:21, layer:4] 008:ffn-up-projection: 0.000194000 seconds
[token:21, layer:4] 009:ffn-swiglu: 0.000001000 seconds
[token:21, layer:4] 010:ffn-down-projection: 0.000136000 seconds
[token:21, layer:4] 102:layer-compute-total: 0.000489000 seconds
[token:21, layer:5] 002:attention-norm: 0.000001000 seconds
[token:21, layer:5] 003:qkv-projection: 0.000113000 seconds
[token:21, layer:5] 004:apply-rope: 0.000001000 seconds
[token:21, layer:5] 005:compute-attention: 0.000005000 seconds
[token:21, layer:5] 006:attention-output: 0.000037000 seconds
[token:21, layer:5] 007:ffn-norm: 0.000000000 seconds
[token:21, layer:5] 008:ffn-up-projection: 0.000195000 seconds
[token:21, layer:5] 009:ffn-swiglu: 0.000001000 seconds
[token:21, layer:5] 010:ffn-down-projection: 0.000139000 seconds
[token:21, layer:5] 102:layer-compute-total: 0.000492000 seconds
[token:21] 011:final-projection: 0.004032000 seconds
[token:21] 103:forward-compute-total: 0.007263000 seconds
[token:22] 001:embedding-lookup: 0.000001000 seconds
[token:22, layer:0] 002:attention-norm: 0.000000000 seconds
[token:22, layer:0] 003:qkv-projection: 0.000110000 seconds
[token:22, layer:0] 004:apply-rope: 0.000002000 seconds
[token:22, layer:0] 005:compute-attention: 0.000006000 seconds
[token:22, layer:0] 006:attention-output: 0.000037000 seconds
[token:22, layer:0] 007:ffn-norm: 0.000000000 seconds
[token:22, layer:0] 008:ffn-up-projection: 0.000194000 seconds
[token:22, layer:0] 009:ffn-swiglu: 0.000001000 seconds
[token:22, layer:0] 010:ffn-down-projection: 0.000138000 seconds
[token:22, layer:0] 102:layer-compute-total: 0.000488000 seconds
[token:22, layer:1] 002:attention-norm: 0.000000000 seconds
[token:22, layer:1] 003:qkv-projection: 0.000111000 seconds
[token:22, layer:1] 004:apply-rope: 0.000002000 seconds
[token:22, layer:1] 005:compute-attention: 0.000006000 seconds
[token:22, layer:1] 006:attention-output: 0.000037000 seconds
[token:22, layer:1] 007:ffn-norm: 0.000000000 seconds
[token:22, layer:1] 008:ffn-up-projection: 0.000194000 seconds
[token:22, layer:1] 009:ffn-swiglu: 0.000002000 seconds
[token:22, layer:1] 010:ffn-down-projection: 0.000140000 seconds
[token:22, layer:1] 102:layer-compute-total: 0.000492000 seconds
[token:22, layer:2] 002:attention-norm: 0.000001000 seconds
[token:22, layer:2] 003:qkv-projection: 0.000109000 seconds
[token:22, layer:2] 004:apply-rope: 0.000001000 seconds
[token:22, layer:2] 005:compute-attention: 0.000004000 seconds
[token:22, layer:2] 006:attention-output: 0.000037000 seconds
[token:22, layer:2] 007:ffn-norm: 0.000001000 seconds
[token:22, layer:2] 008:ffn-up-projection: 0.000194000 seconds
[token:22, layer:2] 009:ffn-swiglu: 0.000001000 seconds
[token:22, layer:2] 010:ffn-down-projection: 0.000139000 seconds
[token:22, layer:2] 102:layer-compute-total: 0.000487000 seconds
[token:22, layer:3] 002:attention-norm: 0.000000000 seconds
[token:22, layer:3] 003:qkv-projection: 0.000110000 seconds
[token:22, layer:3] 004:apply-rope: 0.000002000 seconds
[token:22, layer:3] 005:compute-attention: 0.000004000 seconds
[token:22, layer:3] 006:attention-output: 0.000036000 seconds
[token:22, layer:3] 007:ffn-norm: 0.000000000 seconds
[token:22, layer:3] 008:ffn-up-projection: 0.000194000 seconds
[token:22, layer:3] 009:ffn-swiglu: 0.000001000 seconds
[token:22, layer:3] 010:ffn-down-projection: 0.000140000 seconds
[token:22, layer:3] 102:layer-compute-total: 0.000487000 seconds
[token:22, layer:4] 002:attention-norm: 0.000000000 seconds
[token:22, layer:4] 003:qkv-projection: 0.000110000 seconds
[token:22, layer:4] 004:apply-rope: 0.000001000 seconds
[token:22, layer:4] 005:compute-attention: 0.000005000 seconds
[token:22, layer:4] 006:attention-output: 0.000036000 seconds
[token:22, layer:4] 007:ffn-norm: 0.000000000 seconds
[token:22, layer:4] 008:ffn-up-projection: 0.000187000 seconds
[token:22, layer:4] 009:ffn-swiglu: 0.000001000 seconds
[token:22, layer:4] 010:ffn-down-projection: 0.000134000 seconds
[token:22, layer:4] 102:layer-compute-total: 0.000474000 seconds
[token:22, layer:5] 002:attention-norm: 0.000000000 seconds
[token:22, layer:5] 003:qkv-projection: 0.000112000 seconds
[token:22, layer:5] 004:apply-rope: 0.000001000 seconds
[token:22, layer:5] 005:compute-attention: 0.000005000 seconds
[token:22, layer:5] 006:attention-output: 0.000037000 seconds
[token:22, layer:5] 007:ffn-norm: 0.000000000 seconds
[token:22, layer:5] 008:ffn-up-projection: 0.000194000 seconds
[token:22, layer:5] 009:ffn-swiglu: 0.000001000 seconds
[token:22, layer:5] 010:ffn-down-projection: 0.000139000 seconds
[token:22, layer:5] 102:layer-compute-total: 0.000489000 seconds
[token:22] 011:final-projection: 0.004035000 seconds
[token:22] 103:forward-compute-total: 0.006953000 seconds
[token:23] 001:embedding-lookup: 0.000000000 seconds
[token:23, layer:0] 002:attention-norm: 0.000000000 seconds
[token:23, layer:0] 003:qkv-projection: 0.000109000 seconds
[token:23, layer:0] 004:apply-rope: 0.000001000 seconds
[token:23, layer:0] 005:compute-attention: 0.000005000 seconds
[token:23, layer:0] 006:attention-output: 0.000036000 seconds
[token:23, layer:0] 007:ffn-norm: 0.000000000 seconds
[token:23, layer:0] 008:ffn-up-projection: 0.000194000 seconds
[token:23, layer:0] 009:ffn-swiglu: 0.000001000 seconds
[token:23, layer:0] 010:ffn-down-projection: 0.000139000 seconds
[token:23, layer:0] 102:layer-compute-total: 0.000485000 seconds
[token:23, layer:1] 002:attention-norm: 0.000000000 seconds
[token:23, layer:1] 003:qkv-projection: 0.000108000 seconds
[token:23, layer:1] 004:apply-rope: 0.000001000 seconds
[token:23, layer:1] 005:compute-attention: 0.000005000 seconds
[token:23, layer:1] 006:attention-output: 0.000037000 seconds
[token:23, layer:1] 007:ffn-norm: 0.000001000 seconds
[token:23, layer:1] 008:ffn-up-projection: 0.000194000 seconds
[token:23, layer:1] 009:ffn-swiglu: 0.000001000 seconds
[token:23, layer:1] 010:ffn-down-projection: 0.000139000 seconds
[token:23, layer:1] 102:layer-compute-total: 0.000486000 seconds
[token:23, layer:2] 002:attention-norm: 0.000001000 seconds
[token:23, layer:2] 003:qkv-projection: 0.000110000 seconds
[token:23, layer:2] 004:apply-rope: 0.000002000 seconds
[token:23, layer:2] 005:compute-attention: 0.000005000 seconds
[token:23, layer:2] 006:attention-output: 0.000036000 seconds
[token:23, layer:2] 007:ffn-norm: 0.000000000 seconds
[token:23, layer:2] 008:ffn-up-projection: 0.000194000 seconds
[token:23, layer:2] 009:ffn-swiglu: 0.000001000 seconds
[token:23, layer:2] 010:ffn-down-projection: 0.000139000 seconds
[token:23, layer:2] 102:layer-compute-total: 0.000488000 seconds
[token:23, layer:3] 002:attention-norm: 0.000000000 seconds
[token:23, layer:3] 003:qkv-projection: 0.000109000 seconds
[token:23, layer:3] 004:apply-rope: 0.000001000 seconds
[token:23, layer:3] 005:compute-attention: 0.000004000 seconds
[token:23, layer:3] 006:attention-output: 0.000037000 seconds
[token:23, layer:3] 007:ffn-norm: 0.000001000 seconds
[token:23, layer:3] 008:ffn-up-projection: 0.000194000 seconds
[token:23, layer:3] 009:ffn-swiglu: 0.000001000 seconds
[token:23, layer:3] 010:ffn-down-projection: 0.000139000 seconds
[token:23, layer:3] 102:layer-compute-total: 0.000486000 seconds
[token:23, layer:4] 002:attention-norm: 0.000000000 seconds
[token:23, layer:4] 003:qkv-projection: 0.000109000 seconds
[token:23, layer:4] 004:apply-rope: 0.000002000 seconds
[token:23, layer:4] 005:compute-attention: 0.000005000 seconds
[token:23, layer:4] 006:attention-output: 0.000037000 seconds
[token:23, layer:4] 007:ffn-norm: 0.000000000 seconds
[token:23, layer:4] 008:ffn-up-projection: 0.000194000 seconds
[token:23, layer:4] 009:ffn-swiglu: 0.000001000 seconds
[token:23, layer:4] 010:ffn-down-projection: 0.000140000 seconds
[token:23, layer:4] 102:layer-compute-total: 0.000488000 seconds
[token:23, layer:5] 002:attention-norm: 0.000000000 seconds
[token:23, layer:5] 003:qkv-projection: 0.000109000 seconds
[token:23, layer:5] 004:apply-rope: 0.000001000 seconds
[token:23, layer:5] 005:compute-attention: 0.000005000 seconds
[token:23, layer:5] 006:attention-output: 0.000036000 seconds
[token:23, layer:5] 007:ffn-norm: 0.000000000 seconds
[token:23, layer:5] 008:ffn-up-projection: 0.000205000 seconds
[token:23, layer:5] 009:ffn-swiglu: 0.000001000 seconds
[token:23, layer:5] 010:ffn-down-projection: 0.000185000 seconds
[token:23, layer:5] 102:layer-compute-total: 0.000542000 seconds
[token:23] 011:final-projection: 0.004221000 seconds
[token:23] 103:forward-compute-total: 0.007196000 seconds
[token:24] 001:embedding-lookup: 0.000000000 seconds
[token:24, layer:0] 002:attention-norm: 0.000001000 seconds
[token:24, layer:0] 003:qkv-projection: 0.000109000 seconds
[token:24, layer:0] 004:apply-rope: 0.000002000 seconds
[token:24, layer:0] 005:compute-attention: 0.000006000 seconds
[token:24, layer:0] 006:attention-output: 0.000037000 seconds
[token:24, layer:0] 007:ffn-norm: 0.000000000 seconds
[token:24, layer:0] 008:ffn-up-projection: 0.000194000 seconds
[token:24, layer:0] 009:ffn-swiglu: 0.000001000 seconds
[token:24, layer:0] 010:ffn-down-projection: 0.000138000 seconds
[token:24, layer:0] 102:layer-compute-total: 0.000488000 seconds
[token:24, layer:1] 002:attention-norm: 0.000000000 seconds
[token:24, layer:1] 003:qkv-projection: 0.000107000 seconds
[token:24, layer:1] 004:apply-rope: 0.000002000 seconds
[token:24, layer:1] 005:compute-attention: 0.000006000 seconds
[token:24, layer:1] 006:attention-output: 0.000035000 seconds
[token:24, layer:1] 007:ffn-norm: 0.000000000 seconds
[token:24, layer:1] 008:ffn-up-projection: 0.000189000 seconds
[token:24, layer:1] 009:ffn-swiglu: 0.000001000 seconds
[token:24, layer:1] 010:ffn-down-projection: 0.000134000 seconds
[token:24, layer:1] 102:layer-compute-total: 0.000474000 seconds
[token:24, layer:2] 002:attention-norm: 0.000001000 seconds
[token:24, layer:2] 003:qkv-projection: 0.000105000 seconds
[token:24, layer:2] 004:apply-rope: 0.000001000 seconds
[token:24, layer:2] 005:compute-attention: 0.000006000 seconds
[token:24, layer:2] 006:attention-output: 0.000035000 seconds
[token:24, layer:2] 007:ffn-norm: 0.000001000 seconds
[token:24, layer:2] 008:ffn-up-projection: 0.000187000 seconds
[token:24, layer:2] 009:ffn-swiglu: 0.000001000 seconds
[token:24, layer:2] 010:ffn-down-projection: 0.000134000 seconds
[token:24, layer:2] 102:layer-compute-total: 0.000471000 seconds
[token:24, layer:3] 002:attention-norm: 0.000000000 seconds
[token:24, layer:3] 003:qkv-projection: 0.000105000 seconds
[token:24, layer:3] 004:apply-rope: 0.000001000 seconds
[token:24, layer:3] 005:compute-attention: 0.000006000 seconds
[token:24, layer:3] 006:attention-output: 0.000035000 seconds
[token:24, layer:3] 007:ffn-norm: 0.000000000 seconds
[token:24, layer:3] 008:ffn-up-projection: 0.000186000 seconds
[token:24, layer:3] 009:ffn-swiglu: 0.000001000 seconds
[token:24, layer:3] 010:ffn-down-projection: 0.000139000 seconds
[token:24, layer:3] 102:layer-compute-total: 0.000473000 seconds
[token:24, layer:4] 002:attention-norm: 0.000000000 seconds
[token:24, layer:4] 003:qkv-projection: 0.000106000 seconds
[token:24, layer:4] 004:apply-rope: 0.000001000 seconds
[token:24, layer:4] 005:compute-attention: 0.000006000 seconds
[token:24, layer:4] 006:attention-output: 0.000035000 seconds
[token:24, layer:4] 007:ffn-norm: 0.000001000 seconds
[token:24, layer:4] 008:ffn-up-projection: 0.000190000 seconds
[token:24, layer:4] 009:ffn-swiglu: 0.000001000 seconds
[token:24, layer:4] 010:ffn-down-projection: 0.000134000 seconds
[token:24, layer:4] 102:layer-compute-total: 0.000474000 seconds
[token:24, layer:5] 002:attention-norm: 0.000000000 seconds
[token:24, layer:5] 003:qkv-projection: 0.000105000 seconds
[token:24, layer:5] 004:apply-rope: 0.000001000 seconds
[token:24, layer:5] 005:compute-attention: 0.000006000 seconds
[token:24, layer:5] 006:attention-output: 0.000035000 seconds
[token:24, layer:5] 007:ffn-norm: 0.000000000 seconds
[token:24, layer:5] 008:ffn-up-projection: 0.000187000 seconds
[token:24, layer:5] 009:ffn-swiglu: 0.000001000 seconds
[token:24, layer:5] 010:ffn-down-projection: 0.000134000 seconds
[token:24, layer:5] 102:layer-compute-total: 0.000469000 seconds
[token:24] 011:final-projection: 0.003975000 seconds
[token:24] 103:forward-compute-total: 0.006824000 seconds
[token:25] 001:embedding-lookup: 0.000001000 seconds
[token:25, layer:0] 002:attention-norm: 0.000000000 seconds
[token:25, layer:0] 003:qkv-projection: 0.000109000 seconds
[token:25, layer:0] 004:apply-rope: 0.000002000 seconds
[token:25, layer:0] 005:compute-attention: 0.000004000 seconds
[token:25, layer:0] 006:attention-output: 0.000036000 seconds
[token:25, layer:0] 007:ffn-norm: 0.000000000 seconds
[token:25, layer:0] 008:ffn-up-projection: 0.000195000 seconds
[token:25, layer:0] 009:ffn-swiglu: 0.000001000 seconds
[token:25, layer:0] 010:ffn-down-projection: 0.000138000 seconds
[token:25, layer:0] 102:layer-compute-total: 0.000485000 seconds
[token:25, layer:1] 002:attention-norm: 0.000000000 seconds
[token:25, layer:1] 003:qkv-projection: 0.000106000 seconds
[token:25, layer:1] 004:apply-rope: 0.000001000 seconds
[token:25, layer:1] 005:compute-attention: 0.000004000 seconds
[token:25, layer:1] 006:attention-output: 0.000036000 seconds
[token:25, layer:1] 007:ffn-norm: 0.000000000 seconds
[token:25, layer:1] 008:ffn-up-projection: 0.000187000 seconds
[token:25, layer:1] 009:ffn-swiglu: 0.000001000 seconds
[token:25, layer:1] 010:ffn-down-projection: 0.000134000 seconds
[token:25, layer:1] 102:layer-compute-total: 0.000469000 seconds
[token:25, layer:2] 002:attention-norm: 0.000001000 seconds
[token:25, layer:2] 003:qkv-projection: 0.000110000 seconds
[token:25, layer:2] 004:apply-rope: 0.000001000 seconds
[token:25, layer:2] 005:compute-attention: 0.000004000 seconds
[token:25, layer:2] 006:attention-output: 0.000035000 seconds
[token:25, layer:2] 007:ffn-norm: 0.000000000 seconds
[token:25, layer:2] 008:ffn-up-projection: 0.000191000 seconds
[token:25, layer:2] 009:ffn-swiglu: 0.000001000 seconds
[token:25, layer:2] 010:ffn-down-projection: 0.000150000 seconds
[token:25, layer:2] 102:layer-compute-total: 0.000493000 seconds
[token:25, layer:3] 002:attention-norm: 0.000000000 seconds
[token:25, layer:3] 003:qkv-projection: 0.000117000 seconds
[token:25, layer:3] 004:apply-rope: 0.000002000 seconds
[token:25, layer:3] 005:compute-attention: 0.000005000 seconds
[token:25, layer:3] 006:attention-output: 0.000037000 seconds
[token:25, layer:3] 007:ffn-norm: 0.000000000 seconds
[token:25, layer:3] 008:ffn-up-projection: 0.000197000 seconds
[token:25, layer:3] 009:ffn-swiglu: 0.000001000 seconds
[token:25, layer:3] 010:ffn-down-projection: 0.000139000 seconds
[token:25, layer:3] 102:layer-compute-total: 0.000498000 seconds
[token:25, layer:4] 002:attention-norm: 0.000000000 seconds
[token:25, layer:4] 003:qkv-projection: 0.000110000 seconds
[token:25, layer:4] 004:apply-rope: 0.000002000 seconds
[token:25, layer:4] 005:compute-attention: 0.000005000 seconds
[token:25, layer:4] 006:attention-output: 0.000036000 seconds
[token:25, layer:4] 007:ffn-norm: 0.000000000 seconds
[token:25, layer:4] 008:ffn-up-projection: 0.000192000 seconds
[token:25, layer:4] 009:ffn-swiglu: 0.000001000 seconds
[token:25, layer:4] 010:ffn-down-projection: 0.000136000 seconds
[token:25, layer:4] 102:layer-compute-total: 0.000482000 seconds
[token:25, layer:5] 002:attention-norm: 0.000000000 seconds
[token:25, layer:5] 003:qkv-projection: 0.000107000 seconds
[token:25, layer:5] 004:apply-rope: 0.000001000 seconds
[token:25, layer:5] 005:compute-attention: 0.000004000 seconds
[token:25, layer:5] 006:attention-output: 0.000035000 seconds
[token:25, layer:5] 007:ffn-norm: 0.000000000 seconds
[token:25, layer:5] 008:ffn-up-projection: 0.000190000 seconds
[token:25, layer:5] 009:ffn-swiglu: 0.000001000 seconds
[token:25, layer:5] 010:ffn-down-projection: 0.000136000 seconds
[token:25, layer:5] 102:layer-compute-total: 0.000474000 seconds
[token:25] 011:final-projection: 0.004216000 seconds
[token:25] 103:forward-compute-total: 0.007118000 seconds
[token:26] 001:embedding-lookup: 0.000000000 seconds
[token:26, layer:0] 002:attention-norm: 0.000000000 seconds
[token:26, layer:0] 003:qkv-projection: 0.000113000 seconds
[token:26, layer:0] 004:apply-rope: 0.000002000 seconds
[token:26, layer:0] 005:compute-attention: 0.000006000 seconds
[token:26, layer:0] 006:attention-output: 0.000035000 seconds
[token:26, layer:0] 007:ffn-norm: 0.000000000 seconds
[token:26, layer:0] 008:ffn-up-projection: 0.000187000 seconds
[token:26, layer:0] 009:ffn-swiglu: 0.000001000 seconds
[token:26, layer:0] 010:ffn-down-projection: 0.000135000 seconds
[token:26, layer:0] 102:layer-compute-total: 0.000479000 seconds
[token:26, layer:1] 002:attention-norm: 0.000001000 seconds
[token:26, layer:1] 003:qkv-projection: 0.000105000 seconds
[token:26, layer:1] 004:apply-rope: 0.000001000 seconds
[token:26, layer:1] 005:compute-attention: 0.000006000 seconds
[token:26, layer:1] 006:attention-output: 0.000035000 seconds
[token:26, layer:1] 007:ffn-norm: 0.000000000 seconds
[token:26, layer:1] 008:ffn-up-projection: 0.000187000 seconds
[token:26, layer:1] 009:ffn-swiglu: 0.000001000 seconds
[token:26, layer:1] 010:ffn-down-projection: 0.000134000 seconds
[token:26, layer:1] 102:layer-compute-total: 0.000470000 seconds
[token:26, layer:2] 002:attention-norm: 0.000000000 seconds
[token:26, layer:2] 003:qkv-projection: 0.000106000 seconds
[token:26, layer:2] 004:apply-rope: 0.000001000 seconds
[token:26, layer:2] 005:compute-attention: 0.000006000 seconds
[token:26, layer:2] 006:attention-output: 0.000035000 seconds
[token:26, layer:2] 007:ffn-norm: 0.000000000 seconds
[token:26, layer:2] 008:ffn-up-projection: 0.000187000 seconds
[token:26, layer:2] 009:ffn-swiglu: 0.000001000 seconds
[token:26, layer:2] 010:ffn-down-projection: 0.000134000 seconds
[token:26, layer:2] 102:layer-compute-total: 0.000470000 seconds
[token:26, layer:3] 002:attention-norm: 0.000000000 seconds
[token:26, layer:3] 003:qkv-projection: 0.000110000 seconds
[token:26, layer:3] 004:apply-rope: 0.000001000 seconds
[token:26, layer:3] 005:compute-attention: 0.000006000 seconds
[token:26, layer:3] 006:attention-output: 0.000035000 seconds
[token:26, layer:3] 007:ffn-norm: 0.000001000 seconds
[token:26, layer:3] 008:ffn-up-projection: 0.000187000 seconds
[token:26, layer:3] 009:ffn-swiglu: 0.000001000 seconds
[token:26, layer:3] 010:ffn-down-projection: 0.000134000 seconds
[token:26, layer:3] 102:layer-compute-total: 0.000475000 seconds
[token:26, layer:4] 002:attention-norm: 0.000000000 seconds
[token:26, layer:4] 003:qkv-projection: 0.000106000 seconds
[token:26, layer:4] 004:apply-rope: 0.000001000 seconds
[token:26, layer:4] 005:compute-attention: 0.000006000 seconds
[token:26, layer:4] 006:attention-output: 0.000035000 seconds
[token:26, layer:4] 007:ffn-norm: 0.000001000 seconds
[token:26, layer:4] 008:ffn-up-projection: 0.000192000 seconds
[token:26, layer:4] 009:ffn-swiglu: 0.000001000 seconds
[token:26, layer:4] 010:ffn-down-projection: 0.000134000 seconds
[token:26, layer:4] 102:layer-compute-total: 0.000476000 seconds
[token:26, layer:5] 002:attention-norm: 0.000000000 seconds
[token:26, layer:5] 003:qkv-projection: 0.000105000 seconds
[token:26, layer:5] 004:apply-rope: 0.000001000 seconds
[token:26, layer:5] 005:compute-attention: 0.000006000 seconds
[token:26, layer:5] 006:attention-output: 0.000035000 seconds
[token:26, layer:5] 007:ffn-norm: 0.000000000 seconds
[token:26, layer:5] 008:ffn-up-projection: 0.000187000 seconds
[token:26, layer:5] 009:ffn-swiglu: 0.000001000 seconds
[token:26, layer:5] 010:ffn-down-projection: 0.000134000 seconds
[token:26, layer:5] 102:layer-compute-total: 0.000469000 seconds
[token:26] 011:final-projection: 0.003957000 seconds
[token:26] 103:forward-compute-total: 0.006796000 seconds
[token:27] 001:embedding-lookup: 0.000000000 seconds
[token:27, layer:0] 002:attention-norm: 0.000000000 seconds
[token:27, layer:0] 003:qkv-projection: 0.000112000 seconds
[token:27, layer:0] 004:apply-rope: 0.000002000 seconds
[token:27, layer:0] 005:compute-attention: 0.000004000 seconds
[token:27, layer:0] 006:attention-output: 0.000035000 seconds
[token:27, layer:0] 007:ffn-norm: 0.000001000 seconds
[token:27, layer:0] 008:ffn-up-projection: 0.000187000 seconds
[token:27, layer:0] 009:ffn-swiglu: 0.000001000 seconds
[token:27, layer:0] 010:ffn-down-projection: 0.000134000 seconds
[token:27, layer:0] 102:layer-compute-total: 0.000476000 seconds
[token:27, layer:1] 002:attention-norm: 0.000000000 seconds
[token:27, layer:1] 003:qkv-projection: 0.000105000 seconds
[token:27, layer:1] 004:apply-rope: 0.000002000 seconds
[token:27, layer:1] 005:compute-attention: 0.000004000 seconds
[token:27, layer:1] 006:attention-output: 0.000035000 seconds
[token:27, layer:1] 007:ffn-norm: 0.000001000 seconds
[token:27, layer:1] 008:ffn-up-projection: 0.000187000 seconds
[token:27, layer:1] 009:ffn-swiglu: 0.000001000 seconds
[token:27, layer:1] 010:ffn-down-projection: 0.000134000 seconds
[token:27, layer:1] 102:layer-compute-total: 0.000469000 seconds
[token:27, layer:2] 002:attention-norm: 0.000000000 seconds
[token:27, layer:2] 003:qkv-projection: 0.000105000 seconds
[token:27, layer:2] 004:apply-rope: 0.000001000 seconds
[token:27, layer:2] 005:compute-attention: 0.000005000 seconds
[token:27, layer:2] 006:attention-output: 0.000035000 seconds
[token:27, layer:2] 007:ffn-norm: 0.000000000 seconds
[token:27, layer:2] 008:ffn-up-projection: 0.000187000 seconds
[token:27, layer:2] 009:ffn-swiglu: 0.000001000 seconds
[token:27, layer:2] 010:ffn-down-projection: 0.000134000 seconds
[token:27, layer:2] 102:layer-compute-total: 0.000468000 seconds
[token:27, layer:3] 002:attention-norm: 0.000000000 seconds
[token:27, layer:3] 003:qkv-projection: 0.000105000 seconds
[token:27, layer:3] 004:apply-rope: 0.000001000 seconds
[token:27, layer:3] 005:compute-attention: 0.000004000 seconds
[token:27, layer:3] 006:attention-output: 0.000035000 seconds
[token:27, layer:3] 007:ffn-norm: 0.000000000 seconds
[token:27, layer:3] 008:ffn-up-projection: 0.000197000 seconds
[token:27, layer:3] 009:ffn-swiglu: 0.000001000 seconds
[token:27, layer:3] 010:ffn-down-projection: 0.000134000 seconds
[token:27, layer:3] 102:layer-compute-total: 0.000477000 seconds
[token:27, layer:4] 002:attention-norm: 0.000000000 seconds
[token:27, layer:4] 003:qkv-projection: 0.000105000 seconds
[token:27, layer:4] 004:apply-rope: 0.000002000 seconds
[token:27, layer:4] 005:compute-attention: 0.000004000 seconds
[token:27, layer:4] 006:attention-output: 0.000035000 seconds
[token:27, layer:4] 007:ffn-norm: 0.000001000 seconds
[token:27, layer:4] 008:ffn-up-projection: 0.000188000 seconds
[token:27, layer:4] 009:ffn-swiglu: 0.000001000 seconds
[token:27, layer:4] 010:ffn-down-projection: 0.000138000 seconds
[token:27, layer:4] 102:layer-compute-total: 0.000474000 seconds
[token:27, layer:5] 002:attention-norm: 0.000001000 seconds
[token:27, layer:5] 003:qkv-projection: 0.000105000 seconds
[token:27, layer:5] 004:apply-rope: 0.000001000 seconds
[token:27, layer:5] 005:compute-attention: 0.000004000 seconds
[token:27, layer:5] 006:attention-output: 0.000036000 seconds
[token:27, layer:5] 007:ffn-norm: 0.000001000 seconds
[token:27, layer:5] 008:ffn-up-projection: 0.000186000 seconds
[token:27, layer:5] 009:ffn-swiglu: 0.000001000 seconds
[token:27, layer:5] 010:ffn-down-projection: 0.000134000 seconds
[token:27, layer:5] 102:layer-compute-total: 0.000469000 seconds
[token:27] 011:final-projection: 0.004239000 seconds
[token:27] 103:forward-compute-total: 0.007072000 seconds
[token:28] 001:embedding-lookup: 0.000000000 seconds
[token:28, layer:0] 002:attention-norm: 0.000000000 seconds
[token:28, layer:0] 003:qkv-projection: 0.000116000 seconds
[token:28, layer:0] 004:apply-rope: 0.000002000 seconds
[token:28, layer:0] 005:compute-attention: 0.000007000 seconds
[token:28, layer:0] 006:attention-output: 0.000036000 seconds
[token:28, layer:0] 007:ffn-norm: 0.000000000 seconds
[token:28, layer:0] 008:ffn-up-projection: 0.000190000 seconds
[token:28, layer:0] 009:ffn-swiglu: 0.000001000 seconds
[token:28, layer:0] 010:ffn-down-projection: 0.000136000 seconds
[token:28, layer:0] 102:layer-compute-total: 0.000488000 seconds
[token:28, layer:1] 002:attention-norm: 0.000000000 seconds
[token:28, layer:1] 003:qkv-projection: 0.000108000 seconds
[token:28, layer:1] 004:apply-rope: 0.000001000 seconds
[token:28, layer:1] 005:compute-attention: 0.000006000 seconds
[token:28, layer:1] 006:attention-output: 0.000035000 seconds
[token:28, layer:1] 007:ffn-norm: 0.000000000 seconds
[token:28, layer:1] 008:ffn-up-projection: 0.000193000 seconds
[token:28, layer:1] 009:ffn-swiglu: 0.000001000 seconds
[token:28, layer:1] 010:ffn-down-projection: 0.000134000 seconds
[token:28, layer:1] 102:layer-compute-total: 0.000478000 seconds
[token:28, layer:2] 002:attention-norm: 0.000001000 seconds
[token:28, layer:2] 003:qkv-projection: 0.000108000 seconds
[token:28, layer:2] 004:apply-rope: 0.000001000 seconds
[token:28, layer:2] 005:compute-attention: 0.000006000 seconds
[token:28, layer:2] 006:attention-output: 0.000035000 seconds
[token:28, layer:2] 007:ffn-norm: 0.000001000 seconds
[token:28, layer:2] 008:ffn-up-projection: 0.000187000 seconds
[token:28, layer:2] 009:ffn-swiglu: 0.000001000 seconds
[token:28, layer:2] 010:ffn-down-projection: 0.000134000 seconds
[token:28, layer:2] 102:layer-compute-total: 0.000474000 seconds
[token:28, layer:3] 002:attention-norm: 0.000001000 seconds
[token:28, layer:3] 003:qkv-projection: 0.000108000 seconds
[token:28, layer:3] 004:apply-rope: 0.000001000 seconds
[token:28, layer:3] 005:compute-attention: 0.000006000 seconds
[token:28, layer:3] 006:attention-output: 0.000035000 seconds
[token:28, layer:3] 007:ffn-norm: 0.000001000 seconds
[token:28, layer:3] 008:ffn-up-projection: 0.000187000 seconds
[token:28, layer:3] 009:ffn-swiglu: 0.000001000 seconds
[token:28, layer:3] 010:ffn-down-projection: 0.000134000 seconds
[token:28, layer:3] 102:layer-compute-total: 0.000474000 seconds
[token:28, layer:4] 002:attention-norm: 0.000001000 seconds
[token:28, layer:4] 003:qkv-projection: 0.000107000 seconds
[token:28, layer:4] 004:apply-rope: 0.000001000 seconds
[token:28, layer:4] 005:compute-attention: 0.000006000 seconds
[token:28, layer:4] 006:attention-output: 0.000035000 seconds
[token:28, layer:4] 007:ffn-norm: 0.000000000 seconds
[token:28, layer:4] 008:ffn-up-projection: 0.000187000 seconds
[token:28, layer:4] 009:ffn-swiglu: 0.000001000 seconds
[token:28, layer:4] 010:ffn-down-projection: 0.000134000 seconds
[token:28, layer:4] 102:layer-compute-total: 0.000472000 seconds
[token:28, layer:5] 002:attention-norm: 0.000000000 seconds
[token:28, layer:5] 003:qkv-projection: 0.000109000 seconds
[token:28, layer:5] 004:apply-rope: 0.000001000 seconds
[token:28, layer:5] 005:compute-attention: 0.000007000 seconds
[token:28, layer:5] 006:attention-output: 0.000036000 seconds
[token:28, layer:5] 007:ffn-norm: 0.000000000 seconds
[token:28, layer:5] 008:ffn-up-projection: 0.000188000 seconds
[token:28, layer:5] 009:ffn-swiglu: 0.000001000 seconds
[token:28, layer:5] 010:ffn-down-projection: 0.000134000 seconds
[token:28, layer:5] 102:layer-compute-total: 0.000476000 seconds
[token:28] 011:final-projection: 0.003976000 seconds
[token:28] 103:forward-compute-total: 0.006838000 seconds
[token:29] 001:embedding-lookup: 0.000000000 seconds
[token:29, layer:0] 002:attention-norm: 0.000000000 seconds
[token:29, layer:0] 003:qkv-projection: 0.000113000 seconds
[token:29, layer:0] 004:apply-rope: 0.000002000 seconds
[token:29, layer:0] 005:compute-attention: 0.000005000 seconds
[token:29, layer:0] 006:attention-output: 0.000036000 seconds
[token:29, layer:0] 007:ffn-norm: 0.000001000 seconds
[token:29, layer:0] 008:ffn-up-projection: 0.000194000 seconds
[token:29, layer:0] 009:ffn-swiglu: 0.000001000 seconds
[token:29, layer:0] 010:ffn-down-projection: 0.000137000 seconds
[token:29, layer:0] 102:layer-compute-total: 0.000489000 seconds
[token:29, layer:1] 002:attention-norm: 0.000001000 seconds
[token:29, layer:1] 003:qkv-projection: 0.000106000 seconds
[token:29, layer:1] 004:apply-rope: 0.000001000 seconds
[token:29, layer:1] 005:compute-attention: 0.000005000 seconds
[token:29, layer:1] 006:attention-output: 0.000036000 seconds
[token:29, layer:1] 007:ffn-norm: 0.000000000 seconds
[token:29, layer:1] 008:ffn-up-projection: 0.000189000 seconds
[token:29, layer:1] 009:ffn-swiglu: 0.000001000 seconds
[token:29, layer:1] 010:ffn-down-projection: 0.000142000 seconds
[token:29, layer:1] 102:layer-compute-total: 0.000481000 seconds
[token:29, layer:2] 002:attention-norm: 0.000000000 seconds
[token:29, layer:2] 003:qkv-projection: 0.000109000 seconds
[token:29, layer:2] 004:apply-rope: 0.000001000 seconds
[token:29, layer:2] 005:compute-attention: 0.000006000 seconds
[token:29, layer:2] 006:attention-output: 0.000037000 seconds
[token:29, layer:2] 007:ffn-norm: 0.000001000 seconds
[token:29, layer:2] 008:ffn-up-projection: 0.000193000 seconds
[token:29, layer:2] 009:ffn-swiglu: 0.000002000 seconds
[token:29, layer:2] 010:ffn-down-projection: 0.000138000 seconds
[token:29, layer:2] 102:layer-compute-total: 0.000487000 seconds
[token:29, layer:3] 002:attention-norm: 0.000001000 seconds
[token:29, layer:3] 003:qkv-projection: 0.000105000 seconds
[token:29, layer:3] 004:apply-rope: 0.000002000 seconds
[token:29, layer:3] 005:compute-attention: 0.000005000 seconds
[token:29, layer:3] 006:attention-output: 0.000035000 seconds
[token:29, layer:3] 007:ffn-norm: 0.000000000 seconds
[token:29, layer:3] 008:ffn-up-projection: 0.000187000 seconds
[token:29, layer:3] 009:ffn-swiglu: 0.000001000 seconds
[token:29, layer:3] 010:ffn-down-projection: 0.000134000 seconds
[token:29, layer:3] 102:layer-compute-total: 0.000470000 seconds
[token:29, layer:4] 002:attention-norm: 0.000000000 seconds
[token:29, layer:4] 003:qkv-projection: 0.000105000 seconds
[token:29, layer:4] 004:apply-rope: 0.000002000 seconds
[token:29, layer:4] 005:compute-attention: 0.000005000 seconds
[token:29, layer:4] 006:attention-output: 0.000036000 seconds
[token:29, layer:4] 007:ffn-norm: 0.000001000 seconds
[token:29, layer:4] 008:ffn-up-projection: 0.000187000 seconds
[token:29, layer:4] 009:ffn-swiglu: 0.000001000 seconds
[token:29, layer:4] 010:ffn-down-projection: 0.000134000 seconds
[token:29, layer:4] 102:layer-compute-total: 0.000471000 seconds
[token:29, layer:5] 002:attention-norm: 0.000000000 seconds
[token:29, layer:5] 003:qkv-projection: 0.000105000 seconds
[token:29, layer:5] 004:apply-rope: 0.000001000 seconds
[token:29, layer:5] 005:compute-attention: 0.000005000 seconds
[token:29, layer:5] 006:attention-output: 0.000035000 seconds
[token:29, layer:5] 007:ffn-norm: 0.000000000 seconds
[token:29, layer:5] 008:ffn-up-projection: 0.000186000 seconds
[token:29, layer:5] 009:ffn-swiglu: 0.000001000 seconds
[token:29, layer:5] 010:ffn-down-projection: 0.000134000 seconds
[token:29, layer:5] 102:layer-compute-total: 0.000467000 seconds
[token:29] 011:final-projection: 0.004048000 seconds
[token:29] 103:forward-compute-total: 0.006913000 seconds
[token:30] 001:embedding-lookup: 0.000001000 seconds
[token:30, layer:0] 002:attention-norm: 0.000000000 seconds
[token:30, layer:0] 003:qkv-projection: 0.000110000 seconds
[token:30, layer:0] 004:apply-rope: 0.000001000 seconds
[token:30, layer:0] 005:compute-attention: 0.000005000 seconds
[token:30, layer:0] 006:attention-output: 0.000036000 seconds
[token:30, layer:0] 007:ffn-norm: 0.000000000 seconds
[token:30, layer:0] 008:ffn-up-projection: 0.000189000 seconds
[token:30, layer:0] 009:ffn-swiglu: 0.000001000 seconds
[token:30, layer:0] 010:ffn-down-projection: 0.000136000 seconds
[token:30, layer:0] 102:layer-compute-total: 0.000478000 seconds
[token:30, layer:1] 002:attention-norm: 0.000001000 seconds
[token:30, layer:1] 003:qkv-projection: 0.000106000 seconds
[token:30, layer:1] 004:apply-rope: 0.000001000 seconds
[token:30, layer:1] 005:compute-attention: 0.000006000 seconds
[token:30, layer:1] 006:attention-output: 0.000038000 seconds
[token:30, layer:1] 007:ffn-norm: 0.000000000 seconds
[token:30, layer:1] 008:ffn-up-projection: 0.000239000 seconds
[token:30, layer:1] 009:ffn-swiglu: 0.000003000 seconds
[token:30, layer:1] 010:ffn-down-projection: 0.000173000 seconds
[token:30, layer:1] 102:layer-compute-total: 0.000567000 seconds
[token:30, layer:2] 002:attention-norm: 0.000001000 seconds
[token:30, layer:2] 003:qkv-projection: 0.000117000 seconds
[token:30, layer:2] 004:apply-rope: 0.000002000 seconds
[token:30, layer:2] 005:compute-attention: 0.000006000 seconds
[token:30, layer:2] 006:attention-output: 0.000038000 seconds
[token:30, layer:2] 007:ffn-norm: 0.000000000 seconds
[token:30, layer:2] 008:ffn-up-projection: 0.000192000 seconds
[token:30, layer:2] 009:ffn-swiglu: 0.000001000 seconds
[token:30, layer:2] 010:ffn-down-projection: 0.000140000 seconds
[token:30, layer:2] 102:layer-compute-total: 0.000497000 seconds
[token:30, layer:3] 002:attention-norm: 0.000001000 seconds
[token:30, layer:3] 003:qkv-projection: 0.000113000 seconds
[token:30, layer:3] 004:apply-rope: 0.000001000 seconds
[token:30, layer:3] 005:compute-attention: 0.000007000 seconds
[token:30, layer:3] 006:attention-output: 0.000035000 seconds
[token:30, layer:3] 007:ffn-norm: 0.000000000 seconds
[token:30, layer:3] 008:ffn-up-projection: 0.000192000 seconds
[token:30, layer:3] 009:ffn-swiglu: 0.000001000 seconds
[token:30, layer:3] 010:ffn-down-projection: 0.000134000 seconds
[token:30, layer:3] 102:layer-compute-total: 0.000484000 seconds
[token:30, layer:4] 002:attention-norm: 0.000000000 seconds
[token:30, layer:4] 003:qkv-projection: 0.000105000 seconds
[token:30, layer:4] 004:apply-rope: 0.000001000 seconds
[token:30, layer:4] 005:compute-attention: 0.000007000 seconds
[token:30, layer:4] 006:attention-output: 0.000035000 seconds
[token:30, layer:4] 007:ffn-norm: 0.000000000 seconds
[token:30, layer:4] 008:ffn-up-projection: 0.000187000 seconds
[token:30, layer:4] 009:ffn-swiglu: 0.000001000 seconds
[token:30, layer:4] 010:ffn-down-projection: 0.000134000 seconds
[token:30, layer:4] 102:layer-compute-total: 0.000470000 seconds
[token:30, layer:5] 002:attention-norm: 0.000000000 seconds
[token:30, layer:5] 003:qkv-projection: 0.000105000 seconds
[token:30, layer:5] 004:apply-rope: 0.000001000 seconds
[token:30, layer:5] 005:compute-attention: 0.000007000 seconds
[token:30, layer:5] 006:attention-output: 0.000035000 seconds
[token:30, layer:5] 007:ffn-norm: 0.000001000 seconds
[token:30, layer:5] 008:ffn-up-projection: 0.000187000 seconds
[token:30, layer:5] 009:ffn-swiglu: 0.000001000 seconds
[token:30, layer:5] 010:ffn-down-projection: 0.000133000 seconds
[token:30, layer:5] 102:layer-compute-total: 0.000470000 seconds
[token:30] 011:final-projection: 0.003936000 seconds
[token:30] 103:forward-compute-total: 0.006903000 seconds
[token:31] 001:embedding-lookup: 0.000000000 seconds
[token:31, layer:0] 002:attention-norm: 0.000001000 seconds
[token:31, layer:0] 003:qkv-projection: 0.000112000 seconds
[token:31, layer:0] 004:apply-rope: 0.000002000 seconds
[token:31, layer:0] 005:compute-attention: 0.000008000 seconds
[token:31, layer:0] 006:attention-output: 0.000035000 seconds
[token:31, layer:0] 007:ffn-norm: 0.000000000 seconds
[token:31, layer:0] 008:ffn-up-projection: 0.000186000 seconds
[token:31, layer:0] 009:ffn-swiglu: 0.000001000 seconds
[token:31, layer:0] 010:ffn-down-projection: 0.000134000 seconds
[token:31, layer:0] 102:layer-compute-total: 0.000479000 seconds
[token:31, layer:1] 002:attention-norm: 0.000000000 seconds
[token:31, layer:1] 003:qkv-projection: 0.000107000 seconds
[token:31, layer:1] 004:apply-rope: 0.000002000 seconds
[token:31, layer:1] 005:compute-attention: 0.000007000 seconds
[token:31, layer:1] 006:attention-output: 0.000035000 seconds
[token:31, layer:1] 007:ffn-norm: 0.000000000 seconds
[token:31, layer:1] 008:ffn-up-projection: 0.000195000 seconds
[token:31, layer:1] 009:ffn-swiglu: 0.000001000 seconds
[token:31, layer:1] 010:ffn-down-projection: 0.000134000 seconds
[token:31, layer:1] 102:layer-compute-total: 0.000481000 seconds
[token:31, layer:2] 002:attention-norm: 0.000000000 seconds
[token:31, layer:2] 003:qkv-projection: 0.000106000 seconds
[token:31, layer:2] 004:apply-rope: 0.000001000 seconds
[token:31, layer:2] 005:compute-attention: 0.000006000 seconds
[token:31, layer:2] 006:attention-output: 0.000035000 seconds
[token:31, layer:2] 007:ffn-norm: 0.000000000 seconds
[token:31, layer:2] 008:ffn-up-projection: 0.000187000 seconds
[token:31, layer:2] 009:ffn-swiglu: 0.000001000 seconds
[token:31, layer:2] 010:ffn-down-projection: 0.000134000 seconds
[token:31, layer:2] 102:layer-compute-total: 0.000470000 seconds
[token:31, layer:3] 002:attention-norm: 0.000000000 seconds
[token:31, layer:3] 003:qkv-projection: 0.000106000 seconds
[token:31, layer:3] 004:apply-rope: 0.000002000 seconds
[token:31, layer:3] 005:compute-attention: 0.000005000 seconds
[token:31, layer:3] 006:attention-output: 0.000035000 seconds
[token:31, layer:3] 007:ffn-norm: 0.000001000 seconds
[token:31, layer:3] 008:ffn-up-projection: 0.000187000 seconds
[token:31, layer:3] 009:ffn-swiglu: 0.000001000 seconds
[token:31, layer:3] 010:ffn-down-projection: 0.000134000 seconds
[token:31, layer:3] 102:layer-compute-total: 0.000471000 seconds
[token:31, layer:4] 002:attention-norm: 0.000000000 seconds
[token:31, layer:4] 003:qkv-projection: 0.000105000 seconds
[token:31, layer:4] 004:apply-rope: 0.000001000 seconds
[token:31, layer:4] 005:compute-attention: 0.000005000 seconds
[token:31, layer:4] 006:attention-output: 0.000036000 seconds
[token:31, layer:4] 007:ffn-norm: 0.000000000 seconds
[token:31, layer:4] 008:ffn-up-projection: 0.000187000 seconds
[token:31, layer:4] 009:ffn-swiglu: 0.000001000 seconds
[token:31, layer:4] 010:ffn-down-projection: 0.000134000 seconds
[token:31, layer:4] 102:layer-compute-total: 0.000469000 seconds
[token:31, layer:5] 002:attention-norm: 0.000000000 seconds
[token:31, layer:5] 003:qkv-projection: 0.000105000 seconds
[token:31, layer:5] 004:apply-rope: 0.000001000 seconds
[token:31, layer:5] 005:compute-attention: 0.000005000 seconds
[token:31, layer:5] 006:attention-output: 0.000035000 seconds
[token:31, layer:5] 007:ffn-norm: 0.000001000 seconds
[token:31, layer:5] 008:ffn-up-projection: 0.000187000 seconds
[token:31, layer:5] 009:ffn-swiglu: 0.000001000 seconds
[token:31, layer:5] 010:ffn-down-projection: 0.000134000 seconds
[token:31, layer:5] 102:layer-compute-total: 0.000469000 seconds
[token:31] 011:final-projection: 0.003936000 seconds
[token:31] 103:forward-compute-total: 0.006775000 seconds
[token:32] 001:embedding-lookup: 0.000000000 seconds
[token:32, layer:0] 002:attention-norm: 0.000000000 seconds
[token:32, layer:0] 003:qkv-projection: 0.000112000 seconds
[token:32, layer:0] 004:apply-rope: 0.000002000 seconds
[token:32, layer:0] 005:compute-attention: 0.000005000 seconds
[token:32, layer:0] 006:attention-output: 0.000035000 seconds
[token:32, layer:0] 007:ffn-norm: 0.000000000 seconds
[token:32, layer:0] 008:ffn-up-projection: 0.000194000 seconds
[token:32, layer:0] 009:ffn-swiglu: 0.000001000 seconds
[token:32, layer:0] 010:ffn-down-projection: 0.000138000 seconds
[token:32, layer:0] 102:layer-compute-total: 0.000487000 seconds
[token:32, layer:1] 002:attention-norm: 0.000000000 seconds
[token:32, layer:1] 003:qkv-projection: 0.000106000 seconds
[token:32, layer:1] 004:apply-rope: 0.000001000 seconds
[token:32, layer:1] 005:compute-attention: 0.000006000 seconds
[token:32, layer:1] 006:attention-output: 0.000035000 seconds
[token:32, layer:1] 007:ffn-norm: 0.000000000 seconds
[token:32, layer:1] 008:ffn-up-projection: 0.000190000 seconds
[token:32, layer:1] 009:ffn-swiglu: 0.000001000 seconds
[token:32, layer:1] 010:ffn-down-projection: 0.000137000 seconds
[token:32, layer:1] 102:layer-compute-total: 0.000476000 seconds
[token:32, layer:2] 002:attention-norm: 0.000001000 seconds
[token:32, layer:2] 003:qkv-projection: 0.000109000 seconds
[token:32, layer:2] 004:apply-rope: 0.000001000 seconds
[token:32, layer:2] 005:compute-attention: 0.000005000 seconds
[token:32, layer:2] 006:attention-output: 0.000036000 seconds
[token:32, layer:2] 007:ffn-norm: 0.000000000 seconds
[token:32, layer:2] 008:ffn-up-projection: 0.000190000 seconds
[token:32, layer:2] 009:ffn-swiglu: 0.000001000 seconds
[token:32, layer:2] 010:ffn-down-projection: 0.000136000 seconds
[token:32, layer:2] 102:layer-compute-total: 0.000479000 seconds
[token:32, layer:3] 002:attention-norm: 0.000000000 seconds
[token:32, layer:3] 003:qkv-projection: 0.000107000 seconds
[token:32, layer:3] 004:apply-rope: 0.000001000 seconds
[token:32, layer:3] 005:compute-attention: 0.000005000 seconds
[token:32, layer:3] 006:attention-output: 0.000036000 seconds
[token:32, layer:3] 007:ffn-norm: 0.000000000 seconds
[token:32, layer:3] 008:ffn-up-projection: 0.000191000 seconds
[token:32, layer:3] 009:ffn-swiglu: 0.000001000 seconds
[token:32, layer:3] 010:ffn-down-projection: 0.000169000 seconds
[token:32, layer:3] 102:layer-compute-total: 0.000510000 seconds
[token:32, layer:4] 002:attention-norm: 0.000000000 seconds
[token:32, layer:4] 003:qkv-projection: 0.000141000 seconds
[token:32, layer:4] 004:apply-rope: 0.000002000 seconds
[token:32, layer:4] 005:compute-attention: 0.000006000 seconds
[token:32, layer:4] 006:attention-output: 0.000039000 seconds
[token:32, layer:4] 007:ffn-norm: 0.000000000 seconds
[token:32, layer:4] 008:ffn-up-projection: 0.000204000 seconds
[token:32, layer:4] 009:ffn-swiglu: 0.000001000 seconds
[token:32, layer:4] 010:ffn-down-projection: 0.000137000 seconds
[token:32, layer:4] 102:layer-compute-total: 0.000530000 seconds
[token:32, layer:5] 002:attention-norm: 0.000000000 seconds
[token:32, layer:5] 003:qkv-projection: 0.000110000 seconds
[token:32, layer:5] 004:apply-rope: 0.000002000 seconds
[token:32, layer:5] 005:compute-attention: 0.000007000 seconds
[token:32, layer:5] 006:attention-output: 0.000038000 seconds
[token:32, layer:5] 007:ffn-norm: 0.000000000 seconds
[token:32, layer:5] 008:ffn-up-projection: 0.000200000 seconds
[token:32, layer:5] 009:ffn-swiglu: 0.000001000 seconds
[token:32, layer:5] 010:ffn-down-projection: 0.000134000 seconds
[token:32, layer:5] 102:layer-compute-total: 0.000492000 seconds
[token:32] 011:final-projection: 0.004327000 seconds
[token:32] 103:forward-compute-total: 0.007301000 seconds
[token:33] 001:embedding-lookup: 0.000001000 seconds
[token:33, layer:0] 002:attention-norm: 0.000000000 seconds
[token:33, layer:0] 003:qkv-projection: 0.000113000 seconds
[token:33, layer:0] 004:apply-rope: 0.000002000 seconds
[token:33, layer:0] 005:compute-attention: 0.000008000 seconds
[token:33, layer:0] 006:attention-output: 0.000038000 seconds
[token:33, layer:0] 007:ffn-norm: 0.000001000 seconds
[token:33, layer:0] 008:ffn-up-projection: 0.000187000 seconds
[token:33, layer:0] 009:ffn-swiglu: 0.000001000 seconds
[token:33, layer:0] 010:ffn-down-projection: 0.000150000 seconds
[token:33, layer:0] 102:layer-compute-total: 0.000500000 seconds
[token:33, layer:1] 002:attention-norm: 0.000001000 seconds
[token:33, layer:1] 003:qkv-projection: 0.000106000 seconds
[token:33, layer:1] 004:apply-rope: 0.000001000 seconds
[token:33, layer:1] 005:compute-attention: 0.000008000 seconds
[token:33, layer:1] 006:attention-output: 0.000035000 seconds
[token:33, layer:1] 007:ffn-norm: 0.000001000 seconds
[token:33, layer:1] 008:ffn-up-projection: 0.000187000 seconds
[token:33, layer:1] 009:ffn-swiglu: 0.000001000 seconds
[token:33, layer:1] 010:ffn-down-projection: 0.000134000 seconds
[token:33, layer:1] 102:layer-compute-total: 0.000474000 seconds
[token:33, layer:2] 002:attention-norm: 0.000000000 seconds
[token:33, layer:2] 003:qkv-projection: 0.000107000 seconds
[token:33, layer:2] 004:apply-rope: 0.000001000 seconds
[token:33, layer:2] 005:compute-attention: 0.000007000 seconds
[token:33, layer:2] 006:attention-output: 0.000035000 seconds
[token:33, layer:2] 007:ffn-norm: 0.000000000 seconds
[token:33, layer:2] 008:ffn-up-projection: 0.000186000 seconds
[token:33, layer:2] 009:ffn-swiglu: 0.000001000 seconds
[token:33, layer:2] 010:ffn-down-projection: 0.000134000 seconds
[token:33, layer:2] 102:layer-compute-total: 0.000471000 seconds
[token:33, layer:3] 002:attention-norm: 0.000000000 seconds
[token:33, layer:3] 003:qkv-projection: 0.000107000 seconds
[token:33, layer:3] 004:apply-rope: 0.000001000 seconds
[token:33, layer:3] 005:compute-attention: 0.000008000 seconds
[token:33, layer:3] 006:attention-output: 0.000036000 seconds
[token:33, layer:3] 007:ffn-norm: 0.000000000 seconds
[token:33, layer:3] 008:ffn-up-projection: 0.000186000 seconds
[token:33, layer:3] 009:ffn-swiglu: 0.000001000 seconds
[token:33, layer:3] 010:ffn-down-projection: 0.000134000 seconds
[token:33, layer:3] 102:layer-compute-total: 0.000473000 seconds
[token:33, layer:4] 002:attention-norm: 0.000001000 seconds
[token:33, layer:4] 003:qkv-projection: 0.000107000 seconds
[token:33, layer:4] 004:apply-rope: 0.000001000 seconds
[token:33, layer:4] 005:compute-attention: 0.000008000 seconds
[token:33, layer:4] 006:attention-output: 0.000035000 seconds
[token:33, layer:4] 007:ffn-norm: 0.000001000 seconds
[token:33, layer:4] 008:ffn-up-projection: 0.000189000 seconds
[token:33, layer:4] 009:ffn-swiglu: 0.000002000 seconds
[token:33, layer:4] 010:ffn-down-projection: 0.000139000 seconds
[token:33, layer:4] 102:layer-compute-total: 0.000483000 seconds
[token:33, layer:5] 002:attention-norm: 0.000000000 seconds
[token:33, layer:5] 003:qkv-projection: 0.000109000 seconds
[token:33, layer:5] 004:apply-rope: 0.000001000 seconds
[token:33, layer:5] 005:compute-attention: 0.000008000 seconds
[token:33, layer:5] 006:attention-output: 0.000036000 seconds
[token:33, layer:5] 007:ffn-norm: 0.000001000 seconds
[token:33, layer:5] 008:ffn-up-projection: 0.000193000 seconds
[token:33, layer:5] 009:ffn-swiglu: 0.000001000 seconds
[token:33, layer:5] 010:ffn-down-projection: 0.000134000 seconds
[token:33, layer:5] 102:layer-compute-total: 0.000483000 seconds
[token:33] 011:final-projection: 0.003993000 seconds
[token:33] 103:forward-compute-total: 0.006878000 seconds
[token:34] 001:embedding-lookup: 0.000001000 seconds
[token:34, layer:0] 002:attention-norm: 0.000001000 seconds
[token:34, layer:0] 003:qkv-projection: 0.000110000 seconds
[token:34, layer:0] 004:apply-rope: 0.000002000 seconds
[token:34, layer:0] 005:compute-attention: 0.000005000 seconds
[token:34, layer:0] 006:attention-output: 0.000037000 seconds
[token:34, layer:0] 007:ffn-norm: 0.000001000 seconds
[token:34, layer:0] 008:ffn-up-projection: 0.000194000 seconds
[token:34, layer:0] 009:ffn-swiglu: 0.000001000 seconds
[token:34, layer:0] 010:ffn-down-projection: 0.000135000 seconds
[token:34, layer:0] 102:layer-compute-total: 0.000486000 seconds
[token:34, layer:1] 002:attention-norm: 0.000000000 seconds
[token:34, layer:1] 003:qkv-projection: 0.000105000 seconds
[token:34, layer:1] 004:apply-rope: 0.000001000 seconds
[token:34, layer:1] 005:compute-attention: 0.000006000 seconds
[token:34, layer:1] 006:attention-output: 0.000035000 seconds
[token:34, layer:1] 007:ffn-norm: 0.000000000 seconds
[token:34, layer:1] 008:ffn-up-projection: 0.000187000 seconds
[token:34, layer:1] 009:ffn-swiglu: 0.000001000 seconds
[token:34, layer:1] 010:ffn-down-projection: 0.000134000 seconds
[token:34, layer:1] 102:layer-compute-total: 0.000469000 seconds
[token:34, layer:2] 002:attention-norm: 0.000000000 seconds
[token:34, layer:2] 003:qkv-projection: 0.000105000 seconds
[token:34, layer:2] 004:apply-rope: 0.000001000 seconds
[token:34, layer:2] 005:compute-attention: 0.000006000 seconds
[token:34, layer:2] 006:attention-output: 0.000035000 seconds
[token:34, layer:2] 007:ffn-norm: 0.000000000 seconds
[token:34, layer:2] 008:ffn-up-projection: 0.000186000 seconds
[token:34, layer:2] 009:ffn-swiglu: 0.000001000 seconds
[token:34, layer:2] 010:ffn-down-projection: 0.000133000 seconds
[token:34, layer:2] 102:layer-compute-total: 0.000467000 seconds
[token:34, layer:3] 002:attention-norm: 0.000000000 seconds
[token:34, layer:3] 003:qkv-projection: 0.000106000 seconds
[token:34, layer:3] 004:apply-rope: 0.000001000 seconds
[token:34, layer:3] 005:compute-attention: 0.000006000 seconds
[token:34, layer:3] 006:attention-output: 0.000035000 seconds
[token:34, layer:3] 007:ffn-norm: 0.000000000 seconds
[token:34, layer:3] 008:ffn-up-projection: 0.000186000 seconds
[token:34, layer:3] 009:ffn-swiglu: 0.000001000 seconds
[token:34, layer:3] 010:ffn-down-projection: 0.000134000 seconds
[token:34, layer:3] 102:layer-compute-total: 0.000469000 seconds
[token:34, layer:4] 002:attention-norm: 0.000000000 seconds
[token:34, layer:4] 003:qkv-projection: 0.000105000 seconds
[token:34, layer:4] 004:apply-rope: 0.000002000 seconds
[token:34, layer:4] 005:compute-attention: 0.000005000 seconds
[token:34, layer:4] 006:attention-output: 0.000035000 seconds
[token:34, layer:4] 007:ffn-norm: 0.000000000 seconds
[token:34, layer:4] 008:ffn-up-projection: 0.000213000 seconds
[token:34, layer:4] 009:ffn-swiglu: 0.000001000 seconds
[token:34, layer:4] 010:ffn-down-projection: 0.000141000 seconds
[token:34, layer:4] 102:layer-compute-total: 0.000502000 seconds
[token:34, layer:5] 002:attention-norm: 0.000000000 seconds
[token:34, layer:5] 003:qkv-projection: 0.000106000 seconds
[token:34, layer:5] 004:apply-rope: 0.000001000 seconds
[token:34, layer:5] 005:compute-attention: 0.000005000 seconds
[token:34, layer:5] 006:attention-output: 0.000035000 seconds
[token:34, layer:5] 007:ffn-norm: 0.000000000 seconds
[token:34, layer:5] 008:ffn-up-projection: 0.000190000 seconds
[token:34, layer:5] 009:ffn-swiglu: 0.000001000 seconds
[token:34, layer:5] 010:ffn-down-projection: 0.000136000 seconds
[token:34, layer:5] 102:layer-compute-total: 0.000474000 seconds
[token:34] 011:final-projection: 0.004168000 seconds
[token:34] 103:forward-compute-total: 0.007036000 seconds
[token:35] 001:embedding-lookup: 0.000000000 seconds
[token:35, layer:0] 002:attention-norm: 0.000000000 seconds
[token:35, layer:0] 003:qkv-projection: 0.000112000 seconds
[token:35, layer:0] 004:apply-rope: 0.000002000 seconds
[token:35, layer:0] 005:compute-attention: 0.000008000 seconds
[token:35, layer:0] 006:attention-output: 0.000035000 seconds
[token:35, layer:0] 007:ffn-norm: 0.000000000 seconds
[token:35, layer:0] 008:ffn-up-projection: 0.000186000 seconds
[token:35, layer:0] 009:ffn-swiglu: 0.000001000 seconds
[token:35, layer:0] 010:ffn-down-projection: 0.000134000 seconds
[token:35, layer:0] 102:layer-compute-total: 0.000478000 seconds
[token:35, layer:1] 002:attention-norm: 0.000000000 seconds
[token:35, layer:1] 003:qkv-projection: 0.000114000 seconds
[token:35, layer:1] 004:apply-rope: 0.000002000 seconds
[token:35, layer:1] 005:compute-attention: 0.000008000 seconds
[token:35, layer:1] 006:attention-output: 0.000035000 seconds
[token:35, layer:1] 007:ffn-norm: 0.000000000 seconds
[token:35, layer:1] 008:ffn-up-projection: 0.000191000 seconds
[token:35, layer:1] 009:ffn-swiglu: 0.000001000 seconds
[token:35, layer:1] 010:ffn-down-projection: 0.000136000 seconds
[token:35, layer:1] 102:layer-compute-total: 0.000487000 seconds
[token:35, layer:2] 002:attention-norm: 0.000000000 seconds
[token:35, layer:2] 003:qkv-projection: 0.000105000 seconds
[token:35, layer:2] 004:apply-rope: 0.000001000 seconds
[token:35, layer:2] 005:compute-attention: 0.000008000 seconds
[token:35, layer:2] 006:attention-output: 0.000035000 seconds
[token:35, layer:2] 007:ffn-norm: 0.000000000 seconds
[token:35, layer:2] 008:ffn-up-projection: 0.000189000 seconds
[token:35, layer:2] 009:ffn-swiglu: 0.000001000 seconds
[token:35, layer:2] 010:ffn-down-projection: 0.000134000 seconds
[token:35, layer:2] 102:layer-compute-total: 0.000473000 seconds
[token:35, layer:3] 002:attention-norm: 0.000000000 seconds
[token:35, layer:3] 003:qkv-projection: 0.000105000 seconds
[token:35, layer:3] 004:apply-rope: 0.000001000 seconds
[token:35, layer:3] 005:compute-attention: 0.000007000 seconds
[token:35, layer:3] 006:attention-output: 0.000035000 seconds
[token:35, layer:3] 007:ffn-norm: 0.000000000 seconds
[token:35, layer:3] 008:ffn-up-projection: 0.000188000 seconds
[token:35, layer:3] 009:ffn-swiglu: 0.000001000 seconds
[token:35, layer:3] 010:ffn-down-projection: 0.000134000 seconds
[token:35, layer:3] 102:layer-compute-total: 0.000471000 seconds
[token:35, layer:4] 002:attention-norm: 0.000000000 seconds
[token:35, layer:4] 003:qkv-projection: 0.000105000 seconds
[token:35, layer:4] 004:apply-rope: 0.000001000 seconds
[token:35, layer:4] 005:compute-attention: 0.000008000 seconds
[token:35, layer:4] 006:attention-output: 0.000035000 seconds
[token:35, layer:4] 007:ffn-norm: 0.000000000 seconds
[token:35, layer:4] 008:ffn-up-projection: 0.000187000 seconds
[token:35, layer:4] 009:ffn-swiglu: 0.000001000 seconds
[token:35, layer:4] 010:ffn-down-projection: 0.000138000 seconds
[token:35, layer:4] 102:layer-compute-total: 0.000475000 seconds
[token:35, layer:5] 002:attention-norm: 0.000000000 seconds
[token:35, layer:5] 003:qkv-projection: 0.000105000 seconds
[token:35, layer:5] 004:apply-rope: 0.000001000 seconds
[token:35, layer:5] 005:compute-attention: 0.000009000 seconds
[token:35, layer:5] 006:attention-output: 0.000035000 seconds
[token:35, layer:5] 007:ffn-norm: 0.000000000 seconds
[token:35, layer:5] 008:ffn-up-projection: 0.000190000 seconds
[token:35, layer:5] 009:ffn-swiglu: 0.000001000 seconds
[token:35, layer:5] 010:ffn-down-projection: 0.000134000 seconds
[token:35, layer:5] 102:layer-compute-total: 0.000475000 seconds
[token:35] 011:final-projection: 0.004017000 seconds
[token:35] 103:forward-compute-total: 0.006876000 seconds
[token:36] 001:embedding-lookup: 0.000001000 seconds
[token:36, layer:0] 002:attention-norm: 0.000000000 seconds
[token:36, layer:0] 003:qkv-projection: 0.000110000 seconds
[token:36, layer:0] 004:apply-rope: 0.000002000 seconds
[token:36, layer:0] 005:compute-attention: 0.000006000 seconds
[token:36, layer:0] 006:attention-output: 0.000037000 seconds
[token:36, layer:0] 007:ffn-norm: 0.000000000 seconds
[token:36, layer:0] 008:ffn-up-projection: 0.000194000 seconds
[token:36, layer:0] 009:ffn-swiglu: 0.000001000 seconds
[token:36, layer:0] 010:ffn-down-projection: 0.000136000 seconds
[token:36, layer:0] 102:layer-compute-total: 0.000486000 seconds
[token:36, layer:1] 002:attention-norm: 0.000000000 seconds
[token:36, layer:1] 003:qkv-projection: 0.000106000 seconds
[token:36, layer:1] 004:apply-rope: 0.000001000 seconds
[token:36, layer:1] 005:compute-attention: 0.000006000 seconds
[token:36, layer:1] 006:attention-output: 0.000035000 seconds
[token:36, layer:1] 007:ffn-norm: 0.000000000 seconds
[token:36, layer:1] 008:ffn-up-projection: 0.000187000 seconds
[token:36, layer:1] 009:ffn-swiglu: 0.000001000 seconds
[token:36, layer:1] 010:ffn-down-projection: 0.000134000 seconds
[token:36, layer:1] 102:layer-compute-total: 0.000470000 seconds
[token:36, layer:2] 002:attention-norm: 0.000001000 seconds
[token:36, layer:2] 003:qkv-projection: 0.000105000 seconds
[token:36, layer:2] 004:apply-rope: 0.000001000 seconds
[token:36, layer:2] 005:compute-attention: 0.000006000 seconds
[token:36, layer:2] 006:attention-output: 0.000035000 seconds
[token:36, layer:2] 007:ffn-norm: 0.000000000 seconds
[token:36, layer:2] 008:ffn-up-projection: 0.000186000 seconds
[token:36, layer:2] 009:ffn-swiglu: 0.000001000 seconds
[token:36, layer:2] 010:ffn-down-projection: 0.000134000 seconds
[token:36, layer:2] 102:layer-compute-total: 0.000469000 seconds
[token:36, layer:3] 002:attention-norm: 0.000000000 seconds
[token:36, layer:3] 003:qkv-projection: 0.000105000 seconds
[token:36, layer:3] 004:apply-rope: 0.000001000 seconds
[token:36, layer:3] 005:compute-attention: 0.000006000 seconds
[token:36, layer:3] 006:attention-output: 0.000036000 seconds
[token:36, layer:3] 007:ffn-norm: 0.000001000 seconds
[token:36, layer:3] 008:ffn-up-projection: 0.000186000 seconds
[token:36, layer:3] 009:ffn-swiglu: 0.000001000 seconds
[token:36, layer:3] 010:ffn-down-projection: 0.000134000 seconds
[token:36, layer:3] 102:layer-compute-total: 0.000470000 seconds
[token:36, layer:4] 002:attention-norm: 0.000001000 seconds
[token:36, layer:4] 003:qkv-projection: 0.000105000 seconds
[token:36, layer:4] 004:apply-rope: 0.000001000 seconds
[token:36, layer:4] 005:compute-attention: 0.000006000 seconds
[token:36, layer:4] 006:attention-output: 0.000036000 seconds
[token:36, layer:4] 007:ffn-norm: 0.000000000 seconds
[token:36, layer:4] 008:ffn-up-projection: 0.000187000 seconds
[token:36, layer:4] 009:ffn-swiglu: 0.000001000 seconds
[token:36, layer:4] 010:ffn-down-projection: 0.000133000 seconds
[token:36, layer:4] 102:layer-compute-total: 0.000470000 seconds
[token:36, layer:5] 002:attention-norm: 0.000000000 seconds
[token:36, layer:5] 003:qkv-projection: 0.000104000 seconds
[token:36, layer:5] 004:apply-rope: 0.000002000 seconds
[token:36, layer:5] 005:compute-attention: 0.000006000 seconds
[token:36, layer:5] 006:attention-output: 0.000036000 seconds
[token:36, layer:5] 007:ffn-norm: 0.000000000 seconds
[token:36, layer:5] 008:ffn-up-projection: 0.000187000 seconds
[token:36, layer:5] 009:ffn-swiglu: 0.000001000 seconds
[token:36, layer:5] 010:ffn-down-projection: 0.000133000 seconds
[token:36, layer:5] 102:layer-compute-total: 0.000469000 seconds
[token:36] 011:final-projection: 0.004227000 seconds
[token:36] 103:forward-compute-total: 0.007062000 seconds
[token:37] 001:embedding-lookup: 0.000001000 seconds
[token:37, layer:0] 002:attention-norm: 0.000000000 seconds
[token:37, layer:0] 003:qkv-projection: 0.000111000 seconds
[token:37, layer:0] 004:apply-rope: 0.000002000 seconds
[token:37, layer:0] 005:compute-attention: 0.000008000 seconds
[token:37, layer:0] 006:attention-output: 0.000037000 seconds
[token:37, layer:0] 007:ffn-norm: 0.000000000 seconds
[token:37, layer:0] 008:ffn-up-projection: 0.000195000 seconds
[token:37, layer:0] 009:ffn-swiglu: 0.000001000 seconds
[token:37, layer:0] 010:ffn-down-projection: 0.000143000 seconds
[token:37, layer:0] 102:layer-compute-total: 0.000497000 seconds
[token:37, layer:1] 002:attention-norm: 0.000000000 seconds
[token:37, layer:1] 003:qkv-projection: 0.000108000 seconds
[token:37, layer:1] 004:apply-rope: 0.000001000 seconds
[token:37, layer:1] 005:compute-attention: 0.000011000 seconds
[token:37, layer:1] 006:attention-output: 0.000036000 seconds
[token:37, layer:1] 007:ffn-norm: 0.000001000 seconds
[token:37, layer:1] 008:ffn-up-projection: 0.000191000 seconds
[token:37, layer:1] 009:ffn-swiglu: 0.000001000 seconds
[token:37, layer:1] 010:ffn-down-projection: 0.000137000 seconds
[token:37, layer:1] 102:layer-compute-total: 0.000486000 seconds
[token:37, layer:2] 002:attention-norm: 0.000000000 seconds
[token:37, layer:2] 003:qkv-projection: 0.000115000 seconds
[token:37, layer:2] 004:apply-rope: 0.000001000 seconds
[token:37, layer:2] 005:compute-attention: 0.000013000 seconds
[token:37, layer:2] 006:attention-output: 0.000038000 seconds
[token:37, layer:2] 007:ffn-norm: 0.000001000 seconds
[token:37, layer:2] 008:ffn-up-projection: 0.000195000 seconds
[token:37, layer:2] 009:ffn-swiglu: 0.000001000 seconds
[token:37, layer:2] 010:ffn-down-projection: 0.000135000 seconds
[token:37, layer:2] 102:layer-compute-total: 0.000499000 seconds
[token:37, layer:3] 002:attention-norm: 0.000000000 seconds
[token:37, layer:3] 003:qkv-projection: 0.000112000 seconds
[token:37, layer:3] 004:apply-rope: 0.000001000 seconds
[token:37, layer:3] 005:compute-attention: 0.000013000 seconds
[token:37, layer:3] 006:attention-output: 0.000041000 seconds
[token:37, layer:3] 007:ffn-norm: 0.000001000 seconds
[token:37, layer:3] 008:ffn-up-projection: 0.000192000 seconds
[token:37, layer:3] 009:ffn-swiglu: 0.000001000 seconds
[token:37, layer:3] 010:ffn-down-projection: 0.000134000 seconds
[token:37, layer:3] 102:layer-compute-total: 0.000495000 seconds
[token:37, layer:4] 002:attention-norm: 0.000000000 seconds
[token:37, layer:4] 003:qkv-projection: 0.000105000 seconds
[token:37, layer:4] 004:apply-rope: 0.000001000 seconds
[token:37, layer:4] 005:compute-attention: 0.000008000 seconds
[token:37, layer:4] 006:attention-output: 0.000039000 seconds
[token:37, layer:4] 007:ffn-norm: 0.000000000 seconds
[token:37, layer:4] 008:ffn-up-projection: 0.000187000 seconds
[token:37, layer:4] 009:ffn-swiglu: 0.000001000 seconds
[token:37, layer:4] 010:ffn-down-projection: 0.000132000 seconds
[token:37, layer:4] 102:layer-compute-total: 0.000473000 seconds
[token:37, layer:5] 002:attention-norm: 0.000000000 seconds
[token:37, layer:5] 003:qkv-projection: 0.000105000 seconds
[token:37, layer:5] 004:apply-rope: 0.000001000 seconds
[token:37, layer:5] 005:compute-attention: 0.000009000 seconds
[token:37, layer:5] 006:attention-output: 0.000035000 seconds
[token:37, layer:5] 007:ffn-norm: 0.000001000 seconds
[token:37, layer:5] 008:ffn-up-projection: 0.000187000 seconds
[token:37, layer:5] 009:ffn-swiglu: 0.000001000 seconds
[token:37, layer:5] 010:ffn-down-projection: 0.000134000 seconds
[token:37, layer:5] 102:layer-compute-total: 0.000473000 seconds
[token:37] 011:final-projection: 0.003977000 seconds
[token:37] 103:forward-compute-total: 0.006901000 seconds
[token:38] 001:embedding-lookup: 0.000000000 seconds
[token:38, layer:0] 002:attention-norm: 0.000000000 seconds
[token:38, layer:0] 003:qkv-projection: 0.000110000 seconds
[token:38, layer:0] 004:apply-rope: 0.000001000 seconds
[token:38, layer:0] 005:compute-attention: 0.000008000 seconds
[token:38, layer:0] 006:attention-output: 0.000036000 seconds
[token:38, layer:0] 007:ffn-norm: 0.000000000 seconds
[token:38, layer:0] 008:ffn-up-projection: 0.000187000 seconds
[token:38, layer:0] 009:ffn-swiglu: 0.000001000 seconds
[token:38, layer:0] 010:ffn-down-projection: 0.000134000 seconds
[token:38, layer:0] 102:layer-compute-total: 0.000477000 seconds
[token:38, layer:1] 002:attention-norm: 0.000001000 seconds
[token:38, layer:1] 003:qkv-projection: 0.000105000 seconds
[token:38, layer:1] 004:apply-rope: 0.000001000 seconds
[token:38, layer:1] 005:compute-attention: 0.000008000 seconds
[token:38, layer:1] 006:attention-output: 0.000035000 seconds
[token:38, layer:1] 007:ffn-norm: 0.000000000 seconds
[token:38, layer:1] 008:ffn-up-projection: 0.000192000 seconds
[token:38, layer:1] 009:ffn-swiglu: 0.000001000 seconds
[token:38, layer:1] 010:ffn-down-projection: 0.000134000 seconds
[token:38, layer:1] 102:layer-compute-total: 0.000477000 seconds
[token:38, layer:2] 002:attention-norm: 0.000001000 seconds
[token:38, layer:2] 003:qkv-projection: 0.000105000 seconds
[token:38, layer:2] 004:apply-rope: 0.000001000 seconds
[token:38, layer:2] 005:compute-attention: 0.000007000 seconds
[token:38, layer:2] 006:attention-output: 0.000035000 seconds
[token:38, layer:2] 007:ffn-norm: 0.000000000 seconds
[token:38, layer:2] 008:ffn-up-projection: 0.000187000 seconds
[token:38, layer:2] 009:ffn-swiglu: 0.000001000 seconds
[token:38, layer:2] 010:ffn-down-projection: 0.000134000 seconds
[token:38, layer:2] 102:layer-compute-total: 0.000471000 seconds
[token:38, layer:3] 002:attention-norm: 0.000000000 seconds
[token:38, layer:3] 003:qkv-projection: 0.000105000 seconds
[token:38, layer:3] 004:apply-rope: 0.000001000 seconds
[token:38, layer:3] 005:compute-attention: 0.000006000 seconds
[token:38, layer:3] 006:attention-output: 0.000035000 seconds
[token:38, layer:3] 007:ffn-norm: 0.000001000 seconds
[token:38, layer:3] 008:ffn-up-projection: 0.000187000 seconds
[token:38, layer:3] 009:ffn-swiglu: 0.000001000 seconds
[token:38, layer:3] 010:ffn-down-projection: 0.000134000 seconds
[token:38, layer:3] 102:layer-compute-total: 0.000470000 seconds
[token:38, layer:4] 002:attention-norm: 0.000001000 seconds
[token:38, layer:4] 003:qkv-projection: 0.000105000 seconds
[token:38, layer:4] 004:apply-rope: 0.000001000 seconds
[token:38, layer:4] 005:compute-attention: 0.000007000 seconds
[token:38, layer:4] 006:attention-output: 0.000035000 seconds
[token:38, layer:4] 007:ffn-norm: 0.000000000 seconds
[token:38, layer:4] 008:ffn-up-projection: 0.000187000 seconds
[token:38, layer:4] 009:ffn-swiglu: 0.000001000 seconds
[token:38, layer:4] 010:ffn-down-projection: 0.000134000 seconds
[token:38, layer:4] 102:layer-compute-total: 0.000471000 seconds
[token:38, layer:5] 002:attention-norm: 0.000000000 seconds
[token:38, layer:5] 003:qkv-projection: 0.000105000 seconds
[token:38, layer:5] 004:apply-rope: 0.000001000 seconds
[token:38, layer:5] 005:compute-attention: 0.000006000 seconds
[token:38, layer:5] 006:attention-output: 0.000035000 seconds
[token:38, layer:5] 007:ffn-norm: 0.000001000 seconds
[token:38, layer:5] 008:ffn-up-projection: 0.000191000 seconds
[token:38, layer:5] 009:ffn-swiglu: 0.000001000 seconds
[token:38, layer:5] 010:ffn-down-projection: 0.000134000 seconds
[token:38, layer:5] 102:layer-compute-total: 0.000474000 seconds
[token:38] 011:final-projection: 0.004017000 seconds
[token:38] 103:forward-compute-total: 0.006857000 seconds
[token:39] 001:embedding-lookup: 0.000000000 seconds
[token:39, layer:0] 002:attention-norm: 0.000001000 seconds
[token:39, layer:0] 003:qkv-projection: 0.000109000 seconds
[token:39, layer:0] 004:apply-rope: 0.000001000 seconds
[token:39, layer:0] 005:compute-attention: 0.000007000 seconds
[token:39, layer:0] 006:attention-output: 0.000035000 seconds
[token:39, layer:0] 007:ffn-norm: 0.000000000 seconds
[token:39, layer:0] 008:ffn-up-projection: 0.000189000 seconds
[token:39, layer:0] 009:ffn-swiglu: 0.000001000 seconds
[token:39, layer:0] 010:ffn-down-projection: 0.000136000 seconds
[token:39, layer:0] 102:layer-compute-total: 0.000479000 seconds
[token:39, layer:1] 002:attention-norm: 0.000000000 seconds
[token:39, layer:1] 003:qkv-projection: 0.000107000 seconds
[token:39, layer:1] 004:apply-rope: 0.000002000 seconds
[token:39, layer:1] 005:compute-attention: 0.000007000 seconds
[token:39, layer:1] 006:attention-output: 0.000035000 seconds
[token:39, layer:1] 007:ffn-norm: 0.000001000 seconds
[token:39, layer:1] 008:ffn-up-projection: 0.000190000 seconds
[token:39, layer:1] 009:ffn-swiglu: 0.000001000 seconds
[token:39, layer:1] 010:ffn-down-projection: 0.000135000 seconds
[token:39, layer:1] 102:layer-compute-total: 0.000478000 seconds
[token:39, layer:2] 002:attention-norm: 0.000000000 seconds
[token:39, layer:2] 003:qkv-projection: 0.000106000 seconds
[token:39, layer:2] 004:apply-rope: 0.000001000 seconds
[token:39, layer:2] 005:compute-attention: 0.000007000 seconds
[token:39, layer:2] 006:attention-output: 0.000036000 seconds
[token:39, layer:2] 007:ffn-norm: 0.000001000 seconds
[token:39, layer:2] 008:ffn-up-projection: 0.000230000 seconds
[token:39, layer:2] 009:ffn-swiglu: 0.000001000 seconds
[token:39, layer:2] 010:ffn-down-projection: 0.000192000 seconds
[token:39, layer:2] 102:layer-compute-total: 0.000574000 seconds
[token:39, layer:3] 002:attention-norm: 0.000000000 seconds
[token:39, layer:3] 003:qkv-projection: 0.000112000 seconds
[token:39, layer:3] 004:apply-rope: 0.000002000 seconds
[token:39, layer:3] 005:compute-attention: 0.000009000 seconds
[token:39, layer:3] 006:attention-output: 0.000040000 seconds
[token:39, layer:3] 007:ffn-norm: 0.000000000 seconds
[token:39, layer:3] 008:ffn-up-projection: 0.000203000 seconds
[token:39, layer:3] 009:ffn-swiglu: 0.000001000 seconds
[token:39, layer:3] 010:ffn-down-projection: 0.000142000 seconds
[token:39, layer:3] 102:layer-compute-total: 0.000509000 seconds
[token:39, layer:4] 002:attention-norm: 0.000001000 seconds
[token:39, layer:4] 003:qkv-projection: 0.000111000 seconds
[token:39, layer:4] 004:apply-rope: 0.000001000 seconds
[token:39, layer:4] 005:compute-attention: 0.000009000 seconds
[token:39, layer:4] 006:attention-output: 0.000038000 seconds
[token:39, layer:4] 007:ffn-norm: 0.000000000 seconds
[token:39, layer:4] 008:ffn-up-projection: 0.000191000 seconds
[token:39, layer:4] 009:ffn-swiglu: 0.000001000 seconds
[token:39, layer:4] 010:ffn-down-projection: 0.000135000 seconds
[token:39, layer:4] 102:layer-compute-total: 0.000487000 seconds
[token:39, layer:5] 002:attention-norm: 0.000000000 seconds
[token:39, layer:5] 003:qkv-projection: 0.000113000 seconds
[token:39, layer:5] 004:apply-rope: 0.000001000 seconds
[token:39, layer:5] 005:compute-attention: 0.000008000 seconds
[token:39, layer:5] 006:attention-output: 0.000035000 seconds
[token:39, layer:5] 007:ffn-norm: 0.000000000 seconds
[token:39, layer:5] 008:ffn-up-projection: 0.000187000 seconds
[token:39, layer:5] 009:ffn-swiglu: 0.000001000 seconds
[token:39, layer:5] 010:ffn-down-projection: 0.000134000 seconds
[token:39, layer:5] 102:layer-compute-total: 0.000479000 seconds
[token:39] 011:final-projection: 0.003969000 seconds
[token:39] 103:forward-compute-total: 0.006975000 seconds
[token:40] 001:embedding-lookup: 0.000000000 seconds
[token:40, layer:0] 002:attention-norm: 0.000001000 seconds
[token:40, layer:0] 003:qkv-projection: 0.000114000 seconds
[token:40, layer:0] 004:apply-rope: 0.000002000 seconds
[token:40, layer:0] 005:compute-attention: 0.000010000 seconds
[token:40, layer:0] 006:attention-output: 0.000035000 seconds
[token:40, layer:0] 007:ffn-norm: 0.000001000 seconds
[token:40, layer:0] 008:ffn-up-projection: 0.000186000 seconds
[token:40, layer:0] 009:ffn-swiglu: 0.000001000 seconds
[token:40, layer:0] 010:ffn-down-projection: 0.000134000 seconds
[token:40, layer:0] 102:layer-compute-total: 0.000484000 seconds
[token:40, layer:1] 002:attention-norm: 0.000000000 seconds
[token:40, layer:1] 003:qkv-projection: 0.000105000 seconds
[token:40, layer:1] 004:apply-rope: 0.000001000 seconds
[token:40, layer:1] 005:compute-attention: 0.000009000 seconds
[token:40, layer:1] 006:attention-output: 0.000035000 seconds
[token:40, layer:1] 007:ffn-norm: 0.000000000 seconds
[token:40, layer:1] 008:ffn-up-projection: 0.000187000 seconds
[token:40, layer:1] 009:ffn-swiglu: 0.000001000 seconds
[token:40, layer:1] 010:ffn-down-projection: 0.000134000 seconds
[token:40, layer:1] 102:layer-compute-total: 0.000472000 seconds
[token:40, layer:2] 002:attention-norm: 0.000000000 seconds
[token:40, layer:2] 003:qkv-projection: 0.000105000 seconds
[token:40, layer:2] 004:apply-rope: 0.000001000 seconds
[token:40, layer:2] 005:compute-attention: 0.000009000 seconds
[token:40, layer:2] 006:attention-output: 0.000038000 seconds
[token:40, layer:2] 007:ffn-norm: 0.000001000 seconds
[token:40, layer:2] 008:ffn-up-projection: 0.000198000 seconds
[token:40, layer:2] 009:ffn-swiglu: 0.000002000 seconds
[token:40, layer:2] 010:ffn-down-projection: 0.000136000 seconds
[token:40, layer:2] 102:layer-compute-total: 0.000490000 seconds
[token:40, layer:3] 002:attention-norm: 0.000000000 seconds
[token:40, layer:3] 003:qkv-projection: 0.000106000 seconds
[token:40, layer:3] 004:apply-rope: 0.000001000 seconds
[token:40, layer:3] 005:compute-attention: 0.000008000 seconds
[token:40, layer:3] 006:attention-output: 0.000035000 seconds
[token:40, layer:3] 007:ffn-norm: 0.000000000 seconds
[token:40, layer:3] 008:ffn-up-projection: 0.000187000 seconds
[token:40, layer:3] 009:ffn-swiglu: 0.000001000 seconds
[token:40, layer:3] 010:ffn-down-projection: 0.000134000 seconds
[token:40, layer:3] 102:layer-compute-total: 0.000472000 seconds
[token:40, layer:4] 002:attention-norm: 0.000000000 seconds
[token:40, layer:4] 003:qkv-projection: 0.000105000 seconds
[token:40, layer:4] 004:apply-rope: 0.000001000 seconds
[token:40, layer:4] 005:compute-attention: 0.000007000 seconds
[token:40, layer:4] 006:attention-output: 0.000035000 seconds
[token:40, layer:4] 007:ffn-norm: 0.000000000 seconds
[token:40, layer:4] 008:ffn-up-projection: 0.000186000 seconds
[token:40, layer:4] 009:ffn-swiglu: 0.000001000 seconds
[token:40, layer:4] 010:ffn-down-projection: 0.000139000 seconds
[token:40, layer:4] 102:layer-compute-total: 0.000474000 seconds
[token:40, layer:5] 002:attention-norm: 0.000000000 seconds
[token:40, layer:5] 003:qkv-projection: 0.000105000 seconds
[token:40, layer:5] 004:apply-rope: 0.000001000 seconds
[token:40, layer:5] 005:compute-attention: 0.000007000 seconds
[token:40, layer:5] 006:attention-output: 0.000035000 seconds
[token:40, layer:5] 007:ffn-norm: 0.000001000 seconds
[token:40, layer:5] 008:ffn-up-projection: 0.000195000 seconds
[token:40, layer:5] 009:ffn-swiglu: 0.000001000 seconds
[token:40, layer:5] 010:ffn-down-projection: 0.000134000 seconds
[token:40, layer:5] 102:layer-compute-total: 0.000479000 seconds
[token:40] 011:final-projection: 0.003908000 seconds
[token:40] 103:forward-compute-total: 0.006779000 seconds
[token:41] 001:embedding-lookup: 0.000001000 seconds
[token:41, layer:0] 002:attention-norm: 0.000000000 seconds
[token:41, layer:0] 003:qkv-projection: 0.000112000 seconds
[token:41, layer:0] 004:apply-rope: 0.000002000 seconds
[token:41, layer:0] 005:compute-attention: 0.000006000 seconds
[token:41, layer:0] 006:attention-output: 0.000035000 seconds
[token:41, layer:0] 007:ffn-norm: 0.000001000 seconds
[token:41, layer:0] 008:ffn-up-projection: 0.000187000 seconds
[token:41, layer:0] 009:ffn-swiglu: 0.000001000 seconds
[token:41, layer:0] 010:ffn-down-projection: 0.000134000 seconds
[token:41, layer:0] 102:layer-compute-total: 0.000478000 seconds
[token:41, layer:1] 002:attention-norm: 0.000000000 seconds
[token:41, layer:1] 003:qkv-projection: 0.000105000 seconds
[token:41, layer:1] 004:apply-rope: 0.000001000 seconds
[token:41, layer:1] 005:compute-attention: 0.000006000 seconds
[token:41, layer:1] 006:attention-output: 0.000035000 seconds
[token:41, layer:1] 007:ffn-norm: 0.000001000 seconds
[token:41, layer:1] 008:ffn-up-projection: 0.000187000 seconds
[token:41, layer:1] 009:ffn-swiglu: 0.000001000 seconds
[token:41, layer:1] 010:ffn-down-projection: 0.000147000 seconds
[token:41, layer:1] 102:layer-compute-total: 0.000483000 seconds
[token:41, layer:2] 002:attention-norm: 0.000000000 seconds
[token:41, layer:2] 003:qkv-projection: 0.000111000 seconds
[token:41, layer:2] 004:apply-rope: 0.000001000 seconds
[token:41, layer:2] 005:compute-attention: 0.000007000 seconds
[token:41, layer:2] 006:attention-output: 0.000036000 seconds
[token:41, layer:2] 007:ffn-norm: 0.000000000 seconds
[token:41, layer:2] 008:ffn-up-projection: 0.000193000 seconds
[token:41, layer:2] 009:ffn-swiglu: 0.000001000 seconds
[token:41, layer:2] 010:ffn-down-projection: 0.000137000 seconds
[token:41, layer:2] 102:layer-compute-total: 0.000486000 seconds
[token:41, layer:3] 002:attention-norm: 0.000000000 seconds
[token:41, layer:3] 003:qkv-projection: 0.000109000 seconds
[token:41, layer:3] 004:apply-rope: 0.000001000 seconds
[token:41, layer:3] 005:compute-attention: 0.000006000 seconds
[token:41, layer:3] 006:attention-output: 0.000036000 seconds
[token:41, layer:3] 007:ffn-norm: 0.000000000 seconds
[token:41, layer:3] 008:ffn-up-projection: 0.000190000 seconds
[token:41, layer:3] 009:ffn-swiglu: 0.000001000 seconds
[token:41, layer:3] 010:ffn-down-projection: 0.000136000 seconds
[token:41, layer:3] 102:layer-compute-total: 0.000479000 seconds
[token:41, layer:4] 002:attention-norm: 0.000000000 seconds
[token:41, layer:4] 003:qkv-projection: 0.000107000 seconds
[token:41, layer:4] 004:apply-rope: 0.000001000 seconds
[token:41, layer:4] 005:compute-attention: 0.000006000 seconds
[token:41, layer:4] 006:attention-output: 0.000035000 seconds
[token:41, layer:4] 007:ffn-norm: 0.000000000 seconds
[token:41, layer:4] 008:ffn-up-projection: 0.000189000 seconds
[token:41, layer:4] 009:ffn-swiglu: 0.000001000 seconds
[token:41, layer:4] 010:ffn-down-projection: 0.000137000 seconds
[token:41, layer:4] 102:layer-compute-total: 0.000476000 seconds
[token:41, layer:5] 002:attention-norm: 0.000000000 seconds
[token:41, layer:5] 003:qkv-projection: 0.000108000 seconds
[token:41, layer:5] 004:apply-rope: 0.000001000 seconds
[token:41, layer:5] 005:compute-attention: 0.000007000 seconds
[token:41, layer:5] 006:attention-output: 0.000036000 seconds
[token:41, layer:5] 007:ffn-norm: 0.000000000 seconds
[token:41, layer:5] 008:ffn-up-projection: 0.000191000 seconds
[token:41, layer:5] 009:ffn-swiglu: 0.000001000 seconds
[token:41, layer:5] 010:ffn-down-projection: 0.000138000 seconds
[token:41, layer:5] 102:layer-compute-total: 0.000482000 seconds
[token:41] 011:final-projection: 0.004044000 seconds
[token:41] 103:forward-compute-total: 0.006929000 seconds
[token:42] 001:embedding-lookup: 0.000000000 seconds
[token:42, layer:0] 002:attention-norm: 0.000001000 seconds
[token:42, layer:0] 003:qkv-projection: 0.000116000 seconds
[token:42, layer:0] 004:apply-rope: 0.000002000 seconds
[token:42, layer:0] 005:compute-attention: 0.000010000 seconds
[token:42, layer:0] 006:attention-output: 0.000035000 seconds
[token:42, layer:0] 007:ffn-norm: 0.000000000 seconds
[token:42, layer:0] 008:ffn-up-projection: 0.000186000 seconds
[token:42, layer:0] 009:ffn-swiglu: 0.000001000 seconds
[token:42, layer:0] 010:ffn-down-projection: 0.000134000 seconds
[token:42, layer:0] 102:layer-compute-total: 0.000485000 seconds
[token:42, layer:1] 002:attention-norm: 0.000000000 seconds
[token:42, layer:1] 003:qkv-projection: 0.000108000 seconds
[token:42, layer:1] 004:apply-rope: 0.000001000 seconds
[token:42, layer:1] 005:compute-attention: 0.000009000 seconds
[token:42, layer:1] 006:attention-output: 0.000035000 seconds
[token:42, layer:1] 007:ffn-norm: 0.000001000 seconds
[token:42, layer:1] 008:ffn-up-projection: 0.000187000 seconds
[token:42, layer:1] 009:ffn-swiglu: 0.000001000 seconds
[token:42, layer:1] 010:ffn-down-projection: 0.000138000 seconds
[token:42, layer:1] 102:layer-compute-total: 0.000480000 seconds
[token:42, layer:2] 002:attention-norm: 0.000000000 seconds
[token:42, layer:2] 003:qkv-projection: 0.000108000 seconds
[token:42, layer:2] 004:apply-rope: 0.000002000 seconds
[token:42, layer:2] 005:compute-attention: 0.000009000 seconds
[token:42, layer:2] 006:attention-output: 0.000035000 seconds
[token:42, layer:2] 007:ffn-norm: 0.000001000 seconds
[token:42, layer:2] 008:ffn-up-projection: 0.000190000 seconds
[token:42, layer:2] 009:ffn-swiglu: 0.000001000 seconds
[token:42, layer:2] 010:ffn-down-projection: 0.000137000 seconds
[token:42, layer:2] 102:layer-compute-total: 0.000483000 seconds
[token:42, layer:3] 002:attention-norm: 0.000000000 seconds
[token:42, layer:3] 003:qkv-projection: 0.000107000 seconds
[token:42, layer:3] 004:apply-rope: 0.000001000 seconds
[token:42, layer:3] 005:compute-attention: 0.000009000 seconds
[token:42, layer:3] 006:attention-output: 0.000035000 seconds
[token:42, layer:3] 007:ffn-norm: 0.000001000 seconds
[token:42, layer:3] 008:ffn-up-projection: 0.000189000 seconds
[token:42, layer:3] 009:ffn-swiglu: 0.000001000 seconds
[token:42, layer:3] 010:ffn-down-projection: 0.000135000 seconds
[token:42, layer:3] 102:layer-compute-total: 0.000478000 seconds
[token:42, layer:4] 002:attention-norm: 0.000000000 seconds
[token:42, layer:4] 003:qkv-projection: 0.000108000 seconds
[token:42, layer:4] 004:apply-rope: 0.000001000 seconds
[token:42, layer:4] 005:compute-attention: 0.000009000 seconds
[token:42, layer:4] 006:attention-output: 0.000036000 seconds
[token:42, layer:4] 007:ffn-norm: 0.000001000 seconds
[token:42, layer:4] 008:ffn-up-projection: 0.000186000 seconds
[token:42, layer:4] 009:ffn-swiglu: 0.000001000 seconds
[token:42, layer:4] 010:ffn-down-projection: 0.000138000 seconds
[token:42, layer:4] 102:layer-compute-total: 0.000480000 seconds
[token:42, layer:5] 002:attention-norm: 0.000001000 seconds
[token:42, layer:5] 003:qkv-projection: 0.000107000 seconds
[token:42, layer:5] 004:apply-rope: 0.000001000 seconds
[token:42, layer:5] 005:compute-attention: 0.000009000 seconds
[token:42, layer:5] 006:attention-output: 0.000035000 seconds
[token:42, layer:5] 007:ffn-norm: 0.000001000 seconds
[token:42, layer:5] 008:ffn-up-projection: 0.000187000 seconds
[token:42, layer:5] 009:ffn-swiglu: 0.000001000 seconds
[token:42, layer:5] 010:ffn-down-projection: 0.000143000 seconds
[token:42, layer:5] 102:layer-compute-total: 0.000485000 seconds
[token:42] 011:final-projection: 0.003936000 seconds
[token:42] 103:forward-compute-total: 0.006827000 seconds
[token:43] 001:embedding-lookup: 0.000000000 seconds
[token:43, layer:0] 002:attention-norm: 0.000001000 seconds
[token:43, layer:0] 003:qkv-projection: 0.000111000 seconds
[token:43, layer:0] 004:apply-rope: 0.000001000 seconds
[token:43, layer:0] 005:compute-attention: 0.000007000 seconds
[token:43, layer:0] 006:attention-output: 0.000035000 seconds
[token:43, layer:0] 007:ffn-norm: 0.000000000 seconds
[token:43, layer:0] 008:ffn-up-projection: 0.000187000 seconds
[token:43, layer:0] 009:ffn-swiglu: 0.000001000 seconds
[token:43, layer:0] 010:ffn-down-projection: 0.000134000 seconds
[token:43, layer:0] 102:layer-compute-total: 0.000477000 seconds
[token:43, layer:1] 002:attention-norm: 0.000000000 seconds
[token:43, layer:1] 003:qkv-projection: 0.000105000 seconds
[token:43, layer:1] 004:apply-rope: 0.000001000 seconds
[token:43, layer:1] 005:compute-attention: 0.000007000 seconds
[token:43, layer:1] 006:attention-output: 0.000035000 seconds
[token:43, layer:1] 007:ffn-norm: 0.000000000 seconds
[token:43, layer:1] 008:ffn-up-projection: 0.000187000 seconds
[token:43, layer:1] 009:ffn-swiglu: 0.000001000 seconds
[token:43, layer:1] 010:ffn-down-projection: 0.000133000 seconds
[token:43, layer:1] 102:layer-compute-total: 0.000469000 seconds
[token:43, layer:2] 002:attention-norm: 0.000001000 seconds
[token:43, layer:2] 003:qkv-projection: 0.000110000 seconds
[token:43, layer:2] 004:apply-rope: 0.000002000 seconds
[token:43, layer:2] 005:compute-attention: 0.000007000 seconds
[token:43, layer:2] 006:attention-output: 0.000036000 seconds
[token:43, layer:2] 007:ffn-norm: 0.000000000 seconds
[token:43, layer:2] 008:ffn-up-projection: 0.000186000 seconds
[token:43, layer:2] 009:ffn-swiglu: 0.000001000 seconds
[token:43, layer:2] 010:ffn-down-projection: 0.000139000 seconds
[token:43, layer:2] 102:layer-compute-total: 0.000482000 seconds
[token:43, layer:3] 002:attention-norm: 0.000000000 seconds
[token:43, layer:3] 003:qkv-projection: 0.000105000 seconds
[token:43, layer:3] 004:apply-rope: 0.000002000 seconds
[token:43, layer:3] 005:compute-attention: 0.000006000 seconds
[token:43, layer:3] 006:attention-output: 0.000035000 seconds
[token:43, layer:3] 007:ffn-norm: 0.000000000 seconds
[token:43, layer:3] 008:ffn-up-projection: 0.000186000 seconds
[token:43, layer:3] 009:ffn-swiglu: 0.000001000 seconds
[token:43, layer:3] 010:ffn-down-projection: 0.000134000 seconds
[token:43, layer:3] 102:layer-compute-total: 0.000469000 seconds
[token:43, layer:4] 002:attention-norm: 0.000000000 seconds
[token:43, layer:4] 003:qkv-projection: 0.000106000 seconds
[token:43, layer:4] 004:apply-rope: 0.000001000 seconds
[token:43, layer:4] 005:compute-attention: 0.000007000 seconds
[token:43, layer:4] 006:attention-output: 0.000035000 seconds
[token:43, layer:4] 007:ffn-norm: 0.000000000 seconds
[token:43, layer:4] 008:ffn-up-projection: 0.000187000 seconds
[token:43, layer:4] 009:ffn-swiglu: 0.000001000 seconds
[token:43, layer:4] 010:ffn-down-projection: 0.000134000 seconds
[token:43, layer:4] 102:layer-compute-total: 0.000471000 seconds
[token:43, layer:5] 002:attention-norm: 0.000000000 seconds
[token:43, layer:5] 003:qkv-projection: 0.000105000 seconds
[token:43, layer:5] 004:apply-rope: 0.000001000 seconds
[token:43, layer:5] 005:compute-attention: 0.000006000 seconds
[token:43, layer:5] 006:attention-output: 0.000035000 seconds
[token:43, layer:5] 007:ffn-norm: 0.000000000 seconds
[token:43, layer:5] 008:ffn-up-projection: 0.000186000 seconds
[token:43, layer:5] 009:ffn-swiglu: 0.000001000 seconds
[token:43, layer:5] 010:ffn-down-projection: 0.000134000 seconds
[token:43, layer:5] 102:layer-compute-total: 0.000468000 seconds
[token:43] 011:final-projection: 0.004263000 seconds
[token:43] 103:forward-compute-total: 0.007099000 seconds
[token:44] 001:embedding-lookup: 0.000000000 seconds
[token:44, layer:0] 002:attention-norm: 0.000000000 seconds
[token:44, layer:0] 003:qkv-projection: 0.000112000 seconds
[token:44, layer:0] 004:apply-rope: 0.000001000 seconds
[token:44, layer:0] 005:compute-attention: 0.000010000 seconds
[token:44, layer:0] 006:attention-output: 0.000035000 seconds
[token:44, layer:0] 007:ffn-norm: 0.000000000 seconds
[token:44, layer:0] 008:ffn-up-projection: 0.000187000 seconds
[token:44, layer:0] 009:ffn-swiglu: 0.000001000 seconds
[token:44, layer:0] 010:ffn-down-projection: 0.000135000 seconds
[token:44, layer:0] 102:layer-compute-total: 0.000481000 seconds
[token:44, layer:1] 002:attention-norm: 0.000000000 seconds
[token:44, layer:1] 003:qkv-projection: 0.000105000 seconds
[token:44, layer:1] 004:apply-rope: 0.000001000 seconds
[token:44, layer:1] 005:compute-attention: 0.000011000 seconds
[token:44, layer:1] 006:attention-output: 0.000035000 seconds
[token:44, layer:1] 007:ffn-norm: 0.000001000 seconds
[token:44, layer:1] 008:ffn-up-projection: 0.000188000 seconds
[token:44, layer:1] 009:ffn-swiglu: 0.000001000 seconds
[token:44, layer:1] 010:ffn-down-projection: 0.000134000 seconds
[token:44, layer:1] 102:layer-compute-total: 0.000476000 seconds
[token:44, layer:2] 002:attention-norm: 0.000000000 seconds
[token:44, layer:2] 003:qkv-projection: 0.000106000 seconds
[token:44, layer:2] 004:apply-rope: 0.000001000 seconds
[token:44, layer:2] 005:compute-attention: 0.000010000 seconds
[token:44, layer:2] 006:attention-output: 0.000035000 seconds
[token:44, layer:2] 007:ffn-norm: 0.000001000 seconds
[token:44, layer:2] 008:ffn-up-projection: 0.000190000 seconds
[token:44, layer:2] 009:ffn-swiglu: 0.000001000 seconds
[token:44, layer:2] 010:ffn-down-projection: 0.000134000 seconds
[token:44, layer:2] 102:layer-compute-total: 0.000478000 seconds
[token:44, layer:3] 002:attention-norm: 0.000000000 seconds
[token:44, layer:3] 003:qkv-projection: 0.000105000 seconds
[token:44, layer:3] 004:apply-rope: 0.000001000 seconds
[token:44, layer:3] 005:compute-attention: 0.000010000 seconds
[token:44, layer:3] 006:attention-output: 0.000035000 seconds
[token:44, layer:3] 007:ffn-norm: 0.000000000 seconds
[token:44, layer:3] 008:ffn-up-projection: 0.000192000 seconds
[token:44, layer:3] 009:ffn-swiglu: 0.000001000 seconds
[token:44, layer:3] 010:ffn-down-projection: 0.000137000 seconds
[token:44, layer:3] 102:layer-compute-total: 0.000481000 seconds
[token:44, layer:4] 002:attention-norm: 0.000000000 seconds
[token:44, layer:4] 003:qkv-projection: 0.000106000 seconds
[token:44, layer:4] 004:apply-rope: 0.000001000 seconds
[token:44, layer:4] 005:compute-attention: 0.000010000 seconds
[token:44, layer:4] 006:attention-output: 0.000035000 seconds
[token:44, layer:4] 007:ffn-norm: 0.000000000 seconds
[token:44, layer:4] 008:ffn-up-projection: 0.000186000 seconds
[token:44, layer:4] 009:ffn-swiglu: 0.000001000 seconds
[token:44, layer:4] 010:ffn-down-projection: 0.000134000 seconds
[token:44, layer:4] 102:layer-compute-total: 0.000473000 seconds
[token:44, layer:5] 002:attention-norm: 0.000000000 seconds
[token:44, layer:5] 003:qkv-projection: 0.000105000 seconds
[token:44, layer:5] 004:apply-rope: 0.000001000 seconds
[token:44, layer:5] 005:compute-attention: 0.000009000 seconds
[token:44, layer:5] 006:attention-output: 0.000035000 seconds
[token:44, layer:5] 007:ffn-norm: 0.000000000 seconds
[token:44, layer:5] 008:ffn-up-projection: 0.000187000 seconds
[token:44, layer:5] 009:ffn-swiglu: 0.000002000 seconds
[token:44, layer:5] 010:ffn-down-projection: 0.000134000 seconds
[token:44, layer:5] 102:layer-compute-total: 0.000473000 seconds
[token:44] 011:final-projection: 0.003980000 seconds
[token:44] 103:forward-compute-total: 0.006842000 seconds
[token:45] 001:embedding-lookup: 0.000001000 seconds
[token:45, layer:0] 002:attention-norm: 0.000000000 seconds
[token:45, layer:0] 003:qkv-projection: 0.000112000 seconds
[token:45, layer:0] 004:apply-rope: 0.000001000 seconds
[token:45, layer:0] 005:compute-attention: 0.000007000 seconds
[token:45, layer:0] 006:attention-output: 0.000035000 seconds
[token:45, layer:0] 007:ffn-norm: 0.000001000 seconds
[token:45, layer:0] 008:ffn-up-projection: 0.000187000 seconds
[token:45, layer:0] 009:ffn-swiglu: 0.000001000 seconds
[token:45, layer:0] 010:ffn-down-projection: 0.000137000 seconds
[token:45, layer:0] 102:layer-compute-total: 0.000481000 seconds
[token:45, layer:1] 002:attention-norm: 0.000000000 seconds
[token:45, layer:1] 003:qkv-projection: 0.000105000 seconds
[token:45, layer:1] 004:apply-rope: 0.000002000 seconds
[token:45, layer:1] 005:compute-attention: 0.000008000 seconds
[token:45, layer:1] 006:attention-output: 0.000035000 seconds
[token:45, layer:1] 007:ffn-norm: 0.000000000 seconds
[token:45, layer:1] 008:ffn-up-projection: 0.000187000 seconds
[token:45, layer:1] 009:ffn-swiglu: 0.000001000 seconds
[token:45, layer:1] 010:ffn-down-projection: 0.000134000 seconds
[token:45, layer:1] 102:layer-compute-total: 0.000472000 seconds
[token:45, layer:2] 002:attention-norm: 0.000000000 seconds
[token:45, layer:2] 003:qkv-projection: 0.000108000 seconds
[token:45, layer:2] 004:apply-rope: 0.000001000 seconds
[token:45, layer:2] 005:compute-attention: 0.000008000 seconds
[token:45, layer:2] 006:attention-output: 0.000035000 seconds
[token:45, layer:2] 007:ffn-norm: 0.000000000 seconds
[token:45, layer:2] 008:ffn-up-projection: 0.000198000 seconds
[token:45, layer:2] 009:ffn-swiglu: 0.000001000 seconds
[token:45, layer:2] 010:ffn-down-projection: 0.000143000 seconds
[token:45, layer:2] 102:layer-compute-total: 0.000494000 seconds
[token:45, layer:3] 002:attention-norm: 0.000001000 seconds
[token:45, layer:3] 003:qkv-projection: 0.000107000 seconds
[token:45, layer:3] 004:apply-rope: 0.000001000 seconds
[token:45, layer:3] 005:compute-attention: 0.000008000 seconds
[token:45, layer:3] 006:attention-output: 0.000035000 seconds
[token:45, layer:3] 007:ffn-norm: 0.000000000 seconds
[token:45, layer:3] 008:ffn-up-projection: 0.000195000 seconds
[token:45, layer:3] 009:ffn-swiglu: 0.000001000 seconds
[token:45, layer:3] 010:ffn-down-projection: 0.000134000 seconds
[token:45, layer:3] 102:layer-compute-total: 0.000482000 seconds
[token:45, layer:4] 002:attention-norm: 0.000001000 seconds
[token:45, layer:4] 003:qkv-projection: 0.000105000 seconds
[token:45, layer:4] 004:apply-rope: 0.000001000 seconds
[token:45, layer:4] 005:compute-attention: 0.000007000 seconds
[token:45, layer:4] 006:attention-output: 0.000035000 seconds
[token:45, layer:4] 007:ffn-norm: 0.000001000 seconds
[token:45, layer:4] 008:ffn-up-projection: 0.000193000 seconds
[token:45, layer:4] 009:ffn-swiglu: 0.000001000 seconds
[token:45, layer:4] 010:ffn-down-projection: 0.000134000 seconds
[token:45, layer:4] 102:layer-compute-total: 0.000478000 seconds
[token:45, layer:5] 002:attention-norm: 0.000000000 seconds
[token:45, layer:5] 003:qkv-projection: 0.000105000 seconds
[token:45, layer:5] 004:apply-rope: 0.000001000 seconds
[token:45, layer:5] 005:compute-attention: 0.000008000 seconds
[token:45, layer:5] 006:attention-output: 0.000035000 seconds
[token:45, layer:5] 007:ffn-norm: 0.000001000 seconds
[token:45, layer:5] 008:ffn-up-projection: 0.000186000 seconds
[token:45, layer:5] 009:ffn-swiglu: 0.000001000 seconds
[token:45, layer:5] 010:ffn-down-projection: 0.000134000 seconds
[token:45, layer:5] 102:layer-compute-total: 0.000471000 seconds
[token:45] 011:final-projection: 0.003998000 seconds
[token:45] 103:forward-compute-total: 0.006877000 seconds
[token:46] 001:embedding-lookup: 0.000000000 seconds
[token:46, layer:0] 002:attention-norm: 0.000000000 seconds
[token:46, layer:0] 003:qkv-projection: 0.000147000 seconds
[token:46, layer:0] 004:apply-rope: 0.000002000 seconds
[token:46, layer:0] 005:compute-attention: 0.000008000 seconds
[token:46, layer:0] 006:attention-output: 0.000105000 seconds
[token:46, layer:0] 007:ffn-norm: 0.000000000 seconds
[token:46, layer:0] 008:ffn-up-projection: 0.000223000 seconds
[token:46, layer:0] 009:ffn-swiglu: 0.000001000 seconds
[token:46, layer:0] 010:ffn-down-projection: 0.000139000 seconds
[token:46, layer:0] 102:layer-compute-total: 0.000625000 seconds
[token:46, layer:1] 002:attention-norm: 0.000001000 seconds
[token:46, layer:1] 003:qkv-projection: 0.000111000 seconds
[token:46, layer:1] 004:apply-rope: 0.000001000 seconds
[token:46, layer:1] 005:compute-attention: 0.000009000 seconds
[token:46, layer:1] 006:attention-output: 0.000035000 seconds
[token:46, layer:1] 007:ffn-norm: 0.000001000 seconds
[token:46, layer:1] 008:ffn-up-projection: 0.000196000 seconds
[token:46, layer:1] 009:ffn-swiglu: 0.000001000 seconds
[token:46, layer:1] 010:ffn-down-projection: 0.000134000 seconds
[token:46, layer:1] 102:layer-compute-total: 0.000489000 seconds
[token:46, layer:2] 002:attention-norm: 0.000000000 seconds
[token:46, layer:2] 003:qkv-projection: 0.000110000 seconds
[token:46, layer:2] 004:apply-rope: 0.000001000 seconds
[token:46, layer:2] 005:compute-attention: 0.000010000 seconds
[token:46, layer:2] 006:attention-output: 0.000038000 seconds
[token:46, layer:2] 007:ffn-norm: 0.000000000 seconds
[token:46, layer:2] 008:ffn-up-projection: 0.000186000 seconds
[token:46, layer:2] 009:ffn-swiglu: 0.000001000 seconds
[token:46, layer:2] 010:ffn-down-projection: 0.000134000 seconds
[token:46, layer:2] 102:layer-compute-total: 0.000480000 seconds
[token:46, layer:3] 002:attention-norm: 0.000000000 seconds
[token:46, layer:3] 003:qkv-projection: 0.000105000 seconds
[token:46, layer:3] 004:apply-rope: 0.000002000 seconds
[token:46, layer:3] 005:compute-attention: 0.000010000 seconds
[token:46, layer:3] 006:attention-output: 0.000035000 seconds
[token:46, layer:3] 007:ffn-norm: 0.000001000 seconds
[token:46, layer:3] 008:ffn-up-projection: 0.000187000 seconds
[token:46, layer:3] 009:ffn-swiglu: 0.000001000 seconds
[token:46, layer:3] 010:ffn-down-projection: 0.000134000 seconds
[token:46, layer:3] 102:layer-compute-total: 0.000475000 seconds
[token:46, layer:4] 002:attention-norm: 0.000000000 seconds
[token:46, layer:4] 003:qkv-projection: 0.000106000 seconds
[token:46, layer:4] 004:apply-rope: 0.000002000 seconds
[token:46, layer:4] 005:compute-attention: 0.000010000 seconds
[token:46, layer:4] 006:attention-output: 0.000038000 seconds
[token:46, layer:4] 007:ffn-norm: 0.000001000 seconds
[token:46, layer:4] 008:ffn-up-projection: 0.000187000 seconds
[token:46, layer:4] 009:ffn-swiglu: 0.000001000 seconds
[token:46, layer:4] 010:ffn-down-projection: 0.000135000 seconds
[token:46, layer:4] 102:layer-compute-total: 0.000480000 seconds
[token:46, layer:5] 002:attention-norm: 0.000000000 seconds
[token:46, layer:5] 003:qkv-projection: 0.000105000 seconds
[token:46, layer:5] 004:apply-rope: 0.000001000 seconds
[token:46, layer:5] 005:compute-attention: 0.000010000 seconds
[token:46, layer:5] 006:attention-output: 0.000035000 seconds
[token:46, layer:5] 007:ffn-norm: 0.000000000 seconds
[token:46, layer:5] 008:ffn-up-projection: 0.000187000 seconds
[token:46, layer:5] 009:ffn-swiglu: 0.000001000 seconds
[token:46, layer:5] 010:ffn-down-projection: 0.000140000 seconds
[token:46, layer:5] 102:layer-compute-total: 0.000479000 seconds
[token:46] 011:final-projection: 0.003992000 seconds
[token:46] 103:forward-compute-total: 0.007020000 seconds
[token:47] 001:embedding-lookup: 0.000000000 seconds
[token:47, layer:0] 002:attention-norm: 0.000000000 seconds
[token:47, layer:0] 003:qkv-projection: 0.000113000 seconds
[token:47, layer:0] 004:apply-rope: 0.000001000 seconds
[token:47, layer:0] 005:compute-attention: 0.000010000 seconds
[token:47, layer:0] 006:attention-output: 0.000035000 seconds
[token:47, layer:0] 007:ffn-norm: 0.000000000 seconds
[token:47, layer:0] 008:ffn-up-projection: 0.000186000 seconds
[token:47, layer:0] 009:ffn-swiglu: 0.000001000 seconds
[token:47, layer:0] 010:ffn-down-projection: 0.000134000 seconds
[token:47, layer:0] 102:layer-compute-total: 0.000480000 seconds
[token:47, layer:1] 002:attention-norm: 0.000000000 seconds
[token:47, layer:1] 003:qkv-projection: 0.000105000 seconds
[token:47, layer:1] 004:apply-rope: 0.000002000 seconds
[token:47, layer:1] 005:compute-attention: 0.000008000 seconds
[token:47, layer:1] 006:attention-output: 0.000035000 seconds
[token:47, layer:1] 007:ffn-norm: 0.000000000 seconds
[token:47, layer:1] 008:ffn-up-projection: 0.000187000 seconds
[token:47, layer:1] 009:ffn-swiglu: 0.000001000 seconds
[token:47, layer:1] 010:ffn-down-projection: 0.000137000 seconds
[token:47, layer:1] 102:layer-compute-total: 0.000475000 seconds
[token:47, layer:2] 002:attention-norm: 0.000000000 seconds
[token:47, layer:2] 003:qkv-projection: 0.000108000 seconds
[token:47, layer:2] 004:apply-rope: 0.000001000 seconds
[token:47, layer:2] 005:compute-attention: 0.000007000 seconds
[token:47, layer:2] 006:attention-output: 0.000036000 seconds
[token:47, layer:2] 007:ffn-norm: 0.000000000 seconds
[token:47, layer:2] 008:ffn-up-projection: 0.000186000 seconds
[token:47, layer:2] 009:ffn-swiglu: 0.000001000 seconds
[token:47, layer:2] 010:ffn-down-projection: 0.000133000 seconds
[token:47, layer:2] 102:layer-compute-total: 0.000472000 seconds
[token:47, layer:3] 002:attention-norm: 0.000000000 seconds
[token:47, layer:3] 003:qkv-projection: 0.000104000 seconds
[token:47, layer:3] 004:apply-rope: 0.000001000 seconds
[token:47, layer:3] 005:compute-attention: 0.000007000 seconds
[token:47, layer:3] 006:attention-output: 0.000035000 seconds
[token:47, layer:3] 007:ffn-norm: 0.000001000 seconds
[token:47, layer:3] 008:ffn-up-projection: 0.000187000 seconds
[token:47, layer:3] 009:ffn-swiglu: 0.000001000 seconds
[token:47, layer:3] 010:ffn-down-projection: 0.000133000 seconds
[token:47, layer:3] 102:layer-compute-total: 0.000469000 seconds
[token:47, layer:4] 002:attention-norm: 0.000001000 seconds
[token:47, layer:4] 003:qkv-projection: 0.000105000 seconds
[token:47, layer:4] 004:apply-rope: 0.000001000 seconds
[token:47, layer:4] 005:compute-attention: 0.000007000 seconds
[token:47, layer:4] 006:attention-output: 0.000035000 seconds
[token:47, layer:4] 007:ffn-norm: 0.000001000 seconds
[token:47, layer:4] 008:ffn-up-projection: 0.000186000 seconds
[token:47, layer:4] 009:ffn-swiglu: 0.000001000 seconds
[token:47, layer:4] 010:ffn-down-projection: 0.000134000 seconds
[token:47, layer:4] 102:layer-compute-total: 0.000471000 seconds
[token:47, layer:5] 002:attention-norm: 0.000001000 seconds
[token:47, layer:5] 003:qkv-projection: 0.000109000 seconds
[token:47, layer:5] 004:apply-rope: 0.000001000 seconds
[token:47, layer:5] 005:compute-attention: 0.000007000 seconds
[token:47, layer:5] 006:attention-output: 0.000035000 seconds
[token:47, layer:5] 007:ffn-norm: 0.000000000 seconds
[token:47, layer:5] 008:ffn-up-projection: 0.000187000 seconds
[token:47, layer:5] 009:ffn-swiglu: 0.000001000 seconds
[token:47, layer:5] 010:ffn-down-projection: 0.000136000 seconds
[token:47, layer:5] 102:layer-compute-total: 0.000477000 seconds
[token:47] 011:final-projection: 0.003925000 seconds
[token:47] 103:forward-compute-total: 0.006769000 seconds
[token:48] 001:embedding-lookup: 0.000001000 seconds
[token:48, layer:0] 002:attention-norm: 0.000000000 seconds
[token:48, layer:0] 003:qkv-projection: 0.000131000 seconds
[token:48, layer:0] 004:apply-rope: 0.000002000 seconds
[token:48, layer:0] 005:compute-attention: 0.000008000 seconds
[token:48, layer:0] 006:attention-output: 0.000036000 seconds
[token:48, layer:0] 007:ffn-norm: 0.000000000 seconds
[token:48, layer:0] 008:ffn-up-projection: 0.000193000 seconds
[token:48, layer:0] 009:ffn-swiglu: 0.000001000 seconds
[token:48, layer:0] 010:ffn-down-projection: 0.000136000 seconds
[token:48, layer:0] 102:layer-compute-total: 0.000507000 seconds
[token:48, layer:1] 002:attention-norm: 0.000000000 seconds
[token:48, layer:1] 003:qkv-projection: 0.000107000 seconds
[token:48, layer:1] 004:apply-rope: 0.000001000 seconds
[token:48, layer:1] 005:compute-attention: 0.000007000 seconds
[token:48, layer:1] 006:attention-output: 0.000036000 seconds
[token:48, layer:1] 007:ffn-norm: 0.000000000 seconds
[token:48, layer:1] 008:ffn-up-projection: 0.000203000 seconds
[token:48, layer:1] 009:ffn-swiglu: 0.000002000 seconds
[token:48, layer:1] 010:ffn-down-projection: 0.000136000 seconds
[token:48, layer:1] 102:layer-compute-total: 0.000492000 seconds
[token:48, layer:2] 002:attention-norm: 0.000000000 seconds
[token:48, layer:2] 003:qkv-projection: 0.000108000 seconds
[token:48, layer:2] 004:apply-rope: 0.000001000 seconds
[token:48, layer:2] 005:compute-attention: 0.000008000 seconds
[token:48, layer:2] 006:attention-output: 0.000035000 seconds
[token:48, layer:2] 007:ffn-norm: 0.000001000 seconds
[token:48, layer:2] 008:ffn-up-projection: 0.000189000 seconds
[token:48, layer:2] 009:ffn-swiglu: 0.000001000 seconds
[token:48, layer:2] 010:ffn-down-projection: 0.000136000 seconds
[token:48, layer:2] 102:layer-compute-total: 0.000479000 seconds
[token:48, layer:3] 002:attention-norm: 0.000001000 seconds
[token:48, layer:3] 003:qkv-projection: 0.000107000 seconds
[token:48, layer:3] 004:apply-rope: 0.000001000 seconds
[token:48, layer:3] 005:compute-attention: 0.000008000 seconds
[token:48, layer:3] 006:attention-output: 0.000036000 seconds
[token:48, layer:3] 007:ffn-norm: 0.000000000 seconds
[token:48, layer:3] 008:ffn-up-projection: 0.000189000 seconds
[token:48, layer:3] 009:ffn-swiglu: 0.000001000 seconds
[token:48, layer:3] 010:ffn-down-projection: 0.000136000 seconds
[token:48, layer:3] 102:layer-compute-total: 0.000479000 seconds
[token:48, layer:4] 002:attention-norm: 0.000001000 seconds
[token:48, layer:4] 003:qkv-projection: 0.000109000 seconds
[token:48, layer:4] 004:apply-rope: 0.000002000 seconds
[token:48, layer:4] 005:compute-attention: 0.000008000 seconds
[token:48, layer:4] 006:attention-output: 0.000036000 seconds
[token:48, layer:4] 007:ffn-norm: 0.000000000 seconds
[token:48, layer:4] 008:ffn-up-projection: 0.000189000 seconds
[token:48, layer:4] 009:ffn-swiglu: 0.000001000 seconds
[token:48, layer:4] 010:ffn-down-projection: 0.000153000 seconds
[token:48, layer:4] 102:layer-compute-total: 0.000499000 seconds
[token:48, layer:5] 002:attention-norm: 0.000000000 seconds
[token:48, layer:5] 003:qkv-projection: 0.000118000 seconds
[token:48, layer:5] 004:apply-rope: 0.000002000 seconds
[token:48, layer:5] 005:compute-attention: 0.000010000 seconds
[token:48, layer:5] 006:attention-output: 0.000052000 seconds
[token:48, layer:5] 007:ffn-norm: 0.000001000 seconds
[token:48, layer:5] 008:ffn-up-projection: 0.000227000 seconds
[token:48, layer:5] 009:ffn-swiglu: 0.000001000 seconds
[token:48, layer:5] 010:ffn-down-projection: 0.000140000 seconds
[token:48, layer:5] 102:layer-compute-total: 0.000551000 seconds
[token:48] 011:final-projection: 0.003995000 seconds
[token:48] 103:forward-compute-total: 0.007003000 seconds
[token:49] 001:embedding-lookup: 0.000000000 seconds
[token:49, layer:0] 002:attention-norm: 0.000001000 seconds
[token:49, layer:0] 003:qkv-projection: 0.000113000 seconds
[token:49, layer:0] 004:apply-rope: 0.000002000 seconds
[token:49, layer:0] 005:compute-attention: 0.000012000 seconds
[token:49, layer:0] 006:attention-output: 0.000035000 seconds
[token:49, layer:0] 007:ffn-norm: 0.000000000 seconds
[token:49, layer:0] 008:ffn-up-projection: 0.000186000 seconds
[token:49, layer:0] 009:ffn-swiglu: 0.000001000 seconds
[token:49, layer:0] 010:ffn-down-projection: 0.000134000 seconds
[token:49, layer:0] 102:layer-compute-total: 0.000484000 seconds
[token:49, layer:1] 002:attention-norm: 0.000001000 seconds
[token:49, layer:1] 003:qkv-projection: 0.000105000 seconds
[token:49, layer:1] 004:apply-rope: 0.000001000 seconds
[token:49, layer:1] 005:compute-attention: 0.000010000 seconds
[token:49, layer:1] 006:attention-output: 0.000035000 seconds
[token:49, layer:1] 007:ffn-norm: 0.000000000 seconds
[token:49, layer:1] 008:ffn-up-projection: 0.000187000 seconds
[token:49, layer:1] 009:ffn-swiglu: 0.000001000 seconds
[token:49, layer:1] 010:ffn-down-projection: 0.000133000 seconds
[token:49, layer:1] 102:layer-compute-total: 0.000473000 seconds
[token:49, layer:2] 002:attention-norm: 0.000000000 seconds
[token:49, layer:2] 003:qkv-projection: 0.000111000 seconds
[token:49, layer:2] 004:apply-rope: 0.000001000 seconds
[token:49, layer:2] 005:compute-attention: 0.000011000 seconds
[token:49, layer:2] 006:attention-output: 0.000035000 seconds
[token:49, layer:2] 007:ffn-norm: 0.000000000 seconds
[token:49, layer:2] 008:ffn-up-projection: 0.000186000 seconds
[token:49, layer:2] 009:ffn-swiglu: 0.000001000 seconds
[token:49, layer:2] 010:ffn-down-projection: 0.000134000 seconds
[token:49, layer:2] 102:layer-compute-total: 0.000479000 seconds
[token:49, layer:3] 002:attention-norm: 0.000000000 seconds
[token:49, layer:3] 003:qkv-projection: 0.000105000 seconds
[token:49, layer:3] 004:apply-rope: 0.000001000 seconds
[token:49, layer:3] 005:compute-attention: 0.000010000 seconds
[token:49, layer:3] 006:attention-output: 0.000035000 seconds
[token:49, layer:3] 007:ffn-norm: 0.000000000 seconds
[token:49, layer:3] 008:ffn-up-projection: 0.000187000 seconds
[token:49, layer:3] 009:ffn-swiglu: 0.000001000 seconds
[token:49, layer:3] 010:ffn-down-projection: 0.000139000 seconds
[token:49, layer:3] 102:layer-compute-total: 0.000478000 seconds
[token:49, layer:4] 002:attention-norm: 0.000000000 seconds
[token:49, layer:4] 003:qkv-projection: 0.000108000 seconds
[token:49, layer:4] 004:apply-rope: 0.000002000 seconds
[token:49, layer:4] 005:compute-attention: 0.000010000 seconds
[token:49, layer:4] 006:attention-output: 0.000035000 seconds
[token:49, layer:4] 007:ffn-norm: 0.000001000 seconds
[token:49, layer:4] 008:ffn-up-projection: 0.000190000 seconds
[token:49, layer:4] 009:ffn-swiglu: 0.000001000 seconds
[token:49, layer:4] 010:ffn-down-projection: 0.000135000 seconds
[token:49, layer:4] 102:layer-compute-total: 0.000482000 seconds
[token:49, layer:5] 002:attention-norm: 0.000001000 seconds
[token:49, layer:5] 003:qkv-projection: 0.000105000 seconds
[token:49, layer:5] 004:apply-rope: 0.000001000 seconds
[token:49, layer:5] 005:compute-attention: 0.000010000 seconds
[token:49, layer:5] 006:attention-output: 0.000035000 seconds
[token:49, layer:5] 007:ffn-norm: 0.000000000 seconds
[token:49, layer:5] 008:ffn-up-projection: 0.000186000 seconds
[token:49, layer:5] 009:ffn-swiglu: 0.000001000 seconds
[token:49, layer:5] 010:ffn-down-projection: 0.000139000 seconds
[token:49, layer:5] 102:layer-compute-total: 0.000478000 seconds
[token:49] 011:final-projection: 0.003947000 seconds
[token:49] 103:forward-compute-total: 0.006821000 seconds
[token:50] 001:embedding-lookup: 0.000001000 seconds
[token:50, layer:0] 002:attention-norm: 0.000000000 seconds
[token:50, layer:0] 003:qkv-projection: 0.000111000 seconds
[token:50, layer:0] 004:apply-rope: 0.000001000 seconds
[token:50, layer:0] 005:compute-attention: 0.000008000 seconds
[token:50, layer:0] 006:attention-output: 0.000035000 seconds
[token:50, layer:0] 007:ffn-norm: 0.000000000 seconds
[token:50, layer:0] 008:ffn-up-projection: 0.000191000 seconds
[token:50, layer:0] 009:ffn-swiglu: 0.000001000 seconds
[token:50, layer:0] 010:ffn-down-projection: 0.000133000 seconds
[token:50, layer:0] 102:layer-compute-total: 0.000480000 seconds
[token:50, layer:1] 002:attention-norm: 0.000000000 seconds
[token:50, layer:1] 003:qkv-projection: 0.000105000 seconds
[token:50, layer:1] 004:apply-rope: 0.000001000 seconds
[token:50, layer:1] 005:compute-attention: 0.000008000 seconds
[token:50, layer:1] 006:attention-output: 0.000035000 seconds
[token:50, layer:1] 007:ffn-norm: 0.000001000 seconds
[token:50, layer:1] 008:ffn-up-projection: 0.000187000 seconds
[token:50, layer:1] 009:ffn-swiglu: 0.000001000 seconds
[token:50, layer:1] 010:ffn-down-projection: 0.000134000 seconds
[token:50, layer:1] 102:layer-compute-total: 0.000472000 seconds
[token:50, layer:2] 002:attention-norm: 0.000000000 seconds
[token:50, layer:2] 003:qkv-projection: 0.000110000 seconds
[token:50, layer:2] 004:apply-rope: 0.000001000 seconds
[token:50, layer:2] 005:compute-attention: 0.000008000 seconds
[token:50, layer:2] 006:attention-output: 0.000035000 seconds
[token:50, layer:2] 007:ffn-norm: 0.000000000 seconds
[token:50, layer:2] 008:ffn-up-projection: 0.000186000 seconds
[token:50, layer:2] 009:ffn-swiglu: 0.000001000 seconds
[token:50, layer:2] 010:ffn-down-projection: 0.000134000 seconds
[token:50, layer:2] 102:layer-compute-total: 0.000475000 seconds
[token:50, layer:3] 002:attention-norm: 0.000000000 seconds
[token:50, layer:3] 003:qkv-projection: 0.000105000 seconds
[token:50, layer:3] 004:apply-rope: 0.000001000 seconds
[token:50, layer:3] 005:compute-attention: 0.000008000 seconds
[token:50, layer:3] 006:attention-output: 0.000035000 seconds
[token:50, layer:3] 007:ffn-norm: 0.000001000 seconds
[token:50, layer:3] 008:ffn-up-projection: 0.000187000 seconds
[token:50, layer:3] 009:ffn-swiglu: 0.000001000 seconds
[token:50, layer:3] 010:ffn-down-projection: 0.000134000 seconds
[token:50, layer:3] 102:layer-compute-total: 0.000472000 seconds
[token:50, layer:4] 002:attention-norm: 0.000001000 seconds
[token:50, layer:4] 003:qkv-projection: 0.000117000 seconds
[token:50, layer:4] 004:apply-rope: 0.000001000 seconds
[token:50, layer:4] 005:compute-attention: 0.000009000 seconds
[token:50, layer:4] 006:attention-output: 0.000036000 seconds
[token:50, layer:4] 007:ffn-norm: 0.000000000 seconds
[token:50, layer:4] 008:ffn-up-projection: 0.000193000 seconds
[token:50, layer:4] 009:ffn-swiglu: 0.000001000 seconds
[token:50, layer:4] 010:ffn-down-projection: 0.000136000 seconds
[token:50, layer:4] 102:layer-compute-total: 0.000494000 seconds
[token:50, layer:5] 002:attention-norm: 0.000000000 seconds
[token:50, layer:5] 003:qkv-projection: 0.000111000 seconds
[token:50, layer:5] 004:apply-rope: 0.000001000 seconds
[token:50, layer:5] 005:compute-attention: 0.000008000 seconds
[token:50, layer:5] 006:attention-output: 0.000035000 seconds
[token:50, layer:5] 007:ffn-norm: 0.000000000 seconds
[token:50, layer:5] 008:ffn-up-projection: 0.000190000 seconds
[token:50, layer:5] 009:ffn-swiglu: 0.000001000 seconds
[token:50, layer:5] 010:ffn-down-projection: 0.000136000 seconds
[token:50, layer:5] 102:layer-compute-total: 0.000482000 seconds
[token:50] 011:final-projection: 0.004186000 seconds
[token:50] 103:forward-compute-total: 0.007062000 seconds
[token:51] 001:embedding-lookup: 0.000000000 seconds
[token:51, layer:0] 002:attention-norm: 0.000001000 seconds
[token:51, layer:0] 003:qkv-projection: 0.000112000 seconds
[token:51, layer:0] 004:apply-rope: 0.000002000 seconds
[token:51, layer:0] 005:compute-attention: 0.000012000 seconds
[token:51, layer:0] 006:attention-output: 0.000036000 seconds
[token:51, layer:0] 007:ffn-norm: 0.000000000 seconds
[token:51, layer:0] 008:ffn-up-projection: 0.000190000 seconds
[token:51, layer:0] 009:ffn-swiglu: 0.000001000 seconds
[token:51, layer:0] 010:ffn-down-projection: 0.000134000 seconds
[token:51, layer:0] 102:layer-compute-total: 0.000488000 seconds
[token:51, layer:1] 002:attention-norm: 0.000000000 seconds
[token:51, layer:1] 003:qkv-projection: 0.000104000 seconds
[token:51, layer:1] 004:apply-rope: 0.000001000 seconds
[token:51, layer:1] 005:compute-attention: 0.000011000 seconds
[token:51, layer:1] 006:attention-output: 0.000035000 seconds
[token:51, layer:1] 007:ffn-norm: 0.000000000 seconds
[token:51, layer:1] 008:ffn-up-projection: 0.000203000 seconds
[token:51, layer:1] 009:ffn-swiglu: 0.000001000 seconds
[token:51, layer:1] 010:ffn-down-projection: 0.000137000 seconds
[token:51, layer:1] 102:layer-compute-total: 0.000492000 seconds
[token:51, layer:2] 002:attention-norm: 0.000000000 seconds
[token:51, layer:2] 003:qkv-projection: 0.000107000 seconds
[token:51, layer:2] 004:apply-rope: 0.000001000 seconds
[token:51, layer:2] 005:compute-attention: 0.000011000 seconds
[token:51, layer:2] 006:attention-output: 0.000036000 seconds
[token:51, layer:2] 007:ffn-norm: 0.000001000 seconds
[token:51, layer:2] 008:ffn-up-projection: 0.000200000 seconds
[token:51, layer:2] 009:ffn-swiglu: 0.000001000 seconds
[token:51, layer:2] 010:ffn-down-projection: 0.000144000 seconds
[token:51, layer:2] 102:layer-compute-total: 0.000501000 seconds
[token:51, layer:3] 002:attention-norm: 0.000000000 seconds
[token:51, layer:3] 003:qkv-projection: 0.000111000 seconds
[token:51, layer:3] 004:apply-rope: 0.000001000 seconds
[token:51, layer:3] 005:compute-attention: 0.000012000 seconds
[token:51, layer:3] 006:attention-output: 0.000035000 seconds
[token:51, layer:3] 007:ffn-norm: 0.000000000 seconds
[token:51, layer:3] 008:ffn-up-projection: 0.000186000 seconds
[token:51, layer:3] 009:ffn-swiglu: 0.000001000 seconds
[token:51, layer:3] 010:ffn-down-projection: 0.000134000 seconds
[token:51, layer:3] 102:layer-compute-total: 0.000480000 seconds
[token:51, layer:4] 002:attention-norm: 0.000000000 seconds
[token:51, layer:4] 003:qkv-projection: 0.000105000 seconds
[token:51, layer:4] 004:apply-rope: 0.000001000 seconds
[token:51, layer:4] 005:compute-attention: 0.000011000 seconds
[token:51, layer:4] 006:attention-output: 0.000035000 seconds
[token:51, layer:4] 007:ffn-norm: 0.000000000 seconds
[token:51, layer:4] 008:ffn-up-projection: 0.000186000 seconds
[token:51, layer:4] 009:ffn-swiglu: 0.000001000 seconds
[token:51, layer:4] 010:ffn-down-projection: 0.000133000 seconds
[token:51, layer:4] 102:layer-compute-total: 0.000472000 seconds
[token:51, layer:5] 002:attention-norm: 0.000001000 seconds
[token:51, layer:5] 003:qkv-projection: 0.000105000 seconds
[token:51, layer:5] 004:apply-rope: 0.000001000 seconds
[token:51, layer:5] 005:compute-attention: 0.000011000 seconds
[token:51, layer:5] 006:attention-output: 0.000035000 seconds
[token:51, layer:5] 007:ffn-norm: 0.000000000 seconds
[token:51, layer:5] 008:ffn-up-projection: 0.000190000 seconds
[token:51, layer:5] 009:ffn-swiglu: 0.000001000 seconds
[token:51, layer:5] 010:ffn-down-projection: 0.000134000 seconds
[token:51, layer:5] 102:layer-compute-total: 0.000478000 seconds
[token:51] 011:final-projection: 0.003961000 seconds
[token:51] 103:forward-compute-total: 0.006872000 seconds
[token:52] 001:embedding-lookup: 0.000000000 seconds
[token:52, layer:0] 002:attention-norm: 0.000001000 seconds
[token:52, layer:0] 003:qkv-projection: 0.000112000 seconds
[token:52, layer:0] 004:apply-rope: 0.000002000 seconds
[token:52, layer:0] 005:compute-attention: 0.000008000 seconds
[token:52, layer:0] 006:attention-output: 0.000035000 seconds
[token:52, layer:0] 007:ffn-norm: 0.000000000 seconds
[token:52, layer:0] 008:ffn-up-projection: 0.000187000 seconds
[token:52, layer:0] 009:ffn-swiglu: 0.000001000 seconds
[token:52, layer:0] 010:ffn-down-projection: 0.000134000 seconds
[token:52, layer:0] 102:layer-compute-total: 0.000480000 seconds
[token:52, layer:1] 002:attention-norm: 0.000000000 seconds
[token:52, layer:1] 003:qkv-projection: 0.000105000 seconds
[token:52, layer:1] 004:apply-rope: 0.000002000 seconds
[token:52, layer:1] 005:compute-attention: 0.000009000 seconds
[token:52, layer:1] 006:attention-output: 0.000035000 seconds
[token:52, layer:1] 007:ffn-norm: 0.000000000 seconds
[token:52, layer:1] 008:ffn-up-projection: 0.000187000 seconds
[token:52, layer:1] 009:ffn-swiglu: 0.000002000 seconds
[token:52, layer:1] 010:ffn-down-projection: 0.000138000 seconds
[token:52, layer:1] 102:layer-compute-total: 0.000478000 seconds
[token:52, layer:2] 002:attention-norm: 0.000001000 seconds
[token:52, layer:2] 003:qkv-projection: 0.000106000 seconds
[token:52, layer:2] 004:apply-rope: 0.000001000 seconds
[token:52, layer:2] 005:compute-attention: 0.000008000 seconds
[token:52, layer:2] 006:attention-output: 0.000035000 seconds
[token:52, layer:2] 007:ffn-norm: 0.000000000 seconds
[token:52, layer:2] 008:ffn-up-projection: 0.000186000 seconds
[token:52, layer:2] 009:ffn-swiglu: 0.000001000 seconds
[token:52, layer:2] 010:ffn-down-projection: 0.000134000 seconds
[token:52, layer:2] 102:layer-compute-total: 0.000472000 seconds
[token:52, layer:3] 002:attention-norm: 0.000000000 seconds
[token:52, layer:3] 003:qkv-projection: 0.000105000 seconds
[token:52, layer:3] 004:apply-rope: 0.000001000 seconds
[token:52, layer:3] 005:compute-attention: 0.000008000 seconds
[token:52, layer:3] 006:attention-output: 0.000035000 seconds
[token:52, layer:3] 007:ffn-norm: 0.000000000 seconds
[token:52, layer:3] 008:ffn-up-projection: 0.000187000 seconds
[token:52, layer:3] 009:ffn-swiglu: 0.000001000 seconds
[token:52, layer:3] 010:ffn-down-projection: 0.000134000 seconds
[token:52, layer:3] 102:layer-compute-total: 0.000471000 seconds
[token:52, layer:4] 002:attention-norm: 0.000000000 seconds
[token:52, layer:4] 003:qkv-projection: 0.000105000 seconds
[token:52, layer:4] 004:apply-rope: 0.000002000 seconds
[token:52, layer:4] 005:compute-attention: 0.000008000 seconds
[token:52, layer:4] 006:attention-output: 0.000035000 seconds
[token:52, layer:4] 007:ffn-norm: 0.000000000 seconds
[token:52, layer:4] 008:ffn-up-projection: 0.000186000 seconds
[token:52, layer:4] 009:ffn-swiglu: 0.000001000 seconds
[token:52, layer:4] 010:ffn-down-projection: 0.000133000 seconds
[token:52, layer:4] 102:layer-compute-total: 0.000470000 seconds
[token:52, layer:5] 002:attention-norm: 0.000000000 seconds
[token:52, layer:5] 003:qkv-projection: 0.000105000 seconds
[token:52, layer:5] 004:apply-rope: 0.000001000 seconds
[token:52, layer:5] 005:compute-attention: 0.000008000 seconds
[token:52, layer:5] 006:attention-output: 0.000035000 seconds
[token:52, layer:5] 007:ffn-norm: 0.000001000 seconds
[token:52, layer:5] 008:ffn-up-projection: 0.000187000 seconds
[token:52, layer:5] 009:ffn-swiglu: 0.000001000 seconds
[token:52, layer:5] 010:ffn-down-projection: 0.000134000 seconds
[token:52, layer:5] 102:layer-compute-total: 0.000472000 seconds
[token:52] 011:final-projection: 0.004340000 seconds
[token:52] 103:forward-compute-total: 0.007183000 seconds
[token:53] 001:embedding-lookup: 0.000000000 seconds
[token:53, layer:0] 002:attention-norm: 0.000000000 seconds
[token:53, layer:0] 003:qkv-projection: 0.000110000 seconds
[token:53, layer:0] 004:apply-rope: 0.000002000 seconds
[token:53, layer:0] 005:compute-attention: 0.000013000 seconds
[token:53, layer:0] 006:attention-output: 0.000037000 seconds
[token:53, layer:0] 007:ffn-norm: 0.000001000 seconds
[token:53, layer:0] 008:ffn-up-projection: 0.000195000 seconds
[token:53, layer:0] 009:ffn-swiglu: 0.000001000 seconds
[token:53, layer:0] 010:ffn-down-projection: 0.000144000 seconds
[token:53, layer:0] 102:layer-compute-total: 0.000503000 seconds
[token:53, layer:1] 002:attention-norm: 0.000000000 seconds
[token:53, layer:1] 003:qkv-projection: 0.000110000 seconds
[token:53, layer:1] 004:apply-rope: 0.000001000 seconds
[token:53, layer:1] 005:compute-attention: 0.000012000 seconds
[token:53, layer:1] 006:attention-output: 0.000037000 seconds
[token:53, layer:1] 007:ffn-norm: 0.000000000 seconds
[token:53, layer:1] 008:ffn-up-projection: 0.000195000 seconds
[token:53, layer:1] 009:ffn-swiglu: 0.000001000 seconds
[token:53, layer:1] 010:ffn-down-projection: 0.000139000 seconds
[token:53, layer:1] 102:layer-compute-total: 0.000495000 seconds
[token:53, layer:2] 002:attention-norm: 0.000001000 seconds
[token:53, layer:2] 003:qkv-projection: 0.000106000 seconds
[token:53, layer:2] 004:apply-rope: 0.000001000 seconds
[token:53, layer:2] 005:compute-attention: 0.000012000 seconds
[token:53, layer:2] 006:attention-output: 0.000035000 seconds
[token:53, layer:2] 007:ffn-norm: 0.000000000 seconds
[token:53, layer:2] 008:ffn-up-projection: 0.000186000 seconds
[token:53, layer:2] 009:ffn-swiglu: 0.000001000 seconds
[token:53, layer:2] 010:ffn-down-projection: 0.000134000 seconds
[token:53, layer:2] 102:layer-compute-total: 0.000476000 seconds
[token:53, layer:3] 002:attention-norm: 0.000001000 seconds
[token:53, layer:3] 003:qkv-projection: 0.000105000 seconds
[token:53, layer:3] 004:apply-rope: 0.000001000 seconds
[token:53, layer:3] 005:compute-attention: 0.000012000 seconds
[token:53, layer:3] 006:attention-output: 0.000035000 seconds
[token:53, layer:3] 007:ffn-norm: 0.000000000 seconds
[token:53, layer:3] 008:ffn-up-projection: 0.000187000 seconds
[token:53, layer:3] 009:ffn-swiglu: 0.000001000 seconds
[token:53, layer:3] 010:ffn-down-projection: 0.000134000 seconds
[token:53, layer:3] 102:layer-compute-total: 0.000476000 seconds
[token:53, layer:4] 002:attention-norm: 0.000000000 seconds
[token:53, layer:4] 003:qkv-projection: 0.000105000 seconds
[token:53, layer:4] 004:apply-rope: 0.000001000 seconds
[token:53, layer:4] 005:compute-attention: 0.000012000 seconds
[token:53, layer:4] 006:attention-output: 0.000035000 seconds
[token:53, layer:4] 007:ffn-norm: 0.000001000 seconds
[token:53, layer:4] 008:ffn-up-projection: 0.000187000 seconds
[token:53, layer:4] 009:ffn-swiglu: 0.000001000 seconds
[token:53, layer:4] 010:ffn-down-projection: 0.000134000 seconds
[token:53, layer:4] 102:layer-compute-total: 0.000476000 seconds
[token:53, layer:5] 002:attention-norm: 0.000000000 seconds
[token:53, layer:5] 003:qkv-projection: 0.000105000 seconds
[token:53, layer:5] 004:apply-rope: 0.000001000 seconds
[token:53, layer:5] 005:compute-attention: 0.000011000 seconds
[token:53, layer:5] 006:attention-output: 0.000035000 seconds
[token:53, layer:5] 007:ffn-norm: 0.000000000 seconds
[token:53, layer:5] 008:ffn-up-projection: 0.000187000 seconds
[token:53, layer:5] 009:ffn-swiglu: 0.000001000 seconds
[token:53, layer:5] 010:ffn-down-projection: 0.000134000 seconds
[token:53, layer:5] 102:layer-compute-total: 0.000474000 seconds
[token:53] 011:final-projection: 0.003988000 seconds
[token:53] 103:forward-compute-total: 0.006888000 seconds
[token:54] 001:embedding-lookup: 0.000000000 seconds
[token:54, layer:0] 002:attention-norm: 0.000001000 seconds
[token:54, layer:0] 003:qkv-projection: 0.000110000 seconds
[token:54, layer:0] 004:apply-rope: 0.000002000 seconds
[token:54, layer:0] 005:compute-attention: 0.000009000 seconds
[token:54, layer:0] 006:attention-output: 0.000037000 seconds
[token:54, layer:0] 007:ffn-norm: 0.000001000 seconds
[token:54, layer:0] 008:ffn-up-projection: 0.000194000 seconds
[token:54, layer:0] 009:ffn-swiglu: 0.000001000 seconds
[token:54, layer:0] 010:ffn-down-projection: 0.000136000 seconds
[token:54, layer:0] 102:layer-compute-total: 0.000491000 seconds
[token:54, layer:1] 002:attention-norm: 0.000000000 seconds
[token:54, layer:1] 003:qkv-projection: 0.000108000 seconds
[token:54, layer:1] 004:apply-rope: 0.000001000 seconds
[token:54, layer:1] 005:compute-attention: 0.000009000 seconds
[token:54, layer:1] 006:attention-output: 0.000036000 seconds
[token:54, layer:1] 007:ffn-norm: 0.000001000 seconds
[token:54, layer:1] 008:ffn-up-projection: 0.000190000 seconds
[token:54, layer:1] 009:ffn-swiglu: 0.000001000 seconds
[token:54, layer:1] 010:ffn-down-projection: 0.000135000 seconds
[token:54, layer:1] 102:layer-compute-total: 0.000481000 seconds
[token:54, layer:2] 002:attention-norm: 0.000000000 seconds
[token:54, layer:2] 003:qkv-projection: 0.000106000 seconds
[token:54, layer:2] 004:apply-rope: 0.000002000 seconds
[token:54, layer:2] 005:compute-attention: 0.000009000 seconds
[token:54, layer:2] 006:attention-output: 0.000036000 seconds
[token:54, layer:2] 007:ffn-norm: 0.000001000 seconds
[token:54, layer:2] 008:ffn-up-projection: 0.000186000 seconds
[token:54, layer:2] 009:ffn-swiglu: 0.000001000 seconds
[token:54, layer:2] 010:ffn-down-projection: 0.000134000 seconds
[token:54, layer:2] 102:layer-compute-total: 0.000475000 seconds
[token:54, layer:3] 002:attention-norm: 0.000000000 seconds
[token:54, layer:3] 003:qkv-projection: 0.000105000 seconds
[token:54, layer:3] 004:apply-rope: 0.000001000 seconds
[token:54, layer:3] 005:compute-attention: 0.000009000 seconds
[token:54, layer:3] 006:attention-output: 0.000035000 seconds
[token:54, layer:3] 007:ffn-norm: 0.000000000 seconds
[token:54, layer:3] 008:ffn-up-projection: 0.000187000 seconds
[token:54, layer:3] 009:ffn-swiglu: 0.000001000 seconds
[token:54, layer:3] 010:ffn-down-projection: 0.000138000 seconds
[token:54, layer:3] 102:layer-compute-total: 0.000476000 seconds
[token:54, layer:4] 002:attention-norm: 0.000000000 seconds
[token:54, layer:4] 003:qkv-projection: 0.000107000 seconds
[token:54, layer:4] 004:apply-rope: 0.000001000 seconds
[token:54, layer:4] 005:compute-attention: 0.000008000 seconds
[token:54, layer:4] 006:attention-output: 0.000036000 seconds
[token:54, layer:4] 007:ffn-norm: 0.000000000 seconds
[token:54, layer:4] 008:ffn-up-projection: 0.000188000 seconds
[token:54, layer:4] 009:ffn-swiglu: 0.000001000 seconds
[token:54, layer:4] 010:ffn-down-projection: 0.000134000 seconds
[token:54, layer:4] 102:layer-compute-total: 0.000475000 seconds
[token:54, layer:5] 002:attention-norm: 0.000001000 seconds
[token:54, layer:5] 003:qkv-projection: 0.000105000 seconds
[token:54, layer:5] 004:apply-rope: 0.000001000 seconds
[token:54, layer:5] 005:compute-attention: 0.000009000 seconds
[token:54, layer:5] 006:attention-output: 0.000035000 seconds
[token:54, layer:5] 007:ffn-norm: 0.000000000 seconds
[token:54, layer:5] 008:ffn-up-projection: 0.000187000 seconds
[token:54, layer:5] 009:ffn-swiglu: 0.000001000 seconds
[token:54, layer:5] 010:ffn-down-projection: 0.000134000 seconds
[token:54, layer:5] 102:layer-compute-total: 0.000473000 seconds
[token:54] 011:final-projection: 0.004020000 seconds
[token:54] 103:forward-compute-total: 0.006891000 seconds
[token:55] 001:embedding-lookup: 0.000000000 seconds
[token:55, layer:0] 002:attention-norm: 0.000001000 seconds
[token:55, layer:0] 003:qkv-projection: 0.000111000 seconds
[token:55, layer:0] 004:apply-rope: 0.000001000 seconds
[token:55, layer:0] 005:compute-attention: 0.000008000 seconds
[token:55, layer:0] 006:attention-output: 0.000037000 seconds
[token:55, layer:0] 007:ffn-norm: 0.000001000 seconds
[token:55, layer:0] 008:ffn-up-projection: 0.000194000 seconds
[token:55, layer:0] 009:ffn-swiglu: 0.000001000 seconds
[token:55, layer:0] 010:ffn-down-projection: 0.000148000 seconds
[token:55, layer:0] 102:layer-compute-total: 0.000502000 seconds
[token:55, layer:1] 002:attention-norm: 0.000000000 seconds
[token:55, layer:1] 003:qkv-projection: 0.000118000 seconds
[token:55, layer:1] 004:apply-rope: 0.000001000 seconds
[token:55, layer:1] 005:compute-attention: 0.000010000 seconds
[token:55, layer:1] 006:attention-output: 0.000097000 seconds
[token:55, layer:1] 007:ffn-norm: 0.000000000 seconds
[token:55, layer:1] 008:ffn-up-projection: 0.000227000 seconds
[token:55, layer:1] 009:ffn-swiglu: 0.000001000 seconds
[token:55, layer:1] 010:ffn-down-projection: 0.000139000 seconds
[token:55, layer:1] 102:layer-compute-total: 0.000593000 seconds
[token:55, layer:2] 002:attention-norm: 0.000000000 seconds
[token:55, layer:2] 003:qkv-projection: 0.000110000 seconds
[token:55, layer:2] 004:apply-rope: 0.000001000 seconds
[token:55, layer:2] 005:compute-attention: 0.000010000 seconds
[token:55, layer:2] 006:attention-output: 0.000037000 seconds
[token:55, layer:2] 007:ffn-norm: 0.000000000 seconds
[token:55, layer:2] 008:ffn-up-projection: 0.000194000 seconds
[token:55, layer:2] 009:ffn-swiglu: 0.000001000 seconds
[token:55, layer:2] 010:ffn-down-projection: 0.000138000 seconds
[token:55, layer:2] 102:layer-compute-total: 0.000491000 seconds
[token:55, layer:3] 002:attention-norm: 0.000000000 seconds
[token:55, layer:3] 003:qkv-projection: 0.000107000 seconds
[token:55, layer:3] 004:apply-rope: 0.000001000 seconds
[token:55, layer:3] 005:compute-attention: 0.000011000 seconds
[token:55, layer:3] 006:attention-output: 0.000035000 seconds
[token:55, layer:3] 007:ffn-norm: 0.000000000 seconds
[token:55, layer:3] 008:ffn-up-projection: 0.000189000 seconds
[token:55, layer:3] 009:ffn-swiglu: 0.000001000 seconds
[token:55, layer:3] 010:ffn-down-projection: 0.000134000 seconds
[token:55, layer:3] 102:layer-compute-total: 0.000478000 seconds
[token:55, layer:4] 002:attention-norm: 0.000001000 seconds
[token:55, layer:4] 003:qkv-projection: 0.000105000 seconds
[token:55, layer:4] 004:apply-rope: 0.000001000 seconds
[token:55, layer:4] 005:compute-attention: 0.000011000 seconds
[token:55, layer:4] 006:attention-output: 0.000035000 seconds
[token:55, layer:4] 007:ffn-norm: 0.000001000 seconds
[token:55, layer:4] 008:ffn-up-projection: 0.000186000 seconds
[token:55, layer:4] 009:ffn-swiglu: 0.000001000 seconds
[token:55, layer:4] 010:ffn-down-projection: 0.000134000 seconds
[token:55, layer:4] 102:layer-compute-total: 0.000475000 seconds
[token:55, layer:5] 002:attention-norm: 0.000000000 seconds
[token:55, layer:5] 003:qkv-projection: 0.000105000 seconds
[token:55, layer:5] 004:apply-rope: 0.000001000 seconds
[token:55, layer:5] 005:compute-attention: 0.000010000 seconds
[token:55, layer:5] 006:attention-output: 0.000035000 seconds
[token:55, layer:5] 007:ffn-norm: 0.000001000 seconds
[token:55, layer:5] 008:ffn-up-projection: 0.000186000 seconds
[token:55, layer:5] 009:ffn-swiglu: 0.000001000 seconds
[token:55, layer:5] 010:ffn-down-projection: 0.000134000 seconds
[token:55, layer:5] 102:layer-compute-total: 0.000473000 seconds
[token:55] 011:final-projection: 0.003941000 seconds
[token:55] 103:forward-compute-total: 0.006953000 seconds
[token:56] 001:embedding-lookup: 0.000000000 seconds
[token:56, layer:0] 002:attention-norm: 0.000000000 seconds
[token:56, layer:0] 003:qkv-projection: 0.000116000 seconds
[token:56, layer:0] 004:apply-rope: 0.000002000 seconds
[token:56, layer:0] 005:compute-attention: 0.000012000 seconds
[token:56, layer:0] 006:attention-output: 0.000035000 seconds
[token:56, layer:0] 007:ffn-norm: 0.000001000 seconds
[token:56, layer:0] 008:ffn-up-projection: 0.000186000 seconds
[token:56, layer:0] 009:ffn-swiglu: 0.000001000 seconds
[token:56, layer:0] 010:ffn-down-projection: 0.000135000 seconds
[token:56, layer:0] 102:layer-compute-total: 0.000488000 seconds
[token:56, layer:1] 002:attention-norm: 0.000000000 seconds
[token:56, layer:1] 003:qkv-projection: 0.000110000 seconds
[token:56, layer:1] 004:apply-rope: 0.000001000 seconds
[token:56, layer:1] 005:compute-attention: 0.000011000 seconds
[token:56, layer:1] 006:attention-output: 0.000040000 seconds
[token:56, layer:1] 007:ffn-norm: 0.000000000 seconds
[token:56, layer:1] 008:ffn-up-projection: 0.000187000 seconds
[token:56, layer:1] 009:ffn-swiglu: 0.000001000 seconds
[token:56, layer:1] 010:ffn-down-projection: 0.000134000 seconds
[token:56, layer:1] 102:layer-compute-total: 0.000484000 seconds
[token:56, layer:2] 002:attention-norm: 0.000000000 seconds
[token:56, layer:2] 003:qkv-projection: 0.000108000 seconds
[token:56, layer:2] 004:apply-rope: 0.000001000 seconds
[token:56, layer:2] 005:compute-attention: 0.000009000 seconds
[token:56, layer:2] 006:attention-output: 0.000035000 seconds
[token:56, layer:2] 007:ffn-norm: 0.000000000 seconds
[token:56, layer:2] 008:ffn-up-projection: 0.000187000 seconds
[token:56, layer:2] 009:ffn-swiglu: 0.000001000 seconds
[token:56, layer:2] 010:ffn-down-projection: 0.000139000 seconds
[token:56, layer:2] 102:layer-compute-total: 0.000480000 seconds
[token:56, layer:3] 002:attention-norm: 0.000000000 seconds
[token:56, layer:3] 003:qkv-projection: 0.000107000 seconds
[token:56, layer:3] 004:apply-rope: 0.000001000 seconds
[token:56, layer:3] 005:compute-attention: 0.000009000 seconds
[token:56, layer:3] 006:attention-output: 0.000035000 seconds
[token:56, layer:3] 007:ffn-norm: 0.000000000 seconds
[token:56, layer:3] 008:ffn-up-projection: 0.000190000 seconds
[token:56, layer:3] 009:ffn-swiglu: 0.000001000 seconds
[token:56, layer:3] 010:ffn-down-projection: 0.000134000 seconds
[token:56, layer:3] 102:layer-compute-total: 0.000477000 seconds
[token:56, layer:4] 002:attention-norm: 0.000000000 seconds
[token:56, layer:4] 003:qkv-projection: 0.000108000 seconds
[token:56, layer:4] 004:apply-rope: 0.000001000 seconds
[token:56, layer:4] 005:compute-attention: 0.000009000 seconds
[token:56, layer:4] 006:attention-output: 0.000038000 seconds
[token:56, layer:4] 007:ffn-norm: 0.000000000 seconds
[token:56, layer:4] 008:ffn-up-projection: 0.000187000 seconds
[token:56, layer:4] 009:ffn-swiglu: 0.000001000 seconds
[token:56, layer:4] 010:ffn-down-projection: 0.000134000 seconds
[token:56, layer:4] 102:layer-compute-total: 0.000478000 seconds
[token:56, layer:5] 002:attention-norm: 0.000000000 seconds
[token:56, layer:5] 003:qkv-projection: 0.000107000 seconds
[token:56, layer:5] 004:apply-rope: 0.000001000 seconds
[token:56, layer:5] 005:compute-attention: 0.000009000 seconds
[token:56, layer:5] 006:attention-output: 0.000035000 seconds
[token:56, layer:5] 007:ffn-norm: 0.000000000 seconds
[token:56, layer:5] 008:ffn-up-projection: 0.000196000 seconds
[token:56, layer:5] 009:ffn-swiglu: 0.000001000 seconds
[token:56, layer:5] 010:ffn-down-projection: 0.000134000 seconds
[token:56, layer:5] 102:layer-compute-total: 0.000483000 seconds
[token:56] 011:final-projection: 0.003943000 seconds
[token:56] 103:forward-compute-total: 0.006833000 seconds
[token:57] 001:embedding-lookup: 0.000000000 seconds
[token:57, layer:0] 002:attention-norm: 0.000001000 seconds
[token:57, layer:0] 003:qkv-projection: 0.000111000 seconds
[token:57, layer:0] 004:apply-rope: 0.000001000 seconds
[token:57, layer:0] 005:compute-attention: 0.000009000 seconds
[token:57, layer:0] 006:attention-output: 0.000035000 seconds
[token:57, layer:0] 007:ffn-norm: 0.000000000 seconds
[token:57, layer:0] 008:ffn-up-projection: 0.000187000 seconds
[token:57, layer:0] 009:ffn-swiglu: 0.000001000 seconds
[token:57, layer:0] 010:ffn-down-projection: 0.000134000 seconds
[token:57, layer:0] 102:layer-compute-total: 0.000479000 seconds
[token:57, layer:1] 002:attention-norm: 0.000000000 seconds
[token:57, layer:1] 003:qkv-projection: 0.000105000 seconds
[token:57, layer:1] 004:apply-rope: 0.000002000 seconds
[token:57, layer:1] 005:compute-attention: 0.000008000 seconds
[token:57, layer:1] 006:attention-output: 0.000035000 seconds
[token:57, layer:1] 007:ffn-norm: 0.000001000 seconds
[token:57, layer:1] 008:ffn-up-projection: 0.000200000 seconds
[token:57, layer:1] 009:ffn-swiglu: 0.000001000 seconds
[token:57, layer:1] 010:ffn-down-projection: 0.000143000 seconds
[token:57, layer:1] 102:layer-compute-total: 0.000495000 seconds
[token:57, layer:2] 002:attention-norm: 0.000000000 seconds
[token:57, layer:2] 003:qkv-projection: 0.000110000 seconds
[token:57, layer:2] 004:apply-rope: 0.000002000 seconds
[token:57, layer:2] 005:compute-attention: 0.000009000 seconds
[token:57, layer:2] 006:attention-output: 0.000035000 seconds
[token:57, layer:2] 007:ffn-norm: 0.000000000 seconds
[token:57, layer:2] 008:ffn-up-projection: 0.000195000 seconds
[token:57, layer:2] 009:ffn-swiglu: 0.000001000 seconds
[token:57, layer:2] 010:ffn-down-projection: 0.000136000 seconds
[token:57, layer:2] 102:layer-compute-total: 0.000488000 seconds
[token:57, layer:3] 002:attention-norm: 0.000001000 seconds
[token:57, layer:3] 003:qkv-projection: 0.000106000 seconds
[token:57, layer:3] 004:apply-rope: 0.000001000 seconds
[token:57, layer:3] 005:compute-attention: 0.000009000 seconds
[token:57, layer:3] 006:attention-output: 0.000035000 seconds
[token:57, layer:3] 007:ffn-norm: 0.000000000 seconds
[token:57, layer:3] 008:ffn-up-projection: 0.000193000 seconds
[token:57, layer:3] 009:ffn-swiglu: 0.000001000 seconds
[token:57, layer:3] 010:ffn-down-projection: 0.000136000 seconds
[token:57, layer:3] 102:layer-compute-total: 0.000482000 seconds
[token:57, layer:4] 002:attention-norm: 0.000001000 seconds
[token:57, layer:4] 003:qkv-projection: 0.000107000 seconds
[token:57, layer:4] 004:apply-rope: 0.000001000 seconds
[token:57, layer:4] 005:compute-attention: 0.000009000 seconds
[token:57, layer:4] 006:attention-output: 0.000036000 seconds
[token:57, layer:4] 007:ffn-norm: 0.000001000 seconds
[token:57, layer:4] 008:ffn-up-projection: 0.000190000 seconds
[token:57, layer:4] 009:ffn-swiglu: 0.000001000 seconds
[token:57, layer:4] 010:ffn-down-projection: 0.000136000 seconds
[token:57, layer:4] 102:layer-compute-total: 0.000482000 seconds
[token:57, layer:5] 002:attention-norm: 0.000000000 seconds
[token:57, layer:5] 003:qkv-projection: 0.000107000 seconds
[token:57, layer:5] 004:apply-rope: 0.000001000 seconds
[token:57, layer:5] 005:compute-attention: 0.000009000 seconds
[token:57, layer:5] 006:attention-output: 0.000035000 seconds
[token:57, layer:5] 007:ffn-norm: 0.000000000 seconds
[token:57, layer:5] 008:ffn-up-projection: 0.000190000 seconds
[token:57, layer:5] 009:ffn-swiglu: 0.000001000 seconds
[token:57, layer:5] 010:ffn-down-projection: 0.000156000 seconds
[token:57, layer:5] 102:layer-compute-total: 0.000499000 seconds
[token:57] 011:final-projection: 0.004043000 seconds
[token:57] 103:forward-compute-total: 0.006968000 seconds
[token:58] 001:embedding-lookup: 0.000000000 seconds
[token:58, layer:0] 002:attention-norm: 0.000000000 seconds
[token:58, layer:0] 003:qkv-projection: 0.000113000 seconds
[token:58, layer:0] 004:apply-rope: 0.000002000 seconds
[token:58, layer:0] 005:compute-attention: 0.000013000 seconds
[token:58, layer:0] 006:attention-output: 0.000035000 seconds
[token:58, layer:0] 007:ffn-norm: 0.000000000 seconds
[token:58, layer:0] 008:ffn-up-projection: 0.000186000 seconds
[token:58, layer:0] 009:ffn-swiglu: 0.000001000 seconds
[token:58, layer:0] 010:ffn-down-projection: 0.000134000 seconds
[token:58, layer:0] 102:layer-compute-total: 0.000484000 seconds
[token:58, layer:1] 002:attention-norm: 0.000000000 seconds
[token:58, layer:1] 003:qkv-projection: 0.000109000 seconds
[token:58, layer:1] 004:apply-rope: 0.000001000 seconds
[token:58, layer:1] 005:compute-attention: 0.000012000 seconds
[token:58, layer:1] 006:attention-output: 0.000035000 seconds
[token:58, layer:1] 007:ffn-norm: 0.000001000 seconds
[token:58, layer:1] 008:ffn-up-projection: 0.000192000 seconds
[token:58, layer:1] 009:ffn-swiglu: 0.000001000 seconds
[token:58, layer:1] 010:ffn-down-projection: 0.000134000 seconds
[token:58, layer:1] 102:layer-compute-total: 0.000485000 seconds
[token:58, layer:2] 002:attention-norm: 0.000000000 seconds
[token:58, layer:2] 003:qkv-projection: 0.000109000 seconds
[token:58, layer:2] 004:apply-rope: 0.000001000 seconds
[token:58, layer:2] 005:compute-attention: 0.000012000 seconds
[token:58, layer:2] 006:attention-output: 0.000035000 seconds
[token:58, layer:2] 007:ffn-norm: 0.000000000 seconds
[token:58, layer:2] 008:ffn-up-projection: 0.000191000 seconds
[token:58, layer:2] 009:ffn-swiglu: 0.000001000 seconds
[token:58, layer:2] 010:ffn-down-projection: 0.000134000 seconds
[token:58, layer:2] 102:layer-compute-total: 0.000483000 seconds
[token:58, layer:3] 002:attention-norm: 0.000001000 seconds
[token:58, layer:3] 003:qkv-projection: 0.000105000 seconds
[token:58, layer:3] 004:apply-rope: 0.000001000 seconds
[token:58, layer:3] 005:compute-attention: 0.000011000 seconds
[token:58, layer:3] 006:attention-output: 0.000035000 seconds
[token:58, layer:3] 007:ffn-norm: 0.000001000 seconds
[token:58, layer:3] 008:ffn-up-projection: 0.000190000 seconds
[token:58, layer:3] 009:ffn-swiglu: 0.000001000 seconds
[token:58, layer:3] 010:ffn-down-projection: 0.000134000 seconds
[token:58, layer:3] 102:layer-compute-total: 0.000479000 seconds
[token:58, layer:4] 002:attention-norm: 0.000000000 seconds
[token:58, layer:4] 003:qkv-projection: 0.000105000 seconds
[token:58, layer:4] 004:apply-rope: 0.000002000 seconds
[token:58, layer:4] 005:compute-attention: 0.000011000 seconds
[token:58, layer:4] 006:attention-output: 0.000036000 seconds
[token:58, layer:4] 007:ffn-norm: 0.000000000 seconds
[token:58, layer:4] 008:ffn-up-projection: 0.000186000 seconds
[token:58, layer:4] 009:ffn-swiglu: 0.000001000 seconds
[token:58, layer:4] 010:ffn-down-projection: 0.000134000 seconds
[token:58, layer:4] 102:layer-compute-total: 0.000475000 seconds
[token:58, layer:5] 002:attention-norm: 0.000000000 seconds
[token:58, layer:5] 003:qkv-projection: 0.000105000 seconds
[token:58, layer:5] 004:apply-rope: 0.000001000 seconds
[token:58, layer:5] 005:compute-attention: 0.000012000 seconds
[token:58, layer:5] 006:attention-output: 0.000035000 seconds
[token:58, layer:5] 007:ffn-norm: 0.000000000 seconds
[token:58, layer:5] 008:ffn-up-projection: 0.000195000 seconds
[token:58, layer:5] 009:ffn-swiglu: 0.000001000 seconds
[token:58, layer:5] 010:ffn-down-projection: 0.000134000 seconds
[token:58, layer:5] 102:layer-compute-total: 0.000483000 seconds
[token:58] 011:final-projection: 0.003945000 seconds
[token:58] 103:forward-compute-total: 0.006834000 seconds
[token:59] 001:embedding-lookup: 0.000000000 seconds
[token:59, layer:0] 002:attention-norm: 0.000000000 seconds
[token:59, layer:0] 003:qkv-projection: 0.000112000 seconds
[token:59, layer:0] 004:apply-rope: 0.000002000 seconds
[token:59, layer:0] 005:compute-attention: 0.000009000 seconds
[token:59, layer:0] 006:attention-output: 0.000035000 seconds
[token:59, layer:0] 007:ffn-norm: 0.000001000 seconds
[token:59, layer:0] 008:ffn-up-projection: 0.000187000 seconds
[token:59, layer:0] 009:ffn-swiglu: 0.000001000 seconds
[token:59, layer:0] 010:ffn-down-projection: 0.000134000 seconds
[token:59, layer:0] 102:layer-compute-total: 0.000481000 seconds
[token:59, layer:1] 002:attention-norm: 0.000000000 seconds
[token:59, layer:1] 003:qkv-projection: 0.000105000 seconds
[token:59, layer:1] 004:apply-rope: 0.000001000 seconds
[token:59, layer:1] 005:compute-attention: 0.000009000 seconds
[token:59, layer:1] 006:attention-output: 0.000035000 seconds
[token:59, layer:1] 007:ffn-norm: 0.000000000 seconds
[token:59, layer:1] 008:ffn-up-projection: 0.000187000 seconds
[token:59, layer:1] 009:ffn-swiglu: 0.000001000 seconds
[token:59, layer:1] 010:ffn-down-projection: 0.000134000 seconds
[token:59, layer:1] 102:layer-compute-total: 0.000472000 seconds
[token:59, layer:2] 002:attention-norm: 0.000000000 seconds
[token:59, layer:2] 003:qkv-projection: 0.000105000 seconds
[token:59, layer:2] 004:apply-rope: 0.000002000 seconds
[token:59, layer:2] 005:compute-attention: 0.000009000 seconds
[token:59, layer:2] 006:attention-output: 0.000035000 seconds
[token:59, layer:2] 007:ffn-norm: 0.000000000 seconds
[token:59, layer:2] 008:ffn-up-projection: 0.000187000 seconds
[token:59, layer:2] 009:ffn-swiglu: 0.000001000 seconds
[token:59, layer:2] 010:ffn-down-projection: 0.000134000 seconds
[token:59, layer:2] 102:layer-compute-total: 0.000473000 seconds
[token:59, layer:3] 002:attention-norm: 0.000000000 seconds
[token:59, layer:3] 003:qkv-projection: 0.000105000 seconds
[token:59, layer:3] 004:apply-rope: 0.000001000 seconds
[token:59, layer:3] 005:compute-attention: 0.000010000 seconds
[token:59, layer:3] 006:attention-output: 0.000035000 seconds
[token:59, layer:3] 007:ffn-norm: 0.000001000 seconds
[token:59, layer:3] 008:ffn-up-projection: 0.000187000 seconds
[token:59, layer:3] 009:ffn-swiglu: 0.000001000 seconds
[token:59, layer:3] 010:ffn-down-projection: 0.000135000 seconds
[token:59, layer:3] 102:layer-compute-total: 0.000475000 seconds
[token:59, layer:4] 002:attention-norm: 0.000000000 seconds
[token:59, layer:4] 003:qkv-projection: 0.000106000 seconds
[token:59, layer:4] 004:apply-rope: 0.000001000 seconds
[token:59, layer:4] 005:compute-attention: 0.000008000 seconds
[token:59, layer:4] 006:attention-output: 0.000035000 seconds
[token:59, layer:4] 007:ffn-norm: 0.000000000 seconds
[token:59, layer:4] 008:ffn-up-projection: 0.000187000 seconds
[token:59, layer:4] 009:ffn-swiglu: 0.000001000 seconds
[token:59, layer:4] 010:ffn-down-projection: 0.000134000 seconds
[token:59, layer:4] 102:layer-compute-total: 0.000472000 seconds
[token:59, layer:5] 002:attention-norm: 0.000000000 seconds
[token:59, layer:5] 003:qkv-projection: 0.000105000 seconds
[token:59, layer:5] 004:apply-rope: 0.000001000 seconds
[token:59, layer:5] 005:compute-attention: 0.000008000 seconds
[token:59, layer:5] 006:attention-output: 0.000035000 seconds
[token:59, layer:5] 007:ffn-norm: 0.000000000 seconds
[token:59, layer:5] 008:ffn-up-projection: 0.000187000 seconds
[token:59, layer:5] 009:ffn-swiglu: 0.000001000 seconds
[token:59, layer:5] 010:ffn-down-projection: 0.000148000 seconds
[token:59, layer:5] 102:layer-compute-total: 0.000485000 seconds
[token:59] 011:final-projection: 0.004192000 seconds
[token:59] 103:forward-compute-total: 0.007050000 seconds
[token:60] 001:embedding-lookup: 0.000000000 seconds
[token:60, layer:0] 002:attention-norm: 0.000000000 seconds
[token:60, layer:0] 003:qkv-projection: 0.000113000 seconds
[token:60, layer:0] 004:apply-rope: 0.000001000 seconds
[token:60, layer:0] 005:compute-attention: 0.000013000 seconds
[token:60, layer:0] 006:attention-output: 0.000035000 seconds
[token:60, layer:0] 007:ffn-norm: 0.000000000 seconds
[token:60, layer:0] 008:ffn-up-projection: 0.000187000 seconds
[token:60, layer:0] 009:ffn-swiglu: 0.000001000 seconds
[token:60, layer:0] 010:ffn-down-projection: 0.000135000 seconds
[token:60, layer:0] 102:layer-compute-total: 0.000485000 seconds
[token:60, layer:1] 002:attention-norm: 0.000000000 seconds
[token:60, layer:1] 003:qkv-projection: 0.000106000 seconds
[token:60, layer:1] 004:apply-rope: 0.000001000 seconds
[token:60, layer:1] 005:compute-attention: 0.000013000 seconds
[token:60, layer:1] 006:attention-output: 0.000035000 seconds
[token:60, layer:1] 007:ffn-norm: 0.000000000 seconds
[token:60, layer:1] 008:ffn-up-projection: 0.000187000 seconds
[token:60, layer:1] 009:ffn-swiglu: 0.000001000 seconds
[token:60, layer:1] 010:ffn-down-projection: 0.000134000 seconds
[token:60, layer:1] 102:layer-compute-total: 0.000477000 seconds
[token:60, layer:2] 002:attention-norm: 0.000000000 seconds
[token:60, layer:2] 003:qkv-projection: 0.000105000 seconds
[token:60, layer:2] 004:apply-rope: 0.000001000 seconds
[token:60, layer:2] 005:compute-attention: 0.000011000 seconds
[token:60, layer:2] 006:attention-output: 0.000035000 seconds
[token:60, layer:2] 007:ffn-norm: 0.000001000 seconds
[token:60, layer:2] 008:ffn-up-projection: 0.000187000 seconds
[token:60, layer:2] 009:ffn-swiglu: 0.000001000 seconds
[token:60, layer:2] 010:ffn-down-projection: 0.000135000 seconds
[token:60, layer:2] 102:layer-compute-total: 0.000476000 seconds
[token:60, layer:3] 002:attention-norm: 0.000000000 seconds
[token:60, layer:3] 003:qkv-projection: 0.000106000 seconds
[token:60, layer:3] 004:apply-rope: 0.000001000 seconds
[token:60, layer:3] 005:compute-attention: 0.000013000 seconds
[token:60, layer:3] 006:attention-output: 0.000035000 seconds
[token:60, layer:3] 007:ffn-norm: 0.000001000 seconds
[token:60, layer:3] 008:ffn-up-projection: 0.000187000 seconds
[token:60, layer:3] 009:ffn-swiglu: 0.000001000 seconds
[token:60, layer:3] 010:ffn-down-projection: 0.000134000 seconds
[token:60, layer:3] 102:layer-compute-total: 0.000478000 seconds
[token:60, layer:4] 002:attention-norm: 0.000000000 seconds
[token:60, layer:4] 003:qkv-projection: 0.000109000 seconds
[token:60, layer:4] 004:apply-rope: 0.000001000 seconds
[token:60, layer:4] 005:compute-attention: 0.000012000 seconds
[token:60, layer:4] 006:attention-output: 0.000035000 seconds
[token:60, layer:4] 007:ffn-norm: 0.000000000 seconds
[token:60, layer:4] 008:ffn-up-projection: 0.000186000 seconds
[token:60, layer:4] 009:ffn-swiglu: 0.000001000 seconds
[token:60, layer:4] 010:ffn-down-projection: 0.000140000 seconds
[token:60, layer:4] 102:layer-compute-total: 0.000484000 seconds
[token:60, layer:5] 002:attention-norm: 0.000000000 seconds
[token:60, layer:5] 003:qkv-projection: 0.000110000 seconds
[token:60, layer:5] 004:apply-rope: 0.000001000 seconds
[token:60, layer:5] 005:compute-attention: 0.000013000 seconds
[token:60, layer:5] 006:attention-output: 0.000037000 seconds
[token:60, layer:5] 007:ffn-norm: 0.000000000 seconds
[token:60, layer:5] 008:ffn-up-projection: 0.000187000 seconds
[token:60, layer:5] 009:ffn-swiglu: 0.000001000 seconds
[token:60, layer:5] 010:ffn-down-projection: 0.000134000 seconds
[token:60, layer:5] 102:layer-compute-total: 0.000483000 seconds
[token:60] 011:final-projection: 0.003953000 seconds
[token:60] 103:forward-compute-total: 0.006836000 seconds
[token:61] 001:embedding-lookup: 0.000000000 seconds
[token:61, layer:0] 002:attention-norm: 0.000001000 seconds
[token:61, layer:0] 003:qkv-projection: 0.000112000 seconds
[token:61, layer:0] 004:apply-rope: 0.000002000 seconds
[token:61, layer:0] 005:compute-attention: 0.000009000 seconds
[token:61, layer:0] 006:attention-output: 0.000038000 seconds
[token:61, layer:0] 007:ffn-norm: 0.000001000 seconds
[token:61, layer:0] 008:ffn-up-projection: 0.000188000 seconds
[token:61, layer:0] 009:ffn-swiglu: 0.000001000 seconds
[token:61, layer:0] 010:ffn-down-projection: 0.000135000 seconds
[token:61, layer:0] 102:layer-compute-total: 0.000487000 seconds
[token:61, layer:1] 002:attention-norm: 0.000000000 seconds
[token:61, layer:1] 003:qkv-projection: 0.000105000 seconds
[token:61, layer:1] 004:apply-rope: 0.000002000 seconds
[token:61, layer:1] 005:compute-attention: 0.000010000 seconds
[token:61, layer:1] 006:attention-output: 0.000036000 seconds
[token:61, layer:1] 007:ffn-norm: 0.000000000 seconds
[token:61, layer:1] 008:ffn-up-projection: 0.000187000 seconds
[token:61, layer:1] 009:ffn-swiglu: 0.000001000 seconds
[token:61, layer:1] 010:ffn-down-projection: 0.000134000 seconds
[token:61, layer:1] 102:layer-compute-total: 0.000475000 seconds
[token:61, layer:2] 002:attention-norm: 0.000001000 seconds
[token:61, layer:2] 003:qkv-projection: 0.000105000 seconds
[token:61, layer:2] 004:apply-rope: 0.000002000 seconds
[token:61, layer:2] 005:compute-attention: 0.000010000 seconds
[token:61, layer:2] 006:attention-output: 0.000035000 seconds
[token:61, layer:2] 007:ffn-norm: 0.000001000 seconds
[token:61, layer:2] 008:ffn-up-projection: 0.000187000 seconds
[token:61, layer:2] 009:ffn-swiglu: 0.000001000 seconds
[token:61, layer:2] 010:ffn-down-projection: 0.000134000 seconds
[token:61, layer:2] 102:layer-compute-total: 0.000476000 seconds
[token:61, layer:3] 002:attention-norm: 0.000000000 seconds
[token:61, layer:3] 003:qkv-projection: 0.000105000 seconds
[token:61, layer:3] 004:apply-rope: 0.000001000 seconds
[token:61, layer:3] 005:compute-attention: 0.000010000 seconds
[token:61, layer:3] 006:attention-output: 0.000035000 seconds
[token:61, layer:3] 007:ffn-norm: 0.000000000 seconds
[token:61, layer:3] 008:ffn-up-projection: 0.000187000 seconds
[token:61, layer:3] 009:ffn-swiglu: 0.000001000 seconds
[token:61, layer:3] 010:ffn-down-projection: 0.000134000 seconds
[token:61, layer:3] 102:layer-compute-total: 0.000473000 seconds
[token:61, layer:4] 002:attention-norm: 0.000000000 seconds
[token:61, layer:4] 003:qkv-projection: 0.000105000 seconds
[token:61, layer:4] 004:apply-rope: 0.000001000 seconds
[token:61, layer:4] 005:compute-attention: 0.000010000 seconds
[token:61, layer:4] 006:attention-output: 0.000035000 seconds
[token:61, layer:4] 007:ffn-norm: 0.000000000 seconds
[token:61, layer:4] 008:ffn-up-projection: 0.000186000 seconds
[token:61, layer:4] 009:ffn-swiglu: 0.000001000 seconds
[token:61, layer:4] 010:ffn-down-projection: 0.000134000 seconds
[token:61, layer:4] 102:layer-compute-total: 0.000472000 seconds
[token:61, layer:5] 002:attention-norm: 0.000000000 seconds
[token:61, layer:5] 003:qkv-projection: 0.000105000 seconds
[token:61, layer:5] 004:apply-rope: 0.000001000 seconds
[token:61, layer:5] 005:compute-attention: 0.000009000 seconds
[token:61, layer:5] 006:attention-output: 0.000035000 seconds
[token:61, layer:5] 007:ffn-norm: 0.000000000 seconds
[token:61, layer:5] 008:ffn-up-projection: 0.000186000 seconds
[token:61, layer:5] 009:ffn-swiglu: 0.000001000 seconds
[token:61, layer:5] 010:ffn-down-projection: 0.000134000 seconds
[token:61, layer:5] 102:layer-compute-total: 0.000471000 seconds
[token:61] 011:final-projection: 0.003981000 seconds
[token:61] 103:forward-compute-total: 0.006835000 seconds
[token:62] 001:embedding-lookup: 0.000000000 seconds
[token:62, layer:0] 002:attention-norm: 0.000000000 seconds
[token:62, layer:0] 003:qkv-projection: 0.000109000 seconds
[token:62, layer:0] 004:apply-rope: 0.000001000 seconds
[token:62, layer:0] 005:compute-attention: 0.000009000 seconds
[token:62, layer:0] 006:attention-output: 0.000036000 seconds
[token:62, layer:0] 007:ffn-norm: 0.000000000 seconds
[token:62, layer:0] 008:ffn-up-projection: 0.000189000 seconds
[token:62, layer:0] 009:ffn-swiglu: 0.000001000 seconds
[token:62, layer:0] 010:ffn-down-projection: 0.000136000 seconds
[token:62, layer:0] 102:layer-compute-total: 0.000481000 seconds
[token:62, layer:1] 002:attention-norm: 0.000000000 seconds
[token:62, layer:1] 003:qkv-projection: 0.000106000 seconds
[token:62, layer:1] 004:apply-rope: 0.000001000 seconds
[token:62, layer:1] 005:compute-attention: 0.000010000 seconds
[token:62, layer:1] 006:attention-output: 0.000036000 seconds
[token:62, layer:1] 007:ffn-norm: 0.000000000 seconds
[token:62, layer:1] 008:ffn-up-projection: 0.000231000 seconds
[token:62, layer:1] 009:ffn-swiglu: 0.000001000 seconds
[token:62, layer:1] 010:ffn-down-projection: 0.000189000 seconds
[token:62, layer:1] 102:layer-compute-total: 0.000574000 seconds
[token:62, layer:2] 002:attention-norm: 0.000000000 seconds
[token:62, layer:2] 003:qkv-projection: 0.000159000 seconds
[token:62, layer:2] 004:apply-rope: 0.000002000 seconds
[token:62, layer:2] 005:compute-attention: 0.000012000 seconds
[token:62, layer:2] 006:attention-output: 0.000042000 seconds
[token:62, layer:2] 007:ffn-norm: 0.000000000 seconds
[token:62, layer:2] 008:ffn-up-projection: 0.000192000 seconds
[token:62, layer:2] 009:ffn-swiglu: 0.000001000 seconds
[token:62, layer:2] 010:ffn-down-projection: 0.000144000 seconds
[token:62, layer:2] 102:layer-compute-total: 0.000552000 seconds
[token:62, layer:3] 002:attention-norm: 0.000001000 seconds
[token:62, layer:3] 003:qkv-projection: 0.000117000 seconds
[token:62, layer:3] 004:apply-rope: 0.000001000 seconds
[token:62, layer:3] 005:compute-attention: 0.000013000 seconds
[token:62, layer:3] 006:attention-output: 0.000035000 seconds
[token:62, layer:3] 007:ffn-norm: 0.000000000 seconds
[token:62, layer:3] 008:ffn-up-projection: 0.000191000 seconds
[token:62, layer:3] 009:ffn-swiglu: 0.000001000 seconds
[token:62, layer:3] 010:ffn-down-projection: 0.000142000 seconds
[token:62, layer:3] 102:layer-compute-total: 0.000501000 seconds
[token:62, layer:4] 002:attention-norm: 0.000000000 seconds
[token:62, layer:4] 003:qkv-projection: 0.000107000 seconds
[token:62, layer:4] 004:apply-rope: 0.000001000 seconds
[token:62, layer:4] 005:compute-attention: 0.000014000 seconds
[token:62, layer:4] 006:attention-output: 0.000036000 seconds
[token:62, layer:4] 007:ffn-norm: 0.000000000 seconds
[token:62, layer:4] 008:ffn-up-projection: 0.000190000 seconds
[token:62, layer:4] 009:ffn-swiglu: 0.000002000 seconds
[token:62, layer:4] 010:ffn-down-projection: 0.000135000 seconds
[token:62, layer:4] 102:layer-compute-total: 0.000485000 seconds
[token:62, layer:5] 002:attention-norm: 0.000000000 seconds
[token:62, layer:5] 003:qkv-projection: 0.000105000 seconds
[token:62, layer:5] 004:apply-rope: 0.000001000 seconds
[token:62, layer:5] 005:compute-attention: 0.000014000 seconds
[token:62, layer:5] 006:attention-output: 0.000035000 seconds
[token:62, layer:5] 007:ffn-norm: 0.000001000 seconds
[token:62, layer:5] 008:ffn-up-projection: 0.000193000 seconds
[token:62, layer:5] 009:ffn-swiglu: 0.000001000 seconds
[token:62, layer:5] 010:ffn-down-projection: 0.000143000 seconds
[token:62, layer:5] 102:layer-compute-total: 0.000493000 seconds
[token:62] 011:final-projection: 0.004090000 seconds
[token:62] 103:forward-compute-total: 0.007176000 seconds
[token:63] 001:embedding-lookup: 0.000000000 seconds
[token:63, layer:0] 002:attention-norm: 0.000001000 seconds
[token:63, layer:0] 003:qkv-projection: 0.000109000 seconds
[token:63, layer:0] 004:apply-rope: 0.000002000 seconds
[token:63, layer:0] 005:compute-attention: 0.000016000 seconds
[token:63, layer:0] 006:attention-output: 0.000035000 seconds
[token:63, layer:0] 007:ffn-norm: 0.000000000 seconds
[token:63, layer:0] 008:ffn-up-projection: 0.000193000 seconds
[token:63, layer:0] 009:ffn-swiglu: 0.000001000 seconds
[token:63, layer:0] 010:ffn-down-projection: 0.000141000 seconds
[token:63, layer:0] 102:layer-compute-total: 0.000498000 seconds
[token:63, layer:1] 002:attention-norm: 0.000000000 seconds
[token:63, layer:1] 003:qkv-projection: 0.000111000 seconds
[token:63, layer:1] 004:apply-rope: 0.000001000 seconds
[token:63, layer:1] 005:compute-attention: 0.000016000 seconds
[token:63, layer:1] 006:attention-output: 0.000036000 seconds
[token:63, layer:1] 007:ffn-norm: 0.000001000 seconds
[token:63, layer:1] 008:ffn-up-projection: 0.000190000 seconds
[token:63, layer:1] 009:ffn-swiglu: 0.000001000 seconds
[token:63, layer:1] 010:ffn-down-projection: 0.000134000 seconds
[token:63, layer:1] 102:layer-compute-total: 0.000490000 seconds
[token:63, layer:2] 002:attention-norm: 0.000000000 seconds
[token:63, layer:2] 003:qkv-projection: 0.000109000 seconds
[token:63, layer:2] 004:apply-rope: 0.000001000 seconds
[token:63, layer:2] 005:compute-attention: 0.000014000 seconds
[token:63, layer:2] 006:attention-output: 0.000035000 seconds
[token:63, layer:2] 007:ffn-norm: 0.000000000 seconds
[token:63, layer:2] 008:ffn-up-projection: 0.000191000 seconds
[token:63, layer:2] 009:ffn-swiglu: 0.000001000 seconds
[token:63, layer:2] 010:ffn-down-projection: 0.000136000 seconds
[token:63, layer:2] 102:layer-compute-total: 0.000487000 seconds
[token:63, layer:3] 002:attention-norm: 0.000000000 seconds
[token:63, layer:3] 003:qkv-projection: 0.000107000 seconds
[token:63, layer:3] 004:apply-rope: 0.000001000 seconds
[token:63, layer:3] 005:compute-attention: 0.000013000 seconds
[token:63, layer:3] 006:attention-output: 0.000035000 seconds
[token:63, layer:3] 007:ffn-norm: 0.000000000 seconds
[token:63, layer:3] 008:ffn-up-projection: 0.000194000 seconds
[token:63, layer:3] 009:ffn-swiglu: 0.000001000 seconds
[token:63, layer:3] 010:ffn-down-projection: 0.000139000 seconds
[token:63, layer:3] 102:layer-compute-total: 0.000490000 seconds
[token:63, layer:4] 002:attention-norm: 0.000000000 seconds
[token:63, layer:4] 003:qkv-projection: 0.000109000 seconds
[token:63, layer:4] 004:apply-rope: 0.000001000 seconds
[token:63, layer:4] 005:compute-attention: 0.000013000 seconds
[token:63, layer:4] 006:attention-output: 0.000036000 seconds
[token:63, layer:4] 007:ffn-norm: 0.000000000 seconds
[token:63, layer:4] 008:ffn-up-projection: 0.000196000 seconds
[token:63, layer:4] 009:ffn-swiglu: 0.000001000 seconds
[token:63, layer:4] 010:ffn-down-projection: 0.000139000 seconds
[token:63, layer:4] 102:layer-compute-total: 0.000495000 seconds
[token:63, layer:5] 002:attention-norm: 0.000001000 seconds
[token:63, layer:5] 003:qkv-projection: 0.000109000 seconds
[token:63, layer:5] 004:apply-rope: 0.000001000 seconds
[token:63, layer:5] 005:compute-attention: 0.000013000 seconds
[token:63, layer:5] 006:attention-output: 0.000037000 seconds
[token:63, layer:5] 007:ffn-norm: 0.000000000 seconds
[token:63, layer:5] 008:ffn-up-projection: 0.000194000 seconds
[token:63, layer:5] 009:ffn-swiglu: 0.000001000 seconds
[token:63, layer:5] 010:ffn-down-projection: 0.000140000 seconds
[token:63, layer:5] 102:layer-compute-total: 0.000496000 seconds
[token:63] 011:final-projection: 0.004992000 seconds
[token:63] 103:forward-compute-total: 0.007948000 seconds
[token:64] 001:embedding-lookup: 0.000000000 seconds
[token:64, layer:0] 002:attention-norm: 0.000000000 seconds
[token:64, layer:0] 003:qkv-projection: 0.000187000 seconds
[token:64, layer:0] 004:apply-rope: 0.000002000 seconds
[token:64, layer:0] 005:compute-attention: 0.000016000 seconds
[token:64, layer:0] 006:attention-output: 0.000037000 seconds
[token:64, layer:0] 007:ffn-norm: 0.000000000 seconds
[token:64, layer:0] 008:ffn-up-projection: 0.000484000 seconds
[token:64, layer:0] 009:ffn-swiglu: 0.000001000 seconds
[token:64, layer:0] 010:ffn-down-projection: 0.000212000 seconds
[token:64, layer:0] 102:layer-compute-total: 0.000939000 seconds
[token:64, layer:1] 002:attention-norm: 0.000000000 seconds
[token:64, layer:1] 003:qkv-projection: 0.000111000 seconds
[token:64, layer:1] 004:apply-rope: 0.000001000 seconds
[token:64, layer:1] 005:compute-attention: 0.000019000 seconds
[token:64, layer:1] 006:attention-output: 0.000037000 seconds
[token:64, layer:1] 007:ffn-norm: 0.000000000 seconds
[token:64, layer:1] 008:ffn-up-projection: 0.000211000 seconds
[token:64, layer:1] 009:ffn-swiglu: 0.000001000 seconds
[token:64, layer:1] 010:ffn-down-projection: 0.000176000 seconds
[token:64, layer:1] 102:layer-compute-total: 0.000556000 seconds
[token:64, layer:2] 002:attention-norm: 0.000000000 seconds
[token:64, layer:2] 003:qkv-projection: 0.000113000 seconds
[token:64, layer:2] 004:apply-rope: 0.000002000 seconds
[token:64, layer:2] 005:compute-attention: 0.000018000 seconds
[token:64, layer:2] 006:attention-output: 0.000036000 seconds
[token:64, layer:2] 007:ffn-norm: 0.000001000 seconds
[token:64, layer:2] 008:ffn-up-projection: 0.000225000 seconds
[token:64, layer:2] 009:ffn-swiglu: 0.000001000 seconds
[token:64, layer:2] 010:ffn-down-projection: 0.000140000 seconds
[token:64, layer:2] 102:layer-compute-total: 0.000536000 seconds
[token:64, layer:3] 002:attention-norm: 0.000000000 seconds
[token:64, layer:3] 003:qkv-projection: 0.000139000 seconds
[token:64, layer:3] 004:apply-rope: 0.000002000 seconds
[token:64, layer:3] 005:compute-attention: 0.000018000 seconds
[token:64, layer:3] 006:attention-output: 0.000046000 seconds
[token:64, layer:3] 007:ffn-norm: 0.000001000 seconds
[token:64, layer:3] 008:ffn-up-projection: 0.000195000 seconds
[token:64, layer:3] 009:ffn-swiglu: 0.000002000 seconds
[token:64, layer:3] 010:ffn-down-projection: 0.000194000 seconds
[token:64, layer:3] 102:layer-compute-total: 0.000597000 seconds
[token:64, layer:4] 002:attention-norm: 0.000000000 seconds
[token:64, layer:4] 003:qkv-projection: 0.000140000 seconds
[token:64, layer:4] 004:apply-rope: 0.000002000 seconds
[token:64, layer:4] 005:compute-attention: 0.000020000 seconds
[token:64, layer:4] 006:attention-output: 0.000037000 seconds
[token:64, layer:4] 007:ffn-norm: 0.000000000 seconds
[token:64, layer:4] 008:ffn-up-projection: 0.000195000 seconds
[token:64, layer:4] 009:ffn-swiglu: 0.000002000 seconds
[token:64, layer:4] 010:ffn-down-projection: 0.000140000 seconds
[token:64, layer:4] 102:layer-compute-total: 0.000536000 seconds
[token:64, layer:5] 002:attention-norm: 0.000000000 seconds
[token:64, layer:5] 003:qkv-projection: 0.000247000 seconds
[token:64, layer:5] 004:apply-rope: 0.000001000 seconds
[token:64, layer:5] 005:compute-attention: 0.000019000 seconds
[token:64, layer:5] 006:attention-output: 0.000037000 seconds
[token:64, layer:5] 007:ffn-norm: 0.000001000 seconds
[token:64, layer:5] 008:ffn-up-projection: 0.000247000 seconds
[token:64, layer:5] 009:ffn-swiglu: 0.000004000 seconds
[token:64, layer:5] 010:ffn-down-projection: 0.000165000 seconds
[token:64, layer:5] 102:layer-compute-total: 0.000721000 seconds
[token:64] 011:final-projection: 0.004210000 seconds
[token:64] 103:forward-compute-total: 0.008095000 seconds
[token:65] 001:embedding-lookup: 0.000000000 seconds
[token:65, layer:0] 002:attention-norm: 0.000001000 seconds
[token:65, layer:0] 003:qkv-projection: 0.000175000 seconds
[token:65, layer:0] 004:apply-rope: 0.000003000 seconds
[token:65, layer:0] 005:compute-attention: 0.000018000 seconds
[token:65, layer:0] 006:attention-output: 0.000037000 seconds
[token:65, layer:0] 007:ffn-norm: 0.000001000 seconds
[token:65, layer:0] 008:ffn-up-projection: 0.000194000 seconds
[token:65, layer:0] 009:ffn-swiglu: 0.000001000 seconds
[token:65, layer:0] 010:ffn-down-projection: 0.000140000 seconds
[token:65, layer:0] 102:layer-compute-total: 0.000570000 seconds
[token:65, layer:1] 002:attention-norm: 0.000000000 seconds
[token:65, layer:1] 003:qkv-projection: 0.000109000 seconds
[token:65, layer:1] 004:apply-rope: 0.000002000 seconds
[token:65, layer:1] 005:compute-attention: 0.000016000 seconds
[token:65, layer:1] 006:attention-output: 0.000036000 seconds
[token:65, layer:1] 007:ffn-norm: 0.000001000 seconds
[token:65, layer:1] 008:ffn-up-projection: 0.000194000 seconds
[token:65, layer:1] 009:ffn-swiglu: 0.000001000 seconds
[token:65, layer:1] 010:ffn-down-projection: 0.000139000 seconds
[token:65, layer:1] 102:layer-compute-total: 0.000498000 seconds
[token:65, layer:2] 002:attention-norm: 0.000001000 seconds
[token:65, layer:2] 003:qkv-projection: 0.000174000 seconds
[token:65, layer:2] 004:apply-rope: 0.000001000 seconds
[token:65, layer:2] 005:compute-attention: 0.000016000 seconds
[token:65, layer:2] 006:attention-output: 0.000037000 seconds
[token:65, layer:2] 007:ffn-norm: 0.000001000 seconds
[token:65, layer:2] 008:ffn-up-projection: 0.000297000 seconds
[token:65, layer:2] 009:ffn-swiglu: 0.000004000 seconds
[token:65, layer:2] 010:ffn-down-projection: 0.000162000 seconds
[token:65, layer:2] 102:layer-compute-total: 0.000693000 seconds
[token:65, layer:3] 002:attention-norm: 0.000001000 seconds
[token:65, layer:3] 003:qkv-projection: 0.000402000 seconds
[token:65, layer:3] 004:apply-rope: 0.000001000 seconds
[token:65, layer:3] 005:compute-attention: 0.000018000 seconds
[token:65, layer:3] 006:attention-output: 0.000036000 seconds
[token:65, layer:3] 007:ffn-norm: 0.000000000 seconds
[token:65, layer:3] 008:ffn-up-projection: 0.000382000 seconds
[token:65, layer:3] 009:ffn-swiglu: 0.000004000 seconds
[token:65, layer:3] 010:ffn-down-projection: 0.000218000 seconds
[token:65, layer:3] 102:layer-compute-total: 0.001062000 seconds
[token:65, layer:4] 002:attention-norm: 0.000000000 seconds
[token:65, layer:4] 003:qkv-projection: 0.000202000 seconds
[token:65, layer:4] 004:apply-rope: 0.000006000 seconds
[token:65, layer:4] 005:compute-attention: 0.000041000 seconds
[token:65, layer:4] 006:attention-output: 0.000053000 seconds
[token:65, layer:4] 007:ffn-norm: 0.000001000 seconds
[token:65, layer:4] 008:ffn-up-projection: 0.000194000 seconds
[token:65, layer:4] 009:ffn-swiglu: 0.000001000 seconds
[token:65, layer:4] 010:ffn-down-projection: 0.000275000 seconds
[token:65, layer:4] 102:layer-compute-total: 0.000773000 seconds
[token:65, layer:5] 002:attention-norm: 0.000000000 seconds
[token:65, layer:5] 003:qkv-projection: 0.000110000 seconds
[token:65, layer:5] 004:apply-rope: 0.000001000 seconds
[token:65, layer:5] 005:compute-attention: 0.000015000 seconds
[token:65, layer:5] 006:attention-output: 0.000037000 seconds
[token:65, layer:5] 007:ffn-norm: 0.000000000 seconds
[token:65, layer:5] 008:ffn-up-projection: 0.000194000 seconds
[token:65, layer:5] 009:ffn-swiglu: 0.000001000 seconds
[token:65, layer:5] 010:ffn-down-projection: 0.000139000 seconds
[token:65, layer:5] 102:layer-compute-total: 0.000497000 seconds
[token:65] 011:final-projection: 0.005101000 seconds
[token:65] 103:forward-compute-total: 0.009194000 seconds
[token:66] 001:embedding-lookup: 0.000001000 seconds
[token:66, layer:0] 002:attention-norm: 0.000001000 seconds
[token:66, layer:0] 003:qkv-projection: 0.000128000 seconds
[token:66, layer:0] 004:apply-rope: 0.000002000 seconds
[token:66, layer:0] 005:compute-attention: 0.000016000 seconds
[token:66, layer:0] 006:attention-output: 0.000037000 seconds
[token:66, layer:0] 007:ffn-norm: 0.000001000 seconds
[token:66, layer:0] 008:ffn-up-projection: 0.000194000 seconds
[token:66, layer:0] 009:ffn-swiglu: 0.000001000 seconds
[token:66, layer:0] 010:ffn-down-projection: 0.000140000 seconds
[token:66, layer:0] 102:layer-compute-total: 0.000520000 seconds
[token:66, layer:1] 002:attention-norm: 0.000000000 seconds
[token:66, layer:1] 003:qkv-projection: 0.000110000 seconds
[token:66, layer:1] 004:apply-rope: 0.000001000 seconds
[token:66, layer:1] 005:compute-attention: 0.000016000 seconds
[token:66, layer:1] 006:attention-output: 0.000037000 seconds
[token:66, layer:1] 007:ffn-norm: 0.000001000 seconds
[token:66, layer:1] 008:ffn-up-projection: 0.000195000 seconds
[token:66, layer:1] 009:ffn-swiglu: 0.000001000 seconds
[token:66, layer:1] 010:ffn-down-projection: 0.000139000 seconds
[token:66, layer:1] 102:layer-compute-total: 0.000500000 seconds
[token:66, layer:2] 002:attention-norm: 0.000001000 seconds
[token:66, layer:2] 003:qkv-projection: 0.000110000 seconds
[token:66, layer:2] 004:apply-rope: 0.000001000 seconds
[token:66, layer:2] 005:compute-attention: 0.000015000 seconds
[token:66, layer:2] 006:attention-output: 0.000037000 seconds
[token:66, layer:2] 007:ffn-norm: 0.000000000 seconds
[token:66, layer:2] 008:ffn-up-projection: 0.000195000 seconds
[token:66, layer:2] 009:ffn-swiglu: 0.000001000 seconds
[token:66, layer:2] 010:ffn-down-projection: 0.000140000 seconds
[token:66, layer:2] 102:layer-compute-total: 0.000500000 seconds
[token:66, layer:3] 002:attention-norm: 0.000000000 seconds
[token:66, layer:3] 003:qkv-projection: 0.000109000 seconds
[token:66, layer:3] 004:apply-rope: 0.000001000 seconds
[token:66, layer:3] 005:compute-attention: 0.000015000 seconds
[token:66, layer:3] 006:attention-output: 0.000036000 seconds
[token:66, layer:3] 007:ffn-norm: 0.000000000 seconds
[token:66, layer:3] 008:ffn-up-projection: 0.000194000 seconds
[token:66, layer:3] 009:ffn-swiglu: 0.000002000 seconds
[token:66, layer:3] 010:ffn-down-projection: 0.000139000 seconds
[token:66, layer:3] 102:layer-compute-total: 0.000496000 seconds
[token:66, layer:4] 002:attention-norm: 0.000000000 seconds
[token:66, layer:4] 003:qkv-projection: 0.000110000 seconds
[token:66, layer:4] 004:apply-rope: 0.000001000 seconds
[token:66, layer:4] 005:compute-attention: 0.000016000 seconds
[token:66, layer:4] 006:attention-output: 0.000037000 seconds
[token:66, layer:4] 007:ffn-norm: 0.000001000 seconds
[token:66, layer:4] 008:ffn-up-projection: 0.000194000 seconds
[token:66, layer:4] 009:ffn-swiglu: 0.000001000 seconds
[token:66, layer:4] 010:ffn-down-projection: 0.000139000 seconds
[token:66, layer:4] 102:layer-compute-total: 0.000499000 seconds
[token:66, layer:5] 002:attention-norm: 0.000000000 seconds
[token:66, layer:5] 003:qkv-projection: 0.000109000 seconds
[token:66, layer:5] 004:apply-rope: 0.000001000 seconds
[token:66, layer:5] 005:compute-attention: 0.000015000 seconds
[token:66, layer:5] 006:attention-output: 0.000037000 seconds
[token:66, layer:5] 007:ffn-norm: 0.000000000 seconds
[token:66, layer:5] 008:ffn-up-projection: 0.000195000 seconds
[token:66, layer:5] 009:ffn-swiglu: 0.000002000 seconds
[token:66, layer:5] 010:ffn-down-projection: 0.000140000 seconds
[token:66, layer:5] 102:layer-compute-total: 0.000499000 seconds
[token:66] 011:final-projection: 0.039401000 seconds
[token:66] 103:forward-compute-total: 0.042416000 seconds
[token:67] 001:embedding-lookup: 0.000001000 seconds
[token:67, layer:0] 002:attention-norm: 0.000001000 seconds
[token:67, layer:0] 003:qkv-projection: 0.000115000 seconds
[token:67, layer:0] 004:apply-rope: 0.000002000 seconds
[token:67, layer:0] 005:compute-attention: 0.000017000 seconds
[token:67, layer:0] 006:attention-output: 0.000551000 seconds
[token:67, layer:0] 007:ffn-norm: 0.000000000 seconds
[token:67, layer:0] 008:ffn-up-projection: 0.000478000 seconds
[token:67, layer:0] 009:ffn-swiglu: 0.000002000 seconds
[token:67, layer:0] 010:ffn-down-projection: 0.000140000 seconds
[token:67, layer:0] 102:layer-compute-total: 0.001306000 seconds
[token:67, layer:1] 002:attention-norm: 0.000000000 seconds
[token:67, layer:1] 003:qkv-projection: 0.000110000 seconds
[token:67, layer:1] 004:apply-rope: 0.000003000 seconds
[token:67, layer:1] 005:compute-attention: 0.000018000 seconds
[token:67, layer:1] 006:attention-output: 0.000037000 seconds
[token:67, layer:1] 007:ffn-norm: 0.000000000 seconds
[token:67, layer:1] 008:ffn-up-projection: 0.000195000 seconds
[token:67, layer:1] 009:ffn-swiglu: 0.000001000 seconds
[token:67, layer:1] 010:ffn-down-projection: 0.000140000 seconds
[token:67, layer:1] 102:layer-compute-total: 0.000504000 seconds
[token:67, layer:2] 002:attention-norm: 0.000000000 seconds
[token:67, layer:2] 003:qkv-projection: 0.000110000 seconds
[token:67, layer:2] 004:apply-rope: 0.000002000 seconds
[token:67, layer:2] 005:compute-attention: 0.000016000 seconds
[token:67, layer:2] 006:attention-output: 0.000037000 seconds
[token:67, layer:2] 007:ffn-norm: 0.000000000 seconds
[token:67, layer:2] 008:ffn-up-projection: 0.000195000 seconds
[token:67, layer:2] 009:ffn-swiglu: 0.000002000 seconds
[token:67, layer:2] 010:ffn-down-projection: 0.000140000 seconds
[token:67, layer:2] 102:layer-compute-total: 0.000502000 seconds
[token:67, layer:3] 002:attention-norm: 0.000000000 seconds
[token:67, layer:3] 003:qkv-projection: 0.000109000 seconds
[token:67, layer:3] 004:apply-rope: 0.000001000 seconds
[token:67, layer:3] 005:compute-attention: 0.000017000 seconds
[token:67, layer:3] 006:attention-output: 0.000037000 seconds
[token:67, layer:3] 007:ffn-norm: 0.000001000 seconds
[token:67, layer:3] 008:ffn-up-projection: 0.000195000 seconds
[token:67, layer:3] 009:ffn-swiglu: 0.000002000 seconds
[token:67, layer:3] 010:ffn-down-projection: 0.000139000 seconds
[token:67, layer:3] 102:layer-compute-total: 0.000501000 seconds
[token:67, layer:4] 002:attention-norm: 0.000000000 seconds
[token:67, layer:4] 003:qkv-projection: 0.000130000 seconds
[token:67, layer:4] 004:apply-rope: 0.000002000 seconds
[token:67, layer:4] 005:compute-attention: 0.000018000 seconds
[token:67, layer:4] 006:attention-output: 0.000037000 seconds
[token:67, layer:4] 007:ffn-norm: 0.000000000 seconds
[token:67, layer:4] 008:ffn-up-projection: 0.000195000 seconds
[token:67, layer:4] 009:ffn-swiglu: 0.000001000 seconds
[token:67, layer:4] 010:ffn-down-projection: 0.000140000 seconds
[token:67, layer:4] 102:layer-compute-total: 0.000523000 seconds
[token:67, layer:5] 002:attention-norm: 0.000001000 seconds
[token:67, layer:5] 003:qkv-projection: 0.000109000 seconds
[token:67, layer:5] 004:apply-rope: 0.000001000 seconds
[token:67, layer:5] 005:compute-attention: 0.000016000 seconds
[token:67, layer:5] 006:attention-output: 0.000086000 seconds
[token:67, layer:5] 007:ffn-norm: 0.000001000 seconds
[token:67, layer:5] 008:ffn-up-projection: 0.000391000 seconds
[token:67, layer:5] 009:ffn-swiglu: 0.000001000 seconds
[token:67, layer:5] 010:ffn-down-projection: 0.000140000 seconds
[token:67, layer:5] 102:layer-compute-total: 0.000746000 seconds
[token:67] 011:final-projection: 0.013057000 seconds
[token:67] 103:forward-compute-total: 0.017140000 seconds
[token:68] 001:embedding-lookup: 0.000000000 seconds
[token:68, layer:0] 002:attention-norm: 0.000001000 seconds
[token:68, layer:0] 003:qkv-projection: 0.000110000 seconds
[token:68, layer:0] 004:apply-rope: 0.000002000 seconds
[token:68, layer:0] 005:compute-attention: 0.000016000 seconds
[token:68, layer:0] 006:attention-output: 0.000037000 seconds
[token:68, layer:0] 007:ffn-norm: 0.000000000 seconds
[token:68, layer:0] 008:ffn-up-projection: 0.000305000 seconds
[token:68, layer:0] 009:ffn-swiglu: 0.000001000 seconds
[token:68, layer:0] 010:ffn-down-projection: 0.000140000 seconds
[token:68, layer:0] 102:layer-compute-total: 0.000612000 seconds
[token:68, layer:1] 002:attention-norm: 0.000001000 seconds
[token:68, layer:1] 003:qkv-projection: 0.000110000 seconds
[token:68, layer:1] 004:apply-rope: 0.000002000 seconds
[token:68, layer:1] 005:compute-attention: 0.000017000 seconds
[token:68, layer:1] 006:attention-output: 0.000036000 seconds
[token:68, layer:1] 007:ffn-norm: 0.000000000 seconds
[token:68, layer:1] 008:ffn-up-projection: 0.000194000 seconds
[token:68, layer:1] 009:ffn-swiglu: 0.000001000 seconds
[token:68, layer:1] 010:ffn-down-projection: 0.000140000 seconds
[token:68, layer:1] 102:layer-compute-total: 0.000501000 seconds
[token:68, layer:2] 002:attention-norm: 0.000000000 seconds
[token:68, layer:2] 003:qkv-projection: 0.000110000 seconds
[token:68, layer:2] 004:apply-rope: 0.000001000 seconds
[token:68, layer:2] 005:compute-attention: 0.000015000 seconds
[token:68, layer:2] 006:attention-output: 0.000037000 seconds
[token:68, layer:2] 007:ffn-norm: 0.000000000 seconds
[token:68, layer:2] 008:ffn-up-projection: 0.000194000 seconds
[token:68, layer:2] 009:ffn-swiglu: 0.000001000 seconds
[token:68, layer:2] 010:ffn-down-projection: 0.000137000 seconds
[token:68, layer:2] 102:layer-compute-total: 0.000495000 seconds
[token:68, layer:3] 002:attention-norm: 0.000000000 seconds
[token:68, layer:3] 003:qkv-projection: 0.000107000 seconds
[token:68, layer:3] 004:apply-rope: 0.000002000 seconds
[token:68, layer:3] 005:compute-attention: 0.000016000 seconds
[token:68, layer:3] 006:attention-output: 0.000036000 seconds
[token:68, layer:3] 007:ffn-norm: 0.000000000 seconds
[token:68, layer:3] 008:ffn-up-projection: 0.000196000 seconds
[token:68, layer:3] 009:ffn-swiglu: 0.000001000 seconds
[token:68, layer:3] 010:ffn-down-projection: 0.000139000 seconds
[token:68, layer:3] 102:layer-compute-total: 0.000497000 seconds
[token:68, layer:4] 002:attention-norm: 0.000000000 seconds
[token:68, layer:4] 003:qkv-projection: 0.000108000 seconds
[token:68, layer:4] 004:apply-rope: 0.000001000 seconds
[token:68, layer:4] 005:compute-attention: 0.000015000 seconds
[token:68, layer:4] 006:attention-output: 0.000036000 seconds
[token:68, layer:4] 007:ffn-norm: 0.000000000 seconds
[token:68, layer:4] 008:ffn-up-projection: 0.000196000 seconds
[token:68, layer:4] 009:ffn-swiglu: 0.000001000 seconds
[token:68, layer:4] 010:ffn-down-projection: 0.000158000 seconds
[token:68, layer:4] 102:layer-compute-total: 0.000515000 seconds
[token:68, layer:5] 002:attention-norm: 0.000000000 seconds
[token:68, layer:5] 003:qkv-projection: 0.000123000 seconds
[token:68, layer:5] 004:apply-rope: 0.000001000 seconds
[token:68, layer:5] 005:compute-attention: 0.000021000 seconds
[token:68, layer:5] 006:attention-output: 0.000036000 seconds
[token:68, layer:5] 007:ffn-norm: 0.000001000 seconds
[token:68, layer:5] 008:ffn-up-projection: 0.000195000 seconds
[token:68, layer:5] 009:ffn-swiglu: 0.000001000 seconds
[token:68, layer:5] 010:ffn-down-projection: 0.000139000 seconds
[token:68, layer:5] 102:layer-compute-total: 0.000517000 seconds
[token:68] 011:final-projection: 0.005520000 seconds
[token:68] 103:forward-compute-total: 0.008657000 seconds
[token:69] 001:embedding-lookup: 0.000000000 seconds
[token:69, layer:0] 002:attention-norm: 0.000000000 seconds
[token:69, layer:0] 003:qkv-projection: 0.000110000 seconds
[token:69, layer:0] 004:apply-rope: 0.000002000 seconds
[token:69, layer:0] 005:compute-attention: 0.000017000 seconds
[token:69, layer:0] 006:attention-output: 0.000037000 seconds
[token:69, layer:0] 007:ffn-norm: 0.000001000 seconds
[token:69, layer:0] 008:ffn-up-projection: 0.000194000 seconds
[token:69, layer:0] 009:ffn-swiglu: 0.000001000 seconds
[token:69, layer:0] 010:ffn-down-projection: 0.000139000 seconds
[token:69, layer:0] 102:layer-compute-total: 0.000501000 seconds
[token:69, layer:1] 002:attention-norm: 0.000000000 seconds
[token:69, layer:1] 003:qkv-projection: 0.000109000 seconds
[token:69, layer:1] 004:apply-rope: 0.000002000 seconds
[token:69, layer:1] 005:compute-attention: 0.000016000 seconds
[token:69, layer:1] 006:attention-output: 0.000036000 seconds
[token:69, layer:1] 007:ffn-norm: 0.000001000 seconds
[token:69, layer:1] 008:ffn-up-projection: 0.000195000 seconds
[token:69, layer:1] 009:ffn-swiglu: 0.000001000 seconds
[token:69, layer:1] 010:ffn-down-projection: 0.000139000 seconds
[token:69, layer:1] 102:layer-compute-total: 0.000499000 seconds
[token:69, layer:2] 002:attention-norm: 0.000001000 seconds
[token:69, layer:2] 003:qkv-projection: 0.000110000 seconds
[token:69, layer:2] 004:apply-rope: 0.000001000 seconds
[token:69, layer:2] 005:compute-attention: 0.000018000 seconds
[token:69, layer:2] 006:attention-output: 0.000037000 seconds
[token:69, layer:2] 007:ffn-norm: 0.000001000 seconds
[token:69, layer:2] 008:ffn-up-projection: 0.000195000 seconds
[token:69, layer:2] 009:ffn-swiglu: 0.000001000 seconds
[token:69, layer:2] 010:ffn-down-projection: 0.000140000 seconds
[token:69, layer:2] 102:layer-compute-total: 0.000504000 seconds
[token:69, layer:3] 002:attention-norm: 0.000000000 seconds
[token:69, layer:3] 003:qkv-projection: 0.000110000 seconds
[token:69, layer:3] 004:apply-rope: 0.000001000 seconds
[token:69, layer:3] 005:compute-attention: 0.000016000 seconds
[token:69, layer:3] 006:attention-output: 0.000037000 seconds
[token:69, layer:3] 007:ffn-norm: 0.000000000 seconds
[token:69, layer:3] 008:ffn-up-projection: 0.000194000 seconds
[token:69, layer:3] 009:ffn-swiglu: 0.000001000 seconds
[token:69, layer:3] 010:ffn-down-projection: 0.000139000 seconds
[token:69, layer:3] 102:layer-compute-total: 0.000498000 seconds
[token:69, layer:4] 002:attention-norm: 0.000001000 seconds
[token:69, layer:4] 003:qkv-projection: 0.000110000 seconds
[token:69, layer:4] 004:apply-rope: 0.000002000 seconds
[token:69, layer:4] 005:compute-attention: 0.000015000 seconds
[token:69, layer:4] 006:attention-output: 0.000036000 seconds
[token:69, layer:4] 007:ffn-norm: 0.000000000 seconds
[token:69, layer:4] 008:ffn-up-projection: 0.000195000 seconds
[token:69, layer:4] 009:ffn-swiglu: 0.000001000 seconds
[token:69, layer:4] 010:ffn-down-projection: 0.000139000 seconds
[token:69, layer:4] 102:layer-compute-total: 0.000499000 seconds
[token:69, layer:5] 002:attention-norm: 0.000000000 seconds
[token:69, layer:5] 003:qkv-projection: 0.000109000 seconds
[token:69, layer:5] 004:apply-rope: 0.000001000 seconds
[token:69, layer:5] 005:compute-attention: 0.000016000 seconds
[token:69, layer:5] 006:attention-output: 0.000036000 seconds
[token:69, layer:5] 007:ffn-norm: 0.000000000 seconds
[token:69, layer:5] 008:ffn-up-projection: 0.000194000 seconds
[token:69, layer:5] 009:ffn-swiglu: 0.000001000 seconds
[token:69, layer:5] 010:ffn-down-projection: 0.000139000 seconds
[token:69, layer:5] 102:layer-compute-total: 0.000496000 seconds
[token:69] 011:final-projection: 0.004687000 seconds
[token:69] 103:forward-compute-total: 0.007684000 seconds
[token:70] 001:embedding-lookup: 0.000001000 seconds
[token:70, layer:0] 002:attention-norm: 0.000000000 seconds
[token:70, layer:0] 003:qkv-projection: 0.000117000 seconds
[token:70, layer:0] 004:apply-rope: 0.000002000 seconds
[token:70, layer:0] 005:compute-attention: 0.000017000 seconds
[token:70, layer:0] 006:attention-output: 0.000037000 seconds
[token:70, layer:0] 007:ffn-norm: 0.000001000 seconds
[token:70, layer:0] 008:ffn-up-projection: 0.000199000 seconds
[token:70, layer:0] 009:ffn-swiglu: 0.000001000 seconds
[token:70, layer:0] 010:ffn-down-projection: 0.000140000 seconds
[token:70, layer:0] 102:layer-compute-total: 0.000514000 seconds
[token:70, layer:1] 002:attention-norm: 0.000000000 seconds
[token:70, layer:1] 003:qkv-projection: 0.000109000 seconds
[token:70, layer:1] 004:apply-rope: 0.000001000 seconds
[token:70, layer:1] 005:compute-attention: 0.000016000 seconds
[token:70, layer:1] 006:attention-output: 0.000037000 seconds
[token:70, layer:1] 007:ffn-norm: 0.000001000 seconds
[token:70, layer:1] 008:ffn-up-projection: 0.000195000 seconds
[token:70, layer:1] 009:ffn-swiglu: 0.000001000 seconds
[token:70, layer:1] 010:ffn-down-projection: 0.000139000 seconds
[token:70, layer:1] 102:layer-compute-total: 0.000499000 seconds
[token:70, layer:2] 002:attention-norm: 0.000001000 seconds
[token:70, layer:2] 003:qkv-projection: 0.000110000 seconds
[token:70, layer:2] 004:apply-rope: 0.000001000 seconds
[token:70, layer:2] 005:compute-attention: 0.000017000 seconds
[token:70, layer:2] 006:attention-output: 0.000037000 seconds
[token:70, layer:2] 007:ffn-norm: 0.000000000 seconds
[token:70, layer:2] 008:ffn-up-projection: 0.000268000 seconds
[token:70, layer:2] 009:ffn-swiglu: 0.000004000 seconds
[token:70, layer:2] 010:ffn-down-projection: 0.000163000 seconds
[token:70, layer:2] 102:layer-compute-total: 0.000601000 seconds
[token:70, layer:3] 002:attention-norm: 0.000001000 seconds
[token:70, layer:3] 003:qkv-projection: 0.000110000 seconds
[token:70, layer:3] 004:apply-rope: 0.000002000 seconds
[token:70, layer:3] 005:compute-attention: 0.000016000 seconds
[token:70, layer:3] 006:attention-output: 0.000185000 seconds
[token:70, layer:3] 007:ffn-norm: 0.000001000 seconds
[token:70, layer:3] 008:ffn-up-projection: 0.000452000 seconds
[token:70, layer:3] 009:ffn-swiglu: 0.000003000 seconds
[token:70, layer:3] 010:ffn-down-projection: 0.000252000 seconds
[token:70, layer:3] 102:layer-compute-total: 0.001022000 seconds
[token:70, layer:4] 002:attention-norm: 0.000001000 seconds
[token:70, layer:4] 003:qkv-projection: 0.000110000 seconds
[token:70, layer:4] 004:apply-rope: 0.000001000 seconds
[token:70, layer:4] 005:compute-attention: 0.000017000 seconds
[token:70, layer:4] 006:attention-output: 0.000036000 seconds
[token:70, layer:4] 007:ffn-norm: 0.000000000 seconds
[token:70, layer:4] 008:ffn-up-projection: 0.000195000 seconds
[token:70, layer:4] 009:ffn-swiglu: 0.000001000 seconds
[token:70, layer:4] 010:ffn-down-projection: 0.000140000 seconds
[token:70, layer:4] 102:layer-compute-total: 0.000501000 seconds
[token:70, layer:5] 002:attention-norm: 0.000000000 seconds
[token:70, layer:5] 003:qkv-projection: 0.000109000 seconds
[token:70, layer:5] 004:apply-rope: 0.000002000 seconds
[token:70, layer:5] 005:compute-attention: 0.000016000 seconds
[token:70, layer:5] 006:attention-output: 0.000036000 seconds
[token:70, layer:5] 007:ffn-norm: 0.000000000 seconds
[token:70, layer:5] 008:ffn-up-projection: 0.000195000 seconds
[token:70, layer:5] 009:ffn-swiglu: 0.000001000 seconds
[token:70, layer:5] 010:ffn-down-projection: 0.000297000 seconds
[token:70, layer:5] 102:layer-compute-total: 0.000656000 seconds
[token:70] 011:final-projection: 0.005090000 seconds
[token:70] 103:forward-compute-total: 0.008884000 seconds
[token:71] 001:embedding-lookup: 0.000000000 seconds
[token:71, layer:0] 002:attention-norm: 0.000000000 seconds
[token:71, layer:0] 003:qkv-projection: 0.000114000 seconds
[token:71, layer:0] 004:apply-rope: 0.000002000 seconds
[token:71, layer:0] 005:compute-attention: 0.000017000 seconds
[token:71, layer:0] 006:attention-output: 0.000037000 seconds
[token:71, layer:0] 007:ffn-norm: 0.000001000 seconds
[token:71, layer:0] 008:ffn-up-projection: 0.000195000 seconds
[token:71, layer:0] 009:ffn-swiglu: 0.000001000 seconds
[token:71, layer:0] 010:ffn-down-projection: 0.000139000 seconds
[token:71, layer:0] 102:layer-compute-total: 0.000506000 seconds
[token:71, layer:1] 002:attention-norm: 0.000000000 seconds
[token:71, layer:1] 003:qkv-projection: 0.000111000 seconds
[token:71, layer:1] 004:apply-rope: 0.000002000 seconds
[token:71, layer:1] 005:compute-attention: 0.000017000 seconds
[token:71, layer:1] 006:attention-output: 0.000037000 seconds
[token:71, layer:1] 007:ffn-norm: 0.000001000 seconds
[token:71, layer:1] 008:ffn-up-projection: 0.000195000 seconds
[token:71, layer:1] 009:ffn-swiglu: 0.000002000 seconds
[token:71, layer:1] 010:ffn-down-projection: 0.000140000 seconds
[token:71, layer:1] 102:layer-compute-total: 0.000505000 seconds
[token:71, layer:2] 002:attention-norm: 0.000000000 seconds
[token:71, layer:2] 003:qkv-projection: 0.000112000 seconds
[token:71, layer:2] 004:apply-rope: 0.000001000 seconds
[token:71, layer:2] 005:compute-attention: 0.000017000 seconds
[token:71, layer:2] 006:attention-output: 0.000037000 seconds
[token:71, layer:2] 007:ffn-norm: 0.000000000 seconds
[token:71, layer:2] 008:ffn-up-projection: 0.000194000 seconds
[token:71, layer:2] 009:ffn-swiglu: 0.000001000 seconds
[token:71, layer:2] 010:ffn-down-projection: 0.000139000 seconds
[token:71, layer:2] 102:layer-compute-total: 0.000501000 seconds
[token:71, layer:3] 002:attention-norm: 0.000001000 seconds
[token:71, layer:3] 003:qkv-projection: 0.000112000 seconds
[token:71, layer:3] 004:apply-rope: 0.000001000 seconds
[token:71, layer:3] 005:compute-attention: 0.000018000 seconds
[token:71, layer:3] 006:attention-output: 0.000036000 seconds
[token:71, layer:3] 007:ffn-norm: 0.000001000 seconds
[token:71, layer:3] 008:ffn-up-projection: 0.000194000 seconds
[token:71, layer:3] 009:ffn-swiglu: 0.000001000 seconds
[token:71, layer:3] 010:ffn-down-projection: 0.000140000 seconds
[token:71, layer:3] 102:layer-compute-total: 0.000504000 seconds
[token:71, layer:4] 002:attention-norm: 0.000000000 seconds
[token:71, layer:4] 003:qkv-projection: 0.000112000 seconds
[token:71, layer:4] 004:apply-rope: 0.000001000 seconds
[token:71, layer:4] 005:compute-attention: 0.000016000 seconds
[token:71, layer:4] 006:attention-output: 0.000036000 seconds
[token:71, layer:4] 007:ffn-norm: 0.000000000 seconds
[token:71, layer:4] 008:ffn-up-projection: 0.000194000 seconds
[token:71, layer:4] 009:ffn-swiglu: 0.000002000 seconds
[token:71, layer:4] 010:ffn-down-projection: 0.000139000 seconds
[token:71, layer:4] 102:layer-compute-total: 0.000500000 seconds
[token:71, layer:5] 002:attention-norm: 0.000000000 seconds
[token:71, layer:5] 003:qkv-projection: 0.000113000 seconds
[token:71, layer:5] 004:apply-rope: 0.000002000 seconds
[token:71, layer:5] 005:compute-attention: 0.000016000 seconds
[token:71, layer:5] 006:attention-output: 0.000036000 seconds
[token:71, layer:5] 007:ffn-norm: 0.000000000 seconds
[token:71, layer:5] 008:ffn-up-projection: 0.000194000 seconds
[token:71, layer:5] 009:ffn-swiglu: 0.000001000 seconds
[token:71, layer:5] 010:ffn-down-projection: 0.000139000 seconds
[token:71, layer:5] 102:layer-compute-total: 0.000501000 seconds
[token:71] 011:final-projection: 0.004042000 seconds
[token:71] 103:forward-compute-total: 0.007059000 seconds
[token:72] 001:embedding-lookup: 0.000000000 seconds
[token:72, layer:0] 002:attention-norm: 0.000001000 seconds
[token:72, layer:0] 003:qkv-projection: 0.000110000 seconds
[token:72, layer:0] 004:apply-rope: 0.000002000 seconds
[token:72, layer:0] 005:compute-attention: 0.000014000 seconds
[token:72, layer:0] 006:attention-output: 0.000037000 seconds
[token:72, layer:0] 007:ffn-norm: 0.000001000 seconds
[token:72, layer:0] 008:ffn-up-projection: 0.000194000 seconds
[token:72, layer:0] 009:ffn-swiglu: 0.000001000 seconds
[token:72, layer:0] 010:ffn-down-projection: 0.000140000 seconds
[token:72, layer:0] 102:layer-compute-total: 0.000500000 seconds
[token:72, layer:1] 002:attention-norm: 0.000001000 seconds
[token:72, layer:1] 003:qkv-projection: 0.000110000 seconds
[token:72, layer:1] 004:apply-rope: 0.000001000 seconds
[token:72, layer:1] 005:compute-attention: 0.000015000 seconds
[token:72, layer:1] 006:attention-output: 0.000036000 seconds
[token:72, layer:1] 007:ffn-norm: 0.000001000 seconds
[token:72, layer:1] 008:ffn-up-projection: 0.000194000 seconds
[token:72, layer:1] 009:ffn-swiglu: 0.000001000 seconds
[token:72, layer:1] 010:ffn-down-projection: 0.000139000 seconds
[token:72, layer:1] 102:layer-compute-total: 0.000498000 seconds
[token:72, layer:2] 002:attention-norm: 0.000001000 seconds
[token:72, layer:2] 003:qkv-projection: 0.000110000 seconds
[token:72, layer:2] 004:apply-rope: 0.000002000 seconds
[token:72, layer:2] 005:compute-attention: 0.000014000 seconds
[token:72, layer:2] 006:attention-output: 0.000037000 seconds
[token:72, layer:2] 007:ffn-norm: 0.000000000 seconds
[token:72, layer:2] 008:ffn-up-projection: 0.000194000 seconds
[token:72, layer:2] 009:ffn-swiglu: 0.000002000 seconds
[token:72, layer:2] 010:ffn-down-projection: 0.000139000 seconds
[token:72, layer:2] 102:layer-compute-total: 0.000499000 seconds
[token:72, layer:3] 002:attention-norm: 0.000000000 seconds
[token:72, layer:3] 003:qkv-projection: 0.000110000 seconds
[token:72, layer:3] 004:apply-rope: 0.000001000 seconds
[token:72, layer:3] 005:compute-attention: 0.000014000 seconds
[token:72, layer:3] 006:attention-output: 0.000037000 seconds
[token:72, layer:3] 007:ffn-norm: 0.000001000 seconds
[token:72, layer:3] 008:ffn-up-projection: 0.000195000 seconds
[token:72, layer:3] 009:ffn-swiglu: 0.000001000 seconds
[token:72, layer:3] 010:ffn-down-projection: 0.000139000 seconds
[token:72, layer:3] 102:layer-compute-total: 0.000498000 seconds
[token:72, layer:4] 002:attention-norm: 0.000001000 seconds
[token:72, layer:4] 003:qkv-projection: 0.000110000 seconds
[token:72, layer:4] 004:apply-rope: 0.000002000 seconds
[token:72, layer:4] 005:compute-attention: 0.000015000 seconds
[token:72, layer:4] 006:attention-output: 0.000037000 seconds
[token:72, layer:4] 007:ffn-norm: 0.000000000 seconds
[token:72, layer:4] 008:ffn-up-projection: 0.000197000 seconds
[token:72, layer:4] 009:ffn-swiglu: 0.000001000 seconds
[token:72, layer:4] 010:ffn-down-projection: 0.000139000 seconds
[token:72, layer:4] 102:layer-compute-total: 0.000502000 seconds
[token:72, layer:5] 002:attention-norm: 0.000001000 seconds
[token:72, layer:5] 003:qkv-projection: 0.000111000 seconds
[token:72, layer:5] 004:apply-rope: 0.000002000 seconds
[token:72, layer:5] 005:compute-attention: 0.000015000 seconds
[token:72, layer:5] 006:attention-output: 0.000037000 seconds
[token:72, layer:5] 007:ffn-norm: 0.000001000 seconds
[token:72, layer:5] 008:ffn-up-projection: 0.000194000 seconds
[token:72, layer:5] 009:ffn-swiglu: 0.000001000 seconds
[token:72, layer:5] 010:ffn-down-projection: 0.000140000 seconds
[token:72, layer:5] 102:layer-compute-total: 0.000502000 seconds
[token:72] 011:final-projection: 0.004252000 seconds
[token:72] 103:forward-compute-total: 0.007251000 seconds
[token:73] 001:embedding-lookup: 0.000000000 seconds
[token:73, layer:0] 002:attention-norm: 0.000000000 seconds
[token:73, layer:0] 003:qkv-projection: 0.000110000 seconds
[token:73, layer:0] 004:apply-rope: 0.000003000 seconds
[token:73, layer:0] 005:compute-attention: 0.000016000 seconds
[token:73, layer:0] 006:attention-output: 0.000037000 seconds
[token:73, layer:0] 007:ffn-norm: 0.000000000 seconds
[token:73, layer:0] 008:ffn-up-projection: 0.000195000 seconds
[token:73, layer:0] 009:ffn-swiglu: 0.000001000 seconds
[token:73, layer:0] 010:ffn-down-projection: 0.000139000 seconds
[token:73, layer:0] 102:layer-compute-total: 0.000501000 seconds
[token:73, layer:1] 002:attention-norm: 0.000001000 seconds
[token:73, layer:1] 003:qkv-projection: 0.000109000 seconds
[token:73, layer:1] 004:apply-rope: 0.000001000 seconds
[token:73, layer:1] 005:compute-attention: 0.000015000 seconds
[token:73, layer:1] 006:attention-output: 0.000036000 seconds
[token:73, layer:1] 007:ffn-norm: 0.000000000 seconds
[token:73, layer:1] 008:ffn-up-projection: 0.000195000 seconds
[token:73, layer:1] 009:ffn-swiglu: 0.000001000 seconds
[token:73, layer:1] 010:ffn-down-projection: 0.000140000 seconds
[token:73, layer:1] 102:layer-compute-total: 0.000498000 seconds
[token:73, layer:2] 002:attention-norm: 0.000001000 seconds
[token:73, layer:2] 003:qkv-projection: 0.000110000 seconds
[token:73, layer:2] 004:apply-rope: 0.000001000 seconds
[token:73, layer:2] 005:compute-attention: 0.000016000 seconds
[token:73, layer:2] 006:attention-output: 0.000036000 seconds
[token:73, layer:2] 007:ffn-norm: 0.000001000 seconds
[token:73, layer:2] 008:ffn-up-projection: 0.000194000 seconds
[token:73, layer:2] 009:ffn-swiglu: 0.000001000 seconds
[token:73, layer:2] 010:ffn-down-projection: 0.000139000 seconds
[token:73, layer:2] 102:layer-compute-total: 0.000499000 seconds
[token:73, layer:3] 002:attention-norm: 0.000000000 seconds
[token:73, layer:3] 003:qkv-projection: 0.000110000 seconds
[token:73, layer:3] 004:apply-rope: 0.000002000 seconds
[token:73, layer:3] 005:compute-attention: 0.000016000 seconds
[token:73, layer:3] 006:attention-output: 0.000036000 seconds
[token:73, layer:3] 007:ffn-norm: 0.000000000 seconds
[token:73, layer:3] 008:ffn-up-projection: 0.000194000 seconds
[token:73, layer:3] 009:ffn-swiglu: 0.000002000 seconds
[token:73, layer:3] 010:ffn-down-projection: 0.000139000 seconds
[token:73, layer:3] 102:layer-compute-total: 0.000499000 seconds
[token:73, layer:4] 002:attention-norm: 0.000000000 seconds
[token:73, layer:4] 003:qkv-projection: 0.000109000 seconds
[token:73, layer:4] 004:apply-rope: 0.000002000 seconds
[token:73, layer:4] 005:compute-attention: 0.000016000 seconds
[token:73, layer:4] 006:attention-output: 0.000036000 seconds
[token:73, layer:4] 007:ffn-norm: 0.000000000 seconds
[token:73, layer:4] 008:ffn-up-projection: 0.000194000 seconds
[token:73, layer:4] 009:ffn-swiglu: 0.000001000 seconds
[token:73, layer:4] 010:ffn-down-projection: 0.000140000 seconds
[token:73, layer:4] 102:layer-compute-total: 0.000498000 seconds
[token:73, layer:5] 002:attention-norm: 0.000000000 seconds
[token:73, layer:5] 003:qkv-projection: 0.000110000 seconds
[token:73, layer:5] 004:apply-rope: 0.000002000 seconds
[token:73, layer:5] 005:compute-attention: 0.000014000 seconds
[token:73, layer:5] 006:attention-output: 0.000036000 seconds
[token:73, layer:5] 007:ffn-norm: 0.000000000 seconds
[token:73, layer:5] 008:ffn-up-projection: 0.000194000 seconds
[token:73, layer:5] 009:ffn-swiglu: 0.000001000 seconds
[token:73, layer:5] 010:ffn-down-projection: 0.000139000 seconds
[token:73, layer:5] 102:layer-compute-total: 0.000496000 seconds
[token:73] 011:final-projection: 0.004092000 seconds
[token:73] 103:forward-compute-total: 0.007083000 seconds
[token:74] 001:embedding-lookup: 0.000001000 seconds
[token:74, layer:0] 002:attention-norm: 0.000000000 seconds
[token:74, layer:0] 003:qkv-projection: 0.000110000 seconds
[token:74, layer:0] 004:apply-rope: 0.000002000 seconds
[token:74, layer:0] 005:compute-attention: 0.000014000 seconds
[token:74, layer:0] 006:attention-output: 0.000036000 seconds
[token:74, layer:0] 007:ffn-norm: 0.000000000 seconds
[token:74, layer:0] 008:ffn-up-projection: 0.000194000 seconds
[token:74, layer:0] 009:ffn-swiglu: 0.000001000 seconds
[token:74, layer:0] 010:ffn-down-projection: 0.000140000 seconds
[token:74, layer:0] 102:layer-compute-total: 0.000497000 seconds
[token:74, layer:1] 002:attention-norm: 0.000000000 seconds
[token:74, layer:1] 003:qkv-projection: 0.000109000 seconds
[token:74, layer:1] 004:apply-rope: 0.000001000 seconds
[token:74, layer:1] 005:compute-attention: 0.000014000 seconds
[token:74, layer:1] 006:attention-output: 0.000036000 seconds
[token:74, layer:1] 007:ffn-norm: 0.000001000 seconds
[token:74, layer:1] 008:ffn-up-projection: 0.000195000 seconds
[token:74, layer:1] 009:ffn-swiglu: 0.000001000 seconds
[token:74, layer:1] 010:ffn-down-projection: 0.000139000 seconds
[token:74, layer:1] 102:layer-compute-total: 0.000496000 seconds
[token:74, layer:2] 002:attention-norm: 0.000000000 seconds
[token:74, layer:2] 003:qkv-projection: 0.000109000 seconds
[token:74, layer:2] 004:apply-rope: 0.000001000 seconds
[token:74, layer:2] 005:compute-attention: 0.000013000 seconds
[token:74, layer:2] 006:attention-output: 0.000037000 seconds
[token:74, layer:2] 007:ffn-norm: 0.000001000 seconds
[token:74, layer:2] 008:ffn-up-projection: 0.000193000 seconds
[token:74, layer:2] 009:ffn-swiglu: 0.000001000 seconds
[token:74, layer:2] 010:ffn-down-projection: 0.000139000 seconds
[token:74, layer:2] 102:layer-compute-total: 0.000494000 seconds
[token:74, layer:3] 002:attention-norm: 0.000000000 seconds
[token:74, layer:3] 003:qkv-projection: 0.000109000 seconds
[token:74, layer:3] 004:apply-rope: 0.000001000 seconds
[token:74, layer:3] 005:compute-attention: 0.000013000 seconds
[token:74, layer:3] 006:attention-output: 0.000036000 seconds
[token:74, layer:3] 007:ffn-norm: 0.000001000 seconds
[token:74, layer:3] 008:ffn-up-projection: 0.000200000 seconds
[token:74, layer:3] 009:ffn-swiglu: 0.000001000 seconds
[token:74, layer:3] 010:ffn-down-projection: 0.000139000 seconds
[token:74, layer:3] 102:layer-compute-total: 0.000500000 seconds
[token:74, layer:4] 002:attention-norm: 0.000000000 seconds
[token:74, layer:4] 003:qkv-projection: 0.000110000 seconds
[token:74, layer:4] 004:apply-rope: 0.000001000 seconds
[token:74, layer:4] 005:compute-attention: 0.000013000 seconds
[token:74, layer:4] 006:attention-output: 0.000037000 seconds
[token:74, layer:4] 007:ffn-norm: 0.000000000 seconds
[token:74, layer:4] 008:ffn-up-projection: 0.000194000 seconds
[token:74, layer:4] 009:ffn-swiglu: 0.000001000 seconds
[token:74, layer:4] 010:ffn-down-projection: 0.000139000 seconds
[token:74, layer:4] 102:layer-compute-total: 0.000495000 seconds
[token:74, layer:5] 002:attention-norm: 0.000000000 seconds
[token:74, layer:5] 003:qkv-projection: 0.000109000 seconds
[token:74, layer:5] 004:apply-rope: 0.000001000 seconds
[token:74, layer:5] 005:compute-attention: 0.000013000 seconds
[token:74, layer:5] 006:attention-output: 0.000036000 seconds
[token:74, layer:5] 007:ffn-norm: 0.000000000 seconds
[token:74, layer:5] 008:ffn-up-projection: 0.000199000 seconds
[token:74, layer:5] 009:ffn-swiglu: 0.000001000 seconds
[token:74, layer:5] 010:ffn-down-projection: 0.000139000 seconds
[token:74, layer:5] 102:layer-compute-total: 0.000498000 seconds
[token:74] 011:final-projection: 0.004527000 seconds
[token:74] 103:forward-compute-total: 0.007508000 seconds
[token:75] 001:embedding-lookup: 0.000000000 seconds
[token:75, layer:0] 002:attention-norm: 0.000000000 seconds
[token:75, layer:0] 003:qkv-projection: 0.000111000 seconds
[token:75, layer:0] 004:apply-rope: 0.000002000 seconds
[token:75, layer:0] 005:compute-attention: 0.000016000 seconds
[token:75, layer:0] 006:attention-output: 0.000036000 seconds
[token:75, layer:0] 007:ffn-norm: 0.000001000 seconds
[token:75, layer:0] 008:ffn-up-projection: 0.000194000 seconds
[token:75, layer:0] 009:ffn-swiglu: 0.000001000 seconds
[token:75, layer:0] 010:ffn-down-projection: 0.000139000 seconds
[token:75, layer:0] 102:layer-compute-total: 0.000500000 seconds
[token:75, layer:1] 002:attention-norm: 0.000000000 seconds
[token:75, layer:1] 003:qkv-projection: 0.000109000 seconds
[token:75, layer:1] 004:apply-rope: 0.000001000 seconds
[token:75, layer:1] 005:compute-attention: 0.000015000 seconds
[token:75, layer:1] 006:attention-output: 0.000037000 seconds
[token:75, layer:1] 007:ffn-norm: 0.000001000 seconds
[token:75, layer:1] 008:ffn-up-projection: 0.000197000 seconds
[token:75, layer:1] 009:ffn-swiglu: 0.000001000 seconds
[token:75, layer:1] 010:ffn-down-projection: 0.000139000 seconds
[token:75, layer:1] 102:layer-compute-total: 0.000500000 seconds
[token:75, layer:2] 002:attention-norm: 0.000001000 seconds
[token:75, layer:2] 003:qkv-projection: 0.000110000 seconds
[token:75, layer:2] 004:apply-rope: 0.000001000 seconds
[token:75, layer:2] 005:compute-attention: 0.000017000 seconds
[token:75, layer:2] 006:attention-output: 0.000062000 seconds
[token:75, layer:2] 007:ffn-norm: 0.000001000 seconds
[token:75, layer:2] 008:ffn-up-projection: 0.000194000 seconds
[token:75, layer:2] 009:ffn-swiglu: 0.000001000 seconds
[token:75, layer:2] 010:ffn-down-projection: 0.000138000 seconds
[token:75, layer:2] 102:layer-compute-total: 0.000525000 seconds
[token:75, layer:3] 002:attention-norm: 0.000000000 seconds
[token:75, layer:3] 003:qkv-projection: 0.000110000 seconds
[token:75, layer:3] 004:apply-rope: 0.000002000 seconds
[token:75, layer:3] 005:compute-attention: 0.000017000 seconds
[token:75, layer:3] 006:attention-output: 0.000036000 seconds
[token:75, layer:3] 007:ffn-norm: 0.000000000 seconds
[token:75, layer:3] 008:ffn-up-projection: 0.000194000 seconds
[token:75, layer:3] 009:ffn-swiglu: 0.000001000 seconds
[token:75, layer:3] 010:ffn-down-projection: 0.000140000 seconds
[token:75, layer:3] 102:layer-compute-total: 0.000500000 seconds
[token:75, layer:4] 002:attention-norm: 0.000000000 seconds
[token:75, layer:4] 003:qkv-projection: 0.000109000 seconds
[token:75, layer:4] 004:apply-rope: 0.000001000 seconds
[token:75, layer:4] 005:compute-attention: 0.000018000 seconds
[token:75, layer:4] 006:attention-output: 0.000036000 seconds
[token:75, layer:4] 007:ffn-norm: 0.000000000 seconds
[token:75, layer:4] 008:ffn-up-projection: 0.000194000 seconds
[token:75, layer:4] 009:ffn-swiglu: 0.000001000 seconds
[token:75, layer:4] 010:ffn-down-projection: 0.000140000 seconds
[token:75, layer:4] 102:layer-compute-total: 0.000499000 seconds
[token:75, layer:5] 002:attention-norm: 0.000000000 seconds
[token:75, layer:5] 003:qkv-projection: 0.000111000 seconds
[token:75, layer:5] 004:apply-rope: 0.000001000 seconds
[token:75, layer:5] 005:compute-attention: 0.000017000 seconds
[token:75, layer:5] 006:attention-output: 0.000036000 seconds
[token:75, layer:5] 007:ffn-norm: 0.000000000 seconds
[token:75, layer:5] 008:ffn-up-projection: 0.000194000 seconds
[token:75, layer:5] 009:ffn-swiglu: 0.000001000 seconds
[token:75, layer:5] 010:ffn-down-projection: 0.000140000 seconds
[token:75, layer:5] 102:layer-compute-total: 0.000500000 seconds
[token:75] 011:final-projection: 0.004096000 seconds
[token:75] 103:forward-compute-total: 0.007120000 seconds
[token:76] 001:embedding-lookup: 0.000000000 seconds
[token:76, layer:0] 002:attention-norm: 0.000000000 seconds
[token:76, layer:0] 003:qkv-projection: 0.000110000 seconds
[token:76, layer:0] 004:apply-rope: 0.000001000 seconds
[token:76, layer:0] 005:compute-attention: 0.000014000 seconds
[token:76, layer:0] 006:attention-output: 0.000036000 seconds
[token:76, layer:0] 007:ffn-norm: 0.000001000 seconds
[token:76, layer:0] 008:ffn-up-projection: 0.000195000 seconds
[token:76, layer:0] 009:ffn-swiglu: 0.000001000 seconds
[token:76, layer:0] 010:ffn-down-projection: 0.000140000 seconds
[token:76, layer:0] 102:layer-compute-total: 0.000498000 seconds
[token:76, layer:1] 002:attention-norm: 0.000000000 seconds
[token:76, layer:1] 003:qkv-projection: 0.000112000 seconds
[token:76, layer:1] 004:apply-rope: 0.000001000 seconds
[token:76, layer:1] 005:compute-attention: 0.000013000 seconds
[token:76, layer:1] 006:attention-output: 0.000036000 seconds
[token:76, layer:1] 007:ffn-norm: 0.000000000 seconds
[token:76, layer:1] 008:ffn-up-projection: 0.000194000 seconds
[token:76, layer:1] 009:ffn-swiglu: 0.000001000 seconds
[token:76, layer:1] 010:ffn-down-projection: 0.000138000 seconds
[token:76, layer:1] 102:layer-compute-total: 0.000495000 seconds
[token:76, layer:2] 002:attention-norm: 0.000000000 seconds
[token:76, layer:2] 003:qkv-projection: 0.000111000 seconds
[token:76, layer:2] 004:apply-rope: 0.000001000 seconds
[token:76, layer:2] 005:compute-attention: 0.000015000 seconds
[token:76, layer:2] 006:attention-output: 0.000036000 seconds
[token:76, layer:2] 007:ffn-norm: 0.000000000 seconds
[token:76, layer:2] 008:ffn-up-projection: 0.000194000 seconds
[token:76, layer:2] 009:ffn-swiglu: 0.000002000 seconds
[token:76, layer:2] 010:ffn-down-projection: 0.000139000 seconds
[token:76, layer:2] 102:layer-compute-total: 0.000498000 seconds
[token:76, layer:3] 002:attention-norm: 0.000000000 seconds
[token:76, layer:3] 003:qkv-projection: 0.000112000 seconds
[token:76, layer:3] 004:apply-rope: 0.000001000 seconds
[token:76, layer:3] 005:compute-attention: 0.000014000 seconds
[token:76, layer:3] 006:attention-output: 0.000040000 seconds
[token:76, layer:3] 007:ffn-norm: 0.000000000 seconds
[token:76, layer:3] 008:ffn-up-projection: 0.000198000 seconds
[token:76, layer:3] 009:ffn-swiglu: 0.000002000 seconds
[token:76, layer:3] 010:ffn-down-projection: 0.000138000 seconds
[token:76, layer:3] 102:layer-compute-total: 0.000505000 seconds
[token:76, layer:4] 002:attention-norm: 0.000000000 seconds
[token:76, layer:4] 003:qkv-projection: 0.000111000 seconds
[token:76, layer:4] 004:apply-rope: 0.000001000 seconds
[token:76, layer:4] 005:compute-attention: 0.000015000 seconds
[token:76, layer:4] 006:attention-output: 0.000036000 seconds
[token:76, layer:4] 007:ffn-norm: 0.000000000 seconds
[token:76, layer:4] 008:ffn-up-projection: 0.000199000 seconds
[token:76, layer:4] 009:ffn-swiglu: 0.000001000 seconds
[token:76, layer:4] 010:ffn-down-projection: 0.000146000 seconds
[token:76, layer:4] 102:layer-compute-total: 0.000509000 seconds
[token:76, layer:5] 002:attention-norm: 0.000000000 seconds
[token:76, layer:5] 003:qkv-projection: 0.000111000 seconds
[token:76, layer:5] 004:apply-rope: 0.000001000 seconds
[token:76, layer:5] 005:compute-attention: 0.000016000 seconds
[token:76, layer:5] 006:attention-output: 0.000036000 seconds
[token:76, layer:5] 007:ffn-norm: 0.000000000 seconds
[token:76, layer:5] 008:ffn-up-projection: 0.000194000 seconds
[token:76, layer:5] 009:ffn-swiglu: 0.000002000 seconds
[token:76, layer:5] 010:ffn-down-projection: 0.000140000 seconds
[token:76, layer:5] 102:layer-compute-total: 0.000500000 seconds
[token:76] 011:final-projection: 0.004915000 seconds
[token:76] 103:forward-compute-total: 0.007920000 seconds
[token:77] 001:embedding-lookup: 0.000000000 seconds
[token:77, layer:0] 002:attention-norm: 0.000000000 seconds
[token:77, layer:0] 003:qkv-projection: 0.000112000 seconds
[token:77, layer:0] 004:apply-rope: 0.000002000 seconds
[token:77, layer:0] 005:compute-attention: 0.000018000 seconds
[token:77, layer:0] 006:attention-output: 0.000037000 seconds
[token:77, layer:0] 007:ffn-norm: 0.000001000 seconds
[token:77, layer:0] 008:ffn-up-projection: 0.000194000 seconds
[token:77, layer:0] 009:ffn-swiglu: 0.000001000 seconds
[token:77, layer:0] 010:ffn-down-projection: 0.000140000 seconds
[token:77, layer:0] 102:layer-compute-total: 0.000505000 seconds
[token:77, layer:1] 002:attention-norm: 0.000001000 seconds
[token:77, layer:1] 003:qkv-projection: 0.000114000 seconds
[token:77, layer:1] 004:apply-rope: 0.000001000 seconds
[token:77, layer:1] 005:compute-attention: 0.000018000 seconds
[token:77, layer:1] 006:attention-output: 0.000037000 seconds
[token:77, layer:1] 007:ffn-norm: 0.000000000 seconds
[token:77, layer:1] 008:ffn-up-projection: 0.000195000 seconds
[token:77, layer:1] 009:ffn-swiglu: 0.000001000 seconds
[token:77, layer:1] 010:ffn-down-projection: 0.000139000 seconds
[token:77, layer:1] 102:layer-compute-total: 0.000506000 seconds
[token:77, layer:2] 002:attention-norm: 0.000000000 seconds
[token:77, layer:2] 003:qkv-projection: 0.000109000 seconds
[token:77, layer:2] 004:apply-rope: 0.000001000 seconds
[token:77, layer:2] 005:compute-attention: 0.000018000 seconds
[token:77, layer:2] 006:attention-output: 0.000037000 seconds
[token:77, layer:2] 007:ffn-norm: 0.000000000 seconds
[token:77, layer:2] 008:ffn-up-projection: 0.000198000 seconds
[token:77, layer:2] 009:ffn-swiglu: 0.000001000 seconds
[token:77, layer:2] 010:ffn-down-projection: 0.000138000 seconds
[token:77, layer:2] 102:layer-compute-total: 0.000502000 seconds
[token:77, layer:3] 002:attention-norm: 0.000000000 seconds
[token:77, layer:3] 003:qkv-projection: 0.000110000 seconds
[token:77, layer:3] 004:apply-rope: 0.000002000 seconds
[token:77, layer:3] 005:compute-attention: 0.000021000 seconds
[token:77, layer:3] 006:attention-output: 0.000037000 seconds
[token:77, layer:3] 007:ffn-norm: 0.000001000 seconds
[token:77, layer:3] 008:ffn-up-projection: 0.000195000 seconds
[token:77, layer:3] 009:ffn-swiglu: 0.000001000 seconds
[token:77, layer:3] 010:ffn-down-projection: 0.000140000 seconds
[token:77, layer:3] 102:layer-compute-total: 0.000507000 seconds
[token:77, layer:4] 002:attention-norm: 0.000000000 seconds
[token:77, layer:4] 003:qkv-projection: 0.000110000 seconds
[token:77, layer:4] 004:apply-rope: 0.000001000 seconds
[token:77, layer:4] 005:compute-attention: 0.000018000 seconds
[token:77, layer:4] 006:attention-output: 0.000037000 seconds
[token:77, layer:4] 007:ffn-norm: 0.000000000 seconds
[token:77, layer:4] 008:ffn-up-projection: 0.000194000 seconds
[token:77, layer:4] 009:ffn-swiglu: 0.000002000 seconds
[token:77, layer:4] 010:ffn-down-projection: 0.000143000 seconds
[token:77, layer:4] 102:layer-compute-total: 0.000505000 seconds
[token:77, layer:5] 002:attention-norm: 0.000000000 seconds
[token:77, layer:5] 003:qkv-projection: 0.000109000 seconds
[token:77, layer:5] 004:apply-rope: 0.000002000 seconds
[token:77, layer:5] 005:compute-attention: 0.000018000 seconds
[token:77, layer:5] 006:attention-output: 0.000038000 seconds
[token:77, layer:5] 007:ffn-norm: 0.000000000 seconds
[token:77, layer:5] 008:ffn-up-projection: 0.000194000 seconds
[token:77, layer:5] 009:ffn-swiglu: 0.000001000 seconds
[token:77, layer:5] 010:ffn-down-projection: 0.000140000 seconds
[token:77, layer:5] 102:layer-compute-total: 0.000502000 seconds
[token:77] 011:final-projection: 0.004253000 seconds
[token:77] 103:forward-compute-total: 0.007280000 seconds
[token:78] 001:embedding-lookup: 0.000000000 seconds
[token:78, layer:0] 002:attention-norm: 0.000000000 seconds
[token:78, layer:0] 003:qkv-projection: 0.000110000 seconds
[token:78, layer:0] 004:apply-rope: 0.000002000 seconds
[token:78, layer:0] 005:compute-attention: 0.000018000 seconds
[token:78, layer:0] 006:attention-output: 0.000037000 seconds
[token:78, layer:0] 007:ffn-norm: 0.000001000 seconds
[token:78, layer:0] 008:ffn-up-projection: 0.000194000 seconds
[token:78, layer:0] 009:ffn-swiglu: 0.000001000 seconds
[token:78, layer:0] 010:ffn-down-projection: 0.000139000 seconds
[token:78, layer:0] 102:layer-compute-total: 0.000502000 seconds
[token:78, layer:1] 002:attention-norm: 0.000000000 seconds
[token:78, layer:1] 003:qkv-projection: 0.000109000 seconds
[token:78, layer:1] 004:apply-rope: 0.000002000 seconds
[token:78, layer:1] 005:compute-attention: 0.000018000 seconds
[token:78, layer:1] 006:attention-output: 0.000037000 seconds
[token:78, layer:1] 007:ffn-norm: 0.000000000 seconds
[token:78, layer:1] 008:ffn-up-projection: 0.000196000 seconds
[token:78, layer:1] 009:ffn-swiglu: 0.000001000 seconds
[token:78, layer:1] 010:ffn-down-projection: 0.000144000 seconds
[token:78, layer:1] 102:layer-compute-total: 0.000507000 seconds
[token:78, layer:2] 002:attention-norm: 0.000000000 seconds
[token:78, layer:2] 003:qkv-projection: 0.000117000 seconds
[token:78, layer:2] 004:apply-rope: 0.000002000 seconds
[token:78, layer:2] 005:compute-attention: 0.000018000 seconds
[token:78, layer:2] 006:attention-output: 0.000037000 seconds
[token:78, layer:2] 007:ffn-norm: 0.000001000 seconds
[token:78, layer:2] 008:ffn-up-projection: 0.000201000 seconds
[token:78, layer:2] 009:ffn-swiglu: 0.000001000 seconds
[token:78, layer:2] 010:ffn-down-projection: 0.000149000 seconds
[token:78, layer:2] 102:layer-compute-total: 0.000526000 seconds
[token:78, layer:3] 002:attention-norm: 0.000000000 seconds
[token:78, layer:3] 003:qkv-projection: 0.000116000 seconds
[token:78, layer:3] 004:apply-rope: 0.000001000 seconds
[token:78, layer:3] 005:compute-attention: 0.000017000 seconds
[token:78, layer:3] 006:attention-output: 0.000040000 seconds
[token:78, layer:3] 007:ffn-norm: 0.000000000 seconds
[token:78, layer:3] 008:ffn-up-projection: 0.000278000 seconds
[token:78, layer:3] 009:ffn-swiglu: 0.000002000 seconds
[token:78, layer:3] 010:ffn-down-projection: 0.000156000 seconds
[token:78, layer:3] 102:layer-compute-total: 0.000610000 seconds
[token:78, layer:4] 002:attention-norm: 0.000000000 seconds
[token:78, layer:4] 003:qkv-projection: 0.000120000 seconds
[token:78, layer:4] 004:apply-rope: 0.000001000 seconds
[token:78, layer:4] 005:compute-attention: 0.000018000 seconds
[token:78, layer:4] 006:attention-output: 0.000037000 seconds
[token:78, layer:4] 007:ffn-norm: 0.000000000 seconds
[token:78, layer:4] 008:ffn-up-projection: 0.000208000 seconds
[token:78, layer:4] 009:ffn-swiglu: 0.000001000 seconds
[token:78, layer:4] 010:ffn-down-projection: 0.000152000 seconds
[token:78, layer:4] 102:layer-compute-total: 0.000537000 seconds
[token:78, layer:5] 002:attention-norm: 0.000000000 seconds
[token:78, layer:5] 003:qkv-projection: 0.000113000 seconds
[token:78, layer:5] 004:apply-rope: 0.000002000 seconds
[token:78, layer:5] 005:compute-attention: 0.000019000 seconds
[token:78, layer:5] 006:attention-output: 0.000037000 seconds
[token:78, layer:5] 007:ffn-norm: 0.000000000 seconds
[token:78, layer:5] 008:ffn-up-projection: 0.000201000 seconds
[token:78, layer:5] 009:ffn-swiglu: 0.000001000 seconds
[token:78, layer:5] 010:ffn-down-projection: 0.000139000 seconds
[token:78, layer:5] 102:layer-compute-total: 0.000512000 seconds
[token:78] 011:final-projection: 0.006304000 seconds
[token:78] 103:forward-compute-total: 0.009498000 seconds
[token:79] 001:embedding-lookup: 0.000000000 seconds
[token:79, layer:0] 002:attention-norm: 0.000037000 seconds
[token:79, layer:0] 003:qkv-projection: 0.000139000 seconds
[token:79, layer:0] 004:apply-rope: 0.000002000 seconds
[token:79, layer:0] 005:compute-attention: 0.000023000 seconds
[token:79, layer:0] 006:attention-output: 0.000037000 seconds
[token:79, layer:0] 007:ffn-norm: 0.000001000 seconds
[token:79, layer:0] 008:ffn-up-projection: 0.000248000 seconds
[token:79, layer:0] 009:ffn-swiglu: 0.000001000 seconds
[token:79, layer:0] 010:ffn-down-projection: 0.000157000 seconds
[token:79, layer:0] 102:layer-compute-total: 0.000645000 seconds
[token:79, layer:1] 002:attention-norm: 0.000000000 seconds
[token:79, layer:1] 003:qkv-projection: 0.000193000 seconds
[token:79, layer:1] 004:apply-rope: 0.000001000 seconds
[token:79, layer:1] 005:compute-attention: 0.000037000 seconds
[token:79, layer:1] 006:attention-output: 0.000037000 seconds
[token:79, layer:1] 007:ffn-norm: 0.000000000 seconds
[token:79, layer:1] 008:ffn-up-projection: 0.000480000 seconds
[token:79, layer:1] 009:ffn-swiglu: 0.000001000 seconds
[token:79, layer:1] 010:ffn-down-projection: 0.000228000 seconds
[token:79, layer:1] 102:layer-compute-total: 0.000977000 seconds
[token:79, layer:2] 002:attention-norm: 0.000000000 seconds
[token:79, layer:2] 003:qkv-projection: 0.000125000 seconds
[token:79, layer:2] 004:apply-rope: 0.000001000 seconds
[token:79, layer:2] 005:compute-attention: 0.000018000 seconds
[token:79, layer:2] 006:attention-output: 0.000037000 seconds
[token:79, layer:2] 007:ffn-norm: 0.000001000 seconds
[token:79, layer:2] 008:ffn-up-projection: 0.000203000 seconds
[token:79, layer:2] 009:ffn-swiglu: 0.000001000 seconds
[token:79, layer:2] 010:ffn-down-projection: 0.000228000 seconds
[token:79, layer:2] 102:layer-compute-total: 0.000614000 seconds
[token:79, layer:3] 002:attention-norm: 0.000001000 seconds
[token:79, layer:3] 003:qkv-projection: 0.000177000 seconds
[token:79, layer:3] 004:apply-rope: 0.000002000 seconds
[token:79, layer:3] 005:compute-attention: 0.000020000 seconds
[token:79, layer:3] 006:attention-output: 0.000037000 seconds
[token:79, layer:3] 007:ffn-norm: 0.000001000 seconds
[token:79, layer:3] 008:ffn-up-projection: 0.000195000 seconds
[token:79, layer:3] 009:ffn-swiglu: 0.000001000 seconds
[token:79, layer:3] 010:ffn-down-projection: 0.000143000 seconds
[token:79, layer:3] 102:layer-compute-total: 0.000577000 seconds
[token:79, layer:4] 002:attention-norm: 0.000001000 seconds
[token:79, layer:4] 003:qkv-projection: 0.000170000 seconds
[token:79, layer:4] 004:apply-rope: 0.000001000 seconds
[token:79, layer:4] 005:compute-attention: 0.000025000 seconds
[token:79, layer:4] 006:attention-output: 0.000037000 seconds
[token:79, layer:4] 007:ffn-norm: 0.000001000 seconds
[token:79, layer:4] 008:ffn-up-projection: 0.000363000 seconds
[token:79, layer:4] 009:ffn-swiglu: 0.000001000 seconds
[token:79, layer:4] 010:ffn-down-projection: 0.000161000 seconds
[token:79, layer:4] 102:layer-compute-total: 0.000760000 seconds
[token:79, layer:5] 002:attention-norm: 0.000000000 seconds
[token:79, layer:5] 003:qkv-projection: 0.000116000 seconds
[token:79, layer:5] 004:apply-rope: 0.000002000 seconds
[token:79, layer:5] 005:compute-attention: 0.000021000 seconds
[token:79, layer:5] 006:attention-output: 0.000037000 seconds
[token:79, layer:5] 007:ffn-norm: 0.000001000 seconds
[token:79, layer:5] 008:ffn-up-projection: 0.000194000 seconds
[token:79, layer:5] 009:ffn-swiglu: 0.000001000 seconds
[token:79, layer:5] 010:ffn-down-projection: 0.000140000 seconds
[token:79, layer:5] 102:layer-compute-total: 0.000512000 seconds
[token:79] 011:final-projection: 0.004843000 seconds
[token:79] 103:forward-compute-total: 0.008928000 seconds
[token:80] 001:embedding-lookup: 0.000000000 seconds
[token:80, layer:0] 002:attention-norm: 0.000000000 seconds
[token:80, layer:0] 003:qkv-projection: 0.000126000 seconds
[token:80, layer:0] 004:apply-rope: 0.000002000 seconds
[token:80, layer:0] 005:compute-attention: 0.000020000 seconds
[token:80, layer:0] 006:attention-output: 0.000037000 seconds
[token:80, layer:0] 007:ffn-norm: 0.000001000 seconds
[token:80, layer:0] 008:ffn-up-projection: 0.000200000 seconds
[token:80, layer:0] 009:ffn-swiglu: 0.000001000 seconds
[token:80, layer:0] 010:ffn-down-projection: 0.000141000 seconds
[token:80, layer:0] 102:layer-compute-total: 0.000528000 seconds
[token:80, layer:1] 002:attention-norm: 0.000001000 seconds
[token:80, layer:1] 003:qkv-projection: 0.000139000 seconds
[token:80, layer:1] 004:apply-rope: 0.000002000 seconds
[token:80, layer:1] 005:compute-attention: 0.000020000 seconds
[token:80, layer:1] 006:attention-output: 0.000036000 seconds
[token:80, layer:1] 007:ffn-norm: 0.000001000 seconds
[token:80, layer:1] 008:ffn-up-projection: 0.000303000 seconds
[token:80, layer:1] 009:ffn-swiglu: 0.000001000 seconds
[token:80, layer:1] 010:ffn-down-projection: 0.000139000 seconds
[token:80, layer:1] 102:layer-compute-total: 0.000642000 seconds
[token:80, layer:2] 002:attention-norm: 0.000000000 seconds
[token:80, layer:2] 003:qkv-projection: 0.000111000 seconds
[token:80, layer:2] 004:apply-rope: 0.000001000 seconds
[token:80, layer:2] 005:compute-attention: 0.000021000 seconds
[token:80, layer:2] 006:attention-output: 0.000037000 seconds
[token:80, layer:2] 007:ffn-norm: 0.000000000 seconds
[token:80, layer:2] 008:ffn-up-projection: 0.000227000 seconds
[token:80, layer:2] 009:ffn-swiglu: 0.000002000 seconds
[token:80, layer:2] 010:ffn-down-projection: 0.000253000 seconds
[token:80, layer:2] 102:layer-compute-total: 0.000652000 seconds
[token:80, layer:3] 002:attention-norm: 0.000001000 seconds
[token:80, layer:3] 003:qkv-projection: 0.000165000 seconds
[token:80, layer:3] 004:apply-rope: 0.000001000 seconds
[token:80, layer:3] 005:compute-attention: 0.000021000 seconds
[token:80, layer:3] 006:attention-output: 0.000036000 seconds
[token:80, layer:3] 007:ffn-norm: 0.000000000 seconds
[token:80, layer:3] 008:ffn-up-projection: 0.000198000 seconds
[token:80, layer:3] 009:ffn-swiglu: 0.000001000 seconds
[token:80, layer:3] 010:ffn-down-projection: 0.000142000 seconds
[token:80, layer:3] 102:layer-compute-total: 0.000565000 seconds
[token:80, layer:4] 002:attention-norm: 0.000000000 seconds
[token:80, layer:4] 003:qkv-projection: 0.000109000 seconds
[token:80, layer:4] 004:apply-rope: 0.000001000 seconds
[token:80, layer:4] 005:compute-attention: 0.000019000 seconds
[token:80, layer:4] 006:attention-output: 0.000037000 seconds
[token:80, layer:4] 007:ffn-norm: 0.000001000 seconds
[token:80, layer:4] 008:ffn-up-projection: 0.000194000 seconds
[token:80, layer:4] 009:ffn-swiglu: 0.000001000 seconds
[token:80, layer:4] 010:ffn-down-projection: 0.000140000 seconds
[token:80, layer:4] 102:layer-compute-total: 0.000502000 seconds
[token:80, layer:5] 002:attention-norm: 0.000000000 seconds
[token:80, layer:5] 003:qkv-projection: 0.000218000 seconds
[token:80, layer:5] 004:apply-rope: 0.000002000 seconds
[token:80, layer:5] 005:compute-attention: 0.000021000 seconds
[token:80, layer:5] 006:attention-output: 0.000036000 seconds
[token:80, layer:5] 007:ffn-norm: 0.000001000 seconds
[token:80, layer:5] 008:ffn-up-projection: 0.000223000 seconds
[token:80, layer:5] 009:ffn-swiglu: 0.000001000 seconds
[token:80, layer:5] 010:ffn-down-projection: 0.000140000 seconds
[token:80, layer:5] 102:layer-compute-total: 0.000642000 seconds
[token:80] 011:final-projection: 0.005703000 seconds
[token:80] 103:forward-compute-total: 0.009234000 seconds
[token:81] 001:embedding-lookup: 0.000000000 seconds
[token:81, layer:0] 002:attention-norm: 0.000001000 seconds
[token:81, layer:0] 003:qkv-projection: 0.000110000 seconds
[token:81, layer:0] 004:apply-rope: 0.000002000 seconds
[token:81, layer:0] 005:compute-attention: 0.000022000 seconds
[token:81, layer:0] 006:attention-output: 0.000036000 seconds
[token:81, layer:0] 007:ffn-norm: 0.000000000 seconds
[token:81, layer:0] 008:ffn-up-projection: 0.000215000 seconds
[token:81, layer:0] 009:ffn-swiglu: 0.000001000 seconds
[token:81, layer:0] 010:ffn-down-projection: 0.000142000 seconds
[token:81, layer:0] 102:layer-compute-total: 0.000529000 seconds
[token:81, layer:1] 002:attention-norm: 0.000001000 seconds
[token:81, layer:1] 003:qkv-projection: 0.000110000 seconds
[token:81, layer:1] 004:apply-rope: 0.000002000 seconds
[token:81, layer:1] 005:compute-attention: 0.000022000 seconds
[token:81, layer:1] 006:attention-output: 0.000036000 seconds
[token:81, layer:1] 007:ffn-norm: 0.000000000 seconds
[token:81, layer:1] 008:ffn-up-projection: 0.000194000 seconds
[token:81, layer:1] 009:ffn-swiglu: 0.000001000 seconds
[token:81, layer:1] 010:ffn-down-projection: 0.000140000 seconds
[token:81, layer:1] 102:layer-compute-total: 0.000506000 seconds
[token:81, layer:2] 002:attention-norm: 0.000000000 seconds
[token:81, layer:2] 003:qkv-projection: 0.000110000 seconds
[token:81, layer:2] 004:apply-rope: 0.000002000 seconds
[token:81, layer:2] 005:compute-attention: 0.000019000 seconds
[token:81, layer:2] 006:attention-output: 0.000037000 seconds
[token:81, layer:2] 007:ffn-norm: 0.000000000 seconds
[token:81, layer:2] 008:ffn-up-projection: 0.000197000 seconds
[token:81, layer:2] 009:ffn-swiglu: 0.000001000 seconds
[token:81, layer:2] 010:ffn-down-projection: 0.000337000 seconds
[token:81, layer:2] 102:layer-compute-total: 0.000703000 seconds
[token:81, layer:3] 002:attention-norm: 0.000000000 seconds
[token:81, layer:3] 003:qkv-projection: 0.000110000 seconds
[token:81, layer:3] 004:apply-rope: 0.000002000 seconds
[token:81, layer:3] 005:compute-attention: 0.000019000 seconds
[token:81, layer:3] 006:attention-output: 0.000037000 seconds
[token:81, layer:3] 007:ffn-norm: 0.000000000 seconds
[token:81, layer:3] 008:ffn-up-projection: 0.000195000 seconds
[token:81, layer:3] 009:ffn-swiglu: 0.000001000 seconds
[token:81, layer:3] 010:ffn-down-projection: 0.000139000 seconds
[token:81, layer:3] 102:layer-compute-total: 0.000503000 seconds
[token:81, layer:4] 002:attention-norm: 0.000000000 seconds
[token:81, layer:4] 003:qkv-projection: 0.000109000 seconds
[token:81, layer:4] 004:apply-rope: 0.000001000 seconds
[token:81, layer:4] 005:compute-attention: 0.000020000 seconds
[token:81, layer:4] 006:attention-output: 0.000036000 seconds
[token:81, layer:4] 007:ffn-norm: 0.000000000 seconds
[token:81, layer:4] 008:ffn-up-projection: 0.000194000 seconds
[token:81, layer:4] 009:ffn-swiglu: 0.000001000 seconds
[token:81, layer:4] 010:ffn-down-projection: 0.000141000 seconds
[token:81, layer:4] 102:layer-compute-total: 0.000502000 seconds
[token:81, layer:5] 002:attention-norm: 0.000000000 seconds
[token:81, layer:5] 003:qkv-projection: 0.000110000 seconds
[token:81, layer:5] 004:apply-rope: 0.000001000 seconds
[token:81, layer:5] 005:compute-attention: 0.000021000 seconds
[token:81, layer:5] 006:attention-output: 0.000036000 seconds
[token:81, layer:5] 007:ffn-norm: 0.000000000 seconds
[token:81, layer:5] 008:ffn-up-projection: 0.000215000 seconds
[token:81, layer:5] 009:ffn-swiglu: 0.000002000 seconds
[token:81, layer:5] 010:ffn-down-projection: 0.000140000 seconds
[token:81, layer:5] 102:layer-compute-total: 0.000525000 seconds
[token:81] 011:final-projection: 0.005447000 seconds
[token:81] 103:forward-compute-total: 0.008715000 seconds
[token:82] 001:embedding-lookup: 0.000000000 seconds
[token:82, layer:0] 002:attention-norm: 0.000001000 seconds
[token:82, layer:0] 003:qkv-projection: 0.000224000 seconds
[token:82, layer:0] 004:apply-rope: 0.000002000 seconds
[token:82, layer:0] 005:compute-attention: 0.000022000 seconds
[token:82, layer:0] 006:attention-output: 0.000051000 seconds
[token:82, layer:0] 007:ffn-norm: 0.000000000 seconds
[token:82, layer:0] 008:ffn-up-projection: 0.000733000 seconds
[token:82, layer:0] 009:ffn-swiglu: 0.000001000 seconds
[token:82, layer:0] 010:ffn-down-projection: 0.000207000 seconds
[token:82, layer:0] 102:layer-compute-total: 0.001241000 seconds
[token:82, layer:1] 002:attention-norm: 0.000001000 seconds
[token:82, layer:1] 003:qkv-projection: 0.000109000 seconds
[token:82, layer:1] 004:apply-rope: 0.000015000 seconds
[token:82, layer:1] 005:compute-attention: 0.000025000 seconds
[token:82, layer:1] 006:attention-output: 0.000037000 seconds
[token:82, layer:1] 007:ffn-norm: 0.000000000 seconds
[token:82, layer:1] 008:ffn-up-projection: 0.000204000 seconds
[token:82, layer:1] 009:ffn-swiglu: 0.000001000 seconds
[token:82, layer:1] 010:ffn-down-projection: 0.000273000 seconds
[token:82, layer:1] 102:layer-compute-total: 0.000665000 seconds
[token:82, layer:2] 002:attention-norm: 0.000000000 seconds
[token:82, layer:2] 003:qkv-projection: 0.000148000 seconds
[token:82, layer:2] 004:apply-rope: 0.000002000 seconds
[token:82, layer:2] 005:compute-attention: 0.000022000 seconds
[token:82, layer:2] 006:attention-output: 0.000037000 seconds
[token:82, layer:2] 007:ffn-norm: 0.000000000 seconds
[token:82, layer:2] 008:ffn-up-projection: 0.000194000 seconds
[token:82, layer:2] 009:ffn-swiglu: 0.000001000 seconds
[token:82, layer:2] 010:ffn-down-projection: 0.000140000 seconds
[token:82, layer:2] 102:layer-compute-total: 0.000544000 seconds
[token:82, layer:3] 002:attention-norm: 0.000000000 seconds
[token:82, layer:3] 003:qkv-projection: 0.000110000 seconds
[token:82, layer:3] 004:apply-rope: 0.000002000 seconds
[token:82, layer:3] 005:compute-attention: 0.000020000 seconds
[token:82, layer:3] 006:attention-output: 0.000037000 seconds
[token:82, layer:3] 007:ffn-norm: 0.000000000 seconds
[token:82, layer:3] 008:ffn-up-projection: 0.000267000 seconds
[token:82, layer:3] 009:ffn-swiglu: 0.000001000 seconds
[token:82, layer:3] 010:ffn-down-projection: 0.000143000 seconds
[token:82, layer:3] 102:layer-compute-total: 0.000580000 seconds
[token:82, layer:4] 002:attention-norm: 0.000001000 seconds
[token:82, layer:4] 003:qkv-projection: 0.000110000 seconds
[token:82, layer:4] 004:apply-rope: 0.000001000 seconds
[token:82, layer:4] 005:compute-attention: 0.000019000 seconds
[token:82, layer:4] 006:attention-output: 0.000037000 seconds
[token:82, layer:4] 007:ffn-norm: 0.000001000 seconds
[token:82, layer:4] 008:ffn-up-projection: 0.000194000 seconds
[token:82, layer:4] 009:ffn-swiglu: 0.000001000 seconds
[token:82, layer:4] 010:ffn-down-projection: 0.000140000 seconds
[token:82, layer:4] 102:layer-compute-total: 0.000504000 seconds
[token:82, layer:5] 002:attention-norm: 0.000000000 seconds
[token:82, layer:5] 003:qkv-projection: 0.000110000 seconds
[token:82, layer:5] 004:apply-rope: 0.000001000 seconds
[token:82, layer:5] 005:compute-attention: 0.000022000 seconds
[token:82, layer:5] 006:attention-output: 0.000037000 seconds
[token:82, layer:5] 007:ffn-norm: 0.000000000 seconds
[token:82, layer:5] 008:ffn-up-projection: 0.000198000 seconds
[token:82, layer:5] 009:ffn-swiglu: 0.000001000 seconds
[token:82, layer:5] 010:ffn-down-projection: 0.000140000 seconds
[token:82, layer:5] 102:layer-compute-total: 0.000509000 seconds
[token:82] 011:final-projection: 0.004832000 seconds
[token:82] 103:forward-compute-total: 0.008875000 seconds
[token:83] 001:embedding-lookup: 0.000001000 seconds
[token:83, layer:0] 002:attention-norm: 0.000001000 seconds
[token:83, layer:0] 003:qkv-projection: 0.000119000 seconds
[token:83, layer:0] 004:apply-rope: 0.000002000 seconds
[token:83, layer:0] 005:compute-attention: 0.000022000 seconds
[token:83, layer:0] 006:attention-output: 0.000038000 seconds
[token:83, layer:0] 007:ffn-norm: 0.000001000 seconds
[token:83, layer:0] 008:ffn-up-projection: 0.000199000 seconds
[token:83, layer:0] 009:ffn-swiglu: 0.000001000 seconds
[token:83, layer:0] 010:ffn-down-projection: 0.000159000 seconds
[token:83, layer:0] 102:layer-compute-total: 0.000542000 seconds
[token:83, layer:1] 002:attention-norm: 0.000001000 seconds
[token:83, layer:1] 003:qkv-projection: 0.000110000 seconds
[token:83, layer:1] 004:apply-rope: 0.000002000 seconds
[token:83, layer:1] 005:compute-attention: 0.000022000 seconds
[token:83, layer:1] 006:attention-output: 0.000037000 seconds
[token:83, layer:1] 007:ffn-norm: 0.000001000 seconds
[token:83, layer:1] 008:ffn-up-projection: 0.000194000 seconds
[token:83, layer:1] 009:ffn-swiglu: 0.000001000 seconds
[token:83, layer:1] 010:ffn-down-projection: 0.000140000 seconds
[token:83, layer:1] 102:layer-compute-total: 0.000508000 seconds
[token:83, layer:2] 002:attention-norm: 0.000001000 seconds
[token:83, layer:2] 003:qkv-projection: 0.000110000 seconds
[token:83, layer:2] 004:apply-rope: 0.000001000 seconds
[token:83, layer:2] 005:compute-attention: 0.000035000 seconds
[token:83, layer:2] 006:attention-output: 0.000037000 seconds
[token:83, layer:2] 007:ffn-norm: 0.000000000 seconds
[token:83, layer:2] 008:ffn-up-projection: 0.000196000 seconds
[token:83, layer:2] 009:ffn-swiglu: 0.000002000 seconds
[token:83, layer:2] 010:ffn-down-projection: 0.000140000 seconds
[token:83, layer:2] 102:layer-compute-total: 0.000522000 seconds
[token:83, layer:3] 002:attention-norm: 0.000000000 seconds
[token:83, layer:3] 003:qkv-projection: 0.000110000 seconds
[token:83, layer:3] 004:apply-rope: 0.000003000 seconds
[token:83, layer:3] 005:compute-attention: 0.000021000 seconds
[token:83, layer:3] 006:attention-output: 0.000036000 seconds
[token:83, layer:3] 007:ffn-norm: 0.000000000 seconds
[token:83, layer:3] 008:ffn-up-projection: 0.000195000 seconds
[token:83, layer:3] 009:ffn-swiglu: 0.000001000 seconds
[token:83, layer:3] 010:ffn-down-projection: 0.000143000 seconds
[token:83, layer:3] 102:layer-compute-total: 0.000509000 seconds
[token:83, layer:4] 002:attention-norm: 0.000000000 seconds
[token:83, layer:4] 003:qkv-projection: 0.000116000 seconds
[token:83, layer:4] 004:apply-rope: 0.000001000 seconds
[token:83, layer:4] 005:compute-attention: 0.000020000 seconds
[token:83, layer:4] 006:attention-output: 0.000037000 seconds
[token:83, layer:4] 007:ffn-norm: 0.000000000 seconds
[token:83, layer:4] 008:ffn-up-projection: 0.000194000 seconds
[token:83, layer:4] 009:ffn-swiglu: 0.000001000 seconds
[token:83, layer:4] 010:ffn-down-projection: 0.000140000 seconds
[token:83, layer:4] 102:layer-compute-total: 0.000509000 seconds
[token:83, layer:5] 002:attention-norm: 0.000000000 seconds
[token:83, layer:5] 003:qkv-projection: 0.000110000 seconds
[token:83, layer:5] 004:apply-rope: 0.000001000 seconds
[token:83, layer:5] 005:compute-attention: 0.000018000 seconds
[token:83, layer:5] 006:attention-output: 0.000037000 seconds
[token:83, layer:5] 007:ffn-norm: 0.000000000 seconds
[token:83, layer:5] 008:ffn-up-projection: 0.000194000 seconds
[token:83, layer:5] 009:ffn-swiglu: 0.000001000 seconds
[token:83, layer:5] 010:ffn-down-projection: 0.000140000 seconds
[token:83, layer:5] 102:layer-compute-total: 0.000501000 seconds
[token:83] 011:final-projection: 0.004254000 seconds
[token:83] 103:forward-compute-total: 0.007346000 seconds
[token:84] 001:embedding-lookup: 0.000000000 seconds
[token:84, layer:0] 002:attention-norm: 0.000000000 seconds
[token:84, layer:0] 003:qkv-projection: 0.000118000 seconds
[token:84, layer:0] 004:apply-rope: 0.000003000 seconds
[token:84, layer:0] 005:compute-attention: 0.000020000 seconds
[token:84, layer:0] 006:attention-output: 0.000037000 seconds
[token:84, layer:0] 007:ffn-norm: 0.000000000 seconds
[token:84, layer:0] 008:ffn-up-projection: 0.000195000 seconds
[token:84, layer:0] 009:ffn-swiglu: 0.000002000 seconds
[token:84, layer:0] 010:ffn-down-projection: 0.000139000 seconds
[token:84, layer:0] 102:layer-compute-total: 0.000514000 seconds
[token:84, layer:1] 002:attention-norm: 0.000000000 seconds
[token:84, layer:1] 003:qkv-projection: 0.000110000 seconds
[token:84, layer:1] 004:apply-rope: 0.000001000 seconds
[token:84, layer:1] 005:compute-attention: 0.000020000 seconds
[token:84, layer:1] 006:attention-output: 0.000037000 seconds
[token:84, layer:1] 007:ffn-norm: 0.000000000 seconds
[token:84, layer:1] 008:ffn-up-projection: 0.000194000 seconds
[token:84, layer:1] 009:ffn-swiglu: 0.000001000 seconds
[token:84, layer:1] 010:ffn-down-projection: 0.000139000 seconds
[token:84, layer:1] 102:layer-compute-total: 0.000502000 seconds
[token:84, layer:2] 002:attention-norm: 0.000001000 seconds
[token:84, layer:2] 003:qkv-projection: 0.000141000 seconds
[token:84, layer:2] 004:apply-rope: 0.000001000 seconds
[token:84, layer:2] 005:compute-attention: 0.000021000 seconds
[token:84, layer:2] 006:attention-output: 0.000057000 seconds
[token:84, layer:2] 007:ffn-norm: 0.000000000 seconds
[token:84, layer:2] 008:ffn-up-projection: 0.000194000 seconds
[token:84, layer:2] 009:ffn-swiglu: 0.000001000 seconds
[token:84, layer:2] 010:ffn-down-projection: 0.000139000 seconds
[token:84, layer:2] 102:layer-compute-total: 0.000555000 seconds
[token:84, layer:3] 002:attention-norm: 0.000000000 seconds
[token:84, layer:3] 003:qkv-projection: 0.000109000 seconds
[token:84, layer:3] 004:apply-rope: 0.000001000 seconds
[token:84, layer:3] 005:compute-attention: 0.000021000 seconds
[token:84, layer:3] 006:attention-output: 0.000037000 seconds
[token:84, layer:3] 007:ffn-norm: 0.000001000 seconds
[token:84, layer:3] 008:ffn-up-projection: 0.000194000 seconds
[token:84, layer:3] 009:ffn-swiglu: 0.000001000 seconds
[token:84, layer:3] 010:ffn-down-projection: 0.000170000 seconds
[token:84, layer:3] 102:layer-compute-total: 0.000534000 seconds
[token:84, layer:4] 002:attention-norm: 0.000001000 seconds
[token:84, layer:4] 003:qkv-projection: 0.000110000 seconds
[token:84, layer:4] 004:apply-rope: 0.000002000 seconds
[token:84, layer:4] 005:compute-attention: 0.000020000 seconds
[token:84, layer:4] 006:attention-output: 0.000037000 seconds
[token:84, layer:4] 007:ffn-norm: 0.000001000 seconds
[token:84, layer:4] 008:ffn-up-projection: 0.000194000 seconds
[token:84, layer:4] 009:ffn-swiglu: 0.000001000 seconds
[token:84, layer:4] 010:ffn-down-projection: 0.000139000 seconds
[token:84, layer:4] 102:layer-compute-total: 0.000505000 seconds
[token:84, layer:5] 002:attention-norm: 0.000000000 seconds
[token:84, layer:5] 003:qkv-projection: 0.000110000 seconds
[token:84, layer:5] 004:apply-rope: 0.000002000 seconds
[token:84, layer:5] 005:compute-attention: 0.000024000 seconds
[token:84, layer:5] 006:attention-output: 0.000036000 seconds
[token:84, layer:5] 007:ffn-norm: 0.000000000 seconds
[token:84, layer:5] 008:ffn-up-projection: 0.000195000 seconds
[token:84, layer:5] 009:ffn-swiglu: 0.000002000 seconds
[token:84, layer:5] 010:ffn-down-projection: 0.000139000 seconds
[token:84, layer:5] 102:layer-compute-total: 0.000508000 seconds
[token:84] 011:final-projection: 0.006084000 seconds
[token:84] 103:forward-compute-total: 0.009202000 seconds
[token:85] 001:embedding-lookup: 0.000000000 seconds
[token:85, layer:0] 002:attention-norm: 0.000001000 seconds
[token:85, layer:0] 003:qkv-projection: 0.000115000 seconds
[token:85, layer:0] 004:apply-rope: 0.000002000 seconds
[token:85, layer:0] 005:compute-attention: 0.000020000 seconds
[token:85, layer:0] 006:attention-output: 0.000037000 seconds
[token:85, layer:0] 007:ffn-norm: 0.000001000 seconds
[token:85, layer:0] 008:ffn-up-projection: 0.000194000 seconds
[token:85, layer:0] 009:ffn-swiglu: 0.000002000 seconds
[token:85, layer:0] 010:ffn-down-projection: 0.000143000 seconds
[token:85, layer:0] 102:layer-compute-total: 0.000515000 seconds
[token:85, layer:1] 002:attention-norm: 0.000001000 seconds
[token:85, layer:1] 003:qkv-projection: 0.000112000 seconds
[token:85, layer:1] 004:apply-rope: 0.000001000 seconds
[token:85, layer:1] 005:compute-attention: 0.000020000 seconds
[token:85, layer:1] 006:attention-output: 0.000037000 seconds
[token:85, layer:1] 007:ffn-norm: 0.000000000 seconds
[token:85, layer:1] 008:ffn-up-projection: 0.000194000 seconds
[token:85, layer:1] 009:ffn-swiglu: 0.000002000 seconds
[token:85, layer:1] 010:ffn-down-projection: 0.000140000 seconds
[token:85, layer:1] 102:layer-compute-total: 0.000507000 seconds
[token:85, layer:2] 002:attention-norm: 0.000001000 seconds
[token:85, layer:2] 003:qkv-projection: 0.000112000 seconds
[token:85, layer:2] 004:apply-rope: 0.000001000 seconds
[token:85, layer:2] 005:compute-attention: 0.000019000 seconds
[token:85, layer:2] 006:attention-output: 0.000037000 seconds
[token:85, layer:2] 007:ffn-norm: 0.000000000 seconds
[token:85, layer:2] 008:ffn-up-projection: 0.000194000 seconds
[token:85, layer:2] 009:ffn-swiglu: 0.000001000 seconds
[token:85, layer:2] 010:ffn-down-projection: 0.000139000 seconds
[token:85, layer:2] 102:layer-compute-total: 0.000504000 seconds
[token:85, layer:3] 002:attention-norm: 0.000000000 seconds
[token:85, layer:3] 003:qkv-projection: 0.000111000 seconds
[token:85, layer:3] 004:apply-rope: 0.000001000 seconds
[token:85, layer:3] 005:compute-attention: 0.000019000 seconds
[token:85, layer:3] 006:attention-output: 0.000037000 seconds
[token:85, layer:3] 007:ffn-norm: 0.000000000 seconds
[token:85, layer:3] 008:ffn-up-projection: 0.000194000 seconds
[token:85, layer:3] 009:ffn-swiglu: 0.000001000 seconds
[token:85, layer:3] 010:ffn-down-projection: 0.000140000 seconds
[token:85, layer:3] 102:layer-compute-total: 0.000503000 seconds
[token:85, layer:4] 002:attention-norm: 0.000000000 seconds
[token:85, layer:4] 003:qkv-projection: 0.000115000 seconds
[token:85, layer:4] 004:apply-rope: 0.000001000 seconds
[token:85, layer:4] 005:compute-attention: 0.000019000 seconds
[token:85, layer:4] 006:attention-output: 0.000037000 seconds
[token:85, layer:4] 007:ffn-norm: 0.000000000 seconds
[token:85, layer:4] 008:ffn-up-projection: 0.000194000 seconds
[token:85, layer:4] 009:ffn-swiglu: 0.000001000 seconds
[token:85, layer:4] 010:ffn-down-projection: 0.000142000 seconds
[token:85, layer:4] 102:layer-compute-total: 0.000509000 seconds
[token:85, layer:5] 002:attention-norm: 0.000000000 seconds
[token:85, layer:5] 003:qkv-projection: 0.000112000 seconds
[token:85, layer:5] 004:apply-rope: 0.000001000 seconds
[token:85, layer:5] 005:compute-attention: 0.000018000 seconds
[token:85, layer:5] 006:attention-output: 0.000037000 seconds
[token:85, layer:5] 007:ffn-norm: 0.000000000 seconds
[token:85, layer:5] 008:ffn-up-projection: 0.000194000 seconds
[token:85, layer:5] 009:ffn-swiglu: 0.000001000 seconds
[token:85, layer:5] 010:ffn-down-projection: 0.000142000 seconds
[token:85, layer:5] 102:layer-compute-total: 0.000505000 seconds
[token:85] 011:final-projection: 0.004441000 seconds
[token:85] 103:forward-compute-total: 0.007484000 seconds
[token:86] 001:embedding-lookup: 0.000000000 seconds
[token:86, layer:0] 002:attention-norm: 0.000001000 seconds
[token:86, layer:0] 003:qkv-projection: 0.000110000 seconds
[token:86, layer:0] 004:apply-rope: 0.000002000 seconds
[token:86, layer:0] 005:compute-attention: 0.000019000 seconds
[token:86, layer:0] 006:attention-output: 0.000037000 seconds
[token:86, layer:0] 007:ffn-norm: 0.000001000 seconds
[token:86, layer:0] 008:ffn-up-projection: 0.000195000 seconds
[token:86, layer:0] 009:ffn-swiglu: 0.000001000 seconds
[token:86, layer:0] 010:ffn-down-projection: 0.000140000 seconds
[token:86, layer:0] 102:layer-compute-total: 0.000506000 seconds
[token:86, layer:1] 002:attention-norm: 0.000000000 seconds
[token:86, layer:1] 003:qkv-projection: 0.000110000 seconds
[token:86, layer:1] 004:apply-rope: 0.000002000 seconds
[token:86, layer:1] 005:compute-attention: 0.000020000 seconds
[token:86, layer:1] 006:attention-output: 0.000037000 seconds
[token:86, layer:1] 007:ffn-norm: 0.000000000 seconds
[token:86, layer:1] 008:ffn-up-projection: 0.000195000 seconds
[token:86, layer:1] 009:ffn-swiglu: 0.000001000 seconds
[token:86, layer:1] 010:ffn-down-projection: 0.000139000 seconds
[token:86, layer:1] 102:layer-compute-total: 0.000504000 seconds
[token:86, layer:2] 002:attention-norm: 0.000001000 seconds
[token:86, layer:2] 003:qkv-projection: 0.000110000 seconds
[token:86, layer:2] 004:apply-rope: 0.000001000 seconds
[token:86, layer:2] 005:compute-attention: 0.000020000 seconds
[token:86, layer:2] 006:attention-output: 0.000036000 seconds
[token:86, layer:2] 007:ffn-norm: 0.000001000 seconds
[token:86, layer:2] 008:ffn-up-projection: 0.000194000 seconds
[token:86, layer:2] 009:ffn-swiglu: 0.000001000 seconds
[token:86, layer:2] 010:ffn-down-projection: 0.000140000 seconds
[token:86, layer:2] 102:layer-compute-total: 0.000504000 seconds
[token:86, layer:3] 002:attention-norm: 0.000000000 seconds
[token:86, layer:3] 003:qkv-projection: 0.000109000 seconds
[token:86, layer:3] 004:apply-rope: 0.000001000 seconds
[token:86, layer:3] 005:compute-attention: 0.000021000 seconds
[token:86, layer:3] 006:attention-output: 0.000037000 seconds
[token:86, layer:3] 007:ffn-norm: 0.000000000 seconds
[token:86, layer:3] 008:ffn-up-projection: 0.000194000 seconds
[token:86, layer:3] 009:ffn-swiglu: 0.000001000 seconds
[token:86, layer:3] 010:ffn-down-projection: 0.000140000 seconds
[token:86, layer:3] 102:layer-compute-total: 0.000503000 seconds
[token:86, layer:4] 002:attention-norm: 0.000000000 seconds
[token:86, layer:4] 003:qkv-projection: 0.000109000 seconds
[token:86, layer:4] 004:apply-rope: 0.000001000 seconds
[token:86, layer:4] 005:compute-attention: 0.000021000 seconds
[token:86, layer:4] 006:attention-output: 0.000037000 seconds
[token:86, layer:4] 007:ffn-norm: 0.000000000 seconds
[token:86, layer:4] 008:ffn-up-projection: 0.000195000 seconds
[token:86, layer:4] 009:ffn-swiglu: 0.000001000 seconds
[token:86, layer:4] 010:ffn-down-projection: 0.000140000 seconds
[token:86, layer:4] 102:layer-compute-total: 0.000504000 seconds
[token:86, layer:5] 002:attention-norm: 0.000000000 seconds
[token:86, layer:5] 003:qkv-projection: 0.000109000 seconds
[token:86, layer:5] 004:apply-rope: 0.000001000 seconds
[token:86, layer:5] 005:compute-attention: 0.000020000 seconds
[token:86, layer:5] 006:attention-output: 0.000036000 seconds
[token:86, layer:5] 007:ffn-norm: 0.000000000 seconds
[token:86, layer:5] 008:ffn-up-projection: 0.000229000 seconds
[token:86, layer:5] 009:ffn-swiglu: 0.000001000 seconds
[token:86, layer:5] 010:ffn-down-projection: 0.000139000 seconds
[token:86, layer:5] 102:layer-compute-total: 0.000535000 seconds
[token:86] 011:final-projection: 0.004966000 seconds
[token:86] 103:forward-compute-total: 0.008022000 seconds
[token:87] 001:embedding-lookup: 0.000001000 seconds
[token:87, layer:0] 002:attention-norm: 0.000000000 seconds
[token:87, layer:0] 003:qkv-projection: 0.000110000 seconds
[token:87, layer:0] 004:apply-rope: 0.000002000 seconds
[token:87, layer:0] 005:compute-attention: 0.000021000 seconds
[token:87, layer:0] 006:attention-output: 0.000037000 seconds
[token:87, layer:0] 007:ffn-norm: 0.000001000 seconds
[token:87, layer:0] 008:ffn-up-projection: 0.000201000 seconds
[token:87, layer:0] 009:ffn-swiglu: 0.000001000 seconds
[token:87, layer:0] 010:ffn-down-projection: 0.000140000 seconds
[token:87, layer:0] 102:layer-compute-total: 0.000513000 seconds
[token:87, layer:1] 002:attention-norm: 0.000000000 seconds
[token:87, layer:1] 003:qkv-projection: 0.000132000 seconds
[token:87, layer:1] 004:apply-rope: 0.000001000 seconds
[token:87, layer:1] 005:compute-attention: 0.000020000 seconds
[token:87, layer:1] 006:attention-output: 0.000037000 seconds
[token:87, layer:1] 007:ffn-norm: 0.000000000 seconds
[token:87, layer:1] 008:ffn-up-projection: 0.000195000 seconds
[token:87, layer:1] 009:ffn-swiglu: 0.000001000 seconds
[token:87, layer:1] 010:ffn-down-projection: 0.000140000 seconds
[token:87, layer:1] 102:layer-compute-total: 0.000526000 seconds
[token:87, layer:2] 002:attention-norm: 0.000001000 seconds
[token:87, layer:2] 003:qkv-projection: 0.000110000 seconds
[token:87, layer:2] 004:apply-rope: 0.000001000 seconds
[token:87, layer:2] 005:compute-attention: 0.000025000 seconds
[token:87, layer:2] 006:attention-output: 0.000037000 seconds
[token:87, layer:2] 007:ffn-norm: 0.000000000 seconds
[token:87, layer:2] 008:ffn-up-projection: 0.000195000 seconds
[token:87, layer:2] 009:ffn-swiglu: 0.000001000 seconds
[token:87, layer:2] 010:ffn-down-projection: 0.000140000 seconds
[token:87, layer:2] 102:layer-compute-total: 0.000510000 seconds
[token:87, layer:3] 002:attention-norm: 0.000001000 seconds
[token:87, layer:3] 003:qkv-projection: 0.000110000 seconds
[token:87, layer:3] 004:apply-rope: 0.000002000 seconds
[token:87, layer:3] 005:compute-attention: 0.000019000 seconds
[token:87, layer:3] 006:attention-output: 0.000036000 seconds
[token:87, layer:3] 007:ffn-norm: 0.000001000 seconds
[token:87, layer:3] 008:ffn-up-projection: 0.000195000 seconds
[token:87, layer:3] 009:ffn-swiglu: 0.000001000 seconds
[token:87, layer:3] 010:ffn-down-projection: 0.000140000 seconds
[token:87, layer:3] 102:layer-compute-total: 0.000505000 seconds
[token:87, layer:4] 002:attention-norm: 0.000001000 seconds
[token:87, layer:4] 003:qkv-projection: 0.000109000 seconds
[token:87, layer:4] 004:apply-rope: 0.000002000 seconds
[token:87, layer:4] 005:compute-attention: 0.000020000 seconds
[token:87, layer:4] 006:attention-output: 0.000038000 seconds
[token:87, layer:4] 007:ffn-norm: 0.000000000 seconds
[token:87, layer:4] 008:ffn-up-projection: 0.000194000 seconds
[token:87, layer:4] 009:ffn-swiglu: 0.000001000 seconds
[token:87, layer:4] 010:ffn-down-projection: 0.000139000 seconds
[token:87, layer:4] 102:layer-compute-total: 0.000504000 seconds
[token:87, layer:5] 002:attention-norm: 0.000000000 seconds
[token:87, layer:5] 003:qkv-projection: 0.000108000 seconds
[token:87, layer:5] 004:apply-rope: 0.000001000 seconds
[token:87, layer:5] 005:compute-attention: 0.000019000 seconds
[token:87, layer:5] 006:attention-output: 0.000037000 seconds
[token:87, layer:5] 007:ffn-norm: 0.000001000 seconds
[token:87, layer:5] 008:ffn-up-projection: 0.000194000 seconds
[token:87, layer:5] 009:ffn-swiglu: 0.000001000 seconds
[token:87, layer:5] 010:ffn-down-projection: 0.000139000 seconds
[token:87, layer:5] 102:layer-compute-total: 0.000500000 seconds
[token:87] 011:final-projection: 0.004573000 seconds
[token:87] 103:forward-compute-total: 0.007632000 seconds
[token:88] 001:embedding-lookup: 0.000001000 seconds
[token:88, layer:0] 002:attention-norm: 0.000000000 seconds
[token:88, layer:0] 003:qkv-projection: 0.000111000 seconds
[token:88, layer:0] 004:apply-rope: 0.000002000 seconds
[token:88, layer:0] 005:compute-attention: 0.000019000 seconds
[token:88, layer:0] 006:attention-output: 0.000036000 seconds
[token:88, layer:0] 007:ffn-norm: 0.000000000 seconds
[token:88, layer:0] 008:ffn-up-projection: 0.000195000 seconds
[token:88, layer:0] 009:ffn-swiglu: 0.000001000 seconds
[token:88, layer:0] 010:ffn-down-projection: 0.000139000 seconds
[token:88, layer:0] 102:layer-compute-total: 0.000503000 seconds
[token:88, layer:1] 002:attention-norm: 0.000001000 seconds
[token:88, layer:1] 003:qkv-projection: 0.000109000 seconds
[token:88, layer:1] 004:apply-rope: 0.000001000 seconds
[token:88, layer:1] 005:compute-attention: 0.000020000 seconds
[token:88, layer:1] 006:attention-output: 0.000036000 seconds
[token:88, layer:1] 007:ffn-norm: 0.000000000 seconds
[token:88, layer:1] 008:ffn-up-projection: 0.000195000 seconds
[token:88, layer:1] 009:ffn-swiglu: 0.000001000 seconds
[token:88, layer:1] 010:ffn-down-projection: 0.000139000 seconds
[token:88, layer:1] 102:layer-compute-total: 0.000502000 seconds
[token:88, layer:2] 002:attention-norm: 0.000001000 seconds
[token:88, layer:2] 003:qkv-projection: 0.000110000 seconds
[token:88, layer:2] 004:apply-rope: 0.000002000 seconds
[token:88, layer:2] 005:compute-attention: 0.000019000 seconds
[token:88, layer:2] 006:attention-output: 0.000036000 seconds
[token:88, layer:2] 007:ffn-norm: 0.000000000 seconds
[token:88, layer:2] 008:ffn-up-projection: 0.000190000 seconds
[token:88, layer:2] 009:ffn-swiglu: 0.000001000 seconds
[token:88, layer:2] 010:ffn-down-projection: 0.000136000 seconds
[token:88, layer:2] 102:layer-compute-total: 0.000495000 seconds
[token:88, layer:3] 002:attention-norm: 0.000000000 seconds
[token:88, layer:3] 003:qkv-projection: 0.000107000 seconds
[token:88, layer:3] 004:apply-rope: 0.000001000 seconds
[token:88, layer:3] 005:compute-attention: 0.000019000 seconds
[token:88, layer:3] 006:attention-output: 0.000035000 seconds
[token:88, layer:3] 007:ffn-norm: 0.000000000 seconds
[token:88, layer:3] 008:ffn-up-projection: 0.000195000 seconds
[token:88, layer:3] 009:ffn-swiglu: 0.000001000 seconds
[token:88, layer:3] 010:ffn-down-projection: 0.000139000 seconds
[token:88, layer:3] 102:layer-compute-total: 0.000497000 seconds
[token:88, layer:4] 002:attention-norm: 0.000000000 seconds
[token:88, layer:4] 003:qkv-projection: 0.000109000 seconds
[token:88, layer:4] 004:apply-rope: 0.000001000 seconds
[token:88, layer:4] 005:compute-attention: 0.000020000 seconds
[token:88, layer:4] 006:attention-output: 0.000037000 seconds
[token:88, layer:4] 007:ffn-norm: 0.000000000 seconds
[token:88, layer:4] 008:ffn-up-projection: 0.000196000 seconds
[token:88, layer:4] 009:ffn-swiglu: 0.000001000 seconds
[token:88, layer:4] 010:ffn-down-projection: 0.000141000 seconds
[token:88, layer:4] 102:layer-compute-total: 0.000505000 seconds
[token:88, layer:5] 002:attention-norm: 0.000000000 seconds
[token:88, layer:5] 003:qkv-projection: 0.000109000 seconds
[token:88, layer:5] 004:apply-rope: 0.000001000 seconds
[token:88, layer:5] 005:compute-attention: 0.000020000 seconds
[token:88, layer:5] 006:attention-output: 0.000036000 seconds
[token:88, layer:5] 007:ffn-norm: 0.000000000 seconds
[token:88, layer:5] 008:ffn-up-projection: 0.000190000 seconds
[token:88, layer:5] 009:ffn-swiglu: 0.000001000 seconds
[token:88, layer:5] 010:ffn-down-projection: 0.000136000 seconds
[token:88, layer:5] 102:layer-compute-total: 0.000493000 seconds
[token:88] 011:final-projection: 0.004460000 seconds
[token:88] 103:forward-compute-total: 0.007456000 seconds
[token:89] 001:embedding-lookup: 0.000001000 seconds
[token:89, layer:0] 002:attention-norm: 0.000001000 seconds
[token:89, layer:0] 003:qkv-projection: 0.000110000 seconds
[token:89, layer:0] 004:apply-rope: 0.000002000 seconds
[token:89, layer:0] 005:compute-attention: 0.000022000 seconds
[token:89, layer:0] 006:attention-output: 0.000037000 seconds
[token:89, layer:0] 007:ffn-norm: 0.000001000 seconds
[token:89, layer:0] 008:ffn-up-projection: 0.000195000 seconds
[token:89, layer:0] 009:ffn-swiglu: 0.000001000 seconds
[token:89, layer:0] 010:ffn-down-projection: 0.000140000 seconds
[token:89, layer:0] 102:layer-compute-total: 0.000509000 seconds
[token:89, layer:1] 002:attention-norm: 0.000000000 seconds
[token:89, layer:1] 003:qkv-projection: 0.000110000 seconds
[token:89, layer:1] 004:apply-rope: 0.000001000 seconds
[token:89, layer:1] 005:compute-attention: 0.000021000 seconds
[token:89, layer:1] 006:attention-output: 0.000037000 seconds
[token:89, layer:1] 007:ffn-norm: 0.000001000 seconds
[token:89, layer:1] 008:ffn-up-projection: 0.000194000 seconds
[token:89, layer:1] 009:ffn-swiglu: 0.000001000 seconds
[token:89, layer:1] 010:ffn-down-projection: 0.000140000 seconds
[token:89, layer:1] 102:layer-compute-total: 0.000505000 seconds
[token:89, layer:2] 002:attention-norm: 0.000000000 seconds
[token:89, layer:2] 003:qkv-projection: 0.000135000 seconds
[token:89, layer:2] 004:apply-rope: 0.000002000 seconds
[token:89, layer:2] 005:compute-attention: 0.000023000 seconds
[token:89, layer:2] 006:attention-output: 0.000037000 seconds
[token:89, layer:2] 007:ffn-norm: 0.000001000 seconds
[token:89, layer:2] 008:ffn-up-projection: 0.000192000 seconds
[token:89, layer:2] 009:ffn-swiglu: 0.000001000 seconds
[token:89, layer:2] 010:ffn-down-projection: 0.000142000 seconds
[token:89, layer:2] 102:layer-compute-total: 0.000533000 seconds
[token:89, layer:3] 002:attention-norm: 0.000000000 seconds
[token:89, layer:3] 003:qkv-projection: 0.000115000 seconds
[token:89, layer:3] 004:apply-rope: 0.000001000 seconds
[token:89, layer:3] 005:compute-attention: 0.000020000 seconds
[token:89, layer:3] 006:attention-output: 0.000036000 seconds
[token:89, layer:3] 007:ffn-norm: 0.000001000 seconds
[token:89, layer:3] 008:ffn-up-projection: 0.000196000 seconds
[token:89, layer:3] 009:ffn-swiglu: 0.000001000 seconds
[token:89, layer:3] 010:ffn-down-projection: 0.000139000 seconds
[token:89, layer:3] 102:layer-compute-total: 0.000509000 seconds
[token:89, layer:4] 002:attention-norm: 0.000000000 seconds
[token:89, layer:4] 003:qkv-projection: 0.000109000 seconds
[token:89, layer:4] 004:apply-rope: 0.000002000 seconds
[token:89, layer:4] 005:compute-attention: 0.000020000 seconds
[token:89, layer:4] 006:attention-output: 0.000035000 seconds
[token:89, layer:4] 007:ffn-norm: 0.000001000 seconds
[token:89, layer:4] 008:ffn-up-projection: 0.000190000 seconds
[token:89, layer:4] 009:ffn-swiglu: 0.000001000 seconds
[token:89, layer:4] 010:ffn-down-projection: 0.000136000 seconds
[token:89, layer:4] 102:layer-compute-total: 0.000494000 seconds
[token:89, layer:5] 002:attention-norm: 0.000000000 seconds
[token:89, layer:5] 003:qkv-projection: 0.000108000 seconds
[token:89, layer:5] 004:apply-rope: 0.000001000 seconds
[token:89, layer:5] 005:compute-attention: 0.000020000 seconds
[token:89, layer:5] 006:attention-output: 0.000036000 seconds
[token:89, layer:5] 007:ffn-norm: 0.000001000 seconds
[token:89, layer:5] 008:ffn-up-projection: 0.000190000 seconds
[token:89, layer:5] 009:ffn-swiglu: 0.000001000 seconds
[token:89, layer:5] 010:ffn-down-projection: 0.000136000 seconds
[token:89, layer:5] 102:layer-compute-total: 0.000493000 seconds
[token:89] 011:final-projection: 0.004041000 seconds
[token:89] 103:forward-compute-total: 0.007085000 seconds
[token:90] 001:embedding-lookup: 0.000000000 seconds
[token:90, layer:0] 002:attention-norm: 0.000000000 seconds
[token:90, layer:0] 003:qkv-projection: 0.000110000 seconds
[token:90, layer:0] 004:apply-rope: 0.000002000 seconds
[token:90, layer:0] 005:compute-attention: 0.000019000 seconds
[token:90, layer:0] 006:attention-output: 0.000036000 seconds
[token:90, layer:0] 007:ffn-norm: 0.000000000 seconds
[token:90, layer:0] 008:ffn-up-projection: 0.000190000 seconds
[token:90, layer:0] 009:ffn-swiglu: 0.000001000 seconds
[token:90, layer:0] 010:ffn-down-projection: 0.000136000 seconds
[token:90, layer:0] 102:layer-compute-total: 0.000494000 seconds
[token:90, layer:1] 002:attention-norm: 0.000001000 seconds
[token:90, layer:1] 003:qkv-projection: 0.000107000 seconds
[token:90, layer:1] 004:apply-rope: 0.000001000 seconds
[token:90, layer:1] 005:compute-attention: 0.000018000 seconds
[token:90, layer:1] 006:attention-output: 0.000036000 seconds
[token:90, layer:1] 007:ffn-norm: 0.000000000 seconds
[token:90, layer:1] 008:ffn-up-projection: 0.000191000 seconds
[token:90, layer:1] 009:ffn-swiglu: 0.000001000 seconds
[token:90, layer:1] 010:ffn-down-projection: 0.000136000 seconds
[token:90, layer:1] 102:layer-compute-total: 0.000491000 seconds
[token:90, layer:2] 002:attention-norm: 0.000000000 seconds
[token:90, layer:2] 003:qkv-projection: 0.000108000 seconds
[token:90, layer:2] 004:apply-rope: 0.000001000 seconds
[token:90, layer:2] 005:compute-attention: 0.000016000 seconds
[token:90, layer:2] 006:attention-output: 0.000036000 seconds
[token:90, layer:2] 007:ffn-norm: 0.000000000 seconds
[token:90, layer:2] 008:ffn-up-projection: 0.000192000 seconds
[token:90, layer:2] 009:ffn-swiglu: 0.000001000 seconds
[token:90, layer:2] 010:ffn-down-projection: 0.000136000 seconds
[token:90, layer:2] 102:layer-compute-total: 0.000490000 seconds
[token:90, layer:3] 002:attention-norm: 0.000001000 seconds
[token:90, layer:3] 003:qkv-projection: 0.000107000 seconds
[token:90, layer:3] 004:apply-rope: 0.000001000 seconds
[token:90, layer:3] 005:compute-attention: 0.000016000 seconds
[token:90, layer:3] 006:attention-output: 0.000036000 seconds
[token:90, layer:3] 007:ffn-norm: 0.000001000 seconds
[token:90, layer:3] 008:ffn-up-projection: 0.000192000 seconds
[token:90, layer:3] 009:ffn-swiglu: 0.000001000 seconds
[token:90, layer:3] 010:ffn-down-projection: 0.000136000 seconds
[token:90, layer:3] 102:layer-compute-total: 0.000491000 seconds
[token:90, layer:4] 002:attention-norm: 0.000000000 seconds
[token:90, layer:4] 003:qkv-projection: 0.000107000 seconds
[token:90, layer:4] 004:apply-rope: 0.000001000 seconds
[token:90, layer:4] 005:compute-attention: 0.000015000 seconds
[token:90, layer:4] 006:attention-output: 0.000036000 seconds
[token:90, layer:4] 007:ffn-norm: 0.000000000 seconds
[token:90, layer:4] 008:ffn-up-projection: 0.000189000 seconds
[token:90, layer:4] 009:ffn-swiglu: 0.000001000 seconds
[token:90, layer:4] 010:ffn-down-projection: 0.000137000 seconds
[token:90, layer:4] 102:layer-compute-total: 0.000486000 seconds
[token:90, layer:5] 002:attention-norm: 0.000000000 seconds
[token:90, layer:5] 003:qkv-projection: 0.000107000 seconds
[token:90, layer:5] 004:apply-rope: 0.000001000 seconds
[token:90, layer:5] 005:compute-attention: 0.000016000 seconds
[token:90, layer:5] 006:attention-output: 0.000036000 seconds
[token:90, layer:5] 007:ffn-norm: 0.000000000 seconds
[token:90, layer:5] 008:ffn-up-projection: 0.000189000 seconds
[token:90, layer:5] 009:ffn-swiglu: 0.000001000 seconds
[token:90, layer:5] 010:ffn-down-projection: 0.000136000 seconds
[token:90, layer:5] 102:layer-compute-total: 0.000486000 seconds
[token:90] 011:final-projection: 0.004141000 seconds
[token:90] 103:forward-compute-total: 0.007079000 seconds
[token:91] 001:embedding-lookup: 0.000000000 seconds
[token:91, layer:0] 002:attention-norm: 0.000000000 seconds
[token:91, layer:0] 003:qkv-projection: 0.000109000 seconds
[token:91, layer:0] 004:apply-rope: 0.000002000 seconds
[token:91, layer:0] 005:compute-attention: 0.000015000 seconds
[token:91, layer:0] 006:attention-output: 0.000037000 seconds
[token:91, layer:0] 007:ffn-norm: 0.000000000 seconds
[token:91, layer:0] 008:ffn-up-projection: 0.000194000 seconds
[token:91, layer:0] 009:ffn-swiglu: 0.000001000 seconds
[token:91, layer:0] 010:ffn-down-projection: 0.000139000 seconds
[token:91, layer:0] 102:layer-compute-total: 0.000497000 seconds
[token:91, layer:1] 002:attention-norm: 0.000000000 seconds
[token:91, layer:1] 003:qkv-projection: 0.000173000 seconds
[token:91, layer:1] 004:apply-rope: 0.000001000 seconds
[token:91, layer:1] 005:compute-attention: 0.000018000 seconds
[token:91, layer:1] 006:attention-output: 0.000037000 seconds
[token:91, layer:1] 007:ffn-norm: 0.000001000 seconds
[token:91, layer:1] 008:ffn-up-projection: 0.000393000 seconds
[token:91, layer:1] 009:ffn-swiglu: 0.000001000 seconds
[token:91, layer:1] 010:ffn-down-projection: 0.000139000 seconds
[token:91, layer:1] 102:layer-compute-total: 0.000763000 seconds
[token:91, layer:2] 002:attention-norm: 0.000000000 seconds
[token:91, layer:2] 003:qkv-projection: 0.000110000 seconds
[token:91, layer:2] 004:apply-rope: 0.000002000 seconds
[token:91, layer:2] 005:compute-attention: 0.000020000 seconds
[token:91, layer:2] 006:attention-output: 0.000051000 seconds
[token:91, layer:2] 007:ffn-norm: 0.000001000 seconds
[token:91, layer:2] 008:ffn-up-projection: 0.000194000 seconds
[token:91, layer:2] 009:ffn-swiglu: 0.000001000 seconds
[token:91, layer:2] 010:ffn-down-projection: 0.000139000 seconds
[token:91, layer:2] 102:layer-compute-total: 0.000518000 seconds
[token:91, layer:3] 002:attention-norm: 0.000001000 seconds
[token:91, layer:3] 003:qkv-projection: 0.000113000 seconds
[token:91, layer:3] 004:apply-rope: 0.000001000 seconds
[token:91, layer:3] 005:compute-attention: 0.000020000 seconds
[token:91, layer:3] 006:attention-output: 0.000036000 seconds
[token:91, layer:3] 007:ffn-norm: 0.000000000 seconds
[token:91, layer:3] 008:ffn-up-projection: 0.000190000 seconds
[token:91, layer:3] 009:ffn-swiglu: 0.000001000 seconds
[token:91, layer:3] 010:ffn-down-projection: 0.000137000 seconds
[token:91, layer:3] 102:layer-compute-total: 0.000499000 seconds
[token:91, layer:4] 002:attention-norm: 0.000000000 seconds
[token:91, layer:4] 003:qkv-projection: 0.000107000 seconds
[token:91, layer:4] 004:apply-rope: 0.000002000 seconds
[token:91, layer:4] 005:compute-attention: 0.000020000 seconds
[token:91, layer:4] 006:attention-output: 0.000036000 seconds
[token:91, layer:4] 007:ffn-norm: 0.000001000 seconds
[token:91, layer:4] 008:ffn-up-projection: 0.000193000 seconds
[token:91, layer:4] 009:ffn-swiglu: 0.000001000 seconds
[token:91, layer:4] 010:ffn-down-projection: 0.000137000 seconds
[token:91, layer:4] 102:layer-compute-total: 0.000497000 seconds
[token:91, layer:5] 002:attention-norm: 0.000001000 seconds
[token:91, layer:5] 003:qkv-projection: 0.000107000 seconds
[token:91, layer:5] 004:apply-rope: 0.000001000 seconds
[token:91, layer:5] 005:compute-attention: 0.000020000 seconds
[token:91, layer:5] 006:attention-output: 0.000036000 seconds
[token:91, layer:5] 007:ffn-norm: 0.000000000 seconds
[token:91, layer:5] 008:ffn-up-projection: 0.000189000 seconds
[token:91, layer:5] 009:ffn-swiglu: 0.000001000 seconds
[token:91, layer:5] 010:ffn-down-projection: 0.000136000 seconds
[token:91, layer:5] 102:layer-compute-total: 0.000491000 seconds
[token:91] 011:final-projection: 0.004012000 seconds
[token:91] 103:forward-compute-total: 0.007277000 seconds
[token:92] 001:embedding-lookup: 0.000000000 seconds
[token:92, layer:0] 002:attention-norm: 0.000001000 seconds
[token:92, layer:0] 003:qkv-projection: 0.000110000 seconds
[token:92, layer:0] 004:apply-rope: 0.000002000 seconds
[token:92, layer:0] 005:compute-attention: 0.000020000 seconds
[token:92, layer:0] 006:attention-output: 0.000036000 seconds
[token:92, layer:0] 007:ffn-norm: 0.000001000 seconds
[token:92, layer:0] 008:ffn-up-projection: 0.000191000 seconds
[token:92, layer:0] 009:ffn-swiglu: 0.000001000 seconds
[token:92, layer:0] 010:ffn-down-projection: 0.000137000 seconds
[token:92, layer:0] 102:layer-compute-total: 0.000499000 seconds
[token:92, layer:1] 002:attention-norm: 0.000000000 seconds
[token:92, layer:1] 003:qkv-projection: 0.000107000 seconds
[token:92, layer:1] 004:apply-rope: 0.000001000 seconds
[token:92, layer:1] 005:compute-attention: 0.000020000 seconds
[token:92, layer:1] 006:attention-output: 0.000036000 seconds
[token:92, layer:1] 007:ffn-norm: 0.000000000 seconds
[token:92, layer:1] 008:ffn-up-projection: 0.000190000 seconds
[token:92, layer:1] 009:ffn-swiglu: 0.000001000 seconds
[token:92, layer:1] 010:ffn-down-projection: 0.000136000 seconds
[token:92, layer:1] 102:layer-compute-total: 0.000491000 seconds
[token:92, layer:2] 002:attention-norm: 0.000000000 seconds
[token:92, layer:2] 003:qkv-projection: 0.000110000 seconds
[token:92, layer:2] 004:apply-rope: 0.000002000 seconds
[token:92, layer:2] 005:compute-attention: 0.000021000 seconds
[token:92, layer:2] 006:attention-output: 0.000036000 seconds
[token:92, layer:2] 007:ffn-norm: 0.000000000 seconds
[token:92, layer:2] 008:ffn-up-projection: 0.000190000 seconds
[token:92, layer:2] 009:ffn-swiglu: 0.000001000 seconds
[token:92, layer:2] 010:ffn-down-projection: 0.000136000 seconds
[token:92, layer:2] 102:layer-compute-total: 0.000496000 seconds
[token:92, layer:3] 002:attention-norm: 0.000001000 seconds
[token:92, layer:3] 003:qkv-projection: 0.000114000 seconds
[token:92, layer:3] 004:apply-rope: 0.000001000 seconds
[token:92, layer:3] 005:compute-attention: 0.000020000 seconds
[token:92, layer:3] 006:attention-output: 0.000036000 seconds
[token:92, layer:3] 007:ffn-norm: 0.000000000 seconds
[token:92, layer:3] 008:ffn-up-projection: 0.000190000 seconds
[token:92, layer:3] 009:ffn-swiglu: 0.000001000 seconds
[token:92, layer:3] 010:ffn-down-projection: 0.000136000 seconds
[token:92, layer:3] 102:layer-compute-total: 0.000499000 seconds
[token:92, layer:4] 002:attention-norm: 0.000000000 seconds
[token:92, layer:4] 003:qkv-projection: 0.000107000 seconds
[token:92, layer:4] 004:apply-rope: 0.000002000 seconds
[token:92, layer:4] 005:compute-attention: 0.000018000 seconds
[token:92, layer:4] 006:attention-output: 0.000036000 seconds
[token:92, layer:4] 007:ffn-norm: 0.000000000 seconds
[token:92, layer:4] 008:ffn-up-projection: 0.000190000 seconds
[token:92, layer:4] 009:ffn-swiglu: 0.000001000 seconds
[token:92, layer:4] 010:ffn-down-projection: 0.000137000 seconds
[token:92, layer:4] 102:layer-compute-total: 0.000491000 seconds
[token:92, layer:5] 002:attention-norm: 0.000000000 seconds
[token:92, layer:5] 003:qkv-projection: 0.000106000 seconds
[token:92, layer:5] 004:apply-rope: 0.000002000 seconds
[token:92, layer:5] 005:compute-attention: 0.000018000 seconds
[token:92, layer:5] 006:attention-output: 0.000035000 seconds
[token:92, layer:5] 007:ffn-norm: 0.000000000 seconds
[token:92, layer:5] 008:ffn-up-projection: 0.000190000 seconds
[token:92, layer:5] 009:ffn-swiglu: 0.000001000 seconds
[token:92, layer:5] 010:ffn-down-projection: 0.000136000 seconds
[token:92, layer:5] 102:layer-compute-total: 0.000488000 seconds
[token:92] 011:final-projection: 0.004042000 seconds
[token:92] 103:forward-compute-total: 0.007006000 seconds
[token:93] 001:embedding-lookup: 0.000000000 seconds
[token:93, layer:0] 002:attention-norm: 0.000001000 seconds
[token:93, layer:0] 003:qkv-projection: 0.000109000 seconds
[token:93, layer:0] 004:apply-rope: 0.000002000 seconds
[token:93, layer:0] 005:compute-attention: 0.000015000 seconds
[token:93, layer:0] 006:attention-output: 0.000037000 seconds
[token:93, layer:0] 007:ffn-norm: 0.000001000 seconds
[token:93, layer:0] 008:ffn-up-projection: 0.000236000 seconds
[token:93, layer:0] 009:ffn-swiglu: 0.000001000 seconds
[token:93, layer:0] 010:ffn-down-projection: 0.000148000 seconds
[token:93, layer:0] 102:layer-compute-total: 0.000550000 seconds
[token:93, layer:1] 002:attention-norm: 0.000000000 seconds
[token:93, layer:1] 003:qkv-projection: 0.000109000 seconds
[token:93, layer:1] 004:apply-rope: 0.000001000 seconds
[token:93, layer:1] 005:compute-attention: 0.000017000 seconds
[token:93, layer:1] 006:attention-output: 0.000036000 seconds
[token:93, layer:1] 007:ffn-norm: 0.000001000 seconds
[token:93, layer:1] 008:ffn-up-projection: 0.000194000 seconds
[token:93, layer:1] 009:ffn-swiglu: 0.000001000 seconds
[token:93, layer:1] 010:ffn-down-projection: 0.000139000 seconds
[token:93, layer:1] 102:layer-compute-total: 0.000498000 seconds
[token:93, layer:2] 002:attention-norm: 0.000000000 seconds
[token:93, layer:2] 003:qkv-projection: 0.000110000 seconds
[token:93, layer:2] 004:apply-rope: 0.000001000 seconds
[token:93, layer:2] 005:compute-attention: 0.000017000 seconds
[token:93, layer:2] 006:attention-output: 0.000036000 seconds
[token:93, layer:2] 007:ffn-norm: 0.000000000 seconds
[token:93, layer:2] 008:ffn-up-projection: 0.000194000 seconds
[token:93, layer:2] 009:ffn-swiglu: 0.000001000 seconds
[token:93, layer:2] 010:ffn-down-projection: 0.000139000 seconds
[token:93, layer:2] 102:layer-compute-total: 0.000498000 seconds
[token:93, layer:3] 002:attention-norm: 0.000000000 seconds
[token:93, layer:3] 003:qkv-projection: 0.000109000 seconds
[token:93, layer:3] 004:apply-rope: 0.000002000 seconds
[token:93, layer:3] 005:compute-attention: 0.000017000 seconds
[token:93, layer:3] 006:attention-output: 0.000036000 seconds
[token:93, layer:3] 007:ffn-norm: 0.000001000 seconds
[token:93, layer:3] 008:ffn-up-projection: 0.000194000 seconds
[token:93, layer:3] 009:ffn-swiglu: 0.000001000 seconds
[token:93, layer:3] 010:ffn-down-projection: 0.000139000 seconds
[token:93, layer:3] 102:layer-compute-total: 0.000499000 seconds
[token:93, layer:4] 002:attention-norm: 0.000000000 seconds
[token:93, layer:4] 003:qkv-projection: 0.000109000 seconds
[token:93, layer:4] 004:apply-rope: 0.000001000 seconds
[token:93, layer:4] 005:compute-attention: 0.000018000 seconds
[token:93, layer:4] 006:attention-output: 0.000036000 seconds
[token:93, layer:4] 007:ffn-norm: 0.000000000 seconds
[token:93, layer:4] 008:ffn-up-projection: 0.000194000 seconds
[token:93, layer:4] 009:ffn-swiglu: 0.000001000 seconds
[token:93, layer:4] 010:ffn-down-projection: 0.000139000 seconds
[token:93, layer:4] 102:layer-compute-total: 0.000498000 seconds
[token:93, layer:5] 002:attention-norm: 0.000001000 seconds
[token:93, layer:5] 003:qkv-projection: 0.000110000 seconds
[token:93, layer:5] 004:apply-rope: 0.000001000 seconds
[token:93, layer:5] 005:compute-attention: 0.000018000 seconds
[token:93, layer:5] 006:attention-output: 0.000037000 seconds
[token:93, layer:5] 007:ffn-norm: 0.000000000 seconds
[token:93, layer:5] 008:ffn-up-projection: 0.000194000 seconds
[token:93, layer:5] 009:ffn-swiglu: 0.000001000 seconds
[token:93, layer:5] 010:ffn-down-projection: 0.000166000 seconds
[token:93, layer:5] 102:layer-compute-total: 0.000528000 seconds
[token:93] 011:final-projection: 0.004361000 seconds
[token:93] 103:forward-compute-total: 0.007432000 seconds
[token:94] 001:embedding-lookup: 0.000000000 seconds
[token:94, layer:0] 002:attention-norm: 0.000000000 seconds
[token:94, layer:0] 003:qkv-projection: 0.000110000 seconds
[token:94, layer:0] 004:apply-rope: 0.000001000 seconds
[token:94, layer:0] 005:compute-attention: 0.000021000 seconds
[token:94, layer:0] 006:attention-output: 0.000036000 seconds
[token:94, layer:0] 007:ffn-norm: 0.000001000 seconds
[token:94, layer:0] 008:ffn-up-projection: 0.000190000 seconds
[token:94, layer:0] 009:ffn-swiglu: 0.000001000 seconds
[token:94, layer:0] 010:ffn-down-projection: 0.000136000 seconds
[token:94, layer:0] 102:layer-compute-total: 0.000496000 seconds
[token:94, layer:1] 002:attention-norm: 0.000001000 seconds
[token:94, layer:1] 003:qkv-projection: 0.000107000 seconds
[token:94, layer:1] 004:apply-rope: 0.000002000 seconds
[token:94, layer:1] 005:compute-attention: 0.000021000 seconds
[token:94, layer:1] 006:attention-output: 0.000036000 seconds
[token:94, layer:1] 007:ffn-norm: 0.000000000 seconds
[token:94, layer:1] 008:ffn-up-projection: 0.000190000 seconds
[token:94, layer:1] 009:ffn-swiglu: 0.000001000 seconds
[token:94, layer:1] 010:ffn-down-projection: 0.000140000 seconds
[token:94, layer:1] 102:layer-compute-total: 0.000498000 seconds
[token:94, layer:2] 002:attention-norm: 0.000000000 seconds
[token:94, layer:2] 003:qkv-projection: 0.000107000 seconds
[token:94, layer:2] 004:apply-rope: 0.000001000 seconds
[token:94, layer:2] 005:compute-attention: 0.000021000 seconds
[token:94, layer:2] 006:attention-output: 0.000035000 seconds
[token:94, layer:2] 007:ffn-norm: 0.000001000 seconds
[token:94, layer:2] 008:ffn-up-projection: 0.000190000 seconds
[token:94, layer:2] 009:ffn-swiglu: 0.000002000 seconds
[token:94, layer:2] 010:ffn-down-projection: 0.000139000 seconds
[token:94, layer:2] 102:layer-compute-total: 0.000496000 seconds
[token:94, layer:3] 002:attention-norm: 0.000000000 seconds
[token:94, layer:3] 003:qkv-projection: 0.000108000 seconds
[token:94, layer:3] 004:apply-rope: 0.000001000 seconds
[token:94, layer:3] 005:compute-attention: 0.000020000 seconds
[token:94, layer:3] 006:attention-output: 0.000036000 seconds
[token:94, layer:3] 007:ffn-norm: 0.000000000 seconds
[token:94, layer:3] 008:ffn-up-projection: 0.000190000 seconds
[token:94, layer:3] 009:ffn-swiglu: 0.000001000 seconds
[token:94, layer:3] 010:ffn-down-projection: 0.000136000 seconds
[token:94, layer:3] 102:layer-compute-total: 0.000492000 seconds
[token:94, layer:4] 002:attention-norm: 0.000001000 seconds
[token:94, layer:4] 003:qkv-projection: 0.000110000 seconds
[token:94, layer:4] 004:apply-rope: 0.000002000 seconds
[token:94, layer:4] 005:compute-attention: 0.000022000 seconds
[token:94, layer:4] 006:attention-output: 0.000036000 seconds
[token:94, layer:4] 007:ffn-norm: 0.000001000 seconds
[token:94, layer:4] 008:ffn-up-projection: 0.000190000 seconds
[token:94, layer:4] 009:ffn-swiglu: 0.000001000 seconds
[token:94, layer:4] 010:ffn-down-projection: 0.000136000 seconds
[token:94, layer:4] 102:layer-compute-total: 0.000499000 seconds
[token:94, layer:5] 002:attention-norm: 0.000001000 seconds
[token:94, layer:5] 003:qkv-projection: 0.000107000 seconds
[token:94, layer:5] 004:apply-rope: 0.000001000 seconds
[token:94, layer:5] 005:compute-attention: 0.000022000 seconds
[token:94, layer:5] 006:attention-output: 0.000035000 seconds
[token:94, layer:5] 007:ffn-norm: 0.000001000 seconds
[token:94, layer:5] 008:ffn-up-projection: 0.000193000 seconds
[token:94, layer:5] 009:ffn-swiglu: 0.000001000 seconds
[token:94, layer:5] 010:ffn-down-projection: 0.000136000 seconds
[token:94, layer:5] 102:layer-compute-total: 0.000497000 seconds
[token:94] 011:final-projection: 0.004022000 seconds
[token:94] 103:forward-compute-total: 0.007000000 seconds
[token:95] 001:embedding-lookup: 0.000000000 seconds
[token:95, layer:0] 002:attention-norm: 0.000000000 seconds
[token:95, layer:0] 003:qkv-projection: 0.000109000 seconds
[token:95, layer:0] 004:apply-rope: 0.000001000 seconds
[token:95, layer:0] 005:compute-attention: 0.000015000 seconds
[token:95, layer:0] 006:attention-output: 0.000036000 seconds
[token:95, layer:0] 007:ffn-norm: 0.000000000 seconds
[token:95, layer:0] 008:ffn-up-projection: 0.000193000 seconds
[token:95, layer:0] 009:ffn-swiglu: 0.000001000 seconds
[token:95, layer:0] 010:ffn-down-projection: 0.000138000 seconds
[token:95, layer:0] 102:layer-compute-total: 0.000493000 seconds
[token:95, layer:1] 002:attention-norm: 0.000001000 seconds
[token:95, layer:1] 003:qkv-projection: 0.000108000 seconds
[token:95, layer:1] 004:apply-rope: 0.000001000 seconds
[token:95, layer:1] 005:compute-attention: 0.000016000 seconds
[token:95, layer:1] 006:attention-output: 0.000035000 seconds
[token:95, layer:1] 007:ffn-norm: 0.000001000 seconds
[token:95, layer:1] 008:ffn-up-projection: 0.000190000 seconds
[token:95, layer:1] 009:ffn-swiglu: 0.000002000 seconds
[token:95, layer:1] 010:ffn-down-projection: 0.000136000 seconds
[token:95, layer:1] 102:layer-compute-total: 0.000490000 seconds
[token:95, layer:2] 002:attention-norm: 0.000000000 seconds
[token:95, layer:2] 003:qkv-projection: 0.000110000 seconds
[token:95, layer:2] 004:apply-rope: 0.000001000 seconds
[token:95, layer:2] 005:compute-attention: 0.000016000 seconds
[token:95, layer:2] 006:attention-output: 0.000037000 seconds
[token:95, layer:2] 007:ffn-norm: 0.000001000 seconds
[token:95, layer:2] 008:ffn-up-projection: 0.000204000 seconds
[token:95, layer:2] 009:ffn-swiglu: 0.000001000 seconds
[token:95, layer:2] 010:ffn-down-projection: 0.000149000 seconds
[token:95, layer:2] 102:layer-compute-total: 0.000519000 seconds
[token:95, layer:3] 002:attention-norm: 0.000000000 seconds
[token:95, layer:3] 003:qkv-projection: 0.000109000 seconds
[token:95, layer:3] 004:apply-rope: 0.000002000 seconds
[token:95, layer:3] 005:compute-attention: 0.000016000 seconds
[token:95, layer:3] 006:attention-output: 0.000037000 seconds
[token:95, layer:3] 007:ffn-norm: 0.000000000 seconds
[token:95, layer:3] 008:ffn-up-projection: 0.000194000 seconds
[token:95, layer:3] 009:ffn-swiglu: 0.000001000 seconds
[token:95, layer:3] 010:ffn-down-projection: 0.000139000 seconds
[token:95, layer:3] 102:layer-compute-total: 0.000498000 seconds
[token:95, layer:4] 002:attention-norm: 0.000000000 seconds
[token:95, layer:4] 003:qkv-projection: 0.000110000 seconds
[token:95, layer:4] 004:apply-rope: 0.000001000 seconds
[token:95, layer:4] 005:compute-attention: 0.000016000 seconds
[token:95, layer:4] 006:attention-output: 0.000037000 seconds
[token:95, layer:4] 007:ffn-norm: 0.000001000 seconds
[token:95, layer:4] 008:ffn-up-projection: 0.000195000 seconds
[token:95, layer:4] 009:ffn-swiglu: 0.000001000 seconds
[token:95, layer:4] 010:ffn-down-projection: 0.000139000 seconds
[token:95, layer:4] 102:layer-compute-total: 0.000500000 seconds
[token:95, layer:5] 002:attention-norm: 0.000001000 seconds
[token:95, layer:5] 003:qkv-projection: 0.000109000 seconds
[token:95, layer:5] 004:apply-rope: 0.000001000 seconds
[token:95, layer:5] 005:compute-attention: 0.000016000 seconds
[token:95, layer:5] 006:attention-output: 0.000036000 seconds
[token:95, layer:5] 007:ffn-norm: 0.000001000 seconds
[token:95, layer:5] 008:ffn-up-projection: 0.000197000 seconds
[token:95, layer:5] 009:ffn-swiglu: 0.000001000 seconds
[token:95, layer:5] 010:ffn-down-projection: 0.000140000 seconds
[token:95, layer:5] 102:layer-compute-total: 0.000502000 seconds
[token:95] 011:final-projection: 0.004364000 seconds
[token:95] 103:forward-compute-total: 0.007366000 seconds
[token:96] 001:embedding-lookup: 0.000000000 seconds
[token:96, layer:0] 002:attention-norm: 0.000001000 seconds
[token:96, layer:0] 003:qkv-projection: 0.000109000 seconds
[token:96, layer:0] 004:apply-rope: 0.000002000 seconds
[token:96, layer:0] 005:compute-attention: 0.000020000 seconds
[token:96, layer:0] 006:attention-output: 0.000036000 seconds
[token:96, layer:0] 007:ffn-norm: 0.000001000 seconds
[token:96, layer:0] 008:ffn-up-projection: 0.000190000 seconds
[token:96, layer:0] 009:ffn-swiglu: 0.000001000 seconds
[token:96, layer:0] 010:ffn-down-projection: 0.000136000 seconds
[token:96, layer:0] 102:layer-compute-total: 0.000496000 seconds
[token:96, layer:1] 002:attention-norm: 0.000001000 seconds
[token:96, layer:1] 003:qkv-projection: 0.000107000 seconds
[token:96, layer:1] 004:apply-rope: 0.000001000 seconds
[token:96, layer:1] 005:compute-attention: 0.000021000 seconds
[token:96, layer:1] 006:attention-output: 0.000036000 seconds
[token:96, layer:1] 007:ffn-norm: 0.000000000 seconds
[token:96, layer:1] 008:ffn-up-projection: 0.000195000 seconds
[token:96, layer:1] 009:ffn-swiglu: 0.000001000 seconds
[token:96, layer:1] 010:ffn-down-projection: 0.000142000 seconds
[token:96, layer:1] 102:layer-compute-total: 0.000504000 seconds
[token:96, layer:2] 002:attention-norm: 0.000000000 seconds
[token:96, layer:2] 003:qkv-projection: 0.000108000 seconds
[token:96, layer:2] 004:apply-rope: 0.000001000 seconds
[token:96, layer:2] 005:compute-attention: 0.000021000 seconds
[token:96, layer:2] 006:attention-output: 0.000039000 seconds
[token:96, layer:2] 007:ffn-norm: 0.000000000 seconds
[token:96, layer:2] 008:ffn-up-projection: 0.000190000 seconds
[token:96, layer:2] 009:ffn-swiglu: 0.000001000 seconds
[token:96, layer:2] 010:ffn-down-projection: 0.000136000 seconds
[token:96, layer:2] 102:layer-compute-total: 0.000496000 seconds
[token:96, layer:3] 002:attention-norm: 0.000001000 seconds
[token:96, layer:3] 003:qkv-projection: 0.000110000 seconds
[token:96, layer:3] 004:apply-rope: 0.000001000 seconds
[token:96, layer:3] 005:compute-attention: 0.000021000 seconds
[token:96, layer:3] 006:attention-output: 0.000036000 seconds
[token:96, layer:3] 007:ffn-norm: 0.000000000 seconds
[token:96, layer:3] 008:ffn-up-projection: 0.000190000 seconds
[token:96, layer:3] 009:ffn-swiglu: 0.000001000 seconds
[token:96, layer:3] 010:ffn-down-projection: 0.000136000 seconds
[token:96, layer:3] 102:layer-compute-total: 0.000496000 seconds
[token:96, layer:4] 002:attention-norm: 0.000000000 seconds
[token:96, layer:4] 003:qkv-projection: 0.000107000 seconds
[token:96, layer:4] 004:apply-rope: 0.000001000 seconds
[token:96, layer:4] 005:compute-attention: 0.000021000 seconds
[token:96, layer:4] 006:attention-output: 0.000036000 seconds
[token:96, layer:4] 007:ffn-norm: 0.000000000 seconds
[token:96, layer:4] 008:ffn-up-projection: 0.000193000 seconds
[token:96, layer:4] 009:ffn-swiglu: 0.000001000 seconds
[token:96, layer:4] 010:ffn-down-projection: 0.000136000 seconds
[token:96, layer:4] 102:layer-compute-total: 0.000495000 seconds
[token:96, layer:5] 002:attention-norm: 0.000000000 seconds
[token:96, layer:5] 003:qkv-projection: 0.000106000 seconds
[token:96, layer:5] 004:apply-rope: 0.000001000 seconds
[token:96, layer:5] 005:compute-attention: 0.000020000 seconds
[token:96, layer:5] 006:attention-output: 0.000036000 seconds
[token:96, layer:5] 007:ffn-norm: 0.000001000 seconds
[token:96, layer:5] 008:ffn-up-projection: 0.000190000 seconds
[token:96, layer:5] 009:ffn-swiglu: 0.000001000 seconds
[token:96, layer:5] 010:ffn-down-projection: 0.000139000 seconds
[token:96, layer:5] 102:layer-compute-total: 0.000494000 seconds
[token:96] 011:final-projection: 0.003982000 seconds
[token:96] 103:forward-compute-total: 0.006963000 seconds
[token:97] 001:embedding-lookup: 0.000000000 seconds
[token:97, layer:0] 002:attention-norm: 0.000000000 seconds
[token:97, layer:0] 003:qkv-projection: 0.000109000 seconds
[token:97, layer:0] 004:apply-rope: 0.000002000 seconds
[token:97, layer:0] 005:compute-attention: 0.000016000 seconds
[token:97, layer:0] 006:attention-output: 0.000036000 seconds
[token:97, layer:0] 007:ffn-norm: 0.000000000 seconds
[token:97, layer:0] 008:ffn-up-projection: 0.000194000 seconds
[token:97, layer:0] 009:ffn-swiglu: 0.000001000 seconds
[token:97, layer:0] 010:ffn-down-projection: 0.000136000 seconds
[token:97, layer:0] 102:layer-compute-total: 0.000494000 seconds
[token:97, layer:1] 002:attention-norm: 0.000000000 seconds
[token:97, layer:1] 003:qkv-projection: 0.000107000 seconds
[token:97, layer:1] 004:apply-rope: 0.000001000 seconds
[token:97, layer:1] 005:compute-attention: 0.000017000 seconds
[token:97, layer:1] 006:attention-output: 0.000035000 seconds
[token:97, layer:1] 007:ffn-norm: 0.000001000 seconds
[token:97, layer:1] 008:ffn-up-projection: 0.000190000 seconds
[token:97, layer:1] 009:ffn-swiglu: 0.000001000 seconds
[token:97, layer:1] 010:ffn-down-projection: 0.000136000 seconds
[token:97, layer:1] 102:layer-compute-total: 0.000488000 seconds
[token:97, layer:2] 002:attention-norm: 0.000000000 seconds
[token:97, layer:2] 003:qkv-projection: 0.000107000 seconds
[token:97, layer:2] 004:apply-rope: 0.000001000 seconds
[token:97, layer:2] 005:compute-attention: 0.000016000 seconds
[token:97, layer:2] 006:attention-output: 0.000036000 seconds
[token:97, layer:2] 007:ffn-norm: 0.000000000 seconds
[token:97, layer:2] 008:ffn-up-projection: 0.000189000 seconds
[token:97, layer:2] 009:ffn-swiglu: 0.000001000 seconds
[token:97, layer:2] 010:ffn-down-projection: 0.000136000 seconds
[token:97, layer:2] 102:layer-compute-total: 0.000486000 seconds
[token:97, layer:3] 002:attention-norm: 0.000000000 seconds
[token:97, layer:3] 003:qkv-projection: 0.000106000 seconds
[token:97, layer:3] 004:apply-rope: 0.000001000 seconds
[token:97, layer:3] 005:compute-attention: 0.000015000 seconds
[token:97, layer:3] 006:attention-output: 0.000038000 seconds
[token:97, layer:3] 007:ffn-norm: 0.000001000 seconds
[token:97, layer:3] 008:ffn-up-projection: 0.000189000 seconds
[token:97, layer:3] 009:ffn-swiglu: 0.000002000 seconds
[token:97, layer:3] 010:ffn-down-projection: 0.000136000 seconds
[token:97, layer:3] 102:layer-compute-total: 0.000488000 seconds
[token:97, layer:4] 002:attention-norm: 0.000001000 seconds
[token:97, layer:4] 003:qkv-projection: 0.000107000 seconds
[token:97, layer:4] 004:apply-rope: 0.000001000 seconds
[token:97, layer:4] 005:compute-attention: 0.000015000 seconds
[token:97, layer:4] 006:attention-output: 0.000035000 seconds
[token:97, layer:4] 007:ffn-norm: 0.000000000 seconds
[token:97, layer:4] 008:ffn-up-projection: 0.000190000 seconds
[token:97, layer:4] 009:ffn-swiglu: 0.000001000 seconds
[token:97, layer:4] 010:ffn-down-projection: 0.000136000 seconds
[token:97, layer:4] 102:layer-compute-total: 0.000486000 seconds
[token:97, layer:5] 002:attention-norm: 0.000000000 seconds
[token:97, layer:5] 003:qkv-projection: 0.000110000 seconds
[token:97, layer:5] 004:apply-rope: 0.000001000 seconds
[token:97, layer:5] 005:compute-attention: 0.000015000 seconds
[token:97, layer:5] 006:attention-output: 0.000044000 seconds
[token:97, layer:5] 007:ffn-norm: 0.000000000 seconds
[token:97, layer:5] 008:ffn-up-projection: 0.000239000 seconds
[token:97, layer:5] 009:ffn-swiglu: 0.000001000 seconds
[token:97, layer:5] 010:ffn-down-projection: 0.000141000 seconds
[token:97, layer:5] 102:layer-compute-total: 0.000551000 seconds
[token:97] 011:final-projection: 0.004282000 seconds
[token:97] 103:forward-compute-total: 0.007275000 seconds
[token:98] 001:embedding-lookup: 0.000001000 seconds
[token:98, layer:0] 002:attention-norm: 0.000000000 seconds
[token:98, layer:0] 003:qkv-projection: 0.000110000 seconds
[token:98, layer:0] 004:apply-rope: 0.000002000 seconds
[token:98, layer:0] 005:compute-attention: 0.000021000 seconds
[token:98, layer:0] 006:attention-output: 0.000036000 seconds
[token:98, layer:0] 007:ffn-norm: 0.000000000 seconds
[token:98, layer:0] 008:ffn-up-projection: 0.000191000 seconds
[token:98, layer:0] 009:ffn-swiglu: 0.000001000 seconds
[token:98, layer:0] 010:ffn-down-projection: 0.000139000 seconds
[token:98, layer:0] 102:layer-compute-total: 0.000500000 seconds
[token:98, layer:1] 002:attention-norm: 0.000001000 seconds
[token:98, layer:1] 003:qkv-projection: 0.000108000 seconds
[token:98, layer:1] 004:apply-rope: 0.000001000 seconds
[token:98, layer:1] 005:compute-attention: 0.000021000 seconds
[token:98, layer:1] 006:attention-output: 0.000036000 seconds
[token:98, layer:1] 007:ffn-norm: 0.000000000 seconds
[token:98, layer:1] 008:ffn-up-projection: 0.000190000 seconds
[token:98, layer:1] 009:ffn-swiglu: 0.000001000 seconds
[token:98, layer:1] 010:ffn-down-projection: 0.000138000 seconds
[token:98, layer:1] 102:layer-compute-total: 0.000496000 seconds
[token:98, layer:2] 002:attention-norm: 0.000001000 seconds
[token:98, layer:2] 003:qkv-projection: 0.000107000 seconds
[token:98, layer:2] 004:apply-rope: 0.000001000 seconds
[token:98, layer:2] 005:compute-attention: 0.000021000 seconds
[token:98, layer:2] 006:attention-output: 0.000035000 seconds
[token:98, layer:2] 007:ffn-norm: 0.000000000 seconds
[token:98, layer:2] 008:ffn-up-projection: 0.000190000 seconds
[token:98, layer:2] 009:ffn-swiglu: 0.000001000 seconds
[token:98, layer:2] 010:ffn-down-projection: 0.000137000 seconds
[token:98, layer:2] 102:layer-compute-total: 0.000493000 seconds
[token:98, layer:3] 002:attention-norm: 0.000000000 seconds
[token:98, layer:3] 003:qkv-projection: 0.000107000 seconds
[token:98, layer:3] 004:apply-rope: 0.000001000 seconds
[token:98, layer:3] 005:compute-attention: 0.000024000 seconds
[token:98, layer:3] 006:attention-output: 0.000036000 seconds
[token:98, layer:3] 007:ffn-norm: 0.000000000 seconds
[token:98, layer:3] 008:ffn-up-projection: 0.000189000 seconds
[token:98, layer:3] 009:ffn-swiglu: 0.000001000 seconds
[token:98, layer:3] 010:ffn-down-projection: 0.000136000 seconds
[token:98, layer:3] 102:layer-compute-total: 0.000494000 seconds
[token:98, layer:4] 002:attention-norm: 0.000001000 seconds
[token:98, layer:4] 003:qkv-projection: 0.000106000 seconds
[token:98, layer:4] 004:apply-rope: 0.000001000 seconds
[token:98, layer:4] 005:compute-attention: 0.000021000 seconds
[token:98, layer:4] 006:attention-output: 0.000036000 seconds
[token:98, layer:4] 007:ffn-norm: 0.000000000 seconds
[token:98, layer:4] 008:ffn-up-projection: 0.000194000 seconds
[token:98, layer:4] 009:ffn-swiglu: 0.000001000 seconds
[token:98, layer:4] 010:ffn-down-projection: 0.000139000 seconds
[token:98, layer:4] 102:layer-compute-total: 0.000499000 seconds
[token:98, layer:5] 002:attention-norm: 0.000000000 seconds
[token:98, layer:5] 003:qkv-projection: 0.000106000 seconds
[token:98, layer:5] 004:apply-rope: 0.000002000 seconds
[token:98, layer:5] 005:compute-attention: 0.000021000 seconds
[token:98, layer:5] 006:attention-output: 0.000036000 seconds
[token:98, layer:5] 007:ffn-norm: 0.000000000 seconds
[token:98, layer:5] 008:ffn-up-projection: 0.000193000 seconds
[token:98, layer:5] 009:ffn-swiglu: 0.000001000 seconds
[token:98, layer:5] 010:ffn-down-projection: 0.000135000 seconds
[token:98, layer:5] 102:layer-compute-total: 0.000494000 seconds
[token:98] 011:final-projection: 0.004088000 seconds
[token:98] 103:forward-compute-total: 0.007065000 seconds
[token:99] 001:embedding-lookup: 0.000001000 seconds
[token:99, layer:0] 002:attention-norm: 0.000000000 seconds
[token:99, layer:0] 003:qkv-projection: 0.000166000 seconds
[token:99, layer:0] 004:apply-rope: 0.000002000 seconds
[token:99, layer:0] 005:compute-attention: 0.000019000 seconds
[token:99, layer:0] 006:attention-output: 0.000037000 seconds
[token:99, layer:0] 007:ffn-norm: 0.000000000 seconds
[token:99, layer:0] 008:ffn-up-projection: 0.000191000 seconds
[token:99, layer:0] 009:ffn-swiglu: 0.000001000 seconds
[token:99, layer:0] 010:ffn-down-projection: 0.000136000 seconds
[token:99, layer:0] 102:layer-compute-total: 0.000552000 seconds
[token:99, layer:1] 002:attention-norm: 0.000000000 seconds
[token:99, layer:1] 003:qkv-projection: 0.000110000 seconds
[token:99, layer:1] 004:apply-rope: 0.000001000 seconds
[token:99, layer:1] 005:compute-attention: 0.000019000 seconds
[token:99, layer:1] 006:attention-output: 0.000036000 seconds
[token:99, layer:1] 007:ffn-norm: 0.000000000 seconds
[token:99, layer:1] 008:ffn-up-projection: 0.000194000 seconds
[token:99, layer:1] 009:ffn-swiglu: 0.000001000 seconds
[token:99, layer:1] 010:ffn-down-projection: 0.000136000 seconds
[token:99, layer:1] 102:layer-compute-total: 0.000497000 seconds
[token:99, layer:2] 002:attention-norm: 0.000000000 seconds
[token:99, layer:2] 003:qkv-projection: 0.000110000 seconds
[token:99, layer:2] 004:apply-rope: 0.000001000 seconds
[token:99, layer:2] 005:compute-attention: 0.000018000 seconds
[token:99, layer:2] 006:attention-output: 0.000035000 seconds
[token:99, layer:2] 007:ffn-norm: 0.000000000 seconds
[token:99, layer:2] 008:ffn-up-projection: 0.000189000 seconds
[token:99, layer:2] 009:ffn-swiglu: 0.000001000 seconds
[token:99, layer:2] 010:ffn-down-projection: 0.000136000 seconds
[token:99, layer:2] 102:layer-compute-total: 0.000490000 seconds
[token:99, layer:3] 002:attention-norm: 0.000000000 seconds
[token:99, layer:3] 003:qkv-projection: 0.000117000 seconds
[token:99, layer:3] 004:apply-rope: 0.000001000 seconds
[token:99, layer:3] 005:compute-attention: 0.000018000 seconds
[token:99, layer:3] 006:attention-output: 0.000035000 seconds
[token:99, layer:3] 007:ffn-norm: 0.000001000 seconds
[token:99, layer:3] 008:ffn-up-projection: 0.000190000 seconds
[token:99, layer:3] 009:ffn-swiglu: 0.000001000 seconds
[token:99, layer:3] 010:ffn-down-projection: 0.000136000 seconds
[token:99, layer:3] 102:layer-compute-total: 0.000499000 seconds
[token:99, layer:4] 002:attention-norm: 0.000000000 seconds
[token:99, layer:4] 003:qkv-projection: 0.000109000 seconds
[token:99, layer:4] 004:apply-rope: 0.000001000 seconds
[token:99, layer:4] 005:compute-attention: 0.000018000 seconds
[token:99, layer:4] 006:attention-output: 0.000036000 seconds
[token:99, layer:4] 007:ffn-norm: 0.000000000 seconds
[token:99, layer:4] 008:ffn-up-projection: 0.000190000 seconds
[token:99, layer:4] 009:ffn-swiglu: 0.000001000 seconds
[token:99, layer:4] 010:ffn-down-projection: 0.000135000 seconds
[token:99, layer:4] 102:layer-compute-total: 0.000490000 seconds
[token:99, layer:5] 002:attention-norm: 0.000001000 seconds
[token:99, layer:5] 003:qkv-projection: 0.000109000 seconds
[token:99, layer:5] 004:apply-rope: 0.000001000 seconds
[token:99, layer:5] 005:compute-attention: 0.000017000 seconds
[token:99, layer:5] 006:attention-output: 0.000035000 seconds
[token:99, layer:5] 007:ffn-norm: 0.000000000 seconds
[token:99, layer:5] 008:ffn-up-projection: 0.000189000 seconds
[token:99, layer:5] 009:ffn-swiglu: 0.000001000 seconds
[token:99, layer:5] 010:ffn-down-projection: 0.000141000 seconds
[token:99, layer:5] 102:layer-compute-total: 0.000494000 seconds
[token:99] 011:final-projection: 0.004320000 seconds
[token:99] 103:forward-compute-total: 0.007343000 seconds
[token:100] 001:embedding-lookup: 0.000001000 seconds
[token:100, layer:0] 002:attention-norm: 0.000001000 seconds
[token:100, layer:0] 003:qkv-projection: 0.000127000 seconds
[token:100, layer:0] 004:apply-rope: 0.000002000 seconds
[token:100, layer:0] 005:compute-attention: 0.000026000 seconds
[token:100, layer:0] 006:attention-output: 0.000037000 seconds
[token:100, layer:0] 007:ffn-norm: 0.000000000 seconds
[token:100, layer:0] 008:ffn-up-projection: 0.000194000 seconds
[token:100, layer:0] 009:ffn-swiglu: 0.000002000 seconds
[token:100, layer:0] 010:ffn-down-projection: 0.000143000 seconds
[token:100, layer:0] 102:layer-compute-total: 0.000532000 seconds
[token:100, layer:1] 002:attention-norm: 0.000000000 seconds
[token:100, layer:1] 003:qkv-projection: 0.000107000 seconds
[token:100, layer:1] 004:apply-rope: 0.000001000 seconds
[token:100, layer:1] 005:compute-attention: 0.000022000 seconds
[token:100, layer:1] 006:attention-output: 0.000036000 seconds
[token:100, layer:1] 007:ffn-norm: 0.000000000 seconds
[token:100, layer:1] 008:ffn-up-projection: 0.000193000 seconds
[token:100, layer:1] 009:ffn-swiglu: 0.000002000 seconds
[token:100, layer:1] 010:ffn-down-projection: 0.000139000 seconds
[token:100, layer:1] 102:layer-compute-total: 0.000500000 seconds
[token:100, layer:2] 002:attention-norm: 0.000001000 seconds
[token:100, layer:2] 003:qkv-projection: 0.000107000 seconds
[token:100, layer:2] 004:apply-rope: 0.000002000 seconds
[token:100, layer:2] 005:compute-attention: 0.000022000 seconds
[token:100, layer:2] 006:attention-output: 0.000036000 seconds
[token:100, layer:2] 007:ffn-norm: 0.000001000 seconds
[token:100, layer:2] 008:ffn-up-projection: 0.000190000 seconds
[token:100, layer:2] 009:ffn-swiglu: 0.000001000 seconds
[token:100, layer:2] 010:ffn-down-projection: 0.000143000 seconds
[token:100, layer:2] 102:layer-compute-total: 0.000503000 seconds
[token:100, layer:3] 002:attention-norm: 0.000000000 seconds
[token:100, layer:3] 003:qkv-projection: 0.000107000 seconds
[token:100, layer:3] 004:apply-rope: 0.000001000 seconds
[token:100, layer:3] 005:compute-attention: 0.000022000 seconds
[token:100, layer:3] 006:attention-output: 0.000037000 seconds
[token:100, layer:3] 007:ffn-norm: 0.000001000 seconds
[token:100, layer:3] 008:ffn-up-projection: 0.000191000 seconds
[token:100, layer:3] 009:ffn-swiglu: 0.000001000 seconds
[token:100, layer:3] 010:ffn-down-projection: 0.000138000 seconds
[token:100, layer:3] 102:layer-compute-total: 0.000498000 seconds
[token:100, layer:4] 002:attention-norm: 0.000000000 seconds
[token:100, layer:4] 003:qkv-projection: 0.000107000 seconds
[token:100, layer:4] 004:apply-rope: 0.000001000 seconds
[token:100, layer:4] 005:compute-attention: 0.000022000 seconds
[token:100, layer:4] 006:attention-output: 0.000035000 seconds
[token:100, layer:4] 007:ffn-norm: 0.000000000 seconds
[token:100, layer:4] 008:ffn-up-projection: 0.000190000 seconds
[token:100, layer:4] 009:ffn-swiglu: 0.000001000 seconds
[token:100, layer:4] 010:ffn-down-projection: 0.000136000 seconds
[token:100, layer:4] 102:layer-compute-total: 0.000492000 seconds
[token:100, layer:5] 002:attention-norm: 0.000001000 seconds
[token:100, layer:5] 003:qkv-projection: 0.000109000 seconds
[token:100, layer:5] 004:apply-rope: 0.000002000 seconds
[token:100, layer:5] 005:compute-attention: 0.000022000 seconds
[token:100, layer:5] 006:attention-output: 0.000035000 seconds
[token:100, layer:5] 007:ffn-norm: 0.000000000 seconds
[token:100, layer:5] 008:ffn-up-projection: 0.000200000 seconds
[token:100, layer:5] 009:ffn-swiglu: 0.000001000 seconds
[token:100, layer:5] 010:ffn-down-projection: 0.000143000 seconds
[token:100, layer:5] 102:layer-compute-total: 0.000513000 seconds
[token:100] 011:final-projection: 0.004093000 seconds
[token:100] 103:forward-compute-total: 0.007132000 seconds
[token:101] 001:embedding-lookup: 0.000000000 seconds
[token:101, layer:0] 002:attention-norm: 0.000001000 seconds
[token:101, layer:0] 003:qkv-projection: 0.000180000 seconds
[token:101, layer:0] 004:apply-rope: 0.000001000 seconds
[token:101, layer:0] 005:compute-attention: 0.000024000 seconds
[token:101, layer:0] 006:attention-output: 0.000042000 seconds
[token:101, layer:0] 007:ffn-norm: 0.000000000 seconds
[token:101, layer:0] 008:ffn-up-projection: 0.000195000 seconds
[token:101, layer:0] 009:ffn-swiglu: 0.000002000 seconds
[token:101, layer:0] 010:ffn-down-projection: 0.000139000 seconds
[token:101, layer:0] 102:layer-compute-total: 0.000584000 seconds
[token:101, layer:1] 002:attention-norm: 0.000000000 seconds
[token:101, layer:1] 003:qkv-projection: 0.000110000 seconds
[token:101, layer:1] 004:apply-rope: 0.000001000 seconds
[token:101, layer:1] 005:compute-attention: 0.000022000 seconds
[token:101, layer:1] 006:attention-output: 0.000037000 seconds
[token:101, layer:1] 007:ffn-norm: 0.000000000 seconds
[token:101, layer:1] 008:ffn-up-projection: 0.000195000 seconds
[token:101, layer:1] 009:ffn-swiglu: 0.000002000 seconds
[token:101, layer:1] 010:ffn-down-projection: 0.000141000 seconds
[token:101, layer:1] 102:layer-compute-total: 0.000508000 seconds
[token:101, layer:2] 002:attention-norm: 0.000000000 seconds
[token:101, layer:2] 003:qkv-projection: 0.000110000 seconds
[token:101, layer:2] 004:apply-rope: 0.000001000 seconds
[token:101, layer:2] 005:compute-attention: 0.000021000 seconds
[token:101, layer:2] 006:attention-output: 0.000037000 seconds
[token:101, layer:2] 007:ffn-norm: 0.000000000 seconds
[token:101, layer:2] 008:ffn-up-projection: 0.000194000 seconds
[token:101, layer:2] 009:ffn-swiglu: 0.000001000 seconds
[token:101, layer:2] 010:ffn-down-projection: 0.000139000 seconds
[token:101, layer:2] 102:layer-compute-total: 0.000503000 seconds
[token:101, layer:3] 002:attention-norm: 0.000000000 seconds
[token:101, layer:3] 003:qkv-projection: 0.000110000 seconds
[token:101, layer:3] 004:apply-rope: 0.000002000 seconds
[token:101, layer:3] 005:compute-attention: 0.000022000 seconds
[token:101, layer:3] 006:attention-output: 0.000037000 seconds
[token:101, layer:3] 007:ffn-norm: 0.000000000 seconds
[token:101, layer:3] 008:ffn-up-projection: 0.000194000 seconds
[token:101, layer:3] 009:ffn-swiglu: 0.000001000 seconds
[token:101, layer:3] 010:ffn-down-projection: 0.000136000 seconds
[token:101, layer:3] 102:layer-compute-total: 0.000502000 seconds
[token:101, layer:4] 002:attention-norm: 0.000000000 seconds
[token:101, layer:4] 003:qkv-projection: 0.000105000 seconds
[token:101, layer:4] 004:apply-rope: 0.000001000 seconds
[token:101, layer:4] 005:compute-attention: 0.000021000 seconds
[token:101, layer:4] 006:attention-output: 0.000035000 seconds
[token:101, layer:4] 007:ffn-norm: 0.000001000 seconds
[token:101, layer:4] 008:ffn-up-projection: 0.000195000 seconds
[token:101, layer:4] 009:ffn-swiglu: 0.000001000 seconds
[token:101, layer:4] 010:ffn-down-projection: 0.000140000 seconds
[token:101, layer:4] 102:layer-compute-total: 0.000499000 seconds
[token:101, layer:5] 002:attention-norm: 0.000000000 seconds
[token:101, layer:5] 003:qkv-projection: 0.000110000 seconds
[token:101, layer:5] 004:apply-rope: 0.000001000 seconds
[token:101, layer:5] 005:compute-attention: 0.000020000 seconds
[token:101, layer:5] 006:attention-output: 0.000037000 seconds
[token:101, layer:5] 007:ffn-norm: 0.000000000 seconds
[token:101, layer:5] 008:ffn-up-projection: 0.000194000 seconds
[token:101, layer:5] 009:ffn-swiglu: 0.000001000 seconds
[token:101, layer:5] 010:ffn-down-projection: 0.000138000 seconds
[token:101, layer:5] 102:layer-compute-total: 0.000501000 seconds
[token:101] 011:final-projection: 0.004078000 seconds
[token:101] 103:forward-compute-total: 0.007175000 seconds
[token:102] 001:embedding-lookup: 0.000000000 seconds
[token:102, layer:0] 002:attention-norm: 0.000000000 seconds
[token:102, layer:0] 003:qkv-projection: 0.000132000 seconds
[token:102, layer:0] 004:apply-rope: 0.000002000 seconds
[token:102, layer:0] 005:compute-attention: 0.000019000 seconds
[token:102, layer:0] 006:attention-output: 0.000037000 seconds
[token:102, layer:0] 007:ffn-norm: 0.000001000 seconds
[token:102, layer:0] 008:ffn-up-projection: 0.000195000 seconds
[token:102, layer:0] 009:ffn-swiglu: 0.000001000 seconds
[token:102, layer:0] 010:ffn-down-projection: 0.000140000 seconds
[token:102, layer:0] 102:layer-compute-total: 0.000527000 seconds
[token:102, layer:1] 002:attention-norm: 0.000000000 seconds
[token:102, layer:1] 003:qkv-projection: 0.000109000 seconds
[token:102, layer:1] 004:apply-rope: 0.000002000 seconds
[token:102, layer:1] 005:compute-attention: 0.000019000 seconds
[token:102, layer:1] 006:attention-output: 0.000037000 seconds
[token:102, layer:1] 007:ffn-norm: 0.000000000 seconds
[token:102, layer:1] 008:ffn-up-projection: 0.000201000 seconds
[token:102, layer:1] 009:ffn-swiglu: 0.000001000 seconds
[token:102, layer:1] 010:ffn-down-projection: 0.000212000 seconds
[token:102, layer:1] 102:layer-compute-total: 0.000581000 seconds
[token:102, layer:2] 002:attention-norm: 0.000000000 seconds
[token:102, layer:2] 003:qkv-projection: 0.000111000 seconds
[token:102, layer:2] 004:apply-rope: 0.000001000 seconds
[token:102, layer:2] 005:compute-attention: 0.000035000 seconds
[token:102, layer:2] 006:attention-output: 0.000036000 seconds
[token:102, layer:2] 007:ffn-norm: 0.000000000 seconds
[token:102, layer:2] 008:ffn-up-projection: 0.000194000 seconds
[token:102, layer:2] 009:ffn-swiglu: 0.000001000 seconds
[token:102, layer:2] 010:ffn-down-projection: 0.000139000 seconds
[token:102, layer:2] 102:layer-compute-total: 0.000517000 seconds
[token:102, layer:3] 002:attention-norm: 0.000000000 seconds
[token:102, layer:3] 003:qkv-projection: 0.000110000 seconds
[token:102, layer:3] 004:apply-rope: 0.000001000 seconds
[token:102, layer:3] 005:compute-attention: 0.000022000 seconds
[token:102, layer:3] 006:attention-output: 0.000037000 seconds
[token:102, layer:3] 007:ffn-norm: 0.000000000 seconds
[token:102, layer:3] 008:ffn-up-projection: 0.000193000 seconds
[token:102, layer:3] 009:ffn-swiglu: 0.000001000 seconds
[token:102, layer:3] 010:ffn-down-projection: 0.000141000 seconds
[token:102, layer:3] 102:layer-compute-total: 0.000505000 seconds
[token:102, layer:4] 002:attention-norm: 0.000000000 seconds
[token:102, layer:4] 003:qkv-projection: 0.000110000 seconds
[token:102, layer:4] 004:apply-rope: 0.000001000 seconds
[token:102, layer:4] 005:compute-attention: 0.000022000 seconds
[token:102, layer:4] 006:attention-output: 0.000037000 seconds
[token:102, layer:4] 007:ffn-norm: 0.000000000 seconds
[token:102, layer:4] 008:ffn-up-projection: 0.000194000 seconds
[token:102, layer:4] 009:ffn-swiglu: 0.000001000 seconds
[token:102, layer:4] 010:ffn-down-projection: 0.000139000 seconds
[token:102, layer:4] 102:layer-compute-total: 0.000504000 seconds
[token:102, layer:5] 002:attention-norm: 0.000000000 seconds
[token:102, layer:5] 003:qkv-projection: 0.000106000 seconds
[token:102, layer:5] 004:apply-rope: 0.000001000 seconds
[token:102, layer:5] 005:compute-attention: 0.000022000 seconds
[token:102, layer:5] 006:attention-output: 0.000040000 seconds
[token:102, layer:5] 007:ffn-norm: 0.000000000 seconds
[token:102, layer:5] 008:ffn-up-projection: 0.000194000 seconds
[token:102, layer:5] 009:ffn-swiglu: 0.000001000 seconds
[token:102, layer:5] 010:ffn-down-projection: 0.000139000 seconds
[token:102, layer:5] 102:layer-compute-total: 0.000503000 seconds
[token:102] 011:final-projection: 0.004086000 seconds
[token:102] 103:forward-compute-total: 0.007223000 seconds
[token:103] 001:embedding-lookup: 0.000000000 seconds
[token:103, layer:0] 002:attention-norm: 0.000001000 seconds
[token:103, layer:0] 003:qkv-projection: 0.000110000 seconds
[token:103, layer:0] 004:apply-rope: 0.000002000 seconds
[token:103, layer:0] 005:compute-attention: 0.000025000 seconds
[token:103, layer:0] 006:attention-output: 0.000037000 seconds
[token:103, layer:0] 007:ffn-norm: 0.000000000 seconds
[token:103, layer:0] 008:ffn-up-projection: 0.000195000 seconds
[token:103, layer:0] 009:ffn-swiglu: 0.000001000 seconds
[token:103, layer:0] 010:ffn-down-projection: 0.000141000 seconds
[token:103, layer:0] 102:layer-compute-total: 0.000512000 seconds
[token:103, layer:1] 002:attention-norm: 0.000000000 seconds
[token:103, layer:1] 003:qkv-projection: 0.000111000 seconds
[token:103, layer:1] 004:apply-rope: 0.000001000 seconds
[token:103, layer:1] 005:compute-attention: 0.000028000 seconds
[token:103, layer:1] 006:attention-output: 0.000036000 seconds
[token:103, layer:1] 007:ffn-norm: 0.000000000 seconds
[token:103, layer:1] 008:ffn-up-projection: 0.000195000 seconds
[token:103, layer:1] 009:ffn-swiglu: 0.000001000 seconds
[token:103, layer:1] 010:ffn-down-projection: 0.000139000 seconds
[token:103, layer:1] 102:layer-compute-total: 0.000511000 seconds
[token:103, layer:2] 002:attention-norm: 0.000001000 seconds
[token:103, layer:2] 003:qkv-projection: 0.000112000 seconds
[token:103, layer:2] 004:apply-rope: 0.000001000 seconds
[token:103, layer:2] 005:compute-attention: 0.000027000 seconds
[token:103, layer:2] 006:attention-output: 0.000037000 seconds
[token:103, layer:2] 007:ffn-norm: 0.000000000 seconds
[token:103, layer:2] 008:ffn-up-projection: 0.000195000 seconds
[token:103, layer:2] 009:ffn-swiglu: 0.000001000 seconds
[token:103, layer:2] 010:ffn-down-projection: 0.000139000 seconds
[token:103, layer:2] 102:layer-compute-total: 0.000513000 seconds
[token:103, layer:3] 002:attention-norm: 0.000000000 seconds
[token:103, layer:3] 003:qkv-projection: 0.000220000 seconds
[token:103, layer:3] 004:apply-rope: 0.000002000 seconds
[token:103, layer:3] 005:compute-attention: 0.000030000 seconds
[token:103, layer:3] 006:attention-output: 0.000037000 seconds
[token:103, layer:3] 007:ffn-norm: 0.000001000 seconds
[token:103, layer:3] 008:ffn-up-projection: 0.000196000 seconds
[token:103, layer:3] 009:ffn-swiglu: 0.000001000 seconds
[token:103, layer:3] 010:ffn-down-projection: 0.000140000 seconds
[token:103, layer:3] 102:layer-compute-total: 0.000627000 seconds
[token:103, layer:4] 002:attention-norm: 0.000001000 seconds
[token:103, layer:4] 003:qkv-projection: 0.000110000 seconds
[token:103, layer:4] 004:apply-rope: 0.000001000 seconds
[token:103, layer:4] 005:compute-attention: 0.000024000 seconds
[token:103, layer:4] 006:attention-output: 0.000036000 seconds
[token:103, layer:4] 007:ffn-norm: 0.000000000 seconds
[token:103, layer:4] 008:ffn-up-projection: 0.000194000 seconds
[token:103, layer:4] 009:ffn-swiglu: 0.000001000 seconds
[token:103, layer:4] 010:ffn-down-projection: 0.000140000 seconds
[token:103, layer:4] 102:layer-compute-total: 0.000507000 seconds
[token:103, layer:5] 002:attention-norm: 0.000000000 seconds
[token:103, layer:5] 003:qkv-projection: 0.000111000 seconds
[token:103, layer:5] 004:apply-rope: 0.000001000 seconds
[token:103, layer:5] 005:compute-attention: 0.000025000 seconds
[token:103, layer:5] 006:attention-output: 0.000037000 seconds
[token:103, layer:5] 007:ffn-norm: 0.000001000 seconds
[token:103, layer:5] 008:ffn-up-projection: 0.000446000 seconds
[token:103, layer:5] 009:ffn-swiglu: 0.000004000 seconds
[token:103, layer:5] 010:ffn-down-projection: 0.000341000 seconds
[token:103, layer:5] 102:layer-compute-total: 0.000966000 seconds
[token:103] 011:final-projection: 0.005078000 seconds
[token:103] 103:forward-compute-total: 0.008714000 seconds
[token:104] 001:embedding-lookup: 0.000001000 seconds
[token:104, layer:0] 002:attention-norm: 0.000000000 seconds
[token:104, layer:0] 003:qkv-projection: 0.000113000 seconds
[token:104, layer:0] 004:apply-rope: 0.000003000 seconds
[token:104, layer:0] 005:compute-attention: 0.000025000 seconds
[token:104, layer:0] 006:attention-output: 0.000037000 seconds
[token:104, layer:0] 007:ffn-norm: 0.000000000 seconds
[token:104, layer:0] 008:ffn-up-projection: 0.000199000 seconds
[token:104, layer:0] 009:ffn-swiglu: 0.000001000 seconds
[token:104, layer:0] 010:ffn-down-projection: 0.000140000 seconds
[token:104, layer:0] 102:layer-compute-total: 0.000518000 seconds
[token:104, layer:1] 002:attention-norm: 0.000001000 seconds
[token:104, layer:1] 003:qkv-projection: 0.000133000 seconds
[token:104, layer:1] 004:apply-rope: 0.000002000 seconds
[token:104, layer:1] 005:compute-attention: 0.000050000 seconds
[token:104, layer:1] 006:attention-output: 0.000042000 seconds
[token:104, layer:1] 007:ffn-norm: 0.000000000 seconds
[token:104, layer:1] 008:ffn-up-projection: 0.000383000 seconds
[token:104, layer:1] 009:ffn-swiglu: 0.000001000 seconds
[token:104, layer:1] 010:ffn-down-projection: 0.000150000 seconds
[token:104, layer:1] 102:layer-compute-total: 0.000762000 seconds
[token:104, layer:2] 002:attention-norm: 0.000000000 seconds
[token:104, layer:2] 003:qkv-projection: 0.000125000 seconds
[token:104, layer:2] 004:apply-rope: 0.000003000 seconds
[token:104, layer:2] 005:compute-attention: 0.000029000 seconds
[token:104, layer:2] 006:attention-output: 0.000037000 seconds
[token:104, layer:2] 007:ffn-norm: 0.000000000 seconds
[token:104, layer:2] 008:ffn-up-projection: 0.000200000 seconds
[token:104, layer:2] 009:ffn-swiglu: 0.000001000 seconds
[token:104, layer:2] 010:ffn-down-projection: 0.000140000 seconds
[token:104, layer:2] 102:layer-compute-total: 0.000535000 seconds
[token:104, layer:3] 002:attention-norm: 0.000000000 seconds
[token:104, layer:3] 003:qkv-projection: 0.000110000 seconds
[token:104, layer:3] 004:apply-rope: 0.000001000 seconds
[token:104, layer:3] 005:compute-attention: 0.000029000 seconds
[token:104, layer:3] 006:attention-output: 0.000036000 seconds
[token:104, layer:3] 007:ffn-norm: 0.000000000 seconds
[token:104, layer:3] 008:ffn-up-projection: 0.000191000 seconds
[token:104, layer:3] 009:ffn-swiglu: 0.000001000 seconds
[token:104, layer:3] 010:ffn-down-projection: 0.000136000 seconds
[token:104, layer:3] 102:layer-compute-total: 0.000504000 seconds
[token:104, layer:4] 002:attention-norm: 0.000000000 seconds
[token:104, layer:4] 003:qkv-projection: 0.000107000 seconds
[token:104, layer:4] 004:apply-rope: 0.000001000 seconds
[token:104, layer:4] 005:compute-attention: 0.000028000 seconds
[token:104, layer:4] 006:attention-output: 0.000037000 seconds
[token:104, layer:4] 007:ffn-norm: 0.000000000 seconds
[token:104, layer:4] 008:ffn-up-projection: 0.000204000 seconds
[token:104, layer:4] 009:ffn-swiglu: 0.000001000 seconds
[token:104, layer:4] 010:ffn-down-projection: 0.000138000 seconds
[token:104, layer:4] 102:layer-compute-total: 0.000516000 seconds
[token:104, layer:5] 002:attention-norm: 0.000000000 seconds
[token:104, layer:5] 003:qkv-projection: 0.000108000 seconds
[token:104, layer:5] 004:apply-rope: 0.000002000 seconds
[token:104, layer:5] 005:compute-attention: 0.000026000 seconds
[token:104, layer:5] 006:attention-output: 0.000036000 seconds
[token:104, layer:5] 007:ffn-norm: 0.000000000 seconds
[token:104, layer:5] 008:ffn-up-projection: 0.000189000 seconds
[token:104, layer:5] 009:ffn-swiglu: 0.000001000 seconds
[token:104, layer:5] 010:ffn-down-projection: 0.000137000 seconds
[token:104, layer:5] 102:layer-compute-total: 0.000499000 seconds
[token:104] 011:final-projection: 0.004031000 seconds
[token:104] 103:forward-compute-total: 0.007366000 seconds
[token:105] 001:embedding-lookup: 0.000001000 seconds
[token:105, layer:0] 002:attention-norm: 0.000001000 seconds
[token:105, layer:0] 003:qkv-projection: 0.000112000 seconds
[token:105, layer:0] 004:apply-rope: 0.000001000 seconds
[token:105, layer:0] 005:compute-attention: 0.000026000 seconds
[token:105, layer:0] 006:attention-output: 0.000036000 seconds
[token:105, layer:0] 007:ffn-norm: 0.000000000 seconds
[token:105, layer:0] 008:ffn-up-projection: 0.000195000 seconds
[token:105, layer:0] 009:ffn-swiglu: 0.000001000 seconds
[token:105, layer:0] 010:ffn-down-projection: 0.000136000 seconds
[token:105, layer:0] 102:layer-compute-total: 0.000508000 seconds
[token:105, layer:1] 002:attention-norm: 0.000000000 seconds
[token:105, layer:1] 003:qkv-projection: 0.000106000 seconds
[token:105, layer:1] 004:apply-rope: 0.000001000 seconds
[token:105, layer:1] 005:compute-attention: 0.000024000 seconds
[token:105, layer:1] 006:attention-output: 0.000035000 seconds
[token:105, layer:1] 007:ffn-norm: 0.000000000 seconds
[token:105, layer:1] 008:ffn-up-projection: 0.000190000 seconds
[token:105, layer:1] 009:ffn-swiglu: 0.000002000 seconds
[token:105, layer:1] 010:ffn-down-projection: 0.000136000 seconds
[token:105, layer:1] 102:layer-compute-total: 0.000494000 seconds
[token:105, layer:2] 002:attention-norm: 0.000000000 seconds
[token:105, layer:2] 003:qkv-projection: 0.000108000 seconds
[token:105, layer:2] 004:apply-rope: 0.000001000 seconds
[token:105, layer:2] 005:compute-attention: 0.000023000 seconds
[token:105, layer:2] 006:attention-output: 0.000036000 seconds
[token:105, layer:2] 007:ffn-norm: 0.000000000 seconds
[token:105, layer:2] 008:ffn-up-projection: 0.000192000 seconds
[token:105, layer:2] 009:ffn-swiglu: 0.000001000 seconds
[token:105, layer:2] 010:ffn-down-projection: 0.000139000 seconds
[token:105, layer:2] 102:layer-compute-total: 0.000500000 seconds
[token:105, layer:3] 002:attention-norm: 0.000001000 seconds
[token:105, layer:3] 003:qkv-projection: 0.000110000 seconds
[token:105, layer:3] 004:apply-rope: 0.000001000 seconds
[token:105, layer:3] 005:compute-attention: 0.000024000 seconds
[token:105, layer:3] 006:attention-output: 0.000036000 seconds
[token:105, layer:3] 007:ffn-norm: 0.000001000 seconds
[token:105, layer:3] 008:ffn-up-projection: 0.000194000 seconds
[token:105, layer:3] 009:ffn-swiglu: 0.000001000 seconds
[token:105, layer:3] 010:ffn-down-projection: 0.000139000 seconds
[token:105, layer:3] 102:layer-compute-total: 0.000507000 seconds
[token:105, layer:4] 002:attention-norm: 0.000001000 seconds
[token:105, layer:4] 003:qkv-projection: 0.000110000 seconds
[token:105, layer:4] 004:apply-rope: 0.000001000 seconds
[token:105, layer:4] 005:compute-attention: 0.000021000 seconds
[token:105, layer:4] 006:attention-output: 0.000039000 seconds
[token:105, layer:4] 007:ffn-norm: 0.000000000 seconds
[token:105, layer:4] 008:ffn-up-projection: 0.000195000 seconds
[token:105, layer:4] 009:ffn-swiglu: 0.000001000 seconds
[token:105, layer:4] 010:ffn-down-projection: 0.000140000 seconds
[token:105, layer:4] 102:layer-compute-total: 0.000508000 seconds
[token:105, layer:5] 002:attention-norm: 0.000000000 seconds
[token:105, layer:5] 003:qkv-projection: 0.000109000 seconds
[token:105, layer:5] 004:apply-rope: 0.000001000 seconds
[token:105, layer:5] 005:compute-attention: 0.000022000 seconds
[token:105, layer:5] 006:attention-output: 0.000037000 seconds
[token:105, layer:5] 007:ffn-norm: 0.000000000 seconds
[token:105, layer:5] 008:ffn-up-projection: 0.000194000 seconds
[token:105, layer:5] 009:ffn-swiglu: 0.000001000 seconds
[token:105, layer:5] 010:ffn-down-projection: 0.000139000 seconds
[token:105, layer:5] 102:layer-compute-total: 0.000503000 seconds
[token:105] 011:final-projection: 0.004085000 seconds
[token:105] 103:forward-compute-total: 0.007106000 seconds
[token:106] 001:embedding-lookup: 0.000000000 seconds
[token:106, layer:0] 002:attention-norm: 0.000000000 seconds
[token:106, layer:0] 003:qkv-projection: 0.000110000 seconds
[token:106, layer:0] 004:apply-rope: 0.000002000 seconds
[token:106, layer:0] 005:compute-attention: 0.000020000 seconds
[token:106, layer:0] 006:attention-output: 0.000037000 seconds
[token:106, layer:0] 007:ffn-norm: 0.000001000 seconds
[token:106, layer:0] 008:ffn-up-projection: 0.000195000 seconds
[token:106, layer:0] 009:ffn-swiglu: 0.000001000 seconds
[token:106, layer:0] 010:ffn-down-projection: 0.000143000 seconds
[token:106, layer:0] 102:layer-compute-total: 0.000509000 seconds
[token:106, layer:1] 002:attention-norm: 0.000000000 seconds
[token:106, layer:1] 003:qkv-projection: 0.000109000 seconds
[token:106, layer:1] 004:apply-rope: 0.000001000 seconds
[token:106, layer:1] 005:compute-attention: 0.000020000 seconds
[token:106, layer:1] 006:attention-output: 0.000036000 seconds
[token:106, layer:1] 007:ffn-norm: 0.000000000 seconds
[token:106, layer:1] 008:ffn-up-projection: 0.000194000 seconds
[token:106, layer:1] 009:ffn-swiglu: 0.000001000 seconds
[token:106, layer:1] 010:ffn-down-projection: 0.000142000 seconds
[token:106, layer:1] 102:layer-compute-total: 0.000503000 seconds
[token:106, layer:2] 002:attention-norm: 0.000001000 seconds
[token:106, layer:2] 003:qkv-projection: 0.000110000 seconds
[token:106, layer:2] 004:apply-rope: 0.000001000 seconds
[token:106, layer:2] 005:compute-attention: 0.000022000 seconds
[token:106, layer:2] 006:attention-output: 0.000036000 seconds
[token:106, layer:2] 007:ffn-norm: 0.000000000 seconds
[token:106, layer:2] 008:ffn-up-projection: 0.000194000 seconds
[token:106, layer:2] 009:ffn-swiglu: 0.000001000 seconds
[token:106, layer:2] 010:ffn-down-projection: 0.000136000 seconds
[token:106, layer:2] 102:layer-compute-total: 0.000501000 seconds
[token:106, layer:3] 002:attention-norm: 0.000000000 seconds
[token:106, layer:3] 003:qkv-projection: 0.000109000 seconds
[token:106, layer:3] 004:apply-rope: 0.000001000 seconds
[token:106, layer:3] 005:compute-attention: 0.000021000 seconds
[token:106, layer:3] 006:attention-output: 0.000037000 seconds
[token:106, layer:3] 007:ffn-norm: 0.000000000 seconds
[token:106, layer:3] 008:ffn-up-projection: 0.000195000 seconds
[token:106, layer:3] 009:ffn-swiglu: 0.000001000 seconds
[token:106, layer:3] 010:ffn-down-projection: 0.000138000 seconds
[token:106, layer:3] 102:layer-compute-total: 0.000502000 seconds
[token:106, layer:4] 002:attention-norm: 0.000000000 seconds
[token:106, layer:4] 003:qkv-projection: 0.000111000 seconds
[token:106, layer:4] 004:apply-rope: 0.000001000 seconds
[token:106, layer:4] 005:compute-attention: 0.000021000 seconds
[token:106, layer:4] 006:attention-output: 0.000036000 seconds
[token:106, layer:4] 007:ffn-norm: 0.000001000 seconds
[token:106, layer:4] 008:ffn-up-projection: 0.000194000 seconds
[token:106, layer:4] 009:ffn-swiglu: 0.000001000 seconds
[token:106, layer:4] 010:ffn-down-projection: 0.000139000 seconds
[token:106, layer:4] 102:layer-compute-total: 0.000504000 seconds
[token:106, layer:5] 002:attention-norm: 0.000000000 seconds
[token:106, layer:5] 003:qkv-projection: 0.000108000 seconds
[token:106, layer:5] 004:apply-rope: 0.000002000 seconds
[token:106, layer:5] 005:compute-attention: 0.000020000 seconds
[token:106, layer:5] 006:attention-output: 0.000037000 seconds
[token:106, layer:5] 007:ffn-norm: 0.000000000 seconds
[token:106, layer:5] 008:ffn-up-projection: 0.000388000 seconds
[token:106, layer:5] 009:ffn-swiglu: 0.000002000 seconds
[token:106, layer:5] 010:ffn-down-projection: 0.000182000 seconds
[token:106, layer:5] 102:layer-compute-total: 0.000739000 seconds
[token:106] 011:final-projection: 0.003978000 seconds
[token:106] 103:forward-compute-total: 0.007236000 seconds
[token:107] 001:embedding-lookup: 0.000001000 seconds
[token:107, layer:0] 002:attention-norm: 0.000001000 seconds
[token:107, layer:0] 003:qkv-projection: 0.000111000 seconds
[token:107, layer:0] 004:apply-rope: 0.000002000 seconds
[token:107, layer:0] 005:compute-attention: 0.000025000 seconds
[token:107, layer:0] 006:attention-output: 0.000037000 seconds
[token:107, layer:0] 007:ffn-norm: 0.000001000 seconds
[token:107, layer:0] 008:ffn-up-projection: 0.000194000 seconds
[token:107, layer:0] 009:ffn-swiglu: 0.000001000 seconds
[token:107, layer:0] 010:ffn-down-projection: 0.000137000 seconds
[token:107, layer:0] 102:layer-compute-total: 0.000509000 seconds
[token:107, layer:1] 002:attention-norm: 0.000000000 seconds
[token:107, layer:1] 003:qkv-projection: 0.000111000 seconds
[token:107, layer:1] 004:apply-rope: 0.000002000 seconds
[token:107, layer:1] 005:compute-attention: 0.000024000 seconds
[token:107, layer:1] 006:attention-output: 0.000036000 seconds
[token:107, layer:1] 007:ffn-norm: 0.000001000 seconds
[token:107, layer:1] 008:ffn-up-projection: 0.000195000 seconds
[token:107, layer:1] 009:ffn-swiglu: 0.000001000 seconds
[token:107, layer:1] 010:ffn-down-projection: 0.000139000 seconds
[token:107, layer:1] 102:layer-compute-total: 0.000509000 seconds
[token:107, layer:2] 002:attention-norm: 0.000000000 seconds
[token:107, layer:2] 003:qkv-projection: 0.000111000 seconds
[token:107, layer:2] 004:apply-rope: 0.000001000 seconds
[token:107, layer:2] 005:compute-attention: 0.000026000 seconds
[token:107, layer:2] 006:attention-output: 0.000037000 seconds
[token:107, layer:2] 007:ffn-norm: 0.000000000 seconds
[token:107, layer:2] 008:ffn-up-projection: 0.000194000 seconds
[token:107, layer:2] 009:ffn-swiglu: 0.000001000 seconds
[token:107, layer:2] 010:ffn-down-projection: 0.000140000 seconds
[token:107, layer:2] 102:layer-compute-total: 0.000510000 seconds
[token:107, layer:3] 002:attention-norm: 0.000000000 seconds
[token:107, layer:3] 003:qkv-projection: 0.000109000 seconds
[token:107, layer:3] 004:apply-rope: 0.000001000 seconds
[token:107, layer:3] 005:compute-attention: 0.000025000 seconds
[token:107, layer:3] 006:attention-output: 0.000036000 seconds
[token:107, layer:3] 007:ffn-norm: 0.000000000 seconds
[token:107, layer:3] 008:ffn-up-projection: 0.000190000 seconds
[token:107, layer:3] 009:ffn-swiglu: 0.000001000 seconds
[token:107, layer:3] 010:ffn-down-projection: 0.000136000 seconds
[token:107, layer:3] 102:layer-compute-total: 0.000498000 seconds
[token:107, layer:4] 002:attention-norm: 0.000000000 seconds
[token:107, layer:4] 003:qkv-projection: 0.000105000 seconds
[token:107, layer:4] 004:apply-rope: 0.000001000 seconds
[token:107, layer:4] 005:compute-attention: 0.000024000 seconds
[token:107, layer:4] 006:attention-output: 0.000035000 seconds
[token:107, layer:4] 007:ffn-norm: 0.000000000 seconds
[token:107, layer:4] 008:ffn-up-projection: 0.000187000 seconds
[token:107, layer:4] 009:ffn-swiglu: 0.000001000 seconds
[token:107, layer:4] 010:ffn-down-projection: 0.000134000 seconds
[token:107, layer:4] 102:layer-compute-total: 0.000487000 seconds
[token:107, layer:5] 002:attention-norm: 0.000000000 seconds
[token:107, layer:5] 003:qkv-projection: 0.000106000 seconds
[token:107, layer:5] 004:apply-rope: 0.000001000 seconds
[token:107, layer:5] 005:compute-attention: 0.000023000 seconds
[token:107, layer:5] 006:attention-output: 0.000036000 seconds
[token:107, layer:5] 007:ffn-norm: 0.000000000 seconds
[token:107, layer:5] 008:ffn-up-projection: 0.000186000 seconds
[token:107, layer:5] 009:ffn-swiglu: 0.000001000 seconds
[token:107, layer:5] 010:ffn-down-projection: 0.000138000 seconds
[token:107, layer:5] 102:layer-compute-total: 0.000491000 seconds
[token:107] 011:final-projection: 0.003901000 seconds
[token:107] 103:forward-compute-total: 0.006906000 seconds
[token:108] 001:embedding-lookup: 0.000000000 seconds
[token:108, layer:0] 002:attention-norm: 0.000001000 seconds
[token:108, layer:0] 003:qkv-projection: 0.000112000 seconds
[token:108, layer:0] 004:apply-rope: 0.000001000 seconds
[token:108, layer:0] 005:compute-attention: 0.000017000 seconds
[token:108, layer:0] 006:attention-output: 0.000036000 seconds
[token:108, layer:0] 007:ffn-norm: 0.000000000 seconds
[token:108, layer:0] 008:ffn-up-projection: 0.000194000 seconds
[token:108, layer:0] 009:ffn-swiglu: 0.000001000 seconds
[token:108, layer:0] 010:ffn-down-projection: 0.000140000 seconds
[token:108, layer:0] 102:layer-compute-total: 0.000502000 seconds
[token:108, layer:1] 002:attention-norm: 0.000000000 seconds
[token:108, layer:1] 003:qkv-projection: 0.000109000 seconds
[token:108, layer:1] 004:apply-rope: 0.000001000 seconds
[token:108, layer:1] 005:compute-attention: 0.000018000 seconds
[token:108, layer:1] 006:attention-output: 0.000036000 seconds
[token:108, layer:1] 007:ffn-norm: 0.000000000 seconds
[token:108, layer:1] 008:ffn-up-projection: 0.000194000 seconds
[token:108, layer:1] 009:ffn-swiglu: 0.000001000 seconds
[token:108, layer:1] 010:ffn-down-projection: 0.000142000 seconds
[token:108, layer:1] 102:layer-compute-total: 0.000501000 seconds
[token:108, layer:2] 002:attention-norm: 0.000001000 seconds
[token:108, layer:2] 003:qkv-projection: 0.000110000 seconds
[token:108, layer:2] 004:apply-rope: 0.000001000 seconds
[token:108, layer:2] 005:compute-attention: 0.000018000 seconds
[token:108, layer:2] 006:attention-output: 0.000037000 seconds
[token:108, layer:2] 007:ffn-norm: 0.000001000 seconds
[token:108, layer:2] 008:ffn-up-projection: 0.000194000 seconds
[token:108, layer:2] 009:ffn-swiglu: 0.000001000 seconds
[token:108, layer:2] 010:ffn-down-projection: 0.000136000 seconds
[token:108, layer:2] 102:layer-compute-total: 0.000499000 seconds
[token:108, layer:3] 002:attention-norm: 0.000000000 seconds
[token:108, layer:3] 003:qkv-projection: 0.000106000 seconds
[token:108, layer:3] 004:apply-rope: 0.000001000 seconds
[token:108, layer:3] 005:compute-attention: 0.000018000 seconds
[token:108, layer:3] 006:attention-output: 0.000036000 seconds
[token:108, layer:3] 007:ffn-norm: 0.000000000 seconds
[token:108, layer:3] 008:ffn-up-projection: 0.000192000 seconds
[token:108, layer:3] 009:ffn-swiglu: 0.000001000 seconds
[token:108, layer:3] 010:ffn-down-projection: 0.000136000 seconds
[token:108, layer:3] 102:layer-compute-total: 0.000490000 seconds
[token:108, layer:4] 002:attention-norm: 0.000000000 seconds
[token:108, layer:4] 003:qkv-projection: 0.000107000 seconds
[token:108, layer:4] 004:apply-rope: 0.000001000 seconds
[token:108, layer:4] 005:compute-attention: 0.000019000 seconds
[token:108, layer:4] 006:attention-output: 0.000036000 seconds
[token:108, layer:4] 007:ffn-norm: 0.000000000 seconds
[token:108, layer:4] 008:ffn-up-projection: 0.000189000 seconds
[token:108, layer:4] 009:ffn-swiglu: 0.000001000 seconds
[token:108, layer:4] 010:ffn-down-projection: 0.000136000 seconds
[token:108, layer:4] 102:layer-compute-total: 0.000489000 seconds
[token:108, layer:5] 002:attention-norm: 0.000001000 seconds
[token:108, layer:5] 003:qkv-projection: 0.000123000 seconds
[token:108, layer:5] 004:apply-rope: 0.000001000 seconds
[token:108, layer:5] 005:compute-attention: 0.000019000 seconds
[token:108, layer:5] 006:attention-output: 0.000036000 seconds
[token:108, layer:5] 007:ffn-norm: 0.000000000 seconds
[token:108, layer:5] 008:ffn-up-projection: 0.000286000 seconds
[token:108, layer:5] 009:ffn-swiglu: 0.000001000 seconds
[token:108, layer:5] 010:ffn-down-projection: 0.000141000 seconds
[token:108, layer:5] 102:layer-compute-total: 0.000608000 seconds
[token:108] 011:final-projection: 0.003978000 seconds
[token:108] 103:forward-compute-total: 0.007067000 seconds
[token:109] 001:embedding-lookup: 0.000000000 seconds
[token:109, layer:0] 002:attention-norm: 0.000000000 seconds
[token:109, layer:0] 003:qkv-projection: 0.000110000 seconds
[token:109, layer:0] 004:apply-rope: 0.000001000 seconds
[token:109, layer:0] 005:compute-attention: 0.000026000 seconds
[token:109, layer:0] 006:attention-output: 0.000037000 seconds
[token:109, layer:0] 007:ffn-norm: 0.000000000 seconds
[token:109, layer:0] 008:ffn-up-projection: 0.000194000 seconds
[token:109, layer:0] 009:ffn-swiglu: 0.000001000 seconds
[token:109, layer:0] 010:ffn-down-projection: 0.000140000 seconds
[token:109, layer:0] 102:layer-compute-total: 0.000509000 seconds
[token:109, layer:1] 002:attention-norm: 0.000000000 seconds
[token:109, layer:1] 003:qkv-projection: 0.000109000 seconds
[token:109, layer:1] 004:apply-rope: 0.000002000 seconds
[token:109, layer:1] 005:compute-attention: 0.000025000 seconds
[token:109, layer:1] 006:attention-output: 0.000036000 seconds
[token:109, layer:1] 007:ffn-norm: 0.000001000 seconds
[token:109, layer:1] 008:ffn-up-projection: 0.000190000 seconds
[token:109, layer:1] 009:ffn-swiglu: 0.000002000 seconds
[token:109, layer:1] 010:ffn-down-projection: 0.000144000 seconds
[token:109, layer:1] 102:layer-compute-total: 0.000509000 seconds
[token:109, layer:2] 002:attention-norm: 0.000000000 seconds
[token:109, layer:2] 003:qkv-projection: 0.000108000 seconds
[token:109, layer:2] 004:apply-rope: 0.000001000 seconds
[token:109, layer:2] 005:compute-attention: 0.000023000 seconds
[token:109, layer:2] 006:attention-output: 0.000036000 seconds
[token:109, layer:2] 007:ffn-norm: 0.000000000 seconds
[token:109, layer:2] 008:ffn-up-projection: 0.000189000 seconds
[token:109, layer:2] 009:ffn-swiglu: 0.000001000 seconds
[token:109, layer:2] 010:ffn-down-projection: 0.000135000 seconds
[token:109, layer:2] 102:layer-compute-total: 0.000493000 seconds
[token:109, layer:3] 002:attention-norm: 0.000000000 seconds
[token:109, layer:3] 003:qkv-projection: 0.000107000 seconds
[token:109, layer:3] 004:apply-rope: 0.000002000 seconds
[token:109, layer:3] 005:compute-attention: 0.000023000 seconds
[token:109, layer:3] 006:attention-output: 0.000036000 seconds
[token:109, layer:3] 007:ffn-norm: 0.000000000 seconds
[token:109, layer:3] 008:ffn-up-projection: 0.000190000 seconds
[token:109, layer:3] 009:ffn-swiglu: 0.000001000 seconds
[token:109, layer:3] 010:ffn-down-projection: 0.000136000 seconds
[token:109, layer:3] 102:layer-compute-total: 0.000495000 seconds
[token:109, layer:4] 002:attention-norm: 0.000000000 seconds
[token:109, layer:4] 003:qkv-projection: 0.000107000 seconds
[token:109, layer:4] 004:apply-rope: 0.000002000 seconds
[token:109, layer:4] 005:compute-attention: 0.000023000 seconds
[token:109, layer:4] 006:attention-output: 0.000035000 seconds
[token:109, layer:4] 007:ffn-norm: 0.000000000 seconds
[token:109, layer:4] 008:ffn-up-projection: 0.000189000 seconds
[token:109, layer:4] 009:ffn-swiglu: 0.000001000 seconds
[token:109, layer:4] 010:ffn-down-projection: 0.000140000 seconds
[token:109, layer:4] 102:layer-compute-total: 0.000497000 seconds
[token:109, layer:5] 002:attention-norm: 0.000001000 seconds
[token:109, layer:5] 003:qkv-projection: 0.000110000 seconds
[token:109, layer:5] 004:apply-rope: 0.000001000 seconds
[token:109, layer:5] 005:compute-attention: 0.000022000 seconds
[token:109, layer:5] 006:attention-output: 0.000037000 seconds
[token:109, layer:5] 007:ffn-norm: 0.000000000 seconds
[token:109, layer:5] 008:ffn-up-projection: 0.000194000 seconds
[token:109, layer:5] 009:ffn-swiglu: 0.000001000 seconds
[token:109, layer:5] 010:ffn-down-projection: 0.000139000 seconds
[token:109, layer:5] 102:layer-compute-total: 0.000505000 seconds
[token:109] 011:final-projection: 0.004039000 seconds
[token:109] 103:forward-compute-total: 0.007047000 seconds
[token:110] 001:embedding-lookup: 0.000000000 seconds
[token:110, layer:0] 002:attention-norm: 0.000001000 seconds
[token:110, layer:0] 003:qkv-projection: 0.000109000 seconds
[token:110, layer:0] 004:apply-rope: 0.000002000 seconds
[token:110, layer:0] 005:compute-attention: 0.000022000 seconds
[token:110, layer:0] 006:attention-output: 0.000037000 seconds
[token:110, layer:0] 007:ffn-norm: 0.000000000 seconds
[token:110, layer:0] 008:ffn-up-projection: 0.000195000 seconds
[token:110, layer:0] 009:ffn-swiglu: 0.000001000 seconds
[token:110, layer:0] 010:ffn-down-projection: 0.000139000 seconds
[token:110, layer:0] 102:layer-compute-total: 0.000506000 seconds
[token:110, layer:1] 002:attention-norm: 0.000000000 seconds
[token:110, layer:1] 003:qkv-projection: 0.000110000 seconds
[token:110, layer:1] 004:apply-rope: 0.000001000 seconds
[token:110, layer:1] 005:compute-attention: 0.000022000 seconds
[token:110, layer:1] 006:attention-output: 0.000036000 seconds
[token:110, layer:1] 007:ffn-norm: 0.000000000 seconds
[token:110, layer:1] 008:ffn-up-projection: 0.000195000 seconds
[token:110, layer:1] 009:ffn-swiglu: 0.000001000 seconds
[token:110, layer:1] 010:ffn-down-projection: 0.000139000 seconds
[token:110, layer:1] 102:layer-compute-total: 0.000504000 seconds
[token:110, layer:2] 002:attention-norm: 0.000000000 seconds
[token:110, layer:2] 003:qkv-projection: 0.000110000 seconds
[token:110, layer:2] 004:apply-rope: 0.000001000 seconds
[token:110, layer:2] 005:compute-attention: 0.000021000 seconds
[token:110, layer:2] 006:attention-output: 0.000036000 seconds
[token:110, layer:2] 007:ffn-norm: 0.000000000 seconds
[token:110, layer:2] 008:ffn-up-projection: 0.000195000 seconds
[token:110, layer:2] 009:ffn-swiglu: 0.000001000 seconds
[token:110, layer:2] 010:ffn-down-projection: 0.000139000 seconds
[token:110, layer:2] 102:layer-compute-total: 0.000503000 seconds
[token:110, layer:3] 002:attention-norm: 0.000001000 seconds
[token:110, layer:3] 003:qkv-projection: 0.000110000 seconds
[token:110, layer:3] 004:apply-rope: 0.000001000 seconds
[token:110, layer:3] 005:compute-attention: 0.000021000 seconds
[token:110, layer:3] 006:attention-output: 0.000036000 seconds
[token:110, layer:3] 007:ffn-norm: 0.000000000 seconds
[token:110, layer:3] 008:ffn-up-projection: 0.000202000 seconds
[token:110, layer:3] 009:ffn-swiglu: 0.000001000 seconds
[token:110, layer:3] 010:ffn-down-projection: 0.000139000 seconds
[token:110, layer:3] 102:layer-compute-total: 0.000511000 seconds
[token:110, layer:4] 002:attention-norm: 0.000000000 seconds
[token:110, layer:4] 003:qkv-projection: 0.000110000 seconds
[token:110, layer:4] 004:apply-rope: 0.000002000 seconds
[token:110, layer:4] 005:compute-attention: 0.000021000 seconds
[token:110, layer:4] 006:attention-output: 0.000037000 seconds
[token:110, layer:4] 007:ffn-norm: 0.000001000 seconds
[token:110, layer:4] 008:ffn-up-projection: 0.000194000 seconds
[token:110, layer:4] 009:ffn-swiglu: 0.000001000 seconds
[token:110, layer:4] 010:ffn-down-projection: 0.000139000 seconds
[token:110, layer:4] 102:layer-compute-total: 0.000505000 seconds
[token:110, layer:5] 002:attention-norm: 0.000000000 seconds
[token:110, layer:5] 003:qkv-projection: 0.000109000 seconds
[token:110, layer:5] 004:apply-rope: 0.000001000 seconds
[token:110, layer:5] 005:compute-attention: 0.000023000 seconds
[token:110, layer:5] 006:attention-output: 0.000036000 seconds
[token:110, layer:5] 007:ffn-norm: 0.000000000 seconds
[token:110, layer:5] 008:ffn-up-projection: 0.000194000 seconds
[token:110, layer:5] 009:ffn-swiglu: 0.000002000 seconds
[token:110, layer:5] 010:ffn-down-projection: 0.000138000 seconds
[token:110, layer:5] 102:layer-compute-total: 0.000503000 seconds
[token:110] 011:final-projection: 0.004331000 seconds
[token:110] 103:forward-compute-total: 0.007363000 seconds
[token:111] 001:embedding-lookup: 0.000000000 seconds
[token:111, layer:0] 002:attention-norm: 0.000001000 seconds
[token:111, layer:0] 003:qkv-projection: 0.000112000 seconds
[token:111, layer:0] 004:apply-rope: 0.000002000 seconds
[token:111, layer:0] 005:compute-attention: 0.000025000 seconds
[token:111, layer:0] 006:attention-output: 0.000037000 seconds
[token:111, layer:0] 007:ffn-norm: 0.000001000 seconds
[token:111, layer:0] 008:ffn-up-projection: 0.000194000 seconds
[token:111, layer:0] 009:ffn-swiglu: 0.000001000 seconds
[token:111, layer:0] 010:ffn-down-projection: 0.000139000 seconds
[token:111, layer:0] 102:layer-compute-total: 0.000512000 seconds
[token:111, layer:1] 002:attention-norm: 0.000000000 seconds
[token:111, layer:1] 003:qkv-projection: 0.000109000 seconds
[token:111, layer:1] 004:apply-rope: 0.000001000 seconds
[token:111, layer:1] 005:compute-attention: 0.000024000 seconds
[token:111, layer:1] 006:attention-output: 0.000037000 seconds
[token:111, layer:1] 007:ffn-norm: 0.000001000 seconds
[token:111, layer:1] 008:ffn-up-projection: 0.000196000 seconds
[token:111, layer:1] 009:ffn-swiglu: 0.000001000 seconds
[token:111, layer:1] 010:ffn-down-projection: 0.000138000 seconds
[token:111, layer:1] 102:layer-compute-total: 0.000507000 seconds
[token:111, layer:2] 002:attention-norm: 0.000000000 seconds
[token:111, layer:2] 003:qkv-projection: 0.000110000 seconds
[token:111, layer:2] 004:apply-rope: 0.000002000 seconds
[token:111, layer:2] 005:compute-attention: 0.000025000 seconds
[token:111, layer:2] 006:attention-output: 0.000037000 seconds
[token:111, layer:2] 007:ffn-norm: 0.000000000 seconds
[token:111, layer:2] 008:ffn-up-projection: 0.000194000 seconds
[token:111, layer:2] 009:ffn-swiglu: 0.000002000 seconds
[token:111, layer:2] 010:ffn-down-projection: 0.000139000 seconds
[token:111, layer:2] 102:layer-compute-total: 0.000509000 seconds
[token:111, layer:3] 002:attention-norm: 0.000001000 seconds
[token:111, layer:3] 003:qkv-projection: 0.000109000 seconds
[token:111, layer:3] 004:apply-rope: 0.000001000 seconds
[token:111, layer:3] 005:compute-attention: 0.000027000 seconds
[token:111, layer:3] 006:attention-output: 0.000036000 seconds
[token:111, layer:3] 007:ffn-norm: 0.000000000 seconds
[token:111, layer:3] 008:ffn-up-projection: 0.000195000 seconds
[token:111, layer:3] 009:ffn-swiglu: 0.000001000 seconds
[token:111, layer:3] 010:ffn-down-projection: 0.000139000 seconds
[token:111, layer:3] 102:layer-compute-total: 0.000509000 seconds
[token:111, layer:4] 002:attention-norm: 0.000000000 seconds
[token:111, layer:4] 003:qkv-projection: 0.000110000 seconds
[token:111, layer:4] 004:apply-rope: 0.000001000 seconds
[token:111, layer:4] 005:compute-attention: 0.000024000 seconds
[token:111, layer:4] 006:attention-output: 0.000037000 seconds
[token:111, layer:4] 007:ffn-norm: 0.000000000 seconds
[token:111, layer:4] 008:ffn-up-projection: 0.000194000 seconds
[token:111, layer:4] 009:ffn-swiglu: 0.000001000 seconds
[token:111, layer:4] 010:ffn-down-projection: 0.000139000 seconds
[token:111, layer:4] 102:layer-compute-total: 0.000506000 seconds
[token:111, layer:5] 002:attention-norm: 0.000000000 seconds
[token:111, layer:5] 003:qkv-projection: 0.000109000 seconds
[token:111, layer:5] 004:apply-rope: 0.000001000 seconds
[token:111, layer:5] 005:compute-attention: 0.000024000 seconds
[token:111, layer:5] 006:attention-output: 0.000037000 seconds
[token:111, layer:5] 007:ffn-norm: 0.000000000 seconds
[token:111, layer:5] 008:ffn-up-projection: 0.000194000 seconds
[token:111, layer:5] 009:ffn-swiglu: 0.000001000 seconds
[token:111, layer:5] 010:ffn-down-projection: 0.000139000 seconds
[token:111, layer:5] 102:layer-compute-total: 0.000505000 seconds
[token:111] 011:final-projection: 0.004042000 seconds
[token:111] 103:forward-compute-total: 0.007090000 seconds
[token:112] 001:embedding-lookup: 0.000000000 seconds
[token:112, layer:0] 002:attention-norm: 0.000000000 seconds
[token:112, layer:0] 003:qkv-projection: 0.000109000 seconds
[token:112, layer:0] 004:apply-rope: 0.000002000 seconds
[token:112, layer:0] 005:compute-attention: 0.000021000 seconds
[token:112, layer:0] 006:attention-output: 0.000037000 seconds
[token:112, layer:0] 007:ffn-norm: 0.000000000 seconds
[token:112, layer:0] 008:ffn-up-projection: 0.000194000 seconds
[token:112, layer:0] 009:ffn-swiglu: 0.000001000 seconds
[token:112, layer:0] 010:ffn-down-projection: 0.000140000 seconds
[token:112, layer:0] 102:layer-compute-total: 0.000504000 seconds
[token:112, layer:1] 002:attention-norm: 0.000000000 seconds
[token:112, layer:1] 003:qkv-projection: 0.000109000 seconds
[token:112, layer:1] 004:apply-rope: 0.000002000 seconds
[token:112, layer:1] 005:compute-attention: 0.000022000 seconds
[token:112, layer:1] 006:attention-output: 0.000036000 seconds
[token:112, layer:1] 007:ffn-norm: 0.000000000 seconds
[token:112, layer:1] 008:ffn-up-projection: 0.000195000 seconds
[token:112, layer:1] 009:ffn-swiglu: 0.000001000 seconds
[token:112, layer:1] 010:ffn-down-projection: 0.000139000 seconds
[token:112, layer:1] 102:layer-compute-total: 0.000504000 seconds
[token:112, layer:2] 002:attention-norm: 0.000001000 seconds
[token:112, layer:2] 003:qkv-projection: 0.000109000 seconds
[token:112, layer:2] 004:apply-rope: 0.000001000 seconds
[token:112, layer:2] 005:compute-attention: 0.000020000 seconds
[token:112, layer:2] 006:attention-output: 0.000037000 seconds
[token:112, layer:2] 007:ffn-norm: 0.000001000 seconds
[token:112, layer:2] 008:ffn-up-projection: 0.000194000 seconds
[token:112, layer:2] 009:ffn-swiglu: 0.000001000 seconds
[token:112, layer:2] 010:ffn-down-projection: 0.000139000 seconds
[token:112, layer:2] 102:layer-compute-total: 0.000503000 seconds
[token:112, layer:3] 002:attention-norm: 0.000000000 seconds
[token:112, layer:3] 003:qkv-projection: 0.000109000 seconds
[token:112, layer:3] 004:apply-rope: 0.000002000 seconds
[token:112, layer:3] 005:compute-attention: 0.000019000 seconds
[token:112, layer:3] 006:attention-output: 0.000037000 seconds
[token:112, layer:3] 007:ffn-norm: 0.000001000 seconds
[token:112, layer:3] 008:ffn-up-projection: 0.000194000 seconds
[token:112, layer:3] 009:ffn-swiglu: 0.000001000 seconds
[token:112, layer:3] 010:ffn-down-projection: 0.000140000 seconds
[token:112, layer:3] 102:layer-compute-total: 0.000503000 seconds
[token:112, layer:4] 002:attention-norm: 0.000000000 seconds
[token:112, layer:4] 003:qkv-projection: 0.000110000 seconds
[token:112, layer:4] 004:apply-rope: 0.000001000 seconds
[token:112, layer:4] 005:compute-attention: 0.000020000 seconds
[token:112, layer:4] 006:attention-output: 0.000037000 seconds
[token:112, layer:4] 007:ffn-norm: 0.000000000 seconds
[token:112, layer:4] 008:ffn-up-projection: 0.000194000 seconds
[token:112, layer:4] 009:ffn-swiglu: 0.000001000 seconds
[token:112, layer:4] 010:ffn-down-projection: 0.000139000 seconds
[token:112, layer:4] 102:layer-compute-total: 0.000502000 seconds
[token:112, layer:5] 002:attention-norm: 0.000000000 seconds
[token:112, layer:5] 003:qkv-projection: 0.000109000 seconds
[token:112, layer:5] 004:apply-rope: 0.000001000 seconds
[token:112, layer:5] 005:compute-attention: 0.000019000 seconds
[token:112, layer:5] 006:attention-output: 0.000036000 seconds
[token:112, layer:5] 007:ffn-norm: 0.000000000 seconds
[token:112, layer:5] 008:ffn-up-projection: 0.000194000 seconds
[token:112, layer:5] 009:ffn-swiglu: 0.000001000 seconds
[token:112, layer:5] 010:ffn-down-projection: 0.000139000 seconds
[token:112, layer:5] 102:layer-compute-total: 0.000499000 seconds
[token:112] 011:final-projection: 0.004333000 seconds
[token:112] 103:forward-compute-total: 0.007348000 seconds
[token:113] 001:embedding-lookup: 0.000001000 seconds
[token:113, layer:0] 002:attention-norm: 0.000000000 seconds
[token:113, layer:0] 003:qkv-projection: 0.000121000 seconds
[token:113, layer:0] 004:apply-rope: 0.000002000 seconds
[token:113, layer:0] 005:compute-attention: 0.000026000 seconds
[token:113, layer:0] 006:attention-output: 0.000037000 seconds
[token:113, layer:0] 007:ffn-norm: 0.000000000 seconds
[token:113, layer:0] 008:ffn-up-projection: 0.000194000 seconds
[token:113, layer:0] 009:ffn-swiglu: 0.000001000 seconds
[token:113, layer:0] 010:ffn-down-projection: 0.000139000 seconds
[token:113, layer:0] 102:layer-compute-total: 0.000520000 seconds
[token:113, layer:1] 002:attention-norm: 0.000001000 seconds
[token:113, layer:1] 003:qkv-projection: 0.000112000 seconds
[token:113, layer:1] 004:apply-rope: 0.000002000 seconds
[token:113, layer:1] 005:compute-attention: 0.000028000 seconds
[token:113, layer:1] 006:attention-output: 0.000036000 seconds
[token:113, layer:1] 007:ffn-norm: 0.000000000 seconds
[token:113, layer:1] 008:ffn-up-projection: 0.000194000 seconds
[token:113, layer:1] 009:ffn-swiglu: 0.000001000 seconds
[token:113, layer:1] 010:ffn-down-projection: 0.000140000 seconds
[token:113, layer:1] 102:layer-compute-total: 0.000514000 seconds
[token:113, layer:2] 002:attention-norm: 0.000000000 seconds
[token:113, layer:2] 003:qkv-projection: 0.000113000 seconds
[token:113, layer:2] 004:apply-rope: 0.000001000 seconds
[token:113, layer:2] 005:compute-attention: 0.000026000 seconds
[token:113, layer:2] 006:attention-output: 0.000036000 seconds
[token:113, layer:2] 007:ffn-norm: 0.000000000 seconds
[token:113, layer:2] 008:ffn-up-projection: 0.000194000 seconds
[token:113, layer:2] 009:ffn-swiglu: 0.000001000 seconds
[token:113, layer:2] 010:ffn-down-projection: 0.000139000 seconds
[token:113, layer:2] 102:layer-compute-total: 0.000510000 seconds
[token:113, layer:3] 002:attention-norm: 0.000000000 seconds
[token:113, layer:3] 003:qkv-projection: 0.000112000 seconds
[token:113, layer:3] 004:apply-rope: 0.000001000 seconds
[token:113, layer:3] 005:compute-attention: 0.000026000 seconds
[token:113, layer:3] 006:attention-output: 0.000037000 seconds
[token:113, layer:3] 007:ffn-norm: 0.000001000 seconds
[token:113, layer:3] 008:ffn-up-projection: 0.000194000 seconds
[token:113, layer:3] 009:ffn-swiglu: 0.000002000 seconds
[token:113, layer:3] 010:ffn-down-projection: 0.000139000 seconds
[token:113, layer:3] 102:layer-compute-total: 0.000512000 seconds
[token:113, layer:4] 002:attention-norm: 0.000001000 seconds
[token:113, layer:4] 003:qkv-projection: 0.000113000 seconds
[token:113, layer:4] 004:apply-rope: 0.000001000 seconds
[token:113, layer:4] 005:compute-attention: 0.000025000 seconds
[token:113, layer:4] 006:attention-output: 0.000036000 seconds
[token:113, layer:4] 007:ffn-norm: 0.000000000 seconds
[token:113, layer:4] 008:ffn-up-projection: 0.000194000 seconds
[token:113, layer:4] 009:ffn-swiglu: 0.000001000 seconds
[token:113, layer:4] 010:ffn-down-projection: 0.000139000 seconds
[token:113, layer:4] 102:layer-compute-total: 0.000510000 seconds
[token:113, layer:5] 002:attention-norm: 0.000000000 seconds
[token:113, layer:5] 003:qkv-projection: 0.000111000 seconds
[token:113, layer:5] 004:apply-rope: 0.000001000 seconds
[token:113, layer:5] 005:compute-attention: 0.000026000 seconds
[token:113, layer:5] 006:attention-output: 0.000037000 seconds
[token:113, layer:5] 007:ffn-norm: 0.000000000 seconds
[token:113, layer:5] 008:ffn-up-projection: 0.000194000 seconds
[token:113, layer:5] 009:ffn-swiglu: 0.000001000 seconds
[token:113, layer:5] 010:ffn-down-projection: 0.000139000 seconds
[token:113, layer:5] 102:layer-compute-total: 0.000509000 seconds
[token:113] 011:final-projection: 0.004285000 seconds
[token:113] 103:forward-compute-total: 0.007361000 seconds
[token:114] 001:embedding-lookup: 0.000000000 seconds
[token:114, layer:0] 002:attention-norm: 0.000000000 seconds
[token:114, layer:0] 003:qkv-projection: 0.000110000 seconds
[token:114, layer:0] 004:apply-rope: 0.000002000 seconds
[token:114, layer:0] 005:compute-attention: 0.000022000 seconds
[token:114, layer:0] 006:attention-output: 0.000037000 seconds
[token:114, layer:0] 007:ffn-norm: 0.000000000 seconds
[token:114, layer:0] 008:ffn-up-projection: 0.000194000 seconds
[token:114, layer:0] 009:ffn-swiglu: 0.000001000 seconds
[token:114, layer:0] 010:ffn-down-projection: 0.000139000 seconds
[token:114, layer:0] 102:layer-compute-total: 0.000505000 seconds
[token:114, layer:1] 002:attention-norm: 0.000000000 seconds
[token:114, layer:1] 003:qkv-projection: 0.000109000 seconds
[token:114, layer:1] 004:apply-rope: 0.000002000 seconds
[token:114, layer:1] 005:compute-attention: 0.000021000 seconds
[token:114, layer:1] 006:attention-output: 0.000036000 seconds
[token:114, layer:1] 007:ffn-norm: 0.000000000 seconds
[token:114, layer:1] 008:ffn-up-projection: 0.000194000 seconds
[token:114, layer:1] 009:ffn-swiglu: 0.000001000 seconds
[token:114, layer:1] 010:ffn-down-projection: 0.000139000 seconds
[token:114, layer:1] 102:layer-compute-total: 0.000502000 seconds
[token:114, layer:2] 002:attention-norm: 0.000001000 seconds
[token:114, layer:2] 003:qkv-projection: 0.000110000 seconds
[token:114, layer:2] 004:apply-rope: 0.000001000 seconds
[token:114, layer:2] 005:compute-attention: 0.000022000 seconds
[token:114, layer:2] 006:attention-output: 0.000037000 seconds
[token:114, layer:2] 007:ffn-norm: 0.000001000 seconds
[token:114, layer:2] 008:ffn-up-projection: 0.000194000 seconds
[token:114, layer:2] 009:ffn-swiglu: 0.000001000 seconds
[token:114, layer:2] 010:ffn-down-projection: 0.000139000 seconds
[token:114, layer:2] 102:layer-compute-total: 0.000506000 seconds
[token:114, layer:3] 002:attention-norm: 0.000001000 seconds
[token:114, layer:3] 003:qkv-projection: 0.000109000 seconds
[token:114, layer:3] 004:apply-rope: 0.000001000 seconds
[token:114, layer:3] 005:compute-attention: 0.000022000 seconds
[token:114, layer:3] 006:attention-output: 0.000036000 seconds
[token:114, layer:3] 007:ffn-norm: 0.000000000 seconds
[token:114, layer:3] 008:ffn-up-projection: 0.000194000 seconds
[token:114, layer:3] 009:ffn-swiglu: 0.000002000 seconds
[token:114, layer:3] 010:ffn-down-projection: 0.000140000 seconds
[token:114, layer:3] 102:layer-compute-total: 0.000505000 seconds
[token:114, layer:4] 002:attention-norm: 0.000000000 seconds
[token:114, layer:4] 003:qkv-projection: 0.000110000 seconds
[token:114, layer:4] 004:apply-rope: 0.000001000 seconds
[token:114, layer:4] 005:compute-attention: 0.000022000 seconds
[token:114, layer:4] 006:attention-output: 0.000037000 seconds
[token:114, layer:4] 007:ffn-norm: 0.000001000 seconds
[token:114, layer:4] 008:ffn-up-projection: 0.000194000 seconds
[token:114, layer:4] 009:ffn-swiglu: 0.000001000 seconds
[token:114, layer:4] 010:ffn-down-projection: 0.000139000 seconds
[token:114, layer:4] 102:layer-compute-total: 0.000505000 seconds
[token:114, layer:5] 002:attention-norm: 0.000001000 seconds
[token:114, layer:5] 003:qkv-projection: 0.000109000 seconds
[token:114, layer:5] 004:apply-rope: 0.000001000 seconds
[token:114, layer:5] 005:compute-attention: 0.000022000 seconds
[token:114, layer:5] 006:attention-output: 0.000036000 seconds
[token:114, layer:5] 007:ffn-norm: 0.000001000 seconds
[token:114, layer:5] 008:ffn-up-projection: 0.000194000 seconds
[token:114, layer:5] 009:ffn-swiglu: 0.000001000 seconds
[token:114, layer:5] 010:ffn-down-projection: 0.000139000 seconds
[token:114, layer:5] 102:layer-compute-total: 0.000504000 seconds
[token:114] 011:final-projection: 0.004421000 seconds
[token:114] 103:forward-compute-total: 0.007448000 seconds
[token:115] 001:embedding-lookup: 0.000001000 seconds
[token:115, layer:0] 002:attention-norm: 0.000001000 seconds
[token:115, layer:0] 003:qkv-projection: 0.000128000 seconds
[token:115, layer:0] 004:apply-rope: 0.000003000 seconds
[token:115, layer:0] 005:compute-attention: 0.000028000 seconds
[token:115, layer:0] 006:attention-output: 0.000036000 seconds
[token:115, layer:0] 007:ffn-norm: 0.000001000 seconds
[token:115, layer:0] 008:ffn-up-projection: 0.000192000 seconds
[token:115, layer:0] 009:ffn-swiglu: 0.000001000 seconds
[token:115, layer:0] 010:ffn-down-projection: 0.000142000 seconds
[token:115, layer:0] 102:layer-compute-total: 0.000532000 seconds
[token:115, layer:1] 002:attention-norm: 0.000000000 seconds
[token:115, layer:1] 003:qkv-projection: 0.000110000 seconds
[token:115, layer:1] 004:apply-rope: 0.000002000 seconds
[token:115, layer:1] 005:compute-attention: 0.000025000 seconds
[token:115, layer:1] 006:attention-output: 0.000038000 seconds
[token:115, layer:1] 007:ffn-norm: 0.000000000 seconds
[token:115, layer:1] 008:ffn-up-projection: 0.000195000 seconds
[token:115, layer:1] 009:ffn-swiglu: 0.000001000 seconds
[token:115, layer:1] 010:ffn-down-projection: 0.000136000 seconds
[token:115, layer:1] 102:layer-compute-total: 0.000507000 seconds
[token:115, layer:2] 002:attention-norm: 0.000001000 seconds
[token:115, layer:2] 003:qkv-projection: 0.000112000 seconds
[token:115, layer:2] 004:apply-rope: 0.000001000 seconds
[token:115, layer:2] 005:compute-attention: 0.000029000 seconds
[token:115, layer:2] 006:attention-output: 0.000040000 seconds
[token:115, layer:2] 007:ffn-norm: 0.000000000 seconds
[token:115, layer:2] 008:ffn-up-projection: 0.000193000 seconds
[token:115, layer:2] 009:ffn-swiglu: 0.000001000 seconds
[token:115, layer:2] 010:ffn-down-projection: 0.000134000 seconds
[token:115, layer:2] 102:layer-compute-total: 0.000511000 seconds
[token:115, layer:3] 002:attention-norm: 0.000001000 seconds
[token:115, layer:3] 003:qkv-projection: 0.000106000 seconds
[token:115, layer:3] 004:apply-rope: 0.000001000 seconds
[token:115, layer:3] 005:compute-attention: 0.000025000 seconds
[token:115, layer:3] 006:attention-output: 0.000035000 seconds
[token:115, layer:3] 007:ffn-norm: 0.000000000 seconds
[token:115, layer:3] 008:ffn-up-projection: 0.000190000 seconds
[token:115, layer:3] 009:ffn-swiglu: 0.000001000 seconds
[token:115, layer:3] 010:ffn-down-projection: 0.000134000 seconds
[token:115, layer:3] 102:layer-compute-total: 0.000493000 seconds
[token:115, layer:4] 002:attention-norm: 0.000000000 seconds
[token:115, layer:4] 003:qkv-projection: 0.000106000 seconds
[token:115, layer:4] 004:apply-rope: 0.000002000 seconds
[token:115, layer:4] 005:compute-attention: 0.000025000 seconds
[token:115, layer:4] 006:attention-output: 0.000035000 seconds
[token:115, layer:4] 007:ffn-norm: 0.000000000 seconds
[token:115, layer:4] 008:ffn-up-projection: 0.000187000 seconds
[token:115, layer:4] 009:ffn-swiglu: 0.000001000 seconds
[token:115, layer:4] 010:ffn-down-projection: 0.000135000 seconds
[token:115, layer:4] 102:layer-compute-total: 0.000491000 seconds
[token:115, layer:5] 002:attention-norm: 0.000000000 seconds
[token:115, layer:5] 003:qkv-projection: 0.000105000 seconds
[token:115, layer:5] 004:apply-rope: 0.000001000 seconds
[token:115, layer:5] 005:compute-attention: 0.000025000 seconds
[token:115, layer:5] 006:attention-output: 0.000036000 seconds
[token:115, layer:5] 007:ffn-norm: 0.000000000 seconds
[token:115, layer:5] 008:ffn-up-projection: 0.000187000 seconds
[token:115, layer:5] 009:ffn-swiglu: 0.000001000 seconds
[token:115, layer:5] 010:ffn-down-projection: 0.000134000 seconds
[token:115, layer:5] 102:layer-compute-total: 0.000489000 seconds
[token:115] 011:final-projection: 0.003984000 seconds
[token:115] 103:forward-compute-total: 0.007008000 seconds
[token:116] 001:embedding-lookup: 0.000000000 seconds
[token:116, layer:0] 002:attention-norm: 0.000000000 seconds
[token:116, layer:0] 003:qkv-projection: 0.000113000 seconds
[token:116, layer:0] 004:apply-rope: 0.000002000 seconds
[token:116, layer:0] 005:compute-attention: 0.000023000 seconds
[token:116, layer:0] 006:attention-output: 0.000035000 seconds
[token:116, layer:0] 007:ffn-norm: 0.000000000 seconds
[token:116, layer:0] 008:ffn-up-projection: 0.000186000 seconds
[token:116, layer:0] 009:ffn-swiglu: 0.000001000 seconds
[token:116, layer:0] 010:ffn-down-projection: 0.000134000 seconds
[token:116, layer:0] 102:layer-compute-total: 0.000494000 seconds
[token:116, layer:1] 002:attention-norm: 0.000000000 seconds
[token:116, layer:1] 003:qkv-projection: 0.000106000 seconds
[token:116, layer:1] 004:apply-rope: 0.000001000 seconds
[token:116, layer:1] 005:compute-attention: 0.000021000 seconds
[token:116, layer:1] 006:attention-output: 0.000037000 seconds
[token:116, layer:1] 007:ffn-norm: 0.000000000 seconds
[token:116, layer:1] 008:ffn-up-projection: 0.000188000 seconds
[token:116, layer:1] 009:ffn-swiglu: 0.000002000 seconds
[token:116, layer:1] 010:ffn-down-projection: 0.000134000 seconds
[token:116, layer:1] 102:layer-compute-total: 0.000489000 seconds
[token:116, layer:2] 002:attention-norm: 0.000000000 seconds
[token:116, layer:2] 003:qkv-projection: 0.000106000 seconds
[token:116, layer:2] 004:apply-rope: 0.000002000 seconds
[token:116, layer:2] 005:compute-attention: 0.000019000 seconds
[token:116, layer:2] 006:attention-output: 0.000035000 seconds
[token:116, layer:2] 007:ffn-norm: 0.000001000 seconds
[token:116, layer:2] 008:ffn-up-projection: 0.000187000 seconds
[token:116, layer:2] 009:ffn-swiglu: 0.000001000 seconds
[token:116, layer:2] 010:ffn-down-projection: 0.000134000 seconds
[token:116, layer:2] 102:layer-compute-total: 0.000485000 seconds
[token:116, layer:3] 002:attention-norm: 0.000000000 seconds
[token:116, layer:3] 003:qkv-projection: 0.000105000 seconds
[token:116, layer:3] 004:apply-rope: 0.000001000 seconds
[token:116, layer:3] 005:compute-attention: 0.000020000 seconds
[token:116, layer:3] 006:attention-output: 0.000035000 seconds
[token:116, layer:3] 007:ffn-norm: 0.000001000 seconds
[token:116, layer:3] 008:ffn-up-projection: 0.000189000 seconds
[token:116, layer:3] 009:ffn-swiglu: 0.000001000 seconds
[token:116, layer:3] 010:ffn-down-projection: 0.000134000 seconds
[token:116, layer:3] 102:layer-compute-total: 0.000486000 seconds
[token:116, layer:4] 002:attention-norm: 0.000000000 seconds
[token:116, layer:4] 003:qkv-projection: 0.000105000 seconds
[token:116, layer:4] 004:apply-rope: 0.000002000 seconds
[token:116, layer:4] 005:compute-attention: 0.000018000 seconds
[token:116, layer:4] 006:attention-output: 0.000035000 seconds
[token:116, layer:4] 007:ffn-norm: 0.000000000 seconds
[token:116, layer:4] 008:ffn-up-projection: 0.000186000 seconds
[token:116, layer:4] 009:ffn-swiglu: 0.000001000 seconds
[token:116, layer:4] 010:ffn-down-projection: 0.000134000 seconds
[token:116, layer:4] 102:layer-compute-total: 0.000481000 seconds
[token:116, layer:5] 002:attention-norm: 0.000000000 seconds
[token:116, layer:5] 003:qkv-projection: 0.000105000 seconds
[token:116, layer:5] 004:apply-rope: 0.000001000 seconds
[token:116, layer:5] 005:compute-attention: 0.000018000 seconds
[token:116, layer:5] 006:attention-output: 0.000035000 seconds
[token:116, layer:5] 007:ffn-norm: 0.000000000 seconds
[token:116, layer:5] 008:ffn-up-projection: 0.000187000 seconds
[token:116, layer:5] 009:ffn-swiglu: 0.000001000 seconds
[token:116, layer:5] 010:ffn-down-projection: 0.000138000 seconds
[token:116, layer:5] 102:layer-compute-total: 0.000485000 seconds
[token:116] 011:final-projection: 0.003973000 seconds
[token:116] 103:forward-compute-total: 0.006893000 seconds
[token:117] 001:embedding-lookup: 0.000001000 seconds
[token:117, layer:0] 002:attention-norm: 0.000000000 seconds
[token:117, layer:0] 003:qkv-projection: 0.000109000 seconds
[token:117, layer:0] 004:apply-rope: 0.000002000 seconds
[token:117, layer:0] 005:compute-attention: 0.000018000 seconds
[token:117, layer:0] 006:attention-output: 0.000035000 seconds
[token:117, layer:0] 007:ffn-norm: 0.000001000 seconds
[token:117, layer:0] 008:ffn-up-projection: 0.000192000 seconds
[token:117, layer:0] 009:ffn-swiglu: 0.000001000 seconds
[token:117, layer:0] 010:ffn-down-projection: 0.000143000 seconds
[token:117, layer:0] 102:layer-compute-total: 0.000501000 seconds
[token:117, layer:1] 002:attention-norm: 0.000000000 seconds
[token:117, layer:1] 003:qkv-projection: 0.000254000 seconds
[token:117, layer:1] 004:apply-rope: 0.000006000 seconds
[token:117, layer:1] 005:compute-attention: 0.000026000 seconds
[token:117, layer:1] 006:attention-output: 0.000037000 seconds
[token:117, layer:1] 007:ffn-norm: 0.000000000 seconds
[token:117, layer:1] 008:ffn-up-projection: 0.000214000 seconds
[token:117, layer:1] 009:ffn-swiglu: 0.000001000 seconds
[token:117, layer:1] 010:ffn-down-projection: 0.000142000 seconds
[token:117, layer:1] 102:layer-compute-total: 0.000680000 seconds
[token:117, layer:2] 002:attention-norm: 0.000001000 seconds
[token:117, layer:2] 003:qkv-projection: 0.000111000 seconds
[token:117, layer:2] 004:apply-rope: 0.000002000 seconds
[token:117, layer:2] 005:compute-attention: 0.000025000 seconds
[token:117, layer:2] 006:attention-output: 0.000036000 seconds
[token:117, layer:2] 007:ffn-norm: 0.000000000 seconds
[token:117, layer:2] 008:ffn-up-projection: 0.000188000 seconds
[token:117, layer:2] 009:ffn-swiglu: 0.000001000 seconds
[token:117, layer:2] 010:ffn-down-projection: 0.000144000 seconds
[token:117, layer:2] 102:layer-compute-total: 0.000508000 seconds
[token:117, layer:3] 002:attention-norm: 0.000000000 seconds
[token:117, layer:3] 003:qkv-projection: 0.000105000 seconds
[token:117, layer:3] 004:apply-rope: 0.000002000 seconds
[token:117, layer:3] 005:compute-attention: 0.000024000 seconds
[token:117, layer:3] 006:attention-output: 0.000035000 seconds
[token:117, layer:3] 007:ffn-norm: 0.000000000 seconds
[token:117, layer:3] 008:ffn-up-projection: 0.000187000 seconds
[token:117, layer:3] 009:ffn-swiglu: 0.000001000 seconds
[token:117, layer:3] 010:ffn-down-projection: 0.000133000 seconds
[token:117, layer:3] 102:layer-compute-total: 0.000487000 seconds
[token:117, layer:4] 002:attention-norm: 0.000000000 seconds
[token:117, layer:4] 003:qkv-projection: 0.000105000 seconds
[token:117, layer:4] 004:apply-rope: 0.000001000 seconds
[token:117, layer:4] 005:compute-attention: 0.000024000 seconds
[token:117, layer:4] 006:attention-output: 0.000036000 seconds
[token:117, layer:4] 007:ffn-norm: 0.000000000 seconds
[token:117, layer:4] 008:ffn-up-projection: 0.000187000 seconds
[token:117, layer:4] 009:ffn-swiglu: 0.000001000 seconds
[token:117, layer:4] 010:ffn-down-projection: 0.000134000 seconds
[token:117, layer:4] 102:layer-compute-total: 0.000488000 seconds
[token:117, layer:5] 002:attention-norm: 0.000000000 seconds
[token:117, layer:5] 003:qkv-projection: 0.000105000 seconds
[token:117, layer:5] 004:apply-rope: 0.000001000 seconds
[token:117, layer:5] 005:compute-attention: 0.000025000 seconds
[token:117, layer:5] 006:attention-output: 0.000035000 seconds
[token:117, layer:5] 007:ffn-norm: 0.000000000 seconds
[token:117, layer:5] 008:ffn-up-projection: 0.000187000 seconds
[token:117, layer:5] 009:ffn-swiglu: 0.000001000 seconds
[token:117, layer:5] 010:ffn-down-projection: 0.000133000 seconds
[token:117, layer:5] 102:layer-compute-total: 0.000487000 seconds
[token:117] 011:final-projection: 0.003951000 seconds
[token:117] 103:forward-compute-total: 0.007103000 seconds
[token:118] 001:embedding-lookup: 0.000000000 seconds
[token:118, layer:0] 002:attention-norm: 0.000001000 seconds
[token:118, layer:0] 003:qkv-projection: 0.000112000 seconds
[token:118, layer:0] 004:apply-rope: 0.000001000 seconds
[token:118, layer:0] 005:compute-attention: 0.000025000 seconds
[token:118, layer:0] 006:attention-output: 0.000035000 seconds
[token:118, layer:0] 007:ffn-norm: 0.000000000 seconds
[token:118, layer:0] 008:ffn-up-projection: 0.000189000 seconds
[token:118, layer:0] 009:ffn-swiglu: 0.000001000 seconds
[token:118, layer:0] 010:ffn-down-projection: 0.000138000 seconds
[token:118, layer:0] 102:layer-compute-total: 0.000502000 seconds
[token:118, layer:1] 002:attention-norm: 0.000001000 seconds
[token:118, layer:1] 003:qkv-projection: 0.000108000 seconds
[token:118, layer:1] 004:apply-rope: 0.000001000 seconds
[token:118, layer:1] 005:compute-attention: 0.000024000 seconds
[token:118, layer:1] 006:attention-output: 0.000035000 seconds
[token:118, layer:1] 007:ffn-norm: 0.000000000 seconds
[token:118, layer:1] 008:ffn-up-projection: 0.000187000 seconds
[token:118, layer:1] 009:ffn-swiglu: 0.000001000 seconds
[token:118, layer:1] 010:ffn-down-projection: 0.000134000 seconds
[token:118, layer:1] 102:layer-compute-total: 0.000491000 seconds
[token:118, layer:2] 002:attention-norm: 0.000000000 seconds
[token:118, layer:2] 003:qkv-projection: 0.000107000 seconds
[token:118, layer:2] 004:apply-rope: 0.000001000 seconds
[token:118, layer:2] 005:compute-attention: 0.000019000 seconds
[token:118, layer:2] 006:attention-output: 0.000035000 seconds
[token:118, layer:2] 007:ffn-norm: 0.000001000 seconds
[token:118, layer:2] 008:ffn-up-projection: 0.000187000 seconds
[token:118, layer:2] 009:ffn-swiglu: 0.000001000 seconds
[token:118, layer:2] 010:ffn-down-projection: 0.000134000 seconds
[token:118, layer:2] 102:layer-compute-total: 0.000485000 seconds
[token:118, layer:3] 002:attention-norm: 0.000000000 seconds
[token:118, layer:3] 003:qkv-projection: 0.000108000 seconds
[token:118, layer:3] 004:apply-rope: 0.000001000 seconds
[token:118, layer:3] 005:compute-attention: 0.000019000 seconds
[token:118, layer:3] 006:attention-output: 0.000035000 seconds
[token:118, layer:3] 007:ffn-norm: 0.000000000 seconds
[token:118, layer:3] 008:ffn-up-projection: 0.000187000 seconds
[token:118, layer:3] 009:ffn-swiglu: 0.000001000 seconds
[token:118, layer:3] 010:ffn-down-projection: 0.000134000 seconds
[token:118, layer:3] 102:layer-compute-total: 0.000485000 seconds
[token:118, layer:4] 002:attention-norm: 0.000000000 seconds
[token:118, layer:4] 003:qkv-projection: 0.000105000 seconds
[token:118, layer:4] 004:apply-rope: 0.000002000 seconds
[token:118, layer:4] 005:compute-attention: 0.000019000 seconds
[token:118, layer:4] 006:attention-output: 0.000038000 seconds
[token:118, layer:4] 007:ffn-norm: 0.000000000 seconds
[token:118, layer:4] 008:ffn-up-projection: 0.000187000 seconds
[token:118, layer:4] 009:ffn-swiglu: 0.000001000 seconds
[token:118, layer:4] 010:ffn-down-projection: 0.000134000 seconds
[token:118, layer:4] 102:layer-compute-total: 0.000486000 seconds
[token:118, layer:5] 002:attention-norm: 0.000001000 seconds
[token:118, layer:5] 003:qkv-projection: 0.000105000 seconds
[token:118, layer:5] 004:apply-rope: 0.000001000 seconds
[token:118, layer:5] 005:compute-attention: 0.000019000 seconds
[token:118, layer:5] 006:attention-output: 0.000035000 seconds
[token:118, layer:5] 007:ffn-norm: 0.000000000 seconds
[token:118, layer:5] 008:ffn-up-projection: 0.000186000 seconds
[token:118, layer:5] 009:ffn-swiglu: 0.000001000 seconds
[token:118, layer:5] 010:ffn-down-projection: 0.000134000 seconds
[token:118, layer:5] 102:layer-compute-total: 0.000482000 seconds
[token:118] 011:final-projection: 0.004020000 seconds
[token:118] 103:forward-compute-total: 0.006951000 seconds
[token:119] 001:embedding-lookup: 0.000001000 seconds
[token:119, layer:0] 002:attention-norm: 0.000001000 seconds
[token:119, layer:0] 003:qkv-projection: 0.000110000 seconds
[token:119, layer:0] 004:apply-rope: 0.000002000 seconds
[token:119, layer:0] 005:compute-attention: 0.000021000 seconds
[token:119, layer:0] 006:attention-output: 0.000037000 seconds
[token:119, layer:0] 007:ffn-norm: 0.000000000 seconds
[token:119, layer:0] 008:ffn-up-projection: 0.000194000 seconds
[token:119, layer:0] 009:ffn-swiglu: 0.000001000 seconds
[token:119, layer:0] 010:ffn-down-projection: 0.000139000 seconds
[token:119, layer:0] 102:layer-compute-total: 0.000505000 seconds
[token:119, layer:1] 002:attention-norm: 0.000001000 seconds
[token:119, layer:1] 003:qkv-projection: 0.000109000 seconds
[token:119, layer:1] 004:apply-rope: 0.000001000 seconds
[token:119, layer:1] 005:compute-attention: 0.000020000 seconds
[token:119, layer:1] 006:attention-output: 0.000036000 seconds
[token:119, layer:1] 007:ffn-norm: 0.000001000 seconds
[token:119, layer:1] 008:ffn-up-projection: 0.000191000 seconds
[token:119, layer:1] 009:ffn-swiglu: 0.000001000 seconds
[token:119, layer:1] 010:ffn-down-projection: 0.000136000 seconds
[token:119, layer:1] 102:layer-compute-total: 0.000496000 seconds
[token:119, layer:2] 002:attention-norm: 0.000000000 seconds
[token:119, layer:2] 003:qkv-projection: 0.000107000 seconds
[token:119, layer:2] 004:apply-rope: 0.000001000 seconds
[token:119, layer:2] 005:compute-attention: 0.000020000 seconds
[token:119, layer:2] 006:attention-output: 0.000036000 seconds
[token:119, layer:2] 007:ffn-norm: 0.000000000 seconds
[token:119, layer:2] 008:ffn-up-projection: 0.000193000 seconds
[token:119, layer:2] 009:ffn-swiglu: 0.000001000 seconds
[token:119, layer:2] 010:ffn-down-projection: 0.000140000 seconds
[token:119, layer:2] 102:layer-compute-total: 0.000498000 seconds
[token:119, layer:3] 002:attention-norm: 0.000001000 seconds
[token:119, layer:3] 003:qkv-projection: 0.000110000 seconds
[token:119, layer:3] 004:apply-rope: 0.000001000 seconds
[token:119, layer:3] 005:compute-attention: 0.000021000 seconds
[token:119, layer:3] 006:attention-output: 0.000036000 seconds
[token:119, layer:3] 007:ffn-norm: 0.000000000 seconds
[token:119, layer:3] 008:ffn-up-projection: 0.000200000 seconds
[token:119, layer:3] 009:ffn-swiglu: 0.000001000 seconds
[token:119, layer:3] 010:ffn-down-projection: 0.000212000 seconds
[token:119, layer:3] 102:layer-compute-total: 0.000582000 seconds
[token:119, layer:4] 002:attention-norm: 0.000000000 seconds
[token:119, layer:4] 003:qkv-projection: 0.000110000 seconds
[token:119, layer:4] 004:apply-rope: 0.000002000 seconds
[token:119, layer:4] 005:compute-attention: 0.000024000 seconds
[token:119, layer:4] 006:attention-output: 0.000037000 seconds
[token:119, layer:4] 007:ffn-norm: 0.000000000 seconds
[token:119, layer:4] 008:ffn-up-projection: 0.000201000 seconds
[token:119, layer:4] 009:ffn-swiglu: 0.000001000 seconds
[token:119, layer:4] 010:ffn-down-projection: 0.000140000 seconds
[token:119, layer:4] 102:layer-compute-total: 0.000515000 seconds
[token:119, layer:5] 002:attention-norm: 0.000000000 seconds
[token:119, layer:5] 003:qkv-projection: 0.000110000 seconds
[token:119, layer:5] 004:apply-rope: 0.000001000 seconds
[token:119, layer:5] 005:compute-attention: 0.000029000 seconds
[token:119, layer:5] 006:attention-output: 0.000037000 seconds
[token:119, layer:5] 007:ffn-norm: 0.000000000 seconds
[token:119, layer:5] 008:ffn-up-projection: 0.000194000 seconds
[token:119, layer:5] 009:ffn-swiglu: 0.000001000 seconds
[token:119, layer:5] 010:ffn-down-projection: 0.000139000 seconds
[token:119, layer:5] 102:layer-compute-total: 0.000511000 seconds
[token:119] 011:final-projection: 0.003979000 seconds
[token:119] 103:forward-compute-total: 0.007087000 seconds
[token:120] 001:embedding-lookup: 0.000000000 seconds
[token:120, layer:0] 002:attention-norm: 0.000001000 seconds
[token:120, layer:0] 003:qkv-projection: 0.000112000 seconds
[token:120, layer:0] 004:apply-rope: 0.000002000 seconds
[token:120, layer:0] 005:compute-attention: 0.000024000 seconds
[token:120, layer:0] 006:attention-output: 0.000035000 seconds
[token:120, layer:0] 007:ffn-norm: 0.000001000 seconds
[token:120, layer:0] 008:ffn-up-projection: 0.000186000 seconds
[token:120, layer:0] 009:ffn-swiglu: 0.000001000 seconds
[token:120, layer:0] 010:ffn-down-projection: 0.000134000 seconds
[token:120, layer:0] 102:layer-compute-total: 0.000496000 seconds
[token:120, layer:1] 002:attention-norm: 0.000000000 seconds
[token:120, layer:1] 003:qkv-projection: 0.000105000 seconds
[token:120, layer:1] 004:apply-rope: 0.000001000 seconds
[token:120, layer:1] 005:compute-attention: 0.000023000 seconds
[token:120, layer:1] 006:attention-output: 0.000040000 seconds
[token:120, layer:1] 007:ffn-norm: 0.000000000 seconds
[token:120, layer:1] 008:ffn-up-projection: 0.000187000 seconds
[token:120, layer:1] 009:ffn-swiglu: 0.000001000 seconds
[token:120, layer:1] 010:ffn-down-projection: 0.000135000 seconds
[token:120, layer:1] 102:layer-compute-total: 0.000492000 seconds
[token:120, layer:2] 002:attention-norm: 0.000001000 seconds
[token:120, layer:2] 003:qkv-projection: 0.000106000 seconds
[token:120, layer:2] 004:apply-rope: 0.000001000 seconds
[token:120, layer:2] 005:compute-attention: 0.000023000 seconds
[token:120, layer:2] 006:attention-output: 0.000035000 seconds
[token:120, layer:2] 007:ffn-norm: 0.000000000 seconds
[token:120, layer:2] 008:ffn-up-projection: 0.000187000 seconds
[token:120, layer:2] 009:ffn-swiglu: 0.000001000 seconds
[token:120, layer:2] 010:ffn-down-projection: 0.000137000 seconds
[token:120, layer:2] 102:layer-compute-total: 0.000491000 seconds
[token:120, layer:3] 002:attention-norm: 0.000000000 seconds
[token:120, layer:3] 003:qkv-projection: 0.000109000 seconds
[token:120, layer:3] 004:apply-rope: 0.000001000 seconds
[token:120, layer:3] 005:compute-attention: 0.000023000 seconds
[token:120, layer:3] 006:attention-output: 0.000035000 seconds
[token:120, layer:3] 007:ffn-norm: 0.000000000 seconds
[token:120, layer:3] 008:ffn-up-projection: 0.000187000 seconds
[token:120, layer:3] 009:ffn-swiglu: 0.000001000 seconds
[token:120, layer:3] 010:ffn-down-projection: 0.000134000 seconds
[token:120, layer:3] 102:layer-compute-total: 0.000490000 seconds
[token:120, layer:4] 002:attention-norm: 0.000000000 seconds
[token:120, layer:4] 003:qkv-projection: 0.000114000 seconds
[token:120, layer:4] 004:apply-rope: 0.000001000 seconds
[token:120, layer:4] 005:compute-attention: 0.000019000 seconds
[token:120, layer:4] 006:attention-output: 0.000036000 seconds
[token:120, layer:4] 007:ffn-norm: 0.000001000 seconds
[token:120, layer:4] 008:ffn-up-projection: 0.000187000 seconds
[token:120, layer:4] 009:ffn-swiglu: 0.000001000 seconds
[token:120, layer:4] 010:ffn-down-projection: 0.000141000 seconds
[token:120, layer:4] 102:layer-compute-total: 0.000500000 seconds
[token:120, layer:5] 002:attention-norm: 0.000001000 seconds
[token:120, layer:5] 003:qkv-projection: 0.000105000 seconds
[token:120, layer:5] 004:apply-rope: 0.000002000 seconds
[token:120, layer:5] 005:compute-attention: 0.000019000 seconds
[token:120, layer:5] 006:attention-output: 0.000035000 seconds
[token:120, layer:5] 007:ffn-norm: 0.000000000 seconds
[token:120, layer:5] 008:ffn-up-projection: 0.000187000 seconds
[token:120, layer:5] 009:ffn-swiglu: 0.000001000 seconds
[token:120, layer:5] 010:ffn-down-projection: 0.000134000 seconds
[token:120, layer:5] 102:layer-compute-total: 0.000484000 seconds
[token:120] 011:final-projection: 0.003939000 seconds
[token:120] 103:forward-compute-total: 0.006892000 seconds
[token:121] 001:embedding-lookup: 0.000001000 seconds
[token:121, layer:0] 002:attention-norm: 0.000000000 seconds
[token:121, layer:0] 003:qkv-projection: 0.000112000 seconds
[token:121, layer:0] 004:apply-rope: 0.000002000 seconds
[token:121, layer:0] 005:compute-attention: 0.000018000 seconds
[token:121, layer:0] 006:attention-output: 0.000035000 seconds
[token:121, layer:0] 007:ffn-norm: 0.000000000 seconds
[token:121, layer:0] 008:ffn-up-projection: 0.000187000 seconds
[token:121, layer:0] 009:ffn-swiglu: 0.000001000 seconds
[token:121, layer:0] 010:ffn-down-projection: 0.000134000 seconds
[token:121, layer:0] 102:layer-compute-total: 0.000489000 seconds
[token:121, layer:1] 002:attention-norm: 0.000001000 seconds
[token:121, layer:1] 003:qkv-projection: 0.000110000 seconds
[token:121, layer:1] 004:apply-rope: 0.000001000 seconds
[token:121, layer:1] 005:compute-attention: 0.000018000 seconds
[token:121, layer:1] 006:attention-output: 0.000035000 seconds
[token:121, layer:1] 007:ffn-norm: 0.000000000 seconds
[token:121, layer:1] 008:ffn-up-projection: 0.000187000 seconds
[token:121, layer:1] 009:ffn-swiglu: 0.000001000 seconds
[token:121, layer:1] 010:ffn-down-projection: 0.000135000 seconds
[token:121, layer:1] 102:layer-compute-total: 0.000488000 seconds
[token:121, layer:2] 002:attention-norm: 0.000000000 seconds
[token:121, layer:2] 003:qkv-projection: 0.000107000 seconds
[token:121, layer:2] 004:apply-rope: 0.000001000 seconds
[token:121, layer:2] 005:compute-attention: 0.000019000 seconds
[token:121, layer:2] 006:attention-output: 0.000035000 seconds
[token:121, layer:2] 007:ffn-norm: 0.000001000 seconds
[token:121, layer:2] 008:ffn-up-projection: 0.000191000 seconds
[token:121, layer:2] 009:ffn-swiglu: 0.000001000 seconds
[token:121, layer:2] 010:ffn-down-projection: 0.000134000 seconds
[token:121, layer:2] 102:layer-compute-total: 0.000489000 seconds
[token:121, layer:3] 002:attention-norm: 0.000001000 seconds
[token:121, layer:3] 003:qkv-projection: 0.000105000 seconds
[token:121, layer:3] 004:apply-rope: 0.000001000 seconds
[token:121, layer:3] 005:compute-attention: 0.000018000 seconds
[token:121, layer:3] 006:attention-output: 0.000035000 seconds
[token:121, layer:3] 007:ffn-norm: 0.000000000 seconds
[token:121, layer:3] 008:ffn-up-projection: 0.000186000 seconds
[token:121, layer:3] 009:ffn-swiglu: 0.000001000 seconds
[token:121, layer:3] 010:ffn-down-projection: 0.000149000 seconds
[token:121, layer:3] 102:layer-compute-total: 0.000496000 seconds
[token:121, layer:4] 002:attention-norm: 0.000000000 seconds
[token:121, layer:4] 003:qkv-projection: 0.000113000 seconds
[token:121, layer:4] 004:apply-rope: 0.000001000 seconds
[token:121, layer:4] 005:compute-attention: 0.000022000 seconds
[token:121, layer:4] 006:attention-output: 0.000039000 seconds
[token:121, layer:4] 007:ffn-norm: 0.000000000 seconds
[token:121, layer:4] 008:ffn-up-projection: 0.000189000 seconds
[token:121, layer:4] 009:ffn-swiglu: 0.000001000 seconds
[token:121, layer:4] 010:ffn-down-projection: 0.000140000 seconds
[token:121, layer:4] 102:layer-compute-total: 0.000505000 seconds
[token:121, layer:5] 002:attention-norm: 0.000000000 seconds
[token:121, layer:5] 003:qkv-projection: 0.000107000 seconds
[token:121, layer:5] 004:apply-rope: 0.000001000 seconds
[token:121, layer:5] 005:compute-attention: 0.000019000 seconds
[token:121, layer:5] 006:attention-output: 0.000036000 seconds
[token:121, layer:5] 007:ffn-norm: 0.000000000 seconds
[token:121, layer:5] 008:ffn-up-projection: 0.000190000 seconds
[token:121, layer:5] 009:ffn-swiglu: 0.000001000 seconds
[token:121, layer:5] 010:ffn-down-projection: 0.000136000 seconds
[token:121, layer:5] 102:layer-compute-total: 0.000490000 seconds
[token:121] 011:final-projection: 0.004195000 seconds
[token:121] 103:forward-compute-total: 0.007153000 seconds
[token:122] 001:embedding-lookup: 0.000001000 seconds
[token:122, layer:0] 002:attention-norm: 0.000000000 seconds
[token:122, layer:0] 003:qkv-projection: 0.000110000 seconds
[token:122, layer:0] 004:apply-rope: 0.000002000 seconds
[token:122, layer:0] 005:compute-attention: 0.000027000 seconds
[token:122, layer:0] 006:attention-output: 0.000036000 seconds
[token:122, layer:0] 007:ffn-norm: 0.000000000 seconds
[token:122, layer:0] 008:ffn-up-projection: 0.000194000 seconds
[token:122, layer:0] 009:ffn-swiglu: 0.000001000 seconds
[token:122, layer:0] 010:ffn-down-projection: 0.000134000 seconds
[token:122, layer:0] 102:layer-compute-total: 0.000504000 seconds
[token:122, layer:1] 002:attention-norm: 0.000001000 seconds
[token:122, layer:1] 003:qkv-projection: 0.000105000 seconds
[token:122, layer:1] 004:apply-rope: 0.000001000 seconds
[token:122, layer:1] 005:compute-attention: 0.000026000 seconds
[token:122, layer:1] 006:attention-output: 0.000035000 seconds
[token:122, layer:1] 007:ffn-norm: 0.000000000 seconds
[token:122, layer:1] 008:ffn-up-projection: 0.000187000 seconds
[token:122, layer:1] 009:ffn-swiglu: 0.000001000 seconds
[token:122, layer:1] 010:ffn-down-projection: 0.000134000 seconds
[token:122, layer:1] 102:layer-compute-total: 0.000490000 seconds
[token:122, layer:2] 002:attention-norm: 0.000000000 seconds
[token:122, layer:2] 003:qkv-projection: 0.000106000 seconds
[token:122, layer:2] 004:apply-rope: 0.000001000 seconds
[token:122, layer:2] 005:compute-attention: 0.000025000 seconds
[token:122, layer:2] 006:attention-output: 0.000035000 seconds
[token:122, layer:2] 007:ffn-norm: 0.000000000 seconds
[token:122, layer:2] 008:ffn-up-projection: 0.000187000 seconds
[token:122, layer:2] 009:ffn-swiglu: 0.000001000 seconds
[token:122, layer:2] 010:ffn-down-projection: 0.000139000 seconds
[token:122, layer:2] 102:layer-compute-total: 0.000494000 seconds
[token:122, layer:3] 002:attention-norm: 0.000000000 seconds
[token:122, layer:3] 003:qkv-projection: 0.000107000 seconds
[token:122, layer:3] 004:apply-rope: 0.000001000 seconds
[token:122, layer:3] 005:compute-attention: 0.000026000 seconds
[token:122, layer:3] 006:attention-output: 0.000035000 seconds
[token:122, layer:3] 007:ffn-norm: 0.000000000 seconds
[token:122, layer:3] 008:ffn-up-projection: 0.000189000 seconds
[token:122, layer:3] 009:ffn-swiglu: 0.000001000 seconds
[token:122, layer:3] 010:ffn-down-projection: 0.000136000 seconds
[token:122, layer:3] 102:layer-compute-total: 0.000495000 seconds
[token:122, layer:4] 002:attention-norm: 0.000001000 seconds
[token:122, layer:4] 003:qkv-projection: 0.000107000 seconds
[token:122, layer:4] 004:apply-rope: 0.000001000 seconds
[token:122, layer:4] 005:compute-attention: 0.000025000 seconds
[token:122, layer:4] 006:attention-output: 0.000036000 seconds
[token:122, layer:4] 007:ffn-norm: 0.000000000 seconds
[token:122, layer:4] 008:ffn-up-projection: 0.000189000 seconds
[token:122, layer:4] 009:ffn-swiglu: 0.000001000 seconds
[token:122, layer:4] 010:ffn-down-projection: 0.000137000 seconds
[token:122, layer:4] 102:layer-compute-total: 0.000497000 seconds
[token:122, layer:5] 002:attention-norm: 0.000000000 seconds
[token:122, layer:5] 003:qkv-projection: 0.000105000 seconds
[token:122, layer:5] 004:apply-rope: 0.000001000 seconds
[token:122, layer:5] 005:compute-attention: 0.000024000 seconds
[token:122, layer:5] 006:attention-output: 0.000035000 seconds
[token:122, layer:5] 007:ffn-norm: 0.000000000 seconds
[token:122, layer:5] 008:ffn-up-projection: 0.000186000 seconds
[token:122, layer:5] 009:ffn-swiglu: 0.000001000 seconds
[token:122, layer:5] 010:ffn-down-projection: 0.000134000 seconds
[token:122, layer:5] 102:layer-compute-total: 0.000486000 seconds
[token:122] 011:final-projection: 0.003958000 seconds
[token:122] 103:forward-compute-total: 0.006925000 seconds
[token:123] 001:embedding-lookup: 0.000000000 seconds
[token:123, layer:0] 002:attention-norm: 0.000001000 seconds
[token:123, layer:0] 003:qkv-projection: 0.000111000 seconds
[token:123, layer:0] 004:apply-rope: 0.000001000 seconds
[token:123, layer:0] 005:compute-attention: 0.000020000 seconds
[token:123, layer:0] 006:attention-output: 0.000035000 seconds
[token:123, layer:0] 007:ffn-norm: 0.000001000 seconds
[token:123, layer:0] 008:ffn-up-projection: 0.000187000 seconds
[token:123, layer:0] 009:ffn-swiglu: 0.000001000 seconds
[token:123, layer:0] 010:ffn-down-projection: 0.000134000 seconds
[token:123, layer:0] 102:layer-compute-total: 0.000491000 seconds
[token:123, layer:1] 002:attention-norm: 0.000000000 seconds
[token:123, layer:1] 003:qkv-projection: 0.000105000 seconds
[token:123, layer:1] 004:apply-rope: 0.000001000 seconds
[token:123, layer:1] 005:compute-attention: 0.000020000 seconds
[token:123, layer:1] 006:attention-output: 0.000035000 seconds
[token:123, layer:1] 007:ffn-norm: 0.000000000 seconds
[token:123, layer:1] 008:ffn-up-projection: 0.000187000 seconds
[token:123, layer:1] 009:ffn-swiglu: 0.000001000 seconds
[token:123, layer:1] 010:ffn-down-projection: 0.000134000 seconds
[token:123, layer:1] 102:layer-compute-total: 0.000483000 seconds
[token:123, layer:2] 002:attention-norm: 0.000001000 seconds
[token:123, layer:2] 003:qkv-projection: 0.000106000 seconds
[token:123, layer:2] 004:apply-rope: 0.000001000 seconds
[token:123, layer:2] 005:compute-attention: 0.000019000 seconds
[token:123, layer:2] 006:attention-output: 0.000035000 seconds
[token:123, layer:2] 007:ffn-norm: 0.000000000 seconds
[token:123, layer:2] 008:ffn-up-projection: 0.000186000 seconds
[token:123, layer:2] 009:ffn-swiglu: 0.000001000 seconds
[token:123, layer:2] 010:ffn-down-projection: 0.000134000 seconds
[token:123, layer:2] 102:layer-compute-total: 0.000483000 seconds
[token:123, layer:3] 002:attention-norm: 0.000000000 seconds
[token:123, layer:3] 003:qkv-projection: 0.000105000 seconds
[token:123, layer:3] 004:apply-rope: 0.000001000 seconds
[token:123, layer:3] 005:compute-attention: 0.000019000 seconds
[token:123, layer:3] 006:attention-output: 0.000035000 seconds
[token:123, layer:3] 007:ffn-norm: 0.000001000 seconds
[token:123, layer:3] 008:ffn-up-projection: 0.000187000 seconds
[token:123, layer:3] 009:ffn-swiglu: 0.000001000 seconds
[token:123, layer:3] 010:ffn-down-projection: 0.000134000 seconds
[token:123, layer:3] 102:layer-compute-total: 0.000483000 seconds
[token:123, layer:4] 002:attention-norm: 0.000000000 seconds
[token:123, layer:4] 003:qkv-projection: 0.000105000 seconds
[token:123, layer:4] 004:apply-rope: 0.000001000 seconds
[token:123, layer:4] 005:compute-attention: 0.000019000 seconds
[token:123, layer:4] 006:attention-output: 0.000035000 seconds
[token:123, layer:4] 007:ffn-norm: 0.000000000 seconds
[token:123, layer:4] 008:ffn-up-projection: 0.000186000 seconds
[token:123, layer:4] 009:ffn-swiglu: 0.000001000 seconds
[token:123, layer:4] 010:ffn-down-projection: 0.000134000 seconds
[token:123, layer:4] 102:layer-compute-total: 0.000481000 seconds
[token:123, layer:5] 002:attention-norm: 0.000000000 seconds
[token:123, layer:5] 003:qkv-projection: 0.000105000 seconds
[token:123, layer:5] 004:apply-rope: 0.000001000 seconds
[token:123, layer:5] 005:compute-attention: 0.000020000 seconds
[token:123, layer:5] 006:attention-output: 0.000035000 seconds
[token:123, layer:5] 007:ffn-norm: 0.000000000 seconds
[token:123, layer:5] 008:ffn-up-projection: 0.000192000 seconds
[token:123, layer:5] 009:ffn-swiglu: 0.000001000 seconds
[token:123, layer:5] 010:ffn-down-projection: 0.000134000 seconds
[token:123, layer:5] 102:layer-compute-total: 0.000488000 seconds
[token:123] 011:final-projection: 0.004371000 seconds
[token:123] 103:forward-compute-total: 0.007280000 seconds
[token:124] 001:embedding-lookup: 0.000000000 seconds
[token:124, layer:0] 002:attention-norm: 0.000001000 seconds
[token:124, layer:0] 003:qkv-projection: 0.000112000 seconds
[token:124, layer:0] 004:apply-rope: 0.000002000 seconds
[token:124, layer:0] 005:compute-attention: 0.000027000 seconds
[token:124, layer:0] 006:attention-output: 0.000036000 seconds
[token:124, layer:0] 007:ffn-norm: 0.000001000 seconds
[token:124, layer:0] 008:ffn-up-projection: 0.000212000 seconds
[token:124, layer:0] 009:ffn-swiglu: 0.000001000 seconds
[token:124, layer:0] 010:ffn-down-projection: 0.000136000 seconds
[token:124, layer:0] 102:layer-compute-total: 0.000528000 seconds
[token:124, layer:1] 002:attention-norm: 0.000001000 seconds
[token:124, layer:1] 003:qkv-projection: 0.000107000 seconds
[token:124, layer:1] 004:apply-rope: 0.000001000 seconds
[token:124, layer:1] 005:compute-attention: 0.000028000 seconds
[token:124, layer:1] 006:attention-output: 0.000035000 seconds
[token:124, layer:1] 007:ffn-norm: 0.000000000 seconds
[token:124, layer:1] 008:ffn-up-projection: 0.000187000 seconds
[token:124, layer:1] 009:ffn-swiglu: 0.000001000 seconds
[token:124, layer:1] 010:ffn-down-projection: 0.000134000 seconds
[token:124, layer:1] 102:layer-compute-total: 0.000494000 seconds
[token:124, layer:2] 002:attention-norm: 0.000000000 seconds
[token:124, layer:2] 003:qkv-projection: 0.000106000 seconds
[token:124, layer:2] 004:apply-rope: 0.000001000 seconds
[token:124, layer:2] 005:compute-attention: 0.000028000 seconds
[token:124, layer:2] 006:attention-output: 0.000036000 seconds
[token:124, layer:2] 007:ffn-norm: 0.000000000 seconds
[token:124, layer:2] 008:ffn-up-projection: 0.000187000 seconds
[token:124, layer:2] 009:ffn-swiglu: 0.000001000 seconds
[token:124, layer:2] 010:ffn-down-projection: 0.000133000 seconds
[token:124, layer:2] 102:layer-compute-total: 0.000492000 seconds
[token:124, layer:3] 002:attention-norm: 0.000000000 seconds
[token:124, layer:3] 003:qkv-projection: 0.000105000 seconds
[token:124, layer:3] 004:apply-rope: 0.000002000 seconds
[token:124, layer:3] 005:compute-attention: 0.000027000 seconds
[token:124, layer:3] 006:attention-output: 0.000035000 seconds
[token:124, layer:3] 007:ffn-norm: 0.000000000 seconds
[token:124, layer:3] 008:ffn-up-projection: 0.000187000 seconds
[token:124, layer:3] 009:ffn-swiglu: 0.000001000 seconds
[token:124, layer:3] 010:ffn-down-projection: 0.000133000 seconds
[token:124, layer:3] 102:layer-compute-total: 0.000490000 seconds
[token:124, layer:4] 002:attention-norm: 0.000000000 seconds
[token:124, layer:4] 003:qkv-projection: 0.000106000 seconds
[token:124, layer:4] 004:apply-rope: 0.000001000 seconds
[token:124, layer:4] 005:compute-attention: 0.000028000 seconds
[token:124, layer:4] 006:attention-output: 0.000036000 seconds
[token:124, layer:4] 007:ffn-norm: 0.000001000 seconds
[token:124, layer:4] 008:ffn-up-projection: 0.000186000 seconds
[token:124, layer:4] 009:ffn-swiglu: 0.000001000 seconds
[token:124, layer:4] 010:ffn-down-projection: 0.000134000 seconds
[token:124, layer:4] 102:layer-compute-total: 0.000493000 seconds
[token:124, layer:5] 002:attention-norm: 0.000001000 seconds
[token:124, layer:5] 003:qkv-projection: 0.000105000 seconds
[token:124, layer:5] 004:apply-rope: 0.000001000 seconds
[token:124, layer:5] 005:compute-attention: 0.000028000 seconds
[token:124, layer:5] 006:attention-output: 0.000035000 seconds
[token:124, layer:5] 007:ffn-norm: 0.000000000 seconds
[token:124, layer:5] 008:ffn-up-projection: 0.000191000 seconds
[token:124, layer:5] 009:ffn-swiglu: 0.000001000 seconds
[token:124, layer:5] 010:ffn-down-projection: 0.000136000 seconds
[token:124, layer:5] 102:layer-compute-total: 0.000498000 seconds
[token:124] 011:final-projection: 0.004003000 seconds
[token:124] 103:forward-compute-total: 0.006998000 seconds
[token:125] 001:embedding-lookup: 0.000000000 seconds
[token:125, layer:0] 002:attention-norm: 0.000000000 seconds
[token:125, layer:0] 003:qkv-projection: 0.000112000 seconds
[token:125, layer:0] 004:apply-rope: 0.000002000 seconds
[token:125, layer:0] 005:compute-attention: 0.000021000 seconds
[token:125, layer:0] 006:attention-output: 0.000036000 seconds
[token:125, layer:0] 007:ffn-norm: 0.000001000 seconds
[token:125, layer:0] 008:ffn-up-projection: 0.000194000 seconds
[token:125, layer:0] 009:ffn-swiglu: 0.000001000 seconds
[token:125, layer:0] 010:ffn-down-projection: 0.000134000 seconds
[token:125, layer:0] 102:layer-compute-total: 0.000501000 seconds
[token:125, layer:1] 002:attention-norm: 0.000000000 seconds
[token:125, layer:1] 003:qkv-projection: 0.000105000 seconds
[token:125, layer:1] 004:apply-rope: 0.000001000 seconds
[token:125, layer:1] 005:compute-attention: 0.000020000 seconds
[token:125, layer:1] 006:attention-output: 0.000035000 seconds
[token:125, layer:1] 007:ffn-norm: 0.000001000 seconds
[token:125, layer:1] 008:ffn-up-projection: 0.000187000 seconds
[token:125, layer:1] 009:ffn-swiglu: 0.000001000 seconds
[token:125, layer:1] 010:ffn-down-projection: 0.000133000 seconds
[token:125, layer:1] 102:layer-compute-total: 0.000483000 seconds
[token:125, layer:2] 002:attention-norm: 0.000000000 seconds
[token:125, layer:2] 003:qkv-projection: 0.000106000 seconds
[token:125, layer:2] 004:apply-rope: 0.000001000 seconds
[token:125, layer:2] 005:compute-attention: 0.000019000 seconds
[token:125, layer:2] 006:attention-output: 0.000035000 seconds
[token:125, layer:2] 007:ffn-norm: 0.000000000 seconds
[token:125, layer:2] 008:ffn-up-projection: 0.000186000 seconds
[token:125, layer:2] 009:ffn-swiglu: 0.000001000 seconds
[token:125, layer:2] 010:ffn-down-projection: 0.000137000 seconds
[token:125, layer:2] 102:layer-compute-total: 0.000485000 seconds
[token:125, layer:3] 002:attention-norm: 0.000000000 seconds
[token:125, layer:3] 003:qkv-projection: 0.000104000 seconds
[token:125, layer:3] 004:apply-rope: 0.000002000 seconds
[token:125, layer:3] 005:compute-attention: 0.000020000 seconds
[token:125, layer:3] 006:attention-output: 0.000036000 seconds
[token:125, layer:3] 007:ffn-norm: 0.000000000 seconds
[token:125, layer:3] 008:ffn-up-projection: 0.000187000 seconds
[token:125, layer:3] 009:ffn-swiglu: 0.000001000 seconds
[token:125, layer:3] 010:ffn-down-projection: 0.000134000 seconds
[token:125, layer:3] 102:layer-compute-total: 0.000484000 seconds
[token:125, layer:4] 002:attention-norm: 0.000001000 seconds
[token:125, layer:4] 003:qkv-projection: 0.000105000 seconds
[token:125, layer:4] 004:apply-rope: 0.000001000 seconds
[token:125, layer:4] 005:compute-attention: 0.000019000 seconds
[token:125, layer:4] 006:attention-output: 0.000035000 seconds
[token:125, layer:4] 007:ffn-norm: 0.000000000 seconds
[token:125, layer:4] 008:ffn-up-projection: 0.000190000 seconds
[token:125, layer:4] 009:ffn-swiglu: 0.000001000 seconds
[token:125, layer:4] 010:ffn-down-projection: 0.000134000 seconds
[token:125, layer:4] 102:layer-compute-total: 0.000486000 seconds
[token:125, layer:5] 002:attention-norm: 0.000001000 seconds
[token:125, layer:5] 003:qkv-projection: 0.000105000 seconds
[token:125, layer:5] 004:apply-rope: 0.000002000 seconds
[token:125, layer:5] 005:compute-attention: 0.000020000 seconds
[token:125, layer:5] 006:attention-output: 0.000035000 seconds
[token:125, layer:5] 007:ffn-norm: 0.000000000 seconds
[token:125, layer:5] 008:ffn-up-projection: 0.000186000 seconds
[token:125, layer:5] 009:ffn-swiglu: 0.000001000 seconds
[token:125, layer:5] 010:ffn-down-projection: 0.000134000 seconds
[token:125, layer:5] 102:layer-compute-total: 0.000484000 seconds
[token:125] 011:final-projection: 0.003992000 seconds
[token:125] 103:forward-compute-total: 0.006915000 seconds
[token:126] 001:embedding-lookup: 0.000001000 seconds
[token:126, layer:0] 002:attention-norm: 0.000001000 seconds
[token:126, layer:0] 003:qkv-projection: 0.000108000 seconds
[token:126, layer:0] 004:apply-rope: 0.000002000 seconds
[token:126, layer:0] 005:compute-attention: 0.000021000 seconds
[token:126, layer:0] 006:attention-output: 0.000036000 seconds
[token:126, layer:0] 007:ffn-norm: 0.000001000 seconds
[token:126, layer:0] 008:ffn-up-projection: 0.000190000 seconds
[token:126, layer:0] 009:ffn-swiglu: 0.000001000 seconds
[token:126, layer:0] 010:ffn-down-projection: 0.000136000 seconds
[token:126, layer:0] 102:layer-compute-total: 0.000496000 seconds
[token:126, layer:1] 002:attention-norm: 0.000000000 seconds
[token:126, layer:1] 003:qkv-projection: 0.000107000 seconds
[token:126, layer:1] 004:apply-rope: 0.000002000 seconds
[token:126, layer:1] 005:compute-attention: 0.000021000 seconds
[token:126, layer:1] 006:attention-output: 0.000036000 seconds
[token:126, layer:1] 007:ffn-norm: 0.000001000 seconds
[token:126, layer:1] 008:ffn-up-projection: 0.000207000 seconds
[token:126, layer:1] 009:ffn-swiglu: 0.000001000 seconds
[token:126, layer:1] 010:ffn-down-projection: 0.000157000 seconds
[token:126, layer:1] 102:layer-compute-total: 0.000532000 seconds
[token:126, layer:2] 002:attention-norm: 0.000000000 seconds
[token:126, layer:2] 003:qkv-projection: 0.000152000 seconds
[token:126, layer:2] 004:apply-rope: 0.000001000 seconds
[token:126, layer:2] 005:compute-attention: 0.000032000 seconds
[token:126, layer:2] 006:attention-output: 0.000048000 seconds
[token:126, layer:2] 007:ffn-norm: 0.000000000 seconds
[token:126, layer:2] 008:ffn-up-projection: 0.000239000 seconds
[token:126, layer:2] 009:ffn-swiglu: 0.000001000 seconds
[token:126, layer:2] 010:ffn-down-projection: 0.000140000 seconds
[token:126, layer:2] 102:layer-compute-total: 0.000613000 seconds
[token:126, layer:3] 002:attention-norm: 0.000000000 seconds
[token:126, layer:3] 003:qkv-projection: 0.000110000 seconds
[token:126, layer:3] 004:apply-rope: 0.000001000 seconds
[token:126, layer:3] 005:compute-attention: 0.000028000 seconds
[token:126, layer:3] 006:attention-output: 0.000037000 seconds
[token:126, layer:3] 007:ffn-norm: 0.000000000 seconds
[token:126, layer:3] 008:ffn-up-projection: 0.000197000 seconds
[token:126, layer:3] 009:ffn-swiglu: 0.000001000 seconds
[token:126, layer:3] 010:ffn-down-projection: 0.000140000 seconds
[token:126, layer:3] 102:layer-compute-total: 0.000514000 seconds
[token:126, layer:4] 002:attention-norm: 0.000001000 seconds
[token:126, layer:4] 003:qkv-projection: 0.000110000 seconds
[token:126, layer:4] 004:apply-rope: 0.000001000 seconds
[token:126, layer:4] 005:compute-attention: 0.000032000 seconds
[token:126, layer:4] 006:attention-output: 0.000037000 seconds
[token:126, layer:4] 007:ffn-norm: 0.000000000 seconds
[token:126, layer:4] 008:ffn-up-projection: 0.000195000 seconds
[token:126, layer:4] 009:ffn-swiglu: 0.000001000 seconds
[token:126, layer:4] 010:ffn-down-projection: 0.000137000 seconds
[token:126, layer:4] 102:layer-compute-total: 0.000514000 seconds
[token:126, layer:5] 002:attention-norm: 0.000001000 seconds
[token:126, layer:5] 003:qkv-projection: 0.000111000 seconds
[token:126, layer:5] 004:apply-rope: 0.000001000 seconds
[token:126, layer:5] 005:compute-attention: 0.000038000 seconds
[token:126, layer:5] 006:attention-output: 0.000037000 seconds
[token:126, layer:5] 007:ffn-norm: 0.000000000 seconds
[token:126, layer:5] 008:ffn-up-projection: 0.000194000 seconds
[token:126, layer:5] 009:ffn-swiglu: 0.000001000 seconds
[token:126, layer:5] 010:ffn-down-projection: 0.000140000 seconds
[token:126, layer:5] 102:layer-compute-total: 0.000523000 seconds
[token:126] 011:final-projection: 0.003969000 seconds
[token:126] 103:forward-compute-total: 0.007162000 seconds
[token:127] 001:embedding-lookup: 0.000000000 seconds
[token:127, layer:0] 002:attention-norm: 0.000000000 seconds
[token:127, layer:0] 003:qkv-projection: 0.000112000 seconds
[token:127, layer:0] 004:apply-rope: 0.000002000 seconds
[token:127, layer:0] 005:compute-attention: 0.000028000 seconds
[token:127, layer:0] 006:attention-output: 0.000037000 seconds
[token:127, layer:0] 007:ffn-norm: 0.000001000 seconds
[token:127, layer:0] 008:ffn-up-projection: 0.000194000 seconds
[token:127, layer:0] 009:ffn-swiglu: 0.000001000 seconds
[token:127, layer:0] 010:ffn-down-projection: 0.000140000 seconds
[token:127, layer:0] 102:layer-compute-total: 0.000515000 seconds
[token:127, layer:1] 002:attention-norm: 0.000000000 seconds
[token:127, layer:1] 003:qkv-projection: 0.000120000 seconds
[token:127, layer:1] 004:apply-rope: 0.000001000 seconds
[token:127, layer:1] 005:compute-attention: 0.000030000 seconds
[token:127, layer:1] 006:attention-output: 0.000037000 seconds
[token:127, layer:1] 007:ffn-norm: 0.000000000 seconds
[token:127, layer:1] 008:ffn-up-projection: 0.000191000 seconds
[token:127, layer:1] 009:ffn-swiglu: 0.000001000 seconds
[token:127, layer:1] 010:ffn-down-projection: 0.000134000 seconds
[token:127, layer:1] 102:layer-compute-total: 0.000514000 seconds
[token:127, layer:2] 002:attention-norm: 0.000000000 seconds
[token:127, layer:2] 003:qkv-projection: 0.000106000 seconds
[token:127, layer:2] 004:apply-rope: 0.000002000 seconds
[token:127, layer:2] 005:compute-attention: 0.000027000 seconds
[token:127, layer:2] 006:attention-output: 0.000035000 seconds
[token:127, layer:2] 007:ffn-norm: 0.000000000 seconds
[token:127, layer:2] 008:ffn-up-projection: 0.000187000 seconds
[token:127, layer:2] 009:ffn-swiglu: 0.000001000 seconds
[token:127, layer:2] 010:ffn-down-projection: 0.000134000 seconds
[token:127, layer:2] 102:layer-compute-total: 0.000492000 seconds
[token:127, layer:3] 002:attention-norm: 0.000000000 seconds
[token:127, layer:3] 003:qkv-projection: 0.000109000 seconds
[token:127, layer:3] 004:apply-rope: 0.000001000 seconds
[token:127, layer:3] 005:compute-attention: 0.000028000 seconds
[token:127, layer:3] 006:attention-output: 0.000036000 seconds
[token:127, layer:3] 007:ffn-norm: 0.000000000 seconds
[token:127, layer:3] 008:ffn-up-projection: 0.000204000 seconds
[token:127, layer:3] 009:ffn-swiglu: 0.000002000 seconds
[token:127, layer:3] 010:ffn-down-projection: 0.000147000 seconds
[token:127, layer:3] 102:layer-compute-total: 0.000527000 seconds
[token:127, layer:4] 002:attention-norm: 0.000000000 seconds
[token:127, layer:4] 003:qkv-projection: 0.000118000 seconds
[token:127, layer:4] 004:apply-rope: 0.000002000 seconds
[token:127, layer:4] 005:compute-attention: 0.000027000 seconds
[token:127, layer:4] 006:attention-output: 0.000037000 seconds
[token:127, layer:4] 007:ffn-norm: 0.000000000 seconds
[token:127, layer:4] 008:ffn-up-projection: 0.000195000 seconds
[token:127, layer:4] 009:ffn-swiglu: 0.000001000 seconds
[token:127, layer:4] 010:ffn-down-projection: 0.000140000 seconds
[token:127, layer:4] 102:layer-compute-total: 0.000520000 seconds
[token:127, layer:5] 002:attention-norm: 0.000000000 seconds
[token:127, layer:5] 003:qkv-projection: 0.000108000 seconds
[token:127, layer:5] 004:apply-rope: 0.000001000 seconds
[token:127, layer:5] 005:compute-attention: 0.000024000 seconds
[token:127, layer:5] 006:attention-output: 0.000035000 seconds
[token:127, layer:5] 007:ffn-norm: 0.000000000 seconds
[token:127, layer:5] 008:ffn-up-projection: 0.000193000 seconds
[token:127, layer:5] 009:ffn-swiglu: 0.000001000 seconds
[token:127, layer:5] 010:ffn-down-projection: 0.000139000 seconds
[token:127, layer:5] 102:layer-compute-total: 0.000501000 seconds
[token:127] 011:final-projection: 0.004007000 seconds
[token:127] 103:forward-compute-total: 0.007076000 seconds
[token:128] 001:embedding-lookup: 0.000001000 seconds
[token:128, layer:0] 002:attention-norm: 0.000001000 seconds
[token:128, layer:0] 003:qkv-projection: 0.000112000 seconds
[token:128, layer:0] 004:apply-rope: 0.000002000 seconds
[token:128, layer:0] 005:compute-attention: 0.000025000 seconds
[token:128, layer:0] 006:attention-output: 0.000036000 seconds
[token:128, layer:0] 007:ffn-norm: 0.000000000 seconds
[token:128, layer:0] 008:ffn-up-projection: 0.000194000 seconds
[token:128, layer:0] 009:ffn-swiglu: 0.000002000 seconds
[token:128, layer:0] 010:ffn-down-projection: 0.000140000 seconds
[token:128, layer:0] 102:layer-compute-total: 0.000512000 seconds
[token:128, layer:1] 002:attention-norm: 0.000001000 seconds
[token:128, layer:1] 003:qkv-projection: 0.000114000 seconds
[token:128, layer:1] 004:apply-rope: 0.000002000 seconds
[token:128, layer:1] 005:compute-attention: 0.000027000 seconds
[token:128, layer:1] 006:attention-output: 0.000036000 seconds
[token:128, layer:1] 007:ffn-norm: 0.000000000 seconds
[token:128, layer:1] 008:ffn-up-projection: 0.000194000 seconds
[token:128, layer:1] 009:ffn-swiglu: 0.000001000 seconds
[token:128, layer:1] 010:ffn-down-projection: 0.000139000 seconds
[token:128, layer:1] 102:layer-compute-total: 0.000514000 seconds
[token:128, layer:2] 002:attention-norm: 0.000000000 seconds
[token:128, layer:2] 003:qkv-projection: 0.000111000 seconds
[token:128, layer:2] 004:apply-rope: 0.000001000 seconds
[token:128, layer:2] 005:compute-attention: 0.000029000 seconds
[token:128, layer:2] 006:attention-output: 0.000037000 seconds
[token:128, layer:2] 007:ffn-norm: 0.000000000 seconds
[token:128, layer:2] 008:ffn-up-projection: 0.000194000 seconds
[token:128, layer:2] 009:ffn-swiglu: 0.000001000 seconds
[token:128, layer:2] 010:ffn-down-projection: 0.000139000 seconds
[token:128, layer:2] 102:layer-compute-total: 0.000512000 seconds
[token:128, layer:3] 002:attention-norm: 0.000000000 seconds
[token:128, layer:3] 003:qkv-projection: 0.000112000 seconds
[token:128, layer:3] 004:apply-rope: 0.000001000 seconds
[token:128, layer:3] 005:compute-attention: 0.000028000 seconds
[token:128, layer:3] 006:attention-output: 0.000037000 seconds
[token:128, layer:3] 007:ffn-norm: 0.000001000 seconds
[token:128, layer:3] 008:ffn-up-projection: 0.000236000 seconds
[token:128, layer:3] 009:ffn-swiglu: 0.000001000 seconds
[token:128, layer:3] 010:ffn-down-projection: 0.000235000 seconds
[token:128, layer:3] 102:layer-compute-total: 0.000651000 seconds
[token:128, layer:4] 002:attention-norm: 0.000000000 seconds
[token:128, layer:4] 003:qkv-projection: 0.000180000 seconds
[token:128, layer:4] 004:apply-rope: 0.000002000 seconds
[token:128, layer:4] 005:compute-attention: 0.000032000 seconds
[token:128, layer:4] 006:attention-output: 0.000037000 seconds
[token:128, layer:4] 007:ffn-norm: 0.000001000 seconds
[token:128, layer:4] 008:ffn-up-projection: 0.000195000 seconds
[token:128, layer:4] 009:ffn-swiglu: 0.000001000 seconds
[token:128, layer:4] 010:ffn-down-projection: 0.000148000 seconds
[token:128, layer:4] 102:layer-compute-total: 0.000596000 seconds
[token:128, layer:5] 002:attention-norm: 0.000001000 seconds
[token:128, layer:5] 003:qkv-projection: 0.000112000 seconds
[token:128, layer:5] 004:apply-rope: 0.000001000 seconds
[token:128, layer:5] 005:compute-attention: 0.000037000 seconds
[token:128, layer:5] 006:attention-output: 0.000036000 seconds
[token:128, layer:5] 007:ffn-norm: 0.000000000 seconds
[token:128, layer:5] 008:ffn-up-projection: 0.000196000 seconds
[token:128, layer:5] 009:ffn-swiglu: 0.000001000 seconds
[token:128, layer:5] 010:ffn-down-projection: 0.000137000 seconds
[token:128, layer:5] 102:layer-compute-total: 0.000521000 seconds
[token:128] 011:final-projection: 0.004059000 seconds
[token:128] 103:forward-compute-total: 0.007366000 seconds
[token:129] 001:embedding-lookup: 0.000001000 seconds
[token:129, layer:0] 002:attention-norm: 0.000000000 seconds
[token:129, layer:0] 003:qkv-projection: 0.000109000 seconds
[token:129, layer:0] 004:apply-rope: 0.000002000 seconds
[token:129, layer:0] 005:compute-attention: 0.000029000 seconds
[token:129, layer:0] 006:attention-output: 0.000036000 seconds
[token:129, layer:0] 007:ffn-norm: 0.000000000 seconds
[token:129, layer:0] 008:ffn-up-projection: 0.000190000 seconds
[token:129, layer:0] 009:ffn-swiglu: 0.000001000 seconds
[token:129, layer:0] 010:ffn-down-projection: 0.000137000 seconds
[token:129, layer:0] 102:layer-compute-total: 0.000504000 seconds
[token:129, layer:1] 002:attention-norm: 0.000001000 seconds
[token:129, layer:1] 003:qkv-projection: 0.000108000 seconds
[token:129, layer:1] 004:apply-rope: 0.000001000 seconds
[token:129, layer:1] 005:compute-attention: 0.000028000 seconds
[token:129, layer:1] 006:attention-output: 0.000035000 seconds
[token:129, layer:1] 007:ffn-norm: 0.000000000 seconds
[token:129, layer:1] 008:ffn-up-projection: 0.000191000 seconds
[token:129, layer:1] 009:ffn-swiglu: 0.000002000 seconds
[token:129, layer:1] 010:ffn-down-projection: 0.000189000 seconds
[token:129, layer:1] 102:layer-compute-total: 0.000555000 seconds
[token:129, layer:2] 002:attention-norm: 0.000001000 seconds
[token:129, layer:2] 003:qkv-projection: 0.000113000 seconds
[token:129, layer:2] 004:apply-rope: 0.000001000 seconds
[token:129, layer:2] 005:compute-attention: 0.000030000 seconds
[token:129, layer:2] 006:attention-output: 0.000035000 seconds
[token:129, layer:2] 007:ffn-norm: 0.000000000 seconds
[token:129, layer:2] 008:ffn-up-projection: 0.000189000 seconds
[token:129, layer:2] 009:ffn-swiglu: 0.000001000 seconds
[token:129, layer:2] 010:ffn-down-projection: 0.000141000 seconds
[token:129, layer:2] 102:layer-compute-total: 0.000511000 seconds
[token:129, layer:3] 002:attention-norm: 0.000000000 seconds
[token:129, layer:3] 003:qkv-projection: 0.000109000 seconds
[token:129, layer:3] 004:apply-rope: 0.000001000 seconds
[token:129, layer:3] 005:compute-attention: 0.000029000 seconds
[token:129, layer:3] 006:attention-output: 0.000035000 seconds
[token:129, layer:3] 007:ffn-norm: 0.000000000 seconds
[token:129, layer:3] 008:ffn-up-projection: 0.000190000 seconds
[token:129, layer:3] 009:ffn-swiglu: 0.000001000 seconds
[token:129, layer:3] 010:ffn-down-projection: 0.000136000 seconds
[token:129, layer:3] 102:layer-compute-total: 0.000501000 seconds
[token:129, layer:4] 002:attention-norm: 0.000000000 seconds
[token:129, layer:4] 003:qkv-projection: 0.000111000 seconds
[token:129, layer:4] 004:apply-rope: 0.000001000 seconds
[token:129, layer:4] 005:compute-attention: 0.000033000 seconds
[token:129, layer:4] 006:attention-output: 0.000036000 seconds
[token:129, layer:4] 007:ffn-norm: 0.000001000 seconds
[token:129, layer:4] 008:ffn-up-projection: 0.000189000 seconds
[token:129, layer:4] 009:ffn-swiglu: 0.000001000 seconds
[token:129, layer:4] 010:ffn-down-projection: 0.000136000 seconds
[token:129, layer:4] 102:layer-compute-total: 0.000508000 seconds
[token:129, layer:5] 002:attention-norm: 0.000001000 seconds
[token:129, layer:5] 003:qkv-projection: 0.000107000 seconds
[token:129, layer:5] 004:apply-rope: 0.000001000 seconds
[token:129, layer:5] 005:compute-attention: 0.000029000 seconds
[token:129, layer:5] 006:attention-output: 0.000036000 seconds
[token:129, layer:5] 007:ffn-norm: 0.000000000 seconds
[token:129, layer:5] 008:ffn-up-projection: 0.000189000 seconds
[token:129, layer:5] 009:ffn-swiglu: 0.000002000 seconds
[token:129, layer:5] 010:ffn-down-projection: 0.000139000 seconds
[token:129, layer:5] 102:layer-compute-total: 0.000504000 seconds
[token:129] 011:final-projection: 0.003978000 seconds
[token:129] 103:forward-compute-total: 0.007062000 seconds
[token:130] 001:embedding-lookup: 0.000000000 seconds
[token:130, layer:0] 002:attention-norm: 0.000000000 seconds
[token:130, layer:0] 003:qkv-projection: 0.000114000 seconds
[token:130, layer:0] 004:apply-rope: 0.000002000 seconds
[token:130, layer:0] 005:compute-attention: 0.000022000 seconds
[token:130, layer:0] 006:attention-output: 0.000035000 seconds
[token:130, layer:0] 007:ffn-norm: 0.000000000 seconds
[token:130, layer:0] 008:ffn-up-projection: 0.000187000 seconds
[token:130, layer:0] 009:ffn-swiglu: 0.000001000 seconds
[token:130, layer:0] 010:ffn-down-projection: 0.000134000 seconds
[token:130, layer:0] 102:layer-compute-total: 0.000495000 seconds
[token:130, layer:1] 002:attention-norm: 0.000000000 seconds
[token:130, layer:1] 003:qkv-projection: 0.000112000 seconds
[token:130, layer:1] 004:apply-rope: 0.000002000 seconds
[token:130, layer:1] 005:compute-attention: 0.000026000 seconds
[token:130, layer:1] 006:attention-output: 0.000042000 seconds
[token:130, layer:1] 007:ffn-norm: 0.000000000 seconds
[token:130, layer:1] 008:ffn-up-projection: 0.000191000 seconds
[token:130, layer:1] 009:ffn-swiglu: 0.000001000 seconds
[token:130, layer:1] 010:ffn-down-projection: 0.000138000 seconds
[token:130, layer:1] 102:layer-compute-total: 0.000512000 seconds
[token:130, layer:2] 002:attention-norm: 0.000000000 seconds
[token:130, layer:2] 003:qkv-projection: 0.000108000 seconds
[token:130, layer:2] 004:apply-rope: 0.000001000 seconds
[token:130, layer:2] 005:compute-attention: 0.000022000 seconds
[token:130, layer:2] 006:attention-output: 0.000038000 seconds
[token:130, layer:2] 007:ffn-norm: 0.000001000 seconds
[token:130, layer:2] 008:ffn-up-projection: 0.000189000 seconds
[token:130, layer:2] 009:ffn-swiglu: 0.000002000 seconds
[token:130, layer:2] 010:ffn-down-projection: 0.000141000 seconds
[token:130, layer:2] 102:layer-compute-total: 0.000502000 seconds
[token:130, layer:3] 002:attention-norm: 0.000000000 seconds
[token:130, layer:3] 003:qkv-projection: 0.000107000 seconds
[token:130, layer:3] 004:apply-rope: 0.000001000 seconds
[token:130, layer:3] 005:compute-attention: 0.000025000 seconds
[token:130, layer:3] 006:attention-output: 0.000037000 seconds
[token:130, layer:3] 007:ffn-norm: 0.000001000 seconds
[token:130, layer:3] 008:ffn-up-projection: 0.000195000 seconds
[token:130, layer:3] 009:ffn-swiglu: 0.000001000 seconds
[token:130, layer:3] 010:ffn-down-projection: 0.000140000 seconds
[token:130, layer:3] 102:layer-compute-total: 0.000507000 seconds
[token:130, layer:4] 002:attention-norm: 0.000000000 seconds
[token:130, layer:4] 003:qkv-projection: 0.000171000 seconds
[token:130, layer:4] 004:apply-rope: 0.000001000 seconds
[token:130, layer:4] 005:compute-attention: 0.000026000 seconds
[token:130, layer:4] 006:attention-output: 0.000037000 seconds
[token:130, layer:4] 007:ffn-norm: 0.000000000 seconds
[token:130, layer:4] 008:ffn-up-projection: 0.000192000 seconds
[token:130, layer:4] 009:ffn-swiglu: 0.000001000 seconds
[token:130, layer:4] 010:ffn-down-projection: 0.000135000 seconds
[token:130, layer:4] 102:layer-compute-total: 0.000563000 seconds
[token:130, layer:5] 002:attention-norm: 0.000001000 seconds
[token:130, layer:5] 003:qkv-projection: 0.000107000 seconds
[token:130, layer:5] 004:apply-rope: 0.000001000 seconds
[token:130, layer:5] 005:compute-attention: 0.000025000 seconds
[token:130, layer:5] 006:attention-output: 0.000036000 seconds
[token:130, layer:5] 007:ffn-norm: 0.000001000 seconds
[token:130, layer:5] 008:ffn-up-projection: 0.000189000 seconds
[token:130, layer:5] 009:ffn-swiglu: 0.000001000 seconds
[token:130, layer:5] 010:ffn-down-projection: 0.000166000 seconds
[token:130, layer:5] 102:layer-compute-total: 0.000527000 seconds
[token:130] 011:final-projection: 0.004379000 seconds
[token:130] 103:forward-compute-total: 0.007485000 seconds
[token:131] 001:embedding-lookup: 0.000000000 seconds
[token:131, layer:0] 002:attention-norm: 0.000000000 seconds
[token:131, layer:0] 003:qkv-projection: 0.000114000 seconds
[token:131, layer:0] 004:apply-rope: 0.000002000 seconds
[token:131, layer:0] 005:compute-attention: 0.000033000 seconds
[token:131, layer:0] 006:attention-output: 0.000035000 seconds
[token:131, layer:0] 007:ffn-norm: 0.000001000 seconds
[token:131, layer:0] 008:ffn-up-projection: 0.000190000 seconds
[token:131, layer:0] 009:ffn-swiglu: 0.000001000 seconds
[token:131, layer:0] 010:ffn-down-projection: 0.000139000 seconds
[token:131, layer:0] 102:layer-compute-total: 0.000515000 seconds
[token:131, layer:1] 002:attention-norm: 0.000001000 seconds
[token:131, layer:1] 003:qkv-projection: 0.000105000 seconds
[token:131, layer:1] 004:apply-rope: 0.000001000 seconds
[token:131, layer:1] 005:compute-attention: 0.000030000 seconds
[token:131, layer:1] 006:attention-output: 0.000035000 seconds
[token:131, layer:1] 007:ffn-norm: 0.000000000 seconds
[token:131, layer:1] 008:ffn-up-projection: 0.000187000 seconds
[token:131, layer:1] 009:ffn-swiglu: 0.000001000 seconds
[token:131, layer:1] 010:ffn-down-projection: 0.000134000 seconds
[token:131, layer:1] 102:layer-compute-total: 0.000494000 seconds
[token:131, layer:2] 002:attention-norm: 0.000000000 seconds
[token:131, layer:2] 003:qkv-projection: 0.000105000 seconds
[token:131, layer:2] 004:apply-rope: 0.000001000 seconds
[token:131, layer:2] 005:compute-attention: 0.000031000 seconds
[token:131, layer:2] 006:attention-output: 0.000035000 seconds
[token:131, layer:2] 007:ffn-norm: 0.000001000 seconds
[token:131, layer:2] 008:ffn-up-projection: 0.000187000 seconds
[token:131, layer:2] 009:ffn-swiglu: 0.000001000 seconds
[token:131, layer:2] 010:ffn-down-projection: 0.000134000 seconds
[token:131, layer:2] 102:layer-compute-total: 0.000495000 seconds
[token:131, layer:3] 002:attention-norm: 0.000000000 seconds
[token:131, layer:3] 003:qkv-projection: 0.000111000 seconds
[token:131, layer:3] 004:apply-rope: 0.000001000 seconds
[token:131, layer:3] 005:compute-attention: 0.000030000 seconds
[token:131, layer:3] 006:attention-output: 0.000035000 seconds
[token:131, layer:3] 007:ffn-norm: 0.000000000 seconds
[token:131, layer:3] 008:ffn-up-projection: 0.000187000 seconds
[token:131, layer:3] 009:ffn-swiglu: 0.000001000 seconds
[token:131, layer:3] 010:ffn-down-projection: 0.000134000 seconds
[token:131, layer:3] 102:layer-compute-total: 0.000499000 seconds
[token:131, layer:4] 002:attention-norm: 0.000000000 seconds
[token:131, layer:4] 003:qkv-projection: 0.000105000 seconds
[token:131, layer:4] 004:apply-rope: 0.000002000 seconds
[token:131, layer:4] 005:compute-attention: 0.000030000 seconds
[token:131, layer:4] 006:attention-output: 0.000036000 seconds
[token:131, layer:4] 007:ffn-norm: 0.000000000 seconds
[token:131, layer:4] 008:ffn-up-projection: 0.000190000 seconds
[token:131, layer:4] 009:ffn-swiglu: 0.000001000 seconds
[token:131, layer:4] 010:ffn-down-projection: 0.000134000 seconds
[token:131, layer:4] 102:layer-compute-total: 0.000498000 seconds
[token:131, layer:5] 002:attention-norm: 0.000001000 seconds
[token:131, layer:5] 003:qkv-projection: 0.000106000 seconds
[token:131, layer:5] 004:apply-rope: 0.000001000 seconds
[token:131, layer:5] 005:compute-attention: 0.000031000 seconds
[token:131, layer:5] 006:attention-output: 0.000035000 seconds
[token:131, layer:5] 007:ffn-norm: 0.000000000 seconds
[token:131, layer:5] 008:ffn-up-projection: 0.000194000 seconds
[token:131, layer:5] 009:ffn-swiglu: 0.000001000 seconds
[token:131, layer:5] 010:ffn-down-projection: 0.000141000 seconds
[token:131, layer:5] 102:layer-compute-total: 0.000510000 seconds
[token:131] 011:final-projection: 0.003926000 seconds
[token:131] 103:forward-compute-total: 0.006937000 seconds
[token:132] 001:embedding-lookup: 0.000000000 seconds
[token:132, layer:0] 002:attention-norm: 0.000000000 seconds
[token:132, layer:0] 003:qkv-projection: 0.000112000 seconds
[token:132, layer:0] 004:apply-rope: 0.000002000 seconds
[token:132, layer:0] 005:compute-attention: 0.000020000 seconds
[token:132, layer:0] 006:attention-output: 0.000035000 seconds
[token:132, layer:0] 007:ffn-norm: 0.000000000 seconds
[token:132, layer:0] 008:ffn-up-projection: 0.000190000 seconds
[token:132, layer:0] 009:ffn-swiglu: 0.000001000 seconds
[token:132, layer:0] 010:ffn-down-projection: 0.000133000 seconds
[token:132, layer:0] 102:layer-compute-total: 0.000493000 seconds
[token:132, layer:1] 002:attention-norm: 0.000000000 seconds
[token:132, layer:1] 003:qkv-projection: 0.000104000 seconds
[token:132, layer:1] 004:apply-rope: 0.000001000 seconds
[token:132, layer:1] 005:compute-attention: 0.000021000 seconds
[token:132, layer:1] 006:attention-output: 0.000036000 seconds
[token:132, layer:1] 007:ffn-norm: 0.000001000 seconds
[token:132, layer:1] 008:ffn-up-projection: 0.000190000 seconds
[token:132, layer:1] 009:ffn-swiglu: 0.000001000 seconds
[token:132, layer:1] 010:ffn-down-projection: 0.000140000 seconds
[token:132, layer:1] 102:layer-compute-total: 0.000494000 seconds
[token:132, layer:2] 002:attention-norm: 0.000000000 seconds
[token:132, layer:2] 003:qkv-projection: 0.000106000 seconds
[token:132, layer:2] 004:apply-rope: 0.000001000 seconds
[token:132, layer:2] 005:compute-attention: 0.000020000 seconds
[token:132, layer:2] 006:attention-output: 0.000035000 seconds
[token:132, layer:2] 007:ffn-norm: 0.000000000 seconds
[token:132, layer:2] 008:ffn-up-projection: 0.000186000 seconds
[token:132, layer:2] 009:ffn-swiglu: 0.000001000 seconds
[token:132, layer:2] 010:ffn-down-projection: 0.000134000 seconds
[token:132, layer:2] 102:layer-compute-total: 0.000483000 seconds
[token:132, layer:3] 002:attention-norm: 0.000000000 seconds
[token:132, layer:3] 003:qkv-projection: 0.000105000 seconds
[token:132, layer:3] 004:apply-rope: 0.000001000 seconds
[token:132, layer:3] 005:compute-attention: 0.000020000 seconds
[token:132, layer:3] 006:attention-output: 0.000035000 seconds
[token:132, layer:3] 007:ffn-norm: 0.000000000 seconds
[token:132, layer:3] 008:ffn-up-projection: 0.000198000 seconds
[token:132, layer:3] 009:ffn-swiglu: 0.000002000 seconds
[token:132, layer:3] 010:ffn-down-projection: 0.000139000 seconds
[token:132, layer:3] 102:layer-compute-total: 0.000500000 seconds
[token:132, layer:4] 002:attention-norm: 0.000000000 seconds
[token:132, layer:4] 003:qkv-projection: 0.000107000 seconds
[token:132, layer:4] 004:apply-rope: 0.000002000 seconds
[token:132, layer:4] 005:compute-attention: 0.000022000 seconds
[token:132, layer:4] 006:attention-output: 0.000036000 seconds
[token:132, layer:4] 007:ffn-norm: 0.000000000 seconds
[token:132, layer:4] 008:ffn-up-projection: 0.000194000 seconds
[token:132, layer:4] 009:ffn-swiglu: 0.000001000 seconds
[token:132, layer:4] 010:ffn-down-projection: 0.000139000 seconds
[token:132, layer:4] 102:layer-compute-total: 0.000501000 seconds
[token:132, layer:5] 002:attention-norm: 0.000000000 seconds
[token:132, layer:5] 003:qkv-projection: 0.000107000 seconds
[token:132, layer:5] 004:apply-rope: 0.000001000 seconds
[token:132, layer:5] 005:compute-attention: 0.000023000 seconds
[token:132, layer:5] 006:attention-output: 0.000035000 seconds
[token:132, layer:5] 007:ffn-norm: 0.000001000 seconds
[token:132, layer:5] 008:ffn-up-projection: 0.000194000 seconds
[token:132, layer:5] 009:ffn-swiglu: 0.000001000 seconds
[token:132, layer:5] 010:ffn-down-projection: 0.000136000 seconds
[token:132, layer:5] 102:layer-compute-total: 0.000498000 seconds
[token:132] 011:final-projection: 0.004236000 seconds
[token:132] 103:forward-compute-total: 0.007205000 seconds
[token:133] 001:embedding-lookup: 0.000000000 seconds
[token:133, layer:0] 002:attention-norm: 0.000000000 seconds
[token:133, layer:0] 003:qkv-projection: 0.000112000 seconds
[token:133, layer:0] 004:apply-rope: 0.000001000 seconds
[token:133, layer:0] 005:compute-attention: 0.000029000 seconds
[token:133, layer:0] 006:attention-output: 0.000035000 seconds
[token:133, layer:0] 007:ffn-norm: 0.000000000 seconds
[token:133, layer:0] 008:ffn-up-projection: 0.000187000 seconds
[token:133, layer:0] 009:ffn-swiglu: 0.000001000 seconds
[token:133, layer:0] 010:ffn-down-projection: 0.000134000 seconds
[token:133, layer:0] 102:layer-compute-total: 0.000499000 seconds
[token:133, layer:1] 002:attention-norm: 0.000001000 seconds
[token:133, layer:1] 003:qkv-projection: 0.000109000 seconds
[token:133, layer:1] 004:apply-rope: 0.000001000 seconds
[token:133, layer:1] 005:compute-attention: 0.000028000 seconds
[token:133, layer:1] 006:attention-output: 0.000035000 seconds
[token:133, layer:1] 007:ffn-norm: 0.000001000 seconds
[token:133, layer:1] 008:ffn-up-projection: 0.000189000 seconds
[token:133, layer:1] 009:ffn-swiglu: 0.000001000 seconds
[token:133, layer:1] 010:ffn-down-projection: 0.000134000 seconds
[token:133, layer:1] 102:layer-compute-total: 0.000499000 seconds
[token:133, layer:2] 002:attention-norm: 0.000000000 seconds
[token:133, layer:2] 003:qkv-projection: 0.000105000 seconds
[token:133, layer:2] 004:apply-rope: 0.000001000 seconds
[token:133, layer:2] 005:compute-attention: 0.000028000 seconds
[token:133, layer:2] 006:attention-output: 0.000035000 seconds
[token:133, layer:2] 007:ffn-norm: 0.000001000 seconds
[token:133, layer:2] 008:ffn-up-projection: 0.000187000 seconds
[token:133, layer:2] 009:ffn-swiglu: 0.000001000 seconds
[token:133, layer:2] 010:ffn-down-projection: 0.000134000 seconds
[token:133, layer:2] 102:layer-compute-total: 0.000492000 seconds
[token:133, layer:3] 002:attention-norm: 0.000000000 seconds
[token:133, layer:3] 003:qkv-projection: 0.000107000 seconds
[token:133, layer:3] 004:apply-rope: 0.000002000 seconds
[token:133, layer:3] 005:compute-attention: 0.000028000 seconds
[token:133, layer:3] 006:attention-output: 0.000035000 seconds
[token:133, layer:3] 007:ffn-norm: 0.000001000 seconds
[token:133, layer:3] 008:ffn-up-projection: 0.000194000 seconds
[token:133, layer:3] 009:ffn-swiglu: 0.000001000 seconds
[token:133, layer:3] 010:ffn-down-projection: 0.000134000 seconds
[token:133, layer:3] 102:layer-compute-total: 0.000502000 seconds
[token:133, layer:4] 002:attention-norm: 0.000000000 seconds
[token:133, layer:4] 003:qkv-projection: 0.000107000 seconds
[token:133, layer:4] 004:apply-rope: 0.000002000 seconds
[token:133, layer:4] 005:compute-attention: 0.000030000 seconds
[token:133, layer:4] 006:attention-output: 0.000036000 seconds
[token:133, layer:4] 007:ffn-norm: 0.000001000 seconds
[token:133, layer:4] 008:ffn-up-projection: 0.000187000 seconds
[token:133, layer:4] 009:ffn-swiglu: 0.000001000 seconds
[token:133, layer:4] 010:ffn-down-projection: 0.000134000 seconds
[token:133, layer:4] 102:layer-compute-total: 0.000498000 seconds
[token:133, layer:5] 002:attention-norm: 0.000000000 seconds
[token:133, layer:5] 003:qkv-projection: 0.000105000 seconds
[token:133, layer:5] 004:apply-rope: 0.000001000 seconds
[token:133, layer:5] 005:compute-attention: 0.000027000 seconds
[token:133, layer:5] 006:attention-output: 0.000035000 seconds
[token:133, layer:5] 007:ffn-norm: 0.000000000 seconds
[token:133, layer:5] 008:ffn-up-projection: 0.000187000 seconds
[token:133, layer:5] 009:ffn-swiglu: 0.000001000 seconds
[token:133, layer:5] 010:ffn-down-projection: 0.000134000 seconds
[token:133, layer:5] 102:layer-compute-total: 0.000490000 seconds
[token:133] 011:final-projection: 0.003958000 seconds
[token:133] 103:forward-compute-total: 0.006938000 seconds
[token:134] 001:embedding-lookup: 0.000000000 seconds
[token:134, layer:0] 002:attention-norm: 0.000000000 seconds
[token:134, layer:0] 003:qkv-projection: 0.000112000 seconds
[token:134, layer:0] 004:apply-rope: 0.000002000 seconds
[token:134, layer:0] 005:compute-attention: 0.000021000 seconds
[token:134, layer:0] 006:attention-output: 0.000036000 seconds
[token:134, layer:0] 007:ffn-norm: 0.000000000 seconds
[token:134, layer:0] 008:ffn-up-projection: 0.000187000 seconds
[token:134, layer:0] 009:ffn-swiglu: 0.000001000 seconds
[token:134, layer:0] 010:ffn-down-projection: 0.000135000 seconds
[token:134, layer:0] 102:layer-compute-total: 0.000494000 seconds
[token:134, layer:1] 002:attention-norm: 0.000000000 seconds
[token:134, layer:1] 003:qkv-projection: 0.000106000 seconds
[token:134, layer:1] 004:apply-rope: 0.000001000 seconds
[token:134, layer:1] 005:compute-attention: 0.000021000 seconds
[token:134, layer:1] 006:attention-output: 0.000035000 seconds
[token:134, layer:1] 007:ffn-norm: 0.000000000 seconds
[token:134, layer:1] 008:ffn-up-projection: 0.000187000 seconds
[token:134, layer:1] 009:ffn-swiglu: 0.000001000 seconds
[token:134, layer:1] 010:ffn-down-projection: 0.000134000 seconds
[token:134, layer:1] 102:layer-compute-total: 0.000485000 seconds
[token:134, layer:2] 002:attention-norm: 0.000000000 seconds
[token:134, layer:2] 003:qkv-projection: 0.000105000 seconds
[token:134, layer:2] 004:apply-rope: 0.000002000 seconds
[token:134, layer:2] 005:compute-attention: 0.000020000 seconds
[token:134, layer:2] 006:attention-output: 0.000035000 seconds
[token:134, layer:2] 007:ffn-norm: 0.000000000 seconds
[token:134, layer:2] 008:ffn-up-projection: 0.000197000 seconds
[token:134, layer:2] 009:ffn-swiglu: 0.000001000 seconds
[token:134, layer:2] 010:ffn-down-projection: 0.000134000 seconds
[token:134, layer:2] 102:layer-compute-total: 0.000494000 seconds
[token:134, layer:3] 002:attention-norm: 0.000001000 seconds
[token:134, layer:3] 003:qkv-projection: 0.000105000 seconds
[token:134, layer:3] 004:apply-rope: 0.000001000 seconds
[token:134, layer:3] 005:compute-attention: 0.000020000 seconds
[token:134, layer:3] 006:attention-output: 0.000035000 seconds
[token:134, layer:3] 007:ffn-norm: 0.000000000 seconds
[token:134, layer:3] 008:ffn-up-projection: 0.000187000 seconds
[token:134, layer:3] 009:ffn-swiglu: 0.000001000 seconds
[token:134, layer:3] 010:ffn-down-projection: 0.000139000 seconds
[token:134, layer:3] 102:layer-compute-total: 0.000489000 seconds
[token:134, layer:4] 002:attention-norm: 0.000000000 seconds
[token:134, layer:4] 003:qkv-projection: 0.000105000 seconds
[token:134, layer:4] 004:apply-rope: 0.000001000 seconds
[token:134, layer:4] 005:compute-attention: 0.000020000 seconds
[token:134, layer:4] 006:attention-output: 0.000035000 seconds
[token:134, layer:4] 007:ffn-norm: 0.000001000 seconds
[token:134, layer:4] 008:ffn-up-projection: 0.000187000 seconds
[token:134, layer:4] 009:ffn-swiglu: 0.000001000 seconds
[token:134, layer:4] 010:ffn-down-projection: 0.000134000 seconds
[token:134, layer:4] 102:layer-compute-total: 0.000484000 seconds
[token:134, layer:5] 002:attention-norm: 0.000001000 seconds
[token:134, layer:5] 003:qkv-projection: 0.000107000 seconds
[token:134, layer:5] 004:apply-rope: 0.000001000 seconds
[token:134, layer:5] 005:compute-attention: 0.000019000 seconds
[token:134, layer:5] 006:attention-output: 0.000035000 seconds
[token:134, layer:5] 007:ffn-norm: 0.000001000 seconds
[token:134, layer:5] 008:ffn-up-projection: 0.000186000 seconds
[token:134, layer:5] 009:ffn-swiglu: 0.000001000 seconds
[token:134, layer:5] 010:ffn-down-projection: 0.000134000 seconds
[token:134, layer:5] 102:layer-compute-total: 0.000485000 seconds
[token:134] 011:final-projection: 0.004233000 seconds
[token:134] 103:forward-compute-total: 0.007164000 seconds
[token:135] 001:embedding-lookup: 0.000000000 seconds
[token:135, layer:0] 002:attention-norm: 0.000001000 seconds
[token:135, layer:0] 003:qkv-projection: 0.000112000 seconds
[token:135, layer:0] 004:apply-rope: 0.000002000 seconds
[token:135, layer:0] 005:compute-attention: 0.000028000 seconds
[token:135, layer:0] 006:attention-output: 0.000035000 seconds
[token:135, layer:0] 007:ffn-norm: 0.000001000 seconds
[token:135, layer:0] 008:ffn-up-projection: 0.000187000 seconds
[token:135, layer:0] 009:ffn-swiglu: 0.000001000 seconds
[token:135, layer:0] 010:ffn-down-projection: 0.000134000 seconds
[token:135, layer:0] 102:layer-compute-total: 0.000501000 seconds
[token:135, layer:1] 002:attention-norm: 0.000000000 seconds
[token:135, layer:1] 003:qkv-projection: 0.000115000 seconds
[token:135, layer:1] 004:apply-rope: 0.000001000 seconds
[token:135, layer:1] 005:compute-attention: 0.000029000 seconds
[token:135, layer:1] 006:attention-output: 0.000035000 seconds
[token:135, layer:1] 007:ffn-norm: 0.000000000 seconds
[token:135, layer:1] 008:ffn-up-projection: 0.000188000 seconds
[token:135, layer:1] 009:ffn-swiglu: 0.000001000 seconds
[token:135, layer:1] 010:ffn-down-projection: 0.000133000 seconds
[token:135, layer:1] 102:layer-compute-total: 0.000502000 seconds
[token:135, layer:2] 002:attention-norm: 0.000001000 seconds
[token:135, layer:2] 003:qkv-projection: 0.000106000 seconds
[token:135, layer:2] 004:apply-rope: 0.000001000 seconds
[token:135, layer:2] 005:compute-attention: 0.000027000 seconds
[token:135, layer:2] 006:attention-output: 0.000035000 seconds
[token:135, layer:2] 007:ffn-norm: 0.000000000 seconds
[token:135, layer:2] 008:ffn-up-projection: 0.000187000 seconds
[token:135, layer:2] 009:ffn-swiglu: 0.000001000 seconds
[token:135, layer:2] 010:ffn-down-projection: 0.000134000 seconds
[token:135, layer:2] 102:layer-compute-total: 0.000492000 seconds
[token:135, layer:3] 002:attention-norm: 0.000000000 seconds
[token:135, layer:3] 003:qkv-projection: 0.000105000 seconds
[token:135, layer:3] 004:apply-rope: 0.000001000 seconds
[token:135, layer:3] 005:compute-attention: 0.000028000 seconds
[token:135, layer:3] 006:attention-output: 0.000035000 seconds
[token:135, layer:3] 007:ffn-norm: 0.000000000 seconds
[token:135, layer:3] 008:ffn-up-projection: 0.000187000 seconds
[token:135, layer:3] 009:ffn-swiglu: 0.000001000 seconds
[token:135, layer:3] 010:ffn-down-projection: 0.000134000 seconds
[token:135, layer:3] 102:layer-compute-total: 0.000491000 seconds
[token:135, layer:4] 002:attention-norm: 0.000000000 seconds
[token:135, layer:4] 003:qkv-projection: 0.000105000 seconds
[token:135, layer:4] 004:apply-rope: 0.000001000 seconds
[token:135, layer:4] 005:compute-attention: 0.000029000 seconds
[token:135, layer:4] 006:attention-output: 0.000036000 seconds
[token:135, layer:4] 007:ffn-norm: 0.000000000 seconds
[token:135, layer:4] 008:ffn-up-projection: 0.000187000 seconds
[token:135, layer:4] 009:ffn-swiglu: 0.000001000 seconds
[token:135, layer:4] 010:ffn-down-projection: 0.000134000 seconds
[token:135, layer:4] 102:layer-compute-total: 0.000493000 seconds
[token:135, layer:5] 002:attention-norm: 0.000001000 seconds
[token:135, layer:5] 003:qkv-projection: 0.000105000 seconds
[token:135, layer:5] 004:apply-rope: 0.000002000 seconds
[token:135, layer:5] 005:compute-attention: 0.000028000 seconds
[token:135, layer:5] 006:attention-output: 0.000035000 seconds
[token:135, layer:5] 007:ffn-norm: 0.000000000 seconds
[token:135, layer:5] 008:ffn-up-projection: 0.000186000 seconds
[token:135, layer:5] 009:ffn-swiglu: 0.000001000 seconds
[token:135, layer:5] 010:ffn-down-projection: 0.000134000 seconds
[token:135, layer:5] 102:layer-compute-total: 0.000492000 seconds
[token:135] 011:final-projection: 0.004014000 seconds
[token:135] 103:forward-compute-total: 0.006985000 seconds
[token:136] 001:embedding-lookup: 0.000000000 seconds
[token:136, layer:0] 002:attention-norm: 0.000000000 seconds
[token:136, layer:0] 003:qkv-projection: 0.000112000 seconds
[token:136, layer:0] 004:apply-rope: 0.000002000 seconds
[token:136, layer:0] 005:compute-attention: 0.000022000 seconds
[token:136, layer:0] 006:attention-output: 0.000035000 seconds
[token:136, layer:0] 007:ffn-norm: 0.000000000 seconds
[token:136, layer:0] 008:ffn-up-projection: 0.000187000 seconds
[token:136, layer:0] 009:ffn-swiglu: 0.000001000 seconds
[token:136, layer:0] 010:ffn-down-projection: 0.000134000 seconds
[token:136, layer:0] 102:layer-compute-total: 0.000493000 seconds
[token:136, layer:1] 002:attention-norm: 0.000000000 seconds
[token:136, layer:1] 003:qkv-projection: 0.000109000 seconds
[token:136, layer:1] 004:apply-rope: 0.000001000 seconds
[token:136, layer:1] 005:compute-attention: 0.000021000 seconds
[token:136, layer:1] 006:attention-output: 0.000035000 seconds
[token:136, layer:1] 007:ffn-norm: 0.000000000 seconds
[token:136, layer:1] 008:ffn-up-projection: 0.000187000 seconds
[token:136, layer:1] 009:ffn-swiglu: 0.000001000 seconds
[token:136, layer:1] 010:ffn-down-projection: 0.000134000 seconds
[token:136, layer:1] 102:layer-compute-total: 0.000488000 seconds
[token:136, layer:2] 002:attention-norm: 0.000000000 seconds
[token:136, layer:2] 003:qkv-projection: 0.000109000 seconds
[token:136, layer:2] 004:apply-rope: 0.000001000 seconds
[token:136, layer:2] 005:compute-attention: 0.000020000 seconds
[token:136, layer:2] 006:attention-output: 0.000035000 seconds
[token:136, layer:2] 007:ffn-norm: 0.000000000 seconds
[token:136, layer:2] 008:ffn-up-projection: 0.000188000 seconds
[token:136, layer:2] 009:ffn-swiglu: 0.000001000 seconds
[token:136, layer:2] 010:ffn-down-projection: 0.000141000 seconds
[token:136, layer:2] 102:layer-compute-total: 0.000495000 seconds
[token:136, layer:3] 002:attention-norm: 0.000001000 seconds
[token:136, layer:3] 003:qkv-projection: 0.000105000 seconds
[token:136, layer:3] 004:apply-rope: 0.000001000 seconds
[token:136, layer:3] 005:compute-attention: 0.000021000 seconds
[token:136, layer:3] 006:attention-output: 0.000035000 seconds
[token:136, layer:3] 007:ffn-norm: 0.000001000 seconds
[token:136, layer:3] 008:ffn-up-projection: 0.000193000 seconds
[token:136, layer:3] 009:ffn-swiglu: 0.000001000 seconds
[token:136, layer:3] 010:ffn-down-projection: 0.000134000 seconds
[token:136, layer:3] 102:layer-compute-total: 0.000492000 seconds
[token:136, layer:4] 002:attention-norm: 0.000000000 seconds
[token:136, layer:4] 003:qkv-projection: 0.000105000 seconds
[token:136, layer:4] 004:apply-rope: 0.000001000 seconds
[token:136, layer:4] 005:compute-attention: 0.000020000 seconds
[token:136, layer:4] 006:attention-output: 0.000035000 seconds
[token:136, layer:4] 007:ffn-norm: 0.000000000 seconds
[token:136, layer:4] 008:ffn-up-projection: 0.000186000 seconds
[token:136, layer:4] 009:ffn-swiglu: 0.000001000 seconds
[token:136, layer:4] 010:ffn-down-projection: 0.000134000 seconds
[token:136, layer:4] 102:layer-compute-total: 0.000482000 seconds
[token:136, layer:5] 002:attention-norm: 0.000000000 seconds
[token:136, layer:5] 003:qkv-projection: 0.000105000 seconds
[token:136, layer:5] 004:apply-rope: 0.000001000 seconds
[token:136, layer:5] 005:compute-attention: 0.000021000 seconds
[token:136, layer:5] 006:attention-output: 0.000035000 seconds
[token:136, layer:5] 007:ffn-norm: 0.000000000 seconds
[token:136, layer:5] 008:ffn-up-projection: 0.000187000 seconds
[token:136, layer:5] 009:ffn-swiglu: 0.000001000 seconds
[token:136, layer:5] 010:ffn-down-projection: 0.000134000 seconds
[token:136, layer:5] 102:layer-compute-total: 0.000484000 seconds
[token:136] 011:final-projection: 0.003991000 seconds
[token:136] 103:forward-compute-total: 0.006925000 seconds
[token:137] 001:embedding-lookup: 0.000000000 seconds
[token:137, layer:0] 002:attention-norm: 0.000000000 seconds
[token:137, layer:0] 003:qkv-projection: 0.000108000 seconds
[token:137, layer:0] 004:apply-rope: 0.000002000 seconds
[token:137, layer:0] 005:compute-attention: 0.000021000 seconds
[token:137, layer:0] 006:attention-output: 0.000036000 seconds
[token:137, layer:0] 007:ffn-norm: 0.000000000 seconds
[token:137, layer:0] 008:ffn-up-projection: 0.000190000 seconds
[token:137, layer:0] 009:ffn-swiglu: 0.000001000 seconds
[token:137, layer:0] 010:ffn-down-projection: 0.000178000 seconds
[token:137, layer:0] 102:layer-compute-total: 0.000536000 seconds
[token:137, layer:1] 002:attention-norm: 0.000000000 seconds
[token:137, layer:1] 003:qkv-projection: 0.000193000 seconds
[token:137, layer:1] 004:apply-rope: 0.000001000 seconds
[token:137, layer:1] 005:compute-attention: 0.000046000 seconds
[token:137, layer:1] 006:attention-output: 0.000040000 seconds
[token:137, layer:1] 007:ffn-norm: 0.000001000 seconds
[token:137, layer:1] 008:ffn-up-projection: 0.000197000 seconds
[token:137, layer:1] 009:ffn-swiglu: 0.000001000 seconds
[token:137, layer:1] 010:ffn-down-projection: 0.000143000 seconds
[token:137, layer:1] 102:layer-compute-total: 0.000622000 seconds
[token:137, layer:2] 002:attention-norm: 0.000000000 seconds
[token:137, layer:2] 003:qkv-projection: 0.000113000 seconds
[token:137, layer:2] 004:apply-rope: 0.000001000 seconds
[token:137, layer:2] 005:compute-attention: 0.000028000 seconds
[token:137, layer:2] 006:attention-output: 0.000036000 seconds
[token:137, layer:2] 007:ffn-norm: 0.000001000 seconds
[token:137, layer:2] 008:ffn-up-projection: 0.000199000 seconds
[token:137, layer:2] 009:ffn-swiglu: 0.000001000 seconds
[token:137, layer:2] 010:ffn-down-projection: 0.000143000 seconds
[token:137, layer:2] 102:layer-compute-total: 0.000522000 seconds
[token:137, layer:3] 002:attention-norm: 0.000000000 seconds
[token:137, layer:3] 003:qkv-projection: 0.000106000 seconds
[token:137, layer:3] 004:apply-rope: 0.000001000 seconds
[token:137, layer:3] 005:compute-attention: 0.000028000 seconds
[token:137, layer:3] 006:attention-output: 0.000035000 seconds
[token:137, layer:3] 007:ffn-norm: 0.000001000 seconds
[token:137, layer:3] 008:ffn-up-projection: 0.000186000 seconds
[token:137, layer:3] 009:ffn-swiglu: 0.000001000 seconds
[token:137, layer:3] 010:ffn-down-projection: 0.000134000 seconds
[token:137, layer:3] 102:layer-compute-total: 0.000492000 seconds
[token:137, layer:4] 002:attention-norm: 0.000000000 seconds
[token:137, layer:4] 003:qkv-projection: 0.000105000 seconds
[token:137, layer:4] 004:apply-rope: 0.000001000 seconds
[token:137, layer:4] 005:compute-attention: 0.000030000 seconds
[token:137, layer:4] 006:attention-output: 0.000036000 seconds
[token:137, layer:4] 007:ffn-norm: 0.000001000 seconds
[token:137, layer:4] 008:ffn-up-projection: 0.000187000 seconds
[token:137, layer:4] 009:ffn-swiglu: 0.000001000 seconds
[token:137, layer:4] 010:ffn-down-projection: 0.000134000 seconds
[token:137, layer:4] 102:layer-compute-total: 0.000495000 seconds
[token:137, layer:5] 002:attention-norm: 0.000000000 seconds
[token:137, layer:5] 003:qkv-projection: 0.000105000 seconds
[token:137, layer:5] 004:apply-rope: 0.000001000 seconds
[token:137, layer:5] 005:compute-attention: 0.000029000 seconds
[token:137, layer:5] 006:attention-output: 0.000035000 seconds
[token:137, layer:5] 007:ffn-norm: 0.000000000 seconds
[token:137, layer:5] 008:ffn-up-projection: 0.000187000 seconds
[token:137, layer:5] 009:ffn-swiglu: 0.000001000 seconds
[token:137, layer:5] 010:ffn-down-projection: 0.000134000 seconds
[token:137, layer:5] 102:layer-compute-total: 0.000492000 seconds
[token:137] 011:final-projection: 0.003943000 seconds
[token:137] 103:forward-compute-total: 0.007102000 seconds
[token:138] 001:embedding-lookup: 0.000000000 seconds
[token:138, layer:0] 002:attention-norm: 0.000000000 seconds
[token:138, layer:0] 003:qkv-projection: 0.000115000 seconds
[token:138, layer:0] 004:apply-rope: 0.000001000 seconds
[token:138, layer:0] 005:compute-attention: 0.000028000 seconds
[token:138, layer:0] 006:attention-output: 0.000035000 seconds
[token:138, layer:0] 007:ffn-norm: 0.000001000 seconds
[token:138, layer:0] 008:ffn-up-projection: 0.000201000 seconds
[token:138, layer:0] 009:ffn-swiglu: 0.000001000 seconds
[token:138, layer:0] 010:ffn-down-projection: 0.000134000 seconds
[token:138, layer:0] 102:layer-compute-total: 0.000516000 seconds
[token:138, layer:1] 002:attention-norm: 0.000001000 seconds
[token:138, layer:1] 003:qkv-projection: 0.000106000 seconds
[token:138, layer:1] 004:apply-rope: 0.000001000 seconds
[token:138, layer:1] 005:compute-attention: 0.000029000 seconds
[token:138, layer:1] 006:attention-output: 0.000035000 seconds
[token:138, layer:1] 007:ffn-norm: 0.000000000 seconds
[token:138, layer:1] 008:ffn-up-projection: 0.000189000 seconds
[token:138, layer:1] 009:ffn-swiglu: 0.000001000 seconds
[token:138, layer:1] 010:ffn-down-projection: 0.000139000 seconds
[token:138, layer:1] 102:layer-compute-total: 0.000501000 seconds
[token:138, layer:2] 002:attention-norm: 0.000000000 seconds
[token:138, layer:2] 003:qkv-projection: 0.000106000 seconds
[token:138, layer:2] 004:apply-rope: 0.000001000 seconds
[token:138, layer:2] 005:compute-attention: 0.000024000 seconds
[token:138, layer:2] 006:attention-output: 0.000035000 seconds
[token:138, layer:2] 007:ffn-norm: 0.000000000 seconds
[token:138, layer:2] 008:ffn-up-projection: 0.000187000 seconds
[token:138, layer:2] 009:ffn-swiglu: 0.000001000 seconds
[token:138, layer:2] 010:ffn-down-projection: 0.000133000 seconds
[token:138, layer:2] 102:layer-compute-total: 0.000487000 seconds
[token:138, layer:3] 002:attention-norm: 0.000000000 seconds
[token:138, layer:3] 003:qkv-projection: 0.000105000 seconds
[token:138, layer:3] 004:apply-rope: 0.000001000 seconds
[token:138, layer:3] 005:compute-attention: 0.000023000 seconds
[token:138, layer:3] 006:attention-output: 0.000036000 seconds
[token:138, layer:3] 007:ffn-norm: 0.000000000 seconds
[token:138, layer:3] 008:ffn-up-projection: 0.000187000 seconds
[token:138, layer:3] 009:ffn-swiglu: 0.000001000 seconds
[token:138, layer:3] 010:ffn-down-projection: 0.000139000 seconds
[token:138, layer:3] 102:layer-compute-total: 0.000492000 seconds
[token:138, layer:4] 002:attention-norm: 0.000000000 seconds
[token:138, layer:4] 003:qkv-projection: 0.000105000 seconds
[token:138, layer:4] 004:apply-rope: 0.000001000 seconds
[token:138, layer:4] 005:compute-attention: 0.000022000 seconds
[token:138, layer:4] 006:attention-output: 0.000039000 seconds
[token:138, layer:4] 007:ffn-norm: 0.000000000 seconds
[token:138, layer:4] 008:ffn-up-projection: 0.000187000 seconds
[token:138, layer:4] 009:ffn-swiglu: 0.000001000 seconds
[token:138, layer:4] 010:ffn-down-projection: 0.000133000 seconds
[token:138, layer:4] 102:layer-compute-total: 0.000488000 seconds
[token:138, layer:5] 002:attention-norm: 0.000000000 seconds
[token:138, layer:5] 003:qkv-projection: 0.000105000 seconds
[token:138, layer:5] 004:apply-rope: 0.000001000 seconds
[token:138, layer:5] 005:compute-attention: 0.000021000 seconds
[token:138, layer:5] 006:attention-output: 0.000035000 seconds
[token:138, layer:5] 007:ffn-norm: 0.000000000 seconds
[token:138, layer:5] 008:ffn-up-projection: 0.000186000 seconds
[token:138, layer:5] 009:ffn-swiglu: 0.000001000 seconds
[token:138, layer:5] 010:ffn-down-projection: 0.000134000 seconds
[token:138, layer:5] 102:layer-compute-total: 0.000483000 seconds
[token:138] 011:final-projection: 0.003952000 seconds
[token:138] 103:forward-compute-total: 0.006919000 seconds
[token:139] 001:embedding-lookup: 0.000000000 seconds
[token:139, layer:0] 002:attention-norm: 0.000000000 seconds
[token:139, layer:0] 003:qkv-projection: 0.000118000 seconds
[token:139, layer:0] 004:apply-rope: 0.000001000 seconds
[token:139, layer:0] 005:compute-attention: 0.000023000 seconds
[token:139, layer:0] 006:attention-output: 0.000036000 seconds
[token:139, layer:0] 007:ffn-norm: 0.000000000 seconds
[token:139, layer:0] 008:ffn-up-projection: 0.000193000 seconds
[token:139, layer:0] 009:ffn-swiglu: 0.000001000 seconds
[token:139, layer:0] 010:ffn-down-projection: 0.000136000 seconds
[token:139, layer:0] 102:layer-compute-total: 0.000508000 seconds
[token:139, layer:1] 002:attention-norm: 0.000001000 seconds
[token:139, layer:1] 003:qkv-projection: 0.000107000 seconds
[token:139, layer:1] 004:apply-rope: 0.000001000 seconds
[token:139, layer:1] 005:compute-attention: 0.000022000 seconds
[token:139, layer:1] 006:attention-output: 0.000036000 seconds
[token:139, layer:1] 007:ffn-norm: 0.000001000 seconds
[token:139, layer:1] 008:ffn-up-projection: 0.000190000 seconds
[token:139, layer:1] 009:ffn-swiglu: 0.000001000 seconds
[token:139, layer:1] 010:ffn-down-projection: 0.000136000 seconds
[token:139, layer:1] 102:layer-compute-total: 0.000495000 seconds
[token:139, layer:2] 002:attention-norm: 0.000000000 seconds
[token:139, layer:2] 003:qkv-projection: 0.000107000 seconds
[token:139, layer:2] 004:apply-rope: 0.000001000 seconds
[token:139, layer:2] 005:compute-attention: 0.000022000 seconds
[token:139, layer:2] 006:attention-output: 0.000036000 seconds
[token:139, layer:2] 007:ffn-norm: 0.000000000 seconds
[token:139, layer:2] 008:ffn-up-projection: 0.000189000 seconds
[token:139, layer:2] 009:ffn-swiglu: 0.000001000 seconds
[token:139, layer:2] 010:ffn-down-projection: 0.000138000 seconds
[token:139, layer:2] 102:layer-compute-total: 0.000494000 seconds
[token:139, layer:3] 002:attention-norm: 0.000000000 seconds
[token:139, layer:3] 003:qkv-projection: 0.000107000 seconds
[token:139, layer:3] 004:apply-rope: 0.000001000 seconds
[token:139, layer:3] 005:compute-attention: 0.000024000 seconds
[token:139, layer:3] 006:attention-output: 0.000036000 seconds
[token:139, layer:3] 007:ffn-norm: 0.000000000 seconds
[token:139, layer:3] 008:ffn-up-projection: 0.000190000 seconds
[token:139, layer:3] 009:ffn-swiglu: 0.000001000 seconds
[token:139, layer:3] 010:ffn-down-projection: 0.000135000 seconds
[token:139, layer:3] 102:layer-compute-total: 0.000494000 seconds
[token:139, layer:4] 002:attention-norm: 0.000000000 seconds
[token:139, layer:4] 003:qkv-projection: 0.000107000 seconds
[token:139, layer:4] 004:apply-rope: 0.000001000 seconds
[token:139, layer:4] 005:compute-attention: 0.000024000 seconds
[token:139, layer:4] 006:attention-output: 0.000036000 seconds
[token:139, layer:4] 007:ffn-norm: 0.000000000 seconds
[token:139, layer:4] 008:ffn-up-projection: 0.000190000 seconds
[token:139, layer:4] 009:ffn-swiglu: 0.000001000 seconds
[token:139, layer:4] 010:ffn-down-projection: 0.000152000 seconds
[token:139, layer:4] 102:layer-compute-total: 0.000511000 seconds
[token:139, layer:5] 002:attention-norm: 0.000001000 seconds
[token:139, layer:5] 003:qkv-projection: 0.000121000 seconds
[token:139, layer:5] 004:apply-rope: 0.000001000 seconds
[token:139, layer:5] 005:compute-attention: 0.000073000 seconds
[token:139, layer:5] 006:attention-output: 0.000036000 seconds
[token:139, layer:5] 007:ffn-norm: 0.000001000 seconds
[token:139, layer:5] 008:ffn-up-projection: 0.000291000 seconds
[token:139, layer:5] 009:ffn-swiglu: 0.000001000 seconds
[token:139, layer:5] 010:ffn-down-projection: 0.000146000 seconds
[token:139, layer:5] 102:layer-compute-total: 0.000671000 seconds
[token:139] 011:final-projection: 0.003996000 seconds
[token:139] 103:forward-compute-total: 0.007169000 seconds
[token:140] 001:embedding-lookup: 0.000001000 seconds
[token:140, layer:0] 002:attention-norm: 0.000000000 seconds
[token:140, layer:0] 003:qkv-projection: 0.000110000 seconds
[token:140, layer:0] 004:apply-rope: 0.000001000 seconds
[token:140, layer:0] 005:compute-attention: 0.000030000 seconds
[token:140, layer:0] 006:attention-output: 0.000035000 seconds
[token:140, layer:0] 007:ffn-norm: 0.000001000 seconds
[token:140, layer:0] 008:ffn-up-projection: 0.000191000 seconds
[token:140, layer:0] 009:ffn-swiglu: 0.000001000 seconds
[token:140, layer:0] 010:ffn-down-projection: 0.000134000 seconds
[token:140, layer:0] 102:layer-compute-total: 0.000503000 seconds
[token:140, layer:1] 002:attention-norm: 0.000000000 seconds
[token:140, layer:1] 003:qkv-projection: 0.000105000 seconds
[token:140, layer:1] 004:apply-rope: 0.000001000 seconds
[token:140, layer:1] 005:compute-attention: 0.000029000 seconds
[token:140, layer:1] 006:attention-output: 0.000035000 seconds
[token:140, layer:1] 007:ffn-norm: 0.000000000 seconds
[token:140, layer:1] 008:ffn-up-projection: 0.000191000 seconds
[token:140, layer:1] 009:ffn-swiglu: 0.000001000 seconds
[token:140, layer:1] 010:ffn-down-projection: 0.000134000 seconds
[token:140, layer:1] 102:layer-compute-total: 0.000496000 seconds
[token:140, layer:2] 002:attention-norm: 0.000001000 seconds
[token:140, layer:2] 003:qkv-projection: 0.000106000 seconds
[token:140, layer:2] 004:apply-rope: 0.000001000 seconds
[token:140, layer:2] 005:compute-attention: 0.000028000 seconds
[token:140, layer:2] 006:attention-output: 0.000035000 seconds
[token:140, layer:2] 007:ffn-norm: 0.000001000 seconds
[token:140, layer:2] 008:ffn-up-projection: 0.000187000 seconds
[token:140, layer:2] 009:ffn-swiglu: 0.000001000 seconds
[token:140, layer:2] 010:ffn-down-projection: 0.000134000 seconds
[token:140, layer:2] 102:layer-compute-total: 0.000494000 seconds
[token:140, layer:3] 002:attention-norm: 0.000000000 seconds
[token:140, layer:3] 003:qkv-projection: 0.000105000 seconds
[token:140, layer:3] 004:apply-rope: 0.000001000 seconds
[token:140, layer:3] 005:compute-attention: 0.000028000 seconds
[token:140, layer:3] 006:attention-output: 0.000035000 seconds
[token:140, layer:3] 007:ffn-norm: 0.000000000 seconds
[token:140, layer:3] 008:ffn-up-projection: 0.000187000 seconds
[token:140, layer:3] 009:ffn-swiglu: 0.000001000 seconds
[token:140, layer:3] 010:ffn-down-projection: 0.000137000 seconds
[token:140, layer:3] 102:layer-compute-total: 0.000494000 seconds
[token:140, layer:4] 002:attention-norm: 0.000001000 seconds
[token:140, layer:4] 003:qkv-projection: 0.000106000 seconds
[token:140, layer:4] 004:apply-rope: 0.000001000 seconds
[token:140, layer:4] 005:compute-attention: 0.000029000 seconds
[token:140, layer:4] 006:attention-output: 0.000035000 seconds
[token:140, layer:4] 007:ffn-norm: 0.000000000 seconds
[token:140, layer:4] 008:ffn-up-projection: 0.000186000 seconds
[token:140, layer:4] 009:ffn-swiglu: 0.000001000 seconds
[token:140, layer:4] 010:ffn-down-projection: 0.000134000 seconds
[token:140, layer:4] 102:layer-compute-total: 0.000493000 seconds
[token:140, layer:5] 002:attention-norm: 0.000000000 seconds
[token:140, layer:5] 003:qkv-projection: 0.000105000 seconds
[token:140, layer:5] 004:apply-rope: 0.000001000 seconds
[token:140, layer:5] 005:compute-attention: 0.000029000 seconds
[token:140, layer:5] 006:attention-output: 0.000035000 seconds
[token:140, layer:5] 007:ffn-norm: 0.000000000 seconds
[token:140, layer:5] 008:ffn-up-projection: 0.000186000 seconds
[token:140, layer:5] 009:ffn-swiglu: 0.000001000 seconds
[token:140, layer:5] 010:ffn-down-projection: 0.000133000 seconds
[token:140, layer:5] 102:layer-compute-total: 0.000490000 seconds
[token:140] 011:final-projection: 0.003935000 seconds
[token:140] 103:forward-compute-total: 0.006906000 seconds
[token:141] 001:embedding-lookup: 0.000000000 seconds
[token:141, layer:0] 002:attention-norm: 0.000000000 seconds
[token:141, layer:0] 003:qkv-projection: 0.000111000 seconds
[token:141, layer:0] 004:apply-rope: 0.000001000 seconds
[token:141, layer:0] 005:compute-attention: 0.000021000 seconds
[token:141, layer:0] 006:attention-output: 0.000035000 seconds
[token:141, layer:0] 007:ffn-norm: 0.000001000 seconds
[token:141, layer:0] 008:ffn-up-projection: 0.000187000 seconds
[token:141, layer:0] 009:ffn-swiglu: 0.000001000 seconds
[token:141, layer:0] 010:ffn-down-projection: 0.000134000 seconds
[token:141, layer:0] 102:layer-compute-total: 0.000491000 seconds
[token:141, layer:1] 002:attention-norm: 0.000000000 seconds
[token:141, layer:1] 003:qkv-projection: 0.000105000 seconds
[token:141, layer:1] 004:apply-rope: 0.000002000 seconds
[token:141, layer:1] 005:compute-attention: 0.000021000 seconds
[token:141, layer:1] 006:attention-output: 0.000035000 seconds
[token:141, layer:1] 007:ffn-norm: 0.000000000 seconds
[token:141, layer:1] 008:ffn-up-projection: 0.000190000 seconds
[token:141, layer:1] 009:ffn-swiglu: 0.000001000 seconds
[token:141, layer:1] 010:ffn-down-projection: 0.000134000 seconds
[token:141, layer:1] 102:layer-compute-total: 0.000488000 seconds
[token:141, layer:2] 002:attention-norm: 0.000001000 seconds
[token:141, layer:2] 003:qkv-projection: 0.000105000 seconds
[token:141, layer:2] 004:apply-rope: 0.000001000 seconds
[token:141, layer:2] 005:compute-attention: 0.000020000 seconds
[token:141, layer:2] 006:attention-output: 0.000035000 seconds
[token:141, layer:2] 007:ffn-norm: 0.000000000 seconds
[token:141, layer:2] 008:ffn-up-projection: 0.000187000 seconds
[token:141, layer:2] 009:ffn-swiglu: 0.000001000 seconds
[token:141, layer:2] 010:ffn-down-projection: 0.000134000 seconds
[token:141, layer:2] 102:layer-compute-total: 0.000484000 seconds
[token:141, layer:3] 002:attention-norm: 0.000001000 seconds
[token:141, layer:3] 003:qkv-projection: 0.000105000 seconds
[token:141, layer:3] 004:apply-rope: 0.000001000 seconds
[token:141, layer:3] 005:compute-attention: 0.000022000 seconds
[token:141, layer:3] 006:attention-output: 0.000037000 seconds
[token:141, layer:3] 007:ffn-norm: 0.000000000 seconds
[token:141, layer:3] 008:ffn-up-projection: 0.000205000 seconds
[token:141, layer:3] 009:ffn-swiglu: 0.000001000 seconds
[token:141, layer:3] 010:ffn-down-projection: 0.000138000 seconds
[token:141, layer:3] 102:layer-compute-total: 0.000510000 seconds
[token:141, layer:4] 002:attention-norm: 0.000001000 seconds
[token:141, layer:4] 003:qkv-projection: 0.000107000 seconds
[token:141, layer:4] 004:apply-rope: 0.000001000 seconds
[token:141, layer:4] 005:compute-attention: 0.000022000 seconds
[token:141, layer:4] 006:attention-output: 0.000036000 seconds
[token:141, layer:4] 007:ffn-norm: 0.000000000 seconds
[token:141, layer:4] 008:ffn-up-projection: 0.000194000 seconds
[token:141, layer:4] 009:ffn-swiglu: 0.000001000 seconds
[token:141, layer:4] 010:ffn-down-projection: 0.000136000 seconds
[token:141, layer:4] 102:layer-compute-total: 0.000498000 seconds
[token:141, layer:5] 002:attention-norm: 0.000000000 seconds
[token:141, layer:5] 003:qkv-projection: 0.000107000 seconds
[token:141, layer:5] 004:apply-rope: 0.000001000 seconds
[token:141, layer:5] 005:compute-attention: 0.000022000 seconds
[token:141, layer:5] 006:attention-output: 0.000036000 seconds
[token:141, layer:5] 007:ffn-norm: 0.000000000 seconds
[token:141, layer:5] 008:ffn-up-projection: 0.000190000 seconds
[token:141, layer:5] 009:ffn-swiglu: 0.000001000 seconds
[token:141, layer:5] 010:ffn-down-projection: 0.000136000 seconds
[token:141, layer:5] 102:layer-compute-total: 0.000493000 seconds
[token:141] 011:final-projection: 0.004173000 seconds
[token:141] 103:forward-compute-total: 0.007137000 seconds
[token:142] 001:embedding-lookup: 0.000000000 seconds
[token:142, layer:0] 002:attention-norm: 0.000001000 seconds
[token:142, layer:0] 003:qkv-projection: 0.000117000 seconds
[token:142, layer:0] 004:apply-rope: 0.000002000 seconds
[token:142, layer:0] 005:compute-attention: 0.000029000 seconds
[token:142, layer:0] 006:attention-output: 0.000036000 seconds
[token:142, layer:0] 007:ffn-norm: 0.000001000 seconds
[token:142, layer:0] 008:ffn-up-projection: 0.000187000 seconds
[token:142, layer:0] 009:ffn-swiglu: 0.000001000 seconds
[token:142, layer:0] 010:ffn-down-projection: 0.000134000 seconds
[token:142, layer:0] 102:layer-compute-total: 0.000508000 seconds
[token:142, layer:1] 002:attention-norm: 0.000001000 seconds
[token:142, layer:1] 003:qkv-projection: 0.000108000 seconds
[token:142, layer:1] 004:apply-rope: 0.000001000 seconds
[token:142, layer:1] 005:compute-attention: 0.000029000 seconds
[token:142, layer:1] 006:attention-output: 0.000035000 seconds
[token:142, layer:1] 007:ffn-norm: 0.000000000 seconds
[token:142, layer:1] 008:ffn-up-projection: 0.000188000 seconds
[token:142, layer:1] 009:ffn-swiglu: 0.000001000 seconds
[token:142, layer:1] 010:ffn-down-projection: 0.000145000 seconds
[token:142, layer:1] 102:layer-compute-total: 0.000508000 seconds
[token:142, layer:2] 002:attention-norm: 0.000001000 seconds
[token:142, layer:2] 003:qkv-projection: 0.000108000 seconds
[token:142, layer:2] 004:apply-rope: 0.000002000 seconds
[token:142, layer:2] 005:compute-attention: 0.000029000 seconds
[token:142, layer:2] 006:attention-output: 0.000035000 seconds
[token:142, layer:2] 007:ffn-norm: 0.000000000 seconds
[token:142, layer:2] 008:ffn-up-projection: 0.000187000 seconds
[token:142, layer:2] 009:ffn-swiglu: 0.000001000 seconds
[token:142, layer:2] 010:ffn-down-projection: 0.000138000 seconds
[token:142, layer:2] 102:layer-compute-total: 0.000501000 seconds
[token:142, layer:3] 002:attention-norm: 0.000000000 seconds
[token:142, layer:3] 003:qkv-projection: 0.000107000 seconds
[token:142, layer:3] 004:apply-rope: 0.000001000 seconds
[token:142, layer:3] 005:compute-attention: 0.000029000 seconds
[token:142, layer:3] 006:attention-output: 0.000035000 seconds
[token:142, layer:3] 007:ffn-norm: 0.000000000 seconds
[token:142, layer:3] 008:ffn-up-projection: 0.000190000 seconds
[token:142, layer:3] 009:ffn-swiglu: 0.000001000 seconds
[token:142, layer:3] 010:ffn-down-projection: 0.000138000 seconds
[token:142, layer:3] 102:layer-compute-total: 0.000501000 seconds
[token:142, layer:4] 002:attention-norm: 0.000000000 seconds
[token:142, layer:4] 003:qkv-projection: 0.000107000 seconds
[token:142, layer:4] 004:apply-rope: 0.000001000 seconds
[token:142, layer:4] 005:compute-attention: 0.000029000 seconds
[token:142, layer:4] 006:attention-output: 0.000036000 seconds
[token:142, layer:4] 007:ffn-norm: 0.000001000 seconds
[token:142, layer:4] 008:ffn-up-projection: 0.000187000 seconds
[token:142, layer:4] 009:ffn-swiglu: 0.000001000 seconds
[token:142, layer:4] 010:ffn-down-projection: 0.000134000 seconds
[token:142, layer:4] 102:layer-compute-total: 0.000496000 seconds
[token:142, layer:5] 002:attention-norm: 0.000000000 seconds
[token:142, layer:5] 003:qkv-projection: 0.000107000 seconds
[token:142, layer:5] 004:apply-rope: 0.000001000 seconds
[token:142, layer:5] 005:compute-attention: 0.000029000 seconds
[token:142, layer:5] 006:attention-output: 0.000035000 seconds
[token:142, layer:5] 007:ffn-norm: 0.000000000 seconds
[token:142, layer:5] 008:ffn-up-projection: 0.000187000 seconds
[token:142, layer:5] 009:ffn-swiglu: 0.000001000 seconds
[token:142, layer:5] 010:ffn-down-projection: 0.000134000 seconds
[token:142, layer:5] 102:layer-compute-total: 0.000494000 seconds
[token:142] 011:final-projection: 0.003985000 seconds
[token:142] 103:forward-compute-total: 0.006993000 seconds
[token:143] 001:embedding-lookup: 0.000000000 seconds
[token:143, layer:0] 002:attention-norm: 0.000001000 seconds
[token:143, layer:0] 003:qkv-projection: 0.000112000 seconds
[token:143, layer:0] 004:apply-rope: 0.000001000 seconds
[token:143, layer:0] 005:compute-attention: 0.000023000 seconds
[token:143, layer:0] 006:attention-output: 0.000035000 seconds
[token:143, layer:0] 007:ffn-norm: 0.000000000 seconds
[token:143, layer:0] 008:ffn-up-projection: 0.000187000 seconds
[token:143, layer:0] 009:ffn-swiglu: 0.000001000 seconds
[token:143, layer:0] 010:ffn-down-projection: 0.000134000 seconds
[token:143, layer:0] 102:layer-compute-total: 0.000494000 seconds
[token:143, layer:1] 002:attention-norm: 0.000000000 seconds
[token:143, layer:1] 003:qkv-projection: 0.000105000 seconds
[token:143, layer:1] 004:apply-rope: 0.000001000 seconds
[token:143, layer:1] 005:compute-attention: 0.000023000 seconds
[token:143, layer:1] 006:attention-output: 0.000035000 seconds
[token:143, layer:1] 007:ffn-norm: 0.000000000 seconds
[token:143, layer:1] 008:ffn-up-projection: 0.000187000 seconds
[token:143, layer:1] 009:ffn-swiglu: 0.000001000 seconds
[token:143, layer:1] 010:ffn-down-projection: 0.000134000 seconds
[token:143, layer:1] 102:layer-compute-total: 0.000486000 seconds
[token:143, layer:2] 002:attention-norm: 0.000000000 seconds
[token:143, layer:2] 003:qkv-projection: 0.000105000 seconds
[token:143, layer:2] 004:apply-rope: 0.000001000 seconds
[token:143, layer:2] 005:compute-attention: 0.000022000 seconds
[token:143, layer:2] 006:attention-output: 0.000035000 seconds
[token:143, layer:2] 007:ffn-norm: 0.000000000 seconds
[token:143, layer:2] 008:ffn-up-projection: 0.000187000 seconds
[token:143, layer:2] 009:ffn-swiglu: 0.000001000 seconds
[token:143, layer:2] 010:ffn-down-projection: 0.000133000 seconds
[token:143, layer:2] 102:layer-compute-total: 0.000484000 seconds
[token:143, layer:3] 002:attention-norm: 0.000000000 seconds
[token:143, layer:3] 003:qkv-projection: 0.000105000 seconds
[token:143, layer:3] 004:apply-rope: 0.000001000 seconds
[token:143, layer:3] 005:compute-attention: 0.000022000 seconds
[token:143, layer:3] 006:attention-output: 0.000035000 seconds
[token:143, layer:3] 007:ffn-norm: 0.000000000 seconds
[token:143, layer:3] 008:ffn-up-projection: 0.000186000 seconds
[token:143, layer:3] 009:ffn-swiglu: 0.000001000 seconds
[token:143, layer:3] 010:ffn-down-projection: 0.000134000 seconds
[token:143, layer:3] 102:layer-compute-total: 0.000484000 seconds
[token:143, layer:4] 002:attention-norm: 0.000000000 seconds
[token:143, layer:4] 003:qkv-projection: 0.000105000 seconds
[token:143, layer:4] 004:apply-rope: 0.000001000 seconds
[token:143, layer:4] 005:compute-attention: 0.000021000 seconds
[token:143, layer:4] 006:attention-output: 0.000035000 seconds
[token:143, layer:4] 007:ffn-norm: 0.000001000 seconds
[token:143, layer:4] 008:ffn-up-projection: 0.000187000 seconds
[token:143, layer:4] 009:ffn-swiglu: 0.000001000 seconds
[token:143, layer:4] 010:ffn-down-projection: 0.000143000 seconds
[token:143, layer:4] 102:layer-compute-total: 0.000494000 seconds
[token:143, layer:5] 002:attention-norm: 0.000000000 seconds
[token:143, layer:5] 003:qkv-projection: 0.000105000 seconds
[token:143, layer:5] 004:apply-rope: 0.000001000 seconds
[token:143, layer:5] 005:compute-attention: 0.000022000 seconds
[token:143, layer:5] 006:attention-output: 0.000035000 seconds
[token:143, layer:5] 007:ffn-norm: 0.000000000 seconds
[token:143, layer:5] 008:ffn-up-projection: 0.000186000 seconds
[token:143, layer:5] 009:ffn-swiglu: 0.000001000 seconds
[token:143, layer:5] 010:ffn-down-projection: 0.000134000 seconds
[token:143, layer:5] 102:layer-compute-total: 0.000484000 seconds
[token:143] 011:final-projection: 0.004303000 seconds
[token:143] 103:forward-compute-total: 0.007229000 seconds
[token:144] 001:embedding-lookup: 0.000000000 seconds
[token:144, layer:0] 002:attention-norm: 0.000001000 seconds
[token:144, layer:0] 003:qkv-projection: 0.000113000 seconds
[token:144, layer:0] 004:apply-rope: 0.000002000 seconds
[token:144, layer:0] 005:compute-attention: 0.000032000 seconds
[token:144, layer:0] 006:attention-output: 0.000037000 seconds
[token:144, layer:0] 007:ffn-norm: 0.000001000 seconds
[token:144, layer:0] 008:ffn-up-projection: 0.000194000 seconds
[token:144, layer:0] 009:ffn-swiglu: 0.000001000 seconds
[token:144, layer:0] 010:ffn-down-projection: 0.000139000 seconds
[token:144, layer:0] 102:layer-compute-total: 0.000520000 seconds
[token:144, layer:1] 002:attention-norm: 0.000001000 seconds
[token:144, layer:1] 003:qkv-projection: 0.000105000 seconds
[token:144, layer:1] 004:apply-rope: 0.000001000 seconds
[token:144, layer:1] 005:compute-attention: 0.000030000 seconds
[token:144, layer:1] 006:attention-output: 0.000036000 seconds
[token:144, layer:1] 007:ffn-norm: 0.000000000 seconds
[token:144, layer:1] 008:ffn-up-projection: 0.000187000 seconds
[token:144, layer:1] 009:ffn-swiglu: 0.000002000 seconds
[token:144, layer:1] 010:ffn-down-projection: 0.000134000 seconds
[token:144, layer:1] 102:layer-compute-total: 0.000496000 seconds
[token:144, layer:2] 002:attention-norm: 0.000000000 seconds
[token:144, layer:2] 003:qkv-projection: 0.000105000 seconds
[token:144, layer:2] 004:apply-rope: 0.000001000 seconds
[token:144, layer:2] 005:compute-attention: 0.000029000 seconds
[token:144, layer:2] 006:attention-output: 0.000035000 seconds
[token:144, layer:2] 007:ffn-norm: 0.000000000 seconds
[token:144, layer:2] 008:ffn-up-projection: 0.000186000 seconds
[token:144, layer:2] 009:ffn-swiglu: 0.000001000 seconds
[token:144, layer:2] 010:ffn-down-projection: 0.000138000 seconds
[token:144, layer:2] 102:layer-compute-total: 0.000495000 seconds
[token:144, layer:3] 002:attention-norm: 0.000000000 seconds
[token:144, layer:3] 003:qkv-projection: 0.000107000 seconds
[token:144, layer:3] 004:apply-rope: 0.000001000 seconds
[token:144, layer:3] 005:compute-attention: 0.000031000 seconds
[token:144, layer:3] 006:attention-output: 0.000036000 seconds
[token:144, layer:3] 007:ffn-norm: 0.000001000 seconds
[token:144, layer:3] 008:ffn-up-projection: 0.000189000 seconds
[token:144, layer:3] 009:ffn-swiglu: 0.000001000 seconds
[token:144, layer:3] 010:ffn-down-projection: 0.000133000 seconds
[token:144, layer:3] 102:layer-compute-total: 0.000499000 seconds
[token:144, layer:4] 002:attention-norm: 0.000000000 seconds
[token:144, layer:4] 003:qkv-projection: 0.000105000 seconds
[token:144, layer:4] 004:apply-rope: 0.000001000 seconds
[token:144, layer:4] 005:compute-attention: 0.000030000 seconds
[token:144, layer:4] 006:attention-output: 0.000035000 seconds
[token:144, layer:4] 007:ffn-norm: 0.000001000 seconds
[token:144, layer:4] 008:ffn-up-projection: 0.000187000 seconds
[token:144, layer:4] 009:ffn-swiglu: 0.000001000 seconds
[token:144, layer:4] 010:ffn-down-projection: 0.000133000 seconds
[token:144, layer:4] 102:layer-compute-total: 0.000493000 seconds
[token:144, layer:5] 002:attention-norm: 0.000001000 seconds
[token:144, layer:5] 003:qkv-projection: 0.000105000 seconds
[token:144, layer:5] 004:apply-rope: 0.000001000 seconds
[token:144, layer:5] 005:compute-attention: 0.000030000 seconds
[token:144, layer:5] 006:attention-output: 0.000035000 seconds
[token:144, layer:5] 007:ffn-norm: 0.000001000 seconds
[token:144, layer:5] 008:ffn-up-projection: 0.000187000 seconds
[token:144, layer:5] 009:ffn-swiglu: 0.000001000 seconds
[token:144, layer:5] 010:ffn-down-projection: 0.000134000 seconds
[token:144, layer:5] 102:layer-compute-total: 0.000495000 seconds
[token:144] 011:final-projection: 0.003979000 seconds
[token:144] 103:forward-compute-total: 0.006977000 seconds
[token:145] 001:embedding-lookup: 0.000001000 seconds
[token:145, layer:0] 002:attention-norm: 0.000001000 seconds
[token:145, layer:0] 003:qkv-projection: 0.000112000 seconds
[token:145, layer:0] 004:apply-rope: 0.000002000 seconds
[token:145, layer:0] 005:compute-attention: 0.000023000 seconds
[token:145, layer:0] 006:attention-output: 0.000035000 seconds
[token:145, layer:0] 007:ffn-norm: 0.000000000 seconds
[token:145, layer:0] 008:ffn-up-projection: 0.000187000 seconds
[token:145, layer:0] 009:ffn-swiglu: 0.000001000 seconds
[token:145, layer:0] 010:ffn-down-projection: 0.000137000 seconds
[token:145, layer:0] 102:layer-compute-total: 0.000498000 seconds
[token:145, layer:1] 002:attention-norm: 0.000000000 seconds
[token:145, layer:1] 003:qkv-projection: 0.000105000 seconds
[token:145, layer:1] 004:apply-rope: 0.000001000 seconds
[token:145, layer:1] 005:compute-attention: 0.000023000 seconds
[token:145, layer:1] 006:attention-output: 0.000036000 seconds
[token:145, layer:1] 007:ffn-norm: 0.000000000 seconds
[token:145, layer:1] 008:ffn-up-projection: 0.000187000 seconds
[token:145, layer:1] 009:ffn-swiglu: 0.000001000 seconds
[token:145, layer:1] 010:ffn-down-projection: 0.000133000 seconds
[token:145, layer:1] 102:layer-compute-total: 0.000486000 seconds
[token:145, layer:2] 002:attention-norm: 0.000000000 seconds
[token:145, layer:2] 003:qkv-projection: 0.000105000 seconds
[token:145, layer:2] 004:apply-rope: 0.000001000 seconds
[token:145, layer:2] 005:compute-attention: 0.000021000 seconds
[token:145, layer:2] 006:attention-output: 0.000035000 seconds
[token:145, layer:2] 007:ffn-norm: 0.000000000 seconds
[token:145, layer:2] 008:ffn-up-projection: 0.000190000 seconds
[token:145, layer:2] 009:ffn-swiglu: 0.000002000 seconds
[token:145, layer:2] 010:ffn-down-projection: 0.000136000 seconds
[token:145, layer:2] 102:layer-compute-total: 0.000490000 seconds
[token:145, layer:3] 002:attention-norm: 0.000000000 seconds
[token:145, layer:3] 003:qkv-projection: 0.000105000 seconds
[token:145, layer:3] 004:apply-rope: 0.000001000 seconds
[token:145, layer:3] 005:compute-attention: 0.000022000 seconds
[token:145, layer:3] 006:attention-output: 0.000035000 seconds
[token:145, layer:3] 007:ffn-norm: 0.000000000 seconds
[token:145, layer:3] 008:ffn-up-projection: 0.000189000 seconds
[token:145, layer:3] 009:ffn-swiglu: 0.000001000 seconds
[token:145, layer:3] 010:ffn-down-projection: 0.000134000 seconds
[token:145, layer:3] 102:layer-compute-total: 0.000487000 seconds
[token:145, layer:4] 002:attention-norm: 0.000000000 seconds
[token:145, layer:4] 003:qkv-projection: 0.000105000 seconds
[token:145, layer:4] 004:apply-rope: 0.000001000 seconds
[token:145, layer:4] 005:compute-attention: 0.000022000 seconds
[token:145, layer:4] 006:attention-output: 0.000035000 seconds
[token:145, layer:4] 007:ffn-norm: 0.000000000 seconds
[token:145, layer:4] 008:ffn-up-projection: 0.000188000 seconds
[token:145, layer:4] 009:ffn-swiglu: 0.000001000 seconds
[token:145, layer:4] 010:ffn-down-projection: 0.000134000 seconds
[token:145, layer:4] 102:layer-compute-total: 0.000486000 seconds
[token:145, layer:5] 002:attention-norm: 0.000000000 seconds
[token:145, layer:5] 003:qkv-projection: 0.000105000 seconds
[token:145, layer:5] 004:apply-rope: 0.000001000 seconds
[token:145, layer:5] 005:compute-attention: 0.000022000 seconds
[token:145, layer:5] 006:attention-output: 0.000035000 seconds
[token:145, layer:5] 007:ffn-norm: 0.000000000 seconds
[token:145, layer:5] 008:ffn-up-projection: 0.000187000 seconds
[token:145, layer:5] 009:ffn-swiglu: 0.000002000 seconds
[token:145, layer:5] 010:ffn-down-projection: 0.000134000 seconds
[token:145, layer:5] 102:layer-compute-total: 0.000486000 seconds
[token:145] 011:final-projection: 0.003997000 seconds
[token:145] 103:forward-compute-total: 0.006931000 seconds
[token:146] 001:embedding-lookup: 0.000000000 seconds
[token:146, layer:0] 002:attention-norm: 0.000000000 seconds
[token:146, layer:0] 003:qkv-projection: 0.000109000 seconds
[token:146, layer:0] 004:apply-rope: 0.000002000 seconds
[token:146, layer:0] 005:compute-attention: 0.000023000 seconds
[token:146, layer:0] 006:attention-output: 0.000035000 seconds
[token:146, layer:0] 007:ffn-norm: 0.000000000 seconds
[token:146, layer:0] 008:ffn-up-projection: 0.000216000 seconds
[token:146, layer:0] 009:ffn-swiglu: 0.000001000 seconds
[token:146, layer:0] 010:ffn-down-projection: 0.000223000 seconds
[token:146, layer:0] 102:layer-compute-total: 0.000609000 seconds
[token:146, layer:1] 002:attention-norm: 0.000000000 seconds
[token:146, layer:1] 003:qkv-projection: 0.000112000 seconds
[token:146, layer:1] 004:apply-rope: 0.000001000 seconds
[token:146, layer:1] 005:compute-attention: 0.000030000 seconds
[token:146, layer:1] 006:attention-output: 0.000038000 seconds
[token:146, layer:1] 007:ffn-norm: 0.000000000 seconds
[token:146, layer:1] 008:ffn-up-projection: 0.000203000 seconds
[token:146, layer:1] 009:ffn-swiglu: 0.000001000 seconds
[token:146, layer:1] 010:ffn-down-projection: 0.000142000 seconds
[token:146, layer:1] 102:layer-compute-total: 0.000527000 seconds
[token:146, layer:2] 002:attention-norm: 0.000000000 seconds
[token:146, layer:2] 003:qkv-projection: 0.000109000 seconds
[token:146, layer:2] 004:apply-rope: 0.000001000 seconds
[token:146, layer:2] 005:compute-attention: 0.000033000 seconds
[token:146, layer:2] 006:attention-output: 0.000035000 seconds
[token:146, layer:2] 007:ffn-norm: 0.000000000 seconds
[token:146, layer:2] 008:ffn-up-projection: 0.000201000 seconds
[token:146, layer:2] 009:ffn-swiglu: 0.000001000 seconds
[token:146, layer:2] 010:ffn-down-projection: 0.000134000 seconds
[token:146, layer:2] 102:layer-compute-total: 0.000514000 seconds
[token:146, layer:3] 002:attention-norm: 0.000000000 seconds
[token:146, layer:3] 003:qkv-projection: 0.000106000 seconds
[token:146, layer:3] 004:apply-rope: 0.000001000 seconds
[token:146, layer:3] 005:compute-attention: 0.000031000 seconds
[token:146, layer:3] 006:attention-output: 0.000035000 seconds
[token:146, layer:3] 007:ffn-norm: 0.000001000 seconds
[token:146, layer:3] 008:ffn-up-projection: 0.000192000 seconds
[token:146, layer:3] 009:ffn-swiglu: 0.000001000 seconds
[token:146, layer:3] 010:ffn-down-projection: 0.000137000 seconds
[token:146, layer:3] 102:layer-compute-total: 0.000504000 seconds
[token:146, layer:4] 002:attention-norm: 0.000000000 seconds
[token:146, layer:4] 003:qkv-projection: 0.000105000 seconds
[token:146, layer:4] 004:apply-rope: 0.000001000 seconds
[token:146, layer:4] 005:compute-attention: 0.000030000 seconds
[token:146, layer:4] 006:attention-output: 0.000035000 seconds
[token:146, layer:4] 007:ffn-norm: 0.000000000 seconds
[token:146, layer:4] 008:ffn-up-projection: 0.000187000 seconds
[token:146, layer:4] 009:ffn-swiglu: 0.000001000 seconds
[token:146, layer:4] 010:ffn-down-projection: 0.000138000 seconds
[token:146, layer:4] 102:layer-compute-total: 0.000497000 seconds
[token:146, layer:5] 002:attention-norm: 0.000000000 seconds
[token:146, layer:5] 003:qkv-projection: 0.000107000 seconds
[token:146, layer:5] 004:apply-rope: 0.000001000 seconds
[token:146, layer:5] 005:compute-attention: 0.000033000 seconds
[token:146, layer:5] 006:attention-output: 0.000036000 seconds
[token:146, layer:5] 007:ffn-norm: 0.000001000 seconds
[token:146, layer:5] 008:ffn-up-projection: 0.000191000 seconds
[token:146, layer:5] 009:ffn-swiglu: 0.000001000 seconds
[token:146, layer:5] 010:ffn-down-projection: 0.000137000 seconds
[token:146, layer:5] 102:layer-compute-total: 0.000507000 seconds
[token:146] 011:final-projection: 0.003950000 seconds
[token:146] 103:forward-compute-total: 0.007108000 seconds
[token:147] 001:embedding-lookup: 0.000000000 seconds
[token:147, layer:0] 002:attention-norm: 0.000001000 seconds
[token:147, layer:0] 003:qkv-projection: 0.000113000 seconds
[token:147, layer:0] 004:apply-rope: 0.000001000 seconds
[token:147, layer:0] 005:compute-attention: 0.000031000 seconds
[token:147, layer:0] 006:attention-output: 0.000035000 seconds
[token:147, layer:0] 007:ffn-norm: 0.000000000 seconds
[token:147, layer:0] 008:ffn-up-projection: 0.000192000 seconds
[token:147, layer:0] 009:ffn-swiglu: 0.000001000 seconds
[token:147, layer:0] 010:ffn-down-projection: 0.000134000 seconds
[token:147, layer:0] 102:layer-compute-total: 0.000508000 seconds
[token:147, layer:1] 002:attention-norm: 0.000000000 seconds
[token:147, layer:1] 003:qkv-projection: 0.000105000 seconds
[token:147, layer:1] 004:apply-rope: 0.000002000 seconds
[token:147, layer:1] 005:compute-attention: 0.000031000 seconds
[token:147, layer:1] 006:attention-output: 0.000035000 seconds
[token:147, layer:1] 007:ffn-norm: 0.000000000 seconds
[token:147, layer:1] 008:ffn-up-projection: 0.000191000 seconds
[token:147, layer:1] 009:ffn-swiglu: 0.000001000 seconds
[token:147, layer:1] 010:ffn-down-projection: 0.000134000 seconds
[token:147, layer:1] 102:layer-compute-total: 0.000499000 seconds
[token:147, layer:2] 002:attention-norm: 0.000000000 seconds
[token:147, layer:2] 003:qkv-projection: 0.000105000 seconds
[token:147, layer:2] 004:apply-rope: 0.000001000 seconds
[token:147, layer:2] 005:compute-attention: 0.000026000 seconds
[token:147, layer:2] 006:attention-output: 0.000035000 seconds
[token:147, layer:2] 007:ffn-norm: 0.000000000 seconds
[token:147, layer:2] 008:ffn-up-projection: 0.000187000 seconds
[token:147, layer:2] 009:ffn-swiglu: 0.000001000 seconds
[token:147, layer:2] 010:ffn-down-projection: 0.000134000 seconds
[token:147, layer:2] 102:layer-compute-total: 0.000489000 seconds
[token:147, layer:3] 002:attention-norm: 0.000000000 seconds
[token:147, layer:3] 003:qkv-projection: 0.000105000 seconds
[token:147, layer:3] 004:apply-rope: 0.000001000 seconds
[token:147, layer:3] 005:compute-attention: 0.000025000 seconds
[token:147, layer:3] 006:attention-output: 0.000035000 seconds
[token:147, layer:3] 007:ffn-norm: 0.000001000 seconds
[token:147, layer:3] 008:ffn-up-projection: 0.000186000 seconds
[token:147, layer:3] 009:ffn-swiglu: 0.000001000 seconds
[token:147, layer:3] 010:ffn-down-projection: 0.000134000 seconds
[token:147, layer:3] 102:layer-compute-total: 0.000488000 seconds
[token:147, layer:4] 002:attention-norm: 0.000000000 seconds
[token:147, layer:4] 003:qkv-projection: 0.000107000 seconds
[token:147, layer:4] 004:apply-rope: 0.000001000 seconds
[token:147, layer:4] 005:compute-attention: 0.000024000 seconds
[token:147, layer:4] 006:attention-output: 0.000036000 seconds
[token:147, layer:4] 007:ffn-norm: 0.000000000 seconds
[token:147, layer:4] 008:ffn-up-projection: 0.000190000 seconds
[token:147, layer:4] 009:ffn-swiglu: 0.000001000 seconds
[token:147, layer:4] 010:ffn-down-projection: 0.000136000 seconds
[token:147, layer:4] 102:layer-compute-total: 0.000495000 seconds
[token:147, layer:5] 002:attention-norm: 0.000001000 seconds
[token:147, layer:5] 003:qkv-projection: 0.000107000 seconds
[token:147, layer:5] 004:apply-rope: 0.000001000 seconds
[token:147, layer:5] 005:compute-attention: 0.000023000 seconds
[token:147, layer:5] 006:attention-output: 0.000035000 seconds
[token:147, layer:5] 007:ffn-norm: 0.000000000 seconds
[token:147, layer:5] 008:ffn-up-projection: 0.000186000 seconds
[token:147, layer:5] 009:ffn-swiglu: 0.000001000 seconds
[token:147, layer:5] 010:ffn-down-projection: 0.000133000 seconds
[token:147, layer:5] 102:layer-compute-total: 0.000487000 seconds
[token:147] 011:final-projection: 0.003973000 seconds
[token:147] 103:forward-compute-total: 0.006939000 seconds
[token:148] 001:embedding-lookup: 0.000000000 seconds
[token:148, layer:0] 002:attention-norm: 0.000000000 seconds
[token:148, layer:0] 003:qkv-projection: 0.000108000 seconds
[token:148, layer:0] 004:apply-rope: 0.000002000 seconds
[token:148, layer:0] 005:compute-attention: 0.000026000 seconds
[token:148, layer:0] 006:attention-output: 0.000037000 seconds
[token:148, layer:0] 007:ffn-norm: 0.000001000 seconds
[token:148, layer:0] 008:ffn-up-projection: 0.000195000 seconds
[token:148, layer:0] 009:ffn-swiglu: 0.000001000 seconds
[token:148, layer:0] 010:ffn-down-projection: 0.000136000 seconds
[token:148, layer:0] 102:layer-compute-total: 0.000506000 seconds
[token:148, layer:1] 002:attention-norm: 0.000000000 seconds
[token:148, layer:1] 003:qkv-projection: 0.000106000 seconds
[token:148, layer:1] 004:apply-rope: 0.000001000 seconds
[token:148, layer:1] 005:compute-attention: 0.000025000 seconds
[token:148, layer:1] 006:attention-output: 0.000035000 seconds
[token:148, layer:1] 007:ffn-norm: 0.000001000 seconds
[token:148, layer:1] 008:ffn-up-projection: 0.000190000 seconds
[token:148, layer:1] 009:ffn-swiglu: 0.000001000 seconds
[token:148, layer:1] 010:ffn-down-projection: 0.000136000 seconds
[token:148, layer:1] 102:layer-compute-total: 0.000495000 seconds
[token:148, layer:2] 002:attention-norm: 0.000000000 seconds
[token:148, layer:2] 003:qkv-projection: 0.000107000 seconds
[token:148, layer:2] 004:apply-rope: 0.000001000 seconds
[token:148, layer:2] 005:compute-attention: 0.000024000 seconds
[token:148, layer:2] 006:attention-output: 0.000036000 seconds
[token:148, layer:2] 007:ffn-norm: 0.000000000 seconds
[token:148, layer:2] 008:ffn-up-projection: 0.000193000 seconds
[token:148, layer:2] 009:ffn-swiglu: 0.000001000 seconds
[token:148, layer:2] 010:ffn-down-projection: 0.000137000 seconds
[token:148, layer:2] 102:layer-compute-total: 0.000499000 seconds
[token:148, layer:3] 002:attention-norm: 0.000000000 seconds
[token:148, layer:3] 003:qkv-projection: 0.000107000 seconds
[token:148, layer:3] 004:apply-rope: 0.000001000 seconds
[token:148, layer:3] 005:compute-attention: 0.000025000 seconds
[token:148, layer:3] 006:attention-output: 0.000038000 seconds
[token:148, layer:3] 007:ffn-norm: 0.000000000 seconds
[token:148, layer:3] 008:ffn-up-projection: 0.000204000 seconds
[token:148, layer:3] 009:ffn-swiglu: 0.000001000 seconds
[token:148, layer:3] 010:ffn-down-projection: 0.000225000 seconds
[token:148, layer:3] 102:layer-compute-total: 0.000601000 seconds
[token:148, layer:4] 002:attention-norm: 0.000001000 seconds
[token:148, layer:4] 003:qkv-projection: 0.000118000 seconds
[token:148, layer:4] 004:apply-rope: 0.000002000 seconds
[token:148, layer:4] 005:compute-attention: 0.000034000 seconds
[token:148, layer:4] 006:attention-output: 0.000038000 seconds
[token:148, layer:4] 007:ffn-norm: 0.000000000 seconds
[token:148, layer:4] 008:ffn-up-projection: 0.000205000 seconds
[token:148, layer:4] 009:ffn-swiglu: 0.000002000 seconds
[token:148, layer:4] 010:ffn-down-projection: 0.000142000 seconds
[token:148, layer:4] 102:layer-compute-total: 0.000542000 seconds
[token:148, layer:5] 002:attention-norm: 0.000000000 seconds
[token:148, layer:5] 003:qkv-projection: 0.000111000 seconds
[token:148, layer:5] 004:apply-rope: 0.000002000 seconds
[token:148, layer:5] 005:compute-attention: 0.000037000 seconds
[token:148, layer:5] 006:attention-output: 0.000039000 seconds
[token:148, layer:5] 007:ffn-norm: 0.000000000 seconds
[token:148, layer:5] 008:ffn-up-projection: 0.000202000 seconds
[token:148, layer:5] 009:ffn-swiglu: 0.000001000 seconds
[token:148, layer:5] 010:ffn-down-projection: 0.000142000 seconds
[token:148, layer:5] 102:layer-compute-total: 0.000534000 seconds
[token:148] 011:final-projection: 0.003950000 seconds
[token:148] 103:forward-compute-total: 0.007127000 seconds
[token:149] 001:embedding-lookup: 0.000001000 seconds
[token:149, layer:0] 002:attention-norm: 0.000001000 seconds
[token:149, layer:0] 003:qkv-projection: 0.000117000 seconds
[token:149, layer:0] 004:apply-rope: 0.000001000 seconds
[token:149, layer:0] 005:compute-attention: 0.000035000 seconds
[token:149, layer:0] 006:attention-output: 0.000037000 seconds
[token:149, layer:0] 007:ffn-norm: 0.000001000 seconds
[token:149, layer:0] 008:ffn-up-projection: 0.000187000 seconds
[token:149, layer:0] 009:ffn-swiglu: 0.000001000 seconds
[token:149, layer:0] 010:ffn-down-projection: 0.000134000 seconds
[token:149, layer:0] 102:layer-compute-total: 0.000514000 seconds
[token:149, layer:1] 002:attention-norm: 0.000000000 seconds
[token:149, layer:1] 003:qkv-projection: 0.000105000 seconds
[token:149, layer:1] 004:apply-rope: 0.000001000 seconds
[token:149, layer:1] 005:compute-attention: 0.000030000 seconds
[token:149, layer:1] 006:attention-output: 0.000035000 seconds
[token:149, layer:1] 007:ffn-norm: 0.000001000 seconds
[token:149, layer:1] 008:ffn-up-projection: 0.000187000 seconds
[token:149, layer:1] 009:ffn-swiglu: 0.000001000 seconds
[token:149, layer:1] 010:ffn-down-projection: 0.000134000 seconds
[token:149, layer:1] 102:layer-compute-total: 0.000494000 seconds
[token:149, layer:2] 002:attention-norm: 0.000000000 seconds
[token:149, layer:2] 003:qkv-projection: 0.000105000 seconds
[token:149, layer:2] 004:apply-rope: 0.000001000 seconds
[token:149, layer:2] 005:compute-attention: 0.000030000 seconds
[token:149, layer:2] 006:attention-output: 0.000035000 seconds
[token:149, layer:2] 007:ffn-norm: 0.000000000 seconds
[token:149, layer:2] 008:ffn-up-projection: 0.000187000 seconds
[token:149, layer:2] 009:ffn-swiglu: 0.000001000 seconds
[token:149, layer:2] 010:ffn-down-projection: 0.000134000 seconds
[token:149, layer:2] 102:layer-compute-total: 0.000493000 seconds
[token:149, layer:3] 002:attention-norm: 0.000000000 seconds
[token:149, layer:3] 003:qkv-projection: 0.000105000 seconds
[token:149, layer:3] 004:apply-rope: 0.000001000 seconds
[token:149, layer:3] 005:compute-attention: 0.000030000 seconds
[token:149, layer:3] 006:attention-output: 0.000036000 seconds
[token:149, layer:3] 007:ffn-norm: 0.000000000 seconds
[token:149, layer:3] 008:ffn-up-projection: 0.000191000 seconds
[token:149, layer:3] 009:ffn-swiglu: 0.000001000 seconds
[token:149, layer:3] 010:ffn-down-projection: 0.000136000 seconds
[token:149, layer:3] 102:layer-compute-total: 0.000500000 seconds
[token:149, layer:4] 002:attention-norm: 0.000000000 seconds
[token:149, layer:4] 003:qkv-projection: 0.000105000 seconds
[token:149, layer:4] 004:apply-rope: 0.000001000 seconds
[token:149, layer:4] 005:compute-attention: 0.000029000 seconds
[token:149, layer:4] 006:attention-output: 0.000035000 seconds
[token:149, layer:4] 007:ffn-norm: 0.000000000 seconds
[token:149, layer:4] 008:ffn-up-projection: 0.000186000 seconds
[token:149, layer:4] 009:ffn-swiglu: 0.000002000 seconds
[token:149, layer:4] 010:ffn-down-projection: 0.000142000 seconds
[token:149, layer:4] 102:layer-compute-total: 0.000500000 seconds
[token:149, layer:5] 002:attention-norm: 0.000000000 seconds
[token:149, layer:5] 003:qkv-projection: 0.000105000 seconds
[token:149, layer:5] 004:apply-rope: 0.000001000 seconds
[token:149, layer:5] 005:compute-attention: 0.000026000 seconds
[token:149, layer:5] 006:attention-output: 0.000035000 seconds
[token:149, layer:5] 007:ffn-norm: 0.000001000 seconds
[token:149, layer:5] 008:ffn-up-projection: 0.000187000 seconds
[token:149, layer:5] 009:ffn-swiglu: 0.000002000 seconds
[token:149, layer:5] 010:ffn-down-projection: 0.000137000 seconds
[token:149, layer:5] 102:layer-compute-total: 0.000494000 seconds
[token:149] 011:final-projection: 0.004005000 seconds
[token:149] 103:forward-compute-total: 0.007001000 seconds
[token:150] 001:embedding-lookup: 0.000001000 seconds
[token:150, layer:0] 002:attention-norm: 0.000000000 seconds
[token:150, layer:0] 003:qkv-projection: 0.000113000 seconds
[token:150, layer:0] 004:apply-rope: 0.000002000 seconds
[token:150, layer:0] 005:compute-attention: 0.000026000 seconds
[token:150, layer:0] 006:attention-output: 0.000037000 seconds
[token:150, layer:0] 007:ffn-norm: 0.000000000 seconds
[token:150, layer:0] 008:ffn-up-projection: 0.000194000 seconds
[token:150, layer:0] 009:ffn-swiglu: 0.000001000 seconds
[token:150, layer:0] 010:ffn-down-projection: 0.000139000 seconds
[token:150, layer:0] 102:layer-compute-total: 0.000512000 seconds
[token:150, layer:1] 002:attention-norm: 0.000000000 seconds
[token:150, layer:1] 003:qkv-projection: 0.000107000 seconds
[token:150, layer:1] 004:apply-rope: 0.000001000 seconds
[token:150, layer:1] 005:compute-attention: 0.000025000 seconds
[token:150, layer:1] 006:attention-output: 0.000035000 seconds
[token:150, layer:1] 007:ffn-norm: 0.000001000 seconds
[token:150, layer:1] 008:ffn-up-projection: 0.000190000 seconds
[token:150, layer:1] 009:ffn-swiglu: 0.000001000 seconds
[token:150, layer:1] 010:ffn-down-projection: 0.000134000 seconds
[token:150, layer:1] 102:layer-compute-total: 0.000494000 seconds
[token:150, layer:2] 002:attention-norm: 0.000000000 seconds
[token:150, layer:2] 003:qkv-projection: 0.000105000 seconds
[token:150, layer:2] 004:apply-rope: 0.000002000 seconds
[token:150, layer:2] 005:compute-attention: 0.000024000 seconds
[token:150, layer:2] 006:attention-output: 0.000035000 seconds
[token:150, layer:2] 007:ffn-norm: 0.000000000 seconds
[token:150, layer:2] 008:ffn-up-projection: 0.000186000 seconds
[token:150, layer:2] 009:ffn-swiglu: 0.000001000 seconds
[token:150, layer:2] 010:ffn-down-projection: 0.000144000 seconds
[token:150, layer:2] 102:layer-compute-total: 0.000497000 seconds
[token:150, layer:3] 002:attention-norm: 0.000000000 seconds
[token:150, layer:3] 003:qkv-projection: 0.000110000 seconds
[token:150, layer:3] 004:apply-rope: 0.000002000 seconds
[token:150, layer:3] 005:compute-attention: 0.000025000 seconds
[token:150, layer:3] 006:attention-output: 0.000037000 seconds
[token:150, layer:3] 007:ffn-norm: 0.000000000 seconds
[token:150, layer:3] 008:ffn-up-projection: 0.000195000 seconds
[token:150, layer:3] 009:ffn-swiglu: 0.000001000 seconds
[token:150, layer:3] 010:ffn-down-projection: 0.000139000 seconds
[token:150, layer:3] 102:layer-compute-total: 0.000509000 seconds
[token:150, layer:4] 002:attention-norm: 0.000000000 seconds
[token:150, layer:4] 003:qkv-projection: 0.000112000 seconds
[token:150, layer:4] 004:apply-rope: 0.000001000 seconds
[token:150, layer:4] 005:compute-attention: 0.000024000 seconds
[token:150, layer:4] 006:attention-output: 0.000044000 seconds
[token:150, layer:4] 007:ffn-norm: 0.000000000 seconds
[token:150, layer:4] 008:ffn-up-projection: 0.000193000 seconds
[token:150, layer:4] 009:ffn-swiglu: 0.000001000 seconds
[token:150, layer:4] 010:ffn-down-projection: 0.000137000 seconds
[token:150, layer:4] 102:layer-compute-total: 0.000512000 seconds
[token:150, layer:5] 002:attention-norm: 0.000000000 seconds
[token:150, layer:5] 003:qkv-projection: 0.000107000 seconds
[token:150, layer:5] 004:apply-rope: 0.000002000 seconds
[token:150, layer:5] 005:compute-attention: 0.000026000 seconds
[token:150, layer:5] 006:attention-output: 0.000035000 seconds
[token:150, layer:5] 007:ffn-norm: 0.000000000 seconds
[token:150, layer:5] 008:ffn-up-projection: 0.000192000 seconds
[token:150, layer:5] 009:ffn-swiglu: 0.000001000 seconds
[token:150, layer:5] 010:ffn-down-projection: 0.000135000 seconds
[token:150, layer:5] 102:layer-compute-total: 0.000498000 seconds
[token:150] 011:final-projection: 0.004179000 seconds
[token:150] 103:forward-compute-total: 0.007202000 seconds
[token:151] 001:embedding-lookup: 0.000000000 seconds
[token:151, layer:0] 002:attention-norm: 0.000000000 seconds
[token:151, layer:0] 003:qkv-projection: 0.000112000 seconds
[token:151, layer:0] 004:apply-rope: 0.000002000 seconds
[token:151, layer:0] 005:compute-attention: 0.000033000 seconds
[token:151, layer:0] 006:attention-output: 0.000035000 seconds
[token:151, layer:0] 007:ffn-norm: 0.000000000 seconds
[token:151, layer:0] 008:ffn-up-projection: 0.000187000 seconds
[token:151, layer:0] 009:ffn-swiglu: 0.000001000 seconds
[token:151, layer:0] 010:ffn-down-projection: 0.000134000 seconds
[token:151, layer:0] 102:layer-compute-total: 0.000504000 seconds
[token:151, layer:1] 002:attention-norm: 0.000001000 seconds
[token:151, layer:1] 003:qkv-projection: 0.000105000 seconds
[token:151, layer:1] 004:apply-rope: 0.000001000 seconds
[token:151, layer:1] 005:compute-attention: 0.000032000 seconds
[token:151, layer:1] 006:attention-output: 0.000035000 seconds
[token:151, layer:1] 007:ffn-norm: 0.000000000 seconds
[token:151, layer:1] 008:ffn-up-projection: 0.000187000 seconds
[token:151, layer:1] 009:ffn-swiglu: 0.000001000 seconds
[token:151, layer:1] 010:ffn-down-projection: 0.000137000 seconds
[token:151, layer:1] 102:layer-compute-total: 0.000499000 seconds
[token:151, layer:2] 002:attention-norm: 0.000000000 seconds
[token:151, layer:2] 003:qkv-projection: 0.000105000 seconds
[token:151, layer:2] 004:apply-rope: 0.000001000 seconds
[token:151, layer:2] 005:compute-attention: 0.000032000 seconds
[token:151, layer:2] 006:attention-output: 0.000036000 seconds
[token:151, layer:2] 007:ffn-norm: 0.000000000 seconds
[token:151, layer:2] 008:ffn-up-projection: 0.000192000 seconds
[token:151, layer:2] 009:ffn-swiglu: 0.000001000 seconds
[token:151, layer:2] 010:ffn-down-projection: 0.000137000 seconds
[token:151, layer:2] 102:layer-compute-total: 0.000504000 seconds
[token:151, layer:3] 002:attention-norm: 0.000000000 seconds
[token:151, layer:3] 003:qkv-projection: 0.000105000 seconds
[token:151, layer:3] 004:apply-rope: 0.000002000 seconds
[token:151, layer:3] 005:compute-attention: 0.000033000 seconds
[token:151, layer:3] 006:attention-output: 0.000039000 seconds
[token:151, layer:3] 007:ffn-norm: 0.000001000 seconds
[token:151, layer:3] 008:ffn-up-projection: 0.000187000 seconds
[token:151, layer:3] 009:ffn-swiglu: 0.000001000 seconds
[token:151, layer:3] 010:ffn-down-projection: 0.000134000 seconds
[token:151, layer:3] 102:layer-compute-total: 0.000502000 seconds
[token:151, layer:4] 002:attention-norm: 0.000000000 seconds
[token:151, layer:4] 003:qkv-projection: 0.000111000 seconds
[token:151, layer:4] 004:apply-rope: 0.000001000 seconds
[token:151, layer:4] 005:compute-attention: 0.000032000 seconds
[token:151, layer:4] 006:attention-output: 0.000035000 seconds
[token:151, layer:4] 007:ffn-norm: 0.000000000 seconds
[token:151, layer:4] 008:ffn-up-projection: 0.000187000 seconds
[token:151, layer:4] 009:ffn-swiglu: 0.000001000 seconds
[token:151, layer:4] 010:ffn-down-projection: 0.000134000 seconds
[token:151, layer:4] 102:layer-compute-total: 0.000501000 seconds
[token:151, layer:5] 002:attention-norm: 0.000001000 seconds
[token:151, layer:5] 003:qkv-projection: 0.000105000 seconds
[token:151, layer:5] 004:apply-rope: 0.000001000 seconds
[token:151, layer:5] 005:compute-attention: 0.000031000 seconds
[token:151, layer:5] 006:attention-output: 0.000035000 seconds
[token:151, layer:5] 007:ffn-norm: 0.000001000 seconds
[token:151, layer:5] 008:ffn-up-projection: 0.000187000 seconds
[token:151, layer:5] 009:ffn-swiglu: 0.000001000 seconds
[token:151, layer:5] 010:ffn-down-projection: 0.000133000 seconds
[token:151, layer:5] 102:layer-compute-total: 0.000495000 seconds
[token:151] 011:final-projection: 0.003973000 seconds
[token:151] 103:forward-compute-total: 0.006978000 seconds
[token:152] 001:embedding-lookup: 0.000000000 seconds
[token:152, layer:0] 002:attention-norm: 0.000000000 seconds
[token:152, layer:0] 003:qkv-projection: 0.000115000 seconds
[token:152, layer:0] 004:apply-rope: 0.000002000 seconds
[token:152, layer:0] 005:compute-attention: 0.000024000 seconds
[token:152, layer:0] 006:attention-output: 0.000035000 seconds
[token:152, layer:0] 007:ffn-norm: 0.000000000 seconds
[token:152, layer:0] 008:ffn-up-projection: 0.000186000 seconds
[token:152, layer:0] 009:ffn-swiglu: 0.000001000 seconds
[token:152, layer:0] 010:ffn-down-projection: 0.000134000 seconds
[token:152, layer:0] 102:layer-compute-total: 0.000497000 seconds
[token:152, layer:1] 002:attention-norm: 0.000001000 seconds
[token:152, layer:1] 003:qkv-projection: 0.000105000 seconds
[token:152, layer:1] 004:apply-rope: 0.000001000 seconds
[token:152, layer:1] 005:compute-attention: 0.000025000 seconds
[token:152, layer:1] 006:attention-output: 0.000035000 seconds
[token:152, layer:1] 007:ffn-norm: 0.000000000 seconds
[token:152, layer:1] 008:ffn-up-projection: 0.000187000 seconds
[token:152, layer:1] 009:ffn-swiglu: 0.000001000 seconds
[token:152, layer:1] 010:ffn-down-projection: 0.000134000 seconds
[token:152, layer:1] 102:layer-compute-total: 0.000489000 seconds
[token:152, layer:2] 002:attention-norm: 0.000000000 seconds
[token:152, layer:2] 003:qkv-projection: 0.000106000 seconds
[token:152, layer:2] 004:apply-rope: 0.000001000 seconds
[token:152, layer:2] 005:compute-attention: 0.000023000 seconds
[token:152, layer:2] 006:attention-output: 0.000035000 seconds
[token:152, layer:2] 007:ffn-norm: 0.000000000 seconds
[token:152, layer:2] 008:ffn-up-projection: 0.000186000 seconds
[token:152, layer:2] 009:ffn-swiglu: 0.000001000 seconds
[token:152, layer:2] 010:ffn-down-projection: 0.000137000 seconds
[token:152, layer:2] 102:layer-compute-total: 0.000489000 seconds
[token:152, layer:3] 002:attention-norm: 0.000000000 seconds
[token:152, layer:3] 003:qkv-projection: 0.000105000 seconds
[token:152, layer:3] 004:apply-rope: 0.000001000 seconds
[token:152, layer:3] 005:compute-attention: 0.000023000 seconds
[token:152, layer:3] 006:attention-output: 0.000035000 seconds
[token:152, layer:3] 007:ffn-norm: 0.000000000 seconds
[token:152, layer:3] 008:ffn-up-projection: 0.000187000 seconds
[token:152, layer:3] 009:ffn-swiglu: 0.000001000 seconds
[token:152, layer:3] 010:ffn-down-projection: 0.000144000 seconds
[token:152, layer:3] 102:layer-compute-total: 0.000496000 seconds
[token:152, layer:4] 002:attention-norm: 0.000000000 seconds
[token:152, layer:4] 003:qkv-projection: 0.000107000 seconds
[token:152, layer:4] 004:apply-rope: 0.000001000 seconds
[token:152, layer:4] 005:compute-attention: 0.000024000 seconds
[token:152, layer:4] 006:attention-output: 0.000035000 seconds
[token:152, layer:4] 007:ffn-norm: 0.000000000 seconds
[token:152, layer:4] 008:ffn-up-projection: 0.000189000 seconds
[token:152, layer:4] 009:ffn-swiglu: 0.000001000 seconds
[token:152, layer:4] 010:ffn-down-projection: 0.000135000 seconds
[token:152, layer:4] 102:layer-compute-total: 0.000492000 seconds
[token:152, layer:5] 002:attention-norm: 0.000000000 seconds
[token:152, layer:5] 003:qkv-projection: 0.000105000 seconds
[token:152, layer:5] 004:apply-rope: 0.000001000 seconds
[token:152, layer:5] 005:compute-attention: 0.000024000 seconds
[token:152, layer:5] 006:attention-output: 0.000035000 seconds
[token:152, layer:5] 007:ffn-norm: 0.000001000 seconds
[token:152, layer:5] 008:ffn-up-projection: 0.000187000 seconds
[token:152, layer:5] 009:ffn-swiglu: 0.000001000 seconds
[token:152, layer:5] 010:ffn-down-projection: 0.000134000 seconds
[token:152, layer:5] 102:layer-compute-total: 0.000488000 seconds
[token:152] 011:final-projection: 0.004331000 seconds
[token:152] 103:forward-compute-total: 0.007282000 seconds
[token:153] 001:embedding-lookup: 0.000000000 seconds
[token:153, layer:0] 002:attention-norm: 0.000000000 seconds
[token:153, layer:0] 003:qkv-projection: 0.000115000 seconds
[token:153, layer:0] 004:apply-rope: 0.000002000 seconds
[token:153, layer:0] 005:compute-attention: 0.000033000 seconds
[token:153, layer:0] 006:attention-output: 0.000036000 seconds
[token:153, layer:0] 007:ffn-norm: 0.000000000 seconds
[token:153, layer:0] 008:ffn-up-projection: 0.000187000 seconds
[token:153, layer:0] 009:ffn-swiglu: 0.000001000 seconds
[token:153, layer:0] 010:ffn-down-projection: 0.000134000 seconds
[token:153, layer:0] 102:layer-compute-total: 0.000508000 seconds
[token:153, layer:1] 002:attention-norm: 0.000001000 seconds
[token:153, layer:1] 003:qkv-projection: 0.000105000 seconds
[token:153, layer:1] 004:apply-rope: 0.000001000 seconds
[token:153, layer:1] 005:compute-attention: 0.000033000 seconds
[token:153, layer:1] 006:attention-output: 0.000035000 seconds
[token:153, layer:1] 007:ffn-norm: 0.000000000 seconds
[token:153, layer:1] 008:ffn-up-projection: 0.000187000 seconds
[token:153, layer:1] 009:ffn-swiglu: 0.000001000 seconds
[token:153, layer:1] 010:ffn-down-projection: 0.000134000 seconds
[token:153, layer:1] 102:layer-compute-total: 0.000497000 seconds
[token:153, layer:2] 002:attention-norm: 0.000001000 seconds
[token:153, layer:2] 003:qkv-projection: 0.000105000 seconds
[token:153, layer:2] 004:apply-rope: 0.000001000 seconds
[token:153, layer:2] 005:compute-attention: 0.000032000 seconds
[token:153, layer:2] 006:attention-output: 0.000035000 seconds
[token:153, layer:2] 007:ffn-norm: 0.000000000 seconds
[token:153, layer:2] 008:ffn-up-projection: 0.000187000 seconds
[token:153, layer:2] 009:ffn-swiglu: 0.000001000 seconds
[token:153, layer:2] 010:ffn-down-projection: 0.000134000 seconds
[token:153, layer:2] 102:layer-compute-total: 0.000496000 seconds
[token:153, layer:3] 002:attention-norm: 0.000000000 seconds
[token:153, layer:3] 003:qkv-projection: 0.000105000 seconds
[token:153, layer:3] 004:apply-rope: 0.000001000 seconds
[token:153, layer:3] 005:compute-attention: 0.000031000 seconds
[token:153, layer:3] 006:attention-output: 0.000035000 seconds
[token:153, layer:3] 007:ffn-norm: 0.000000000 seconds
[token:153, layer:3] 008:ffn-up-projection: 0.000187000 seconds
[token:153, layer:3] 009:ffn-swiglu: 0.000001000 seconds
[token:153, layer:3] 010:ffn-down-projection: 0.000134000 seconds
[token:153, layer:3] 102:layer-compute-total: 0.000494000 seconds
[token:153, layer:4] 002:attention-norm: 0.000000000 seconds
[token:153, layer:4] 003:qkv-projection: 0.000106000 seconds
[token:153, layer:4] 004:apply-rope: 0.000002000 seconds
[token:153, layer:4] 005:compute-attention: 0.000031000 seconds
[token:153, layer:4] 006:attention-output: 0.000035000 seconds
[token:153, layer:4] 007:ffn-norm: 0.000001000 seconds
[token:153, layer:4] 008:ffn-up-projection: 0.000187000 seconds
[token:153, layer:4] 009:ffn-swiglu: 0.000001000 seconds
[token:153, layer:4] 010:ffn-down-projection: 0.000137000 seconds
[token:153, layer:4] 102:layer-compute-total: 0.000500000 seconds
[token:153, layer:5] 002:attention-norm: 0.000000000 seconds
[token:153, layer:5] 003:qkv-projection: 0.000105000 seconds
[token:153, layer:5] 004:apply-rope: 0.000001000 seconds
[token:153, layer:5] 005:compute-attention: 0.000032000 seconds
[token:153, layer:5] 006:attention-output: 0.000035000 seconds
[token:153, layer:5] 007:ffn-norm: 0.000000000 seconds
[token:153, layer:5] 008:ffn-up-projection: 0.000189000 seconds
[token:153, layer:5] 009:ffn-swiglu: 0.000001000 seconds
[token:153, layer:5] 010:ffn-down-projection: 0.000137000 seconds
[token:153, layer:5] 102:layer-compute-total: 0.000500000 seconds
[token:153] 011:final-projection: 0.003976000 seconds
[token:153] 103:forward-compute-total: 0.006971000 seconds
[token:154] 001:embedding-lookup: 0.000000000 seconds
[token:154, layer:0] 002:attention-norm: 0.000000000 seconds
[token:154, layer:0] 003:qkv-projection: 0.000114000 seconds
[token:154, layer:0] 004:apply-rope: 0.000001000 seconds
[token:154, layer:0] 005:compute-attention: 0.000026000 seconds
[token:154, layer:0] 006:attention-output: 0.000036000 seconds
[token:154, layer:0] 007:ffn-norm: 0.000000000 seconds
[token:154, layer:0] 008:ffn-up-projection: 0.000190000 seconds
[token:154, layer:0] 009:ffn-swiglu: 0.000001000 seconds
[token:154, layer:0] 010:ffn-down-projection: 0.000134000 seconds
[token:154, layer:0] 102:layer-compute-total: 0.000502000 seconds
[token:154, layer:1] 002:attention-norm: 0.000000000 seconds
[token:154, layer:1] 003:qkv-projection: 0.000104000 seconds
[token:154, layer:1] 004:apply-rope: 0.000001000 seconds
[token:154, layer:1] 005:compute-attention: 0.000025000 seconds
[token:154, layer:1] 006:attention-output: 0.000036000 seconds
[token:154, layer:1] 007:ffn-norm: 0.000000000 seconds
[token:154, layer:1] 008:ffn-up-projection: 0.000187000 seconds
[token:154, layer:1] 009:ffn-swiglu: 0.000001000 seconds
[token:154, layer:1] 010:ffn-down-projection: 0.000134000 seconds
[token:154, layer:1] 102:layer-compute-total: 0.000488000 seconds
[token:154, layer:2] 002:attention-norm: 0.000001000 seconds
[token:154, layer:2] 003:qkv-projection: 0.000109000 seconds
[token:154, layer:2] 004:apply-rope: 0.000001000 seconds
[token:154, layer:2] 005:compute-attention: 0.000024000 seconds
[token:154, layer:2] 006:attention-output: 0.000035000 seconds
[token:154, layer:2] 007:ffn-norm: 0.000000000 seconds
[token:154, layer:2] 008:ffn-up-projection: 0.000187000 seconds
[token:154, layer:2] 009:ffn-swiglu: 0.000001000 seconds
[token:154, layer:2] 010:ffn-down-projection: 0.000134000 seconds
[token:154, layer:2] 102:layer-compute-total: 0.000492000 seconds
[token:154, layer:3] 002:attention-norm: 0.000000000 seconds
[token:154, layer:3] 003:qkv-projection: 0.000105000 seconds
[token:154, layer:3] 004:apply-rope: 0.000001000 seconds
[token:154, layer:3] 005:compute-attention: 0.000024000 seconds
[token:154, layer:3] 006:attention-output: 0.000035000 seconds
[token:154, layer:3] 007:ffn-norm: 0.000000000 seconds
[token:154, layer:3] 008:ffn-up-projection: 0.000186000 seconds
[token:154, layer:3] 009:ffn-swiglu: 0.000001000 seconds
[token:154, layer:3] 010:ffn-down-projection: 0.000134000 seconds
[token:154, layer:3] 102:layer-compute-total: 0.000486000 seconds
[token:154, layer:4] 002:attention-norm: 0.000000000 seconds
[token:154, layer:4] 003:qkv-projection: 0.000105000 seconds
[token:154, layer:4] 004:apply-rope: 0.000001000 seconds
[token:154, layer:4] 005:compute-attention: 0.000023000 seconds
[token:154, layer:4] 006:attention-output: 0.000036000 seconds
[token:154, layer:4] 007:ffn-norm: 0.000000000 seconds
[token:154, layer:4] 008:ffn-up-projection: 0.000186000 seconds
[token:154, layer:4] 009:ffn-swiglu: 0.000001000 seconds
[token:154, layer:4] 010:ffn-down-projection: 0.000137000 seconds
[token:154, layer:4] 102:layer-compute-total: 0.000489000 seconds
[token:154, layer:5] 002:attention-norm: 0.000001000 seconds
[token:154, layer:5] 003:qkv-projection: 0.000105000 seconds
[token:154, layer:5] 004:apply-rope: 0.000002000 seconds
[token:154, layer:5] 005:compute-attention: 0.000023000 seconds
[token:154, layer:5] 006:attention-output: 0.000035000 seconds
[token:154, layer:5] 007:ffn-norm: 0.000000000 seconds
[token:154, layer:5] 008:ffn-up-projection: 0.000187000 seconds
[token:154, layer:5] 009:ffn-swiglu: 0.000001000 seconds
[token:154, layer:5] 010:ffn-down-projection: 0.000134000 seconds
[token:154, layer:5] 102:layer-compute-total: 0.000488000 seconds
[token:154] 011:final-projection: 0.004006000 seconds
[token:154] 103:forward-compute-total: 0.006951000 seconds
[token:155] 001:embedding-lookup: 0.000000000 seconds
[token:155, layer:0] 002:attention-norm: 0.000000000 seconds
[token:155, layer:0] 003:qkv-projection: 0.000128000 seconds
[token:155, layer:0] 004:apply-rope: 0.000002000 seconds
[token:155, layer:0] 005:compute-attention: 0.000046000 seconds
[token:155, layer:0] 006:attention-output: 0.000039000 seconds
[token:155, layer:0] 007:ffn-norm: 0.000000000 seconds
[token:155, layer:0] 008:ffn-up-projection: 0.000200000 seconds
[token:155, layer:0] 009:ffn-swiglu: 0.000002000 seconds
[token:155, layer:0] 010:ffn-down-projection: 0.000139000 seconds
[token:155, layer:0] 102:layer-compute-total: 0.000556000 seconds
[token:155, layer:1] 002:attention-norm: 0.000000000 seconds
[token:155, layer:1] 003:qkv-projection: 0.000110000 seconds
[token:155, layer:1] 004:apply-rope: 0.000001000 seconds
[token:155, layer:1] 005:compute-attention: 0.000038000 seconds
[token:155, layer:1] 006:attention-output: 0.000039000 seconds
[token:155, layer:1] 007:ffn-norm: 0.000001000 seconds
[token:155, layer:1] 008:ffn-up-projection: 0.000221000 seconds
[token:155, layer:1] 009:ffn-swiglu: 0.000001000 seconds
[token:155, layer:1] 010:ffn-down-projection: 0.000138000 seconds
[token:155, layer:1] 102:layer-compute-total: 0.000549000 seconds
[token:155, layer:2] 002:attention-norm: 0.000001000 seconds
[token:155, layer:2] 003:qkv-projection: 0.000111000 seconds
[token:155, layer:2] 004:apply-rope: 0.000002000 seconds
[token:155, layer:2] 005:compute-attention: 0.000034000 seconds
[token:155, layer:2] 006:attention-output: 0.000037000 seconds
[token:155, layer:2] 007:ffn-norm: 0.000000000 seconds
[token:155, layer:2] 008:ffn-up-projection: 0.000187000 seconds
[token:155, layer:2] 009:ffn-swiglu: 0.000001000 seconds
[token:155, layer:2] 010:ffn-down-projection: 0.000133000 seconds
[token:155, layer:2] 102:layer-compute-total: 0.000506000 seconds
[token:155, layer:3] 002:attention-norm: 0.000001000 seconds
[token:155, layer:3] 003:qkv-projection: 0.000105000 seconds
[token:155, layer:3] 004:apply-rope: 0.000001000 seconds
[token:155, layer:3] 005:compute-attention: 0.000033000 seconds
[token:155, layer:3] 006:attention-output: 0.000035000 seconds
[token:155, layer:3] 007:ffn-norm: 0.000000000 seconds
[token:155, layer:3] 008:ffn-up-projection: 0.000187000 seconds
[token:155, layer:3] 009:ffn-swiglu: 0.000001000 seconds
[token:155, layer:3] 010:ffn-down-projection: 0.000133000 seconds
[token:155, layer:3] 102:layer-compute-total: 0.000496000 seconds
[token:155, layer:4] 002:attention-norm: 0.000000000 seconds
[token:155, layer:4] 003:qkv-projection: 0.000105000 seconds
[token:155, layer:4] 004:apply-rope: 0.000002000 seconds
[token:155, layer:4] 005:compute-attention: 0.000033000 seconds
[token:155, layer:4] 006:attention-output: 0.000036000 seconds
[token:155, layer:4] 007:ffn-norm: 0.000000000 seconds
[token:155, layer:4] 008:ffn-up-projection: 0.000187000 seconds
[token:155, layer:4] 009:ffn-swiglu: 0.000001000 seconds
[token:155, layer:4] 010:ffn-down-projection: 0.000134000 seconds
[token:155, layer:4] 102:layer-compute-total: 0.000498000 seconds
[token:155, layer:5] 002:attention-norm: 0.000000000 seconds
[token:155, layer:5] 003:qkv-projection: 0.000105000 seconds
[token:155, layer:5] 004:apply-rope: 0.000001000 seconds
[token:155, layer:5] 005:compute-attention: 0.000032000 seconds
[token:155, layer:5] 006:attention-output: 0.000035000 seconds
[token:155, layer:5] 007:ffn-norm: 0.000000000 seconds
[token:155, layer:5] 008:ffn-up-projection: 0.000190000 seconds
[token:155, layer:5] 009:ffn-swiglu: 0.000001000 seconds
[token:155, layer:5] 010:ffn-down-projection: 0.000136000 seconds
[token:155, layer:5] 102:layer-compute-total: 0.000500000 seconds
[token:155] 011:final-projection: 0.003956000 seconds
[token:155] 103:forward-compute-total: 0.007061000 seconds
[token:156] 001:embedding-lookup: 0.000001000 seconds
[token:156, layer:0] 002:attention-norm: 0.000000000 seconds
[token:156, layer:0] 003:qkv-projection: 0.000115000 seconds
[token:156, layer:0] 004:apply-rope: 0.000001000 seconds
[token:156, layer:0] 005:compute-attention: 0.000031000 seconds
[token:156, layer:0] 006:attention-output: 0.000040000 seconds
[token:156, layer:0] 007:ffn-norm: 0.000001000 seconds
[token:156, layer:0] 008:ffn-up-projection: 0.000187000 seconds
[token:156, layer:0] 009:ffn-swiglu: 0.000001000 seconds
[token:156, layer:0] 010:ffn-down-projection: 0.000134000 seconds
[token:156, layer:0] 102:layer-compute-total: 0.000510000 seconds
[token:156, layer:1] 002:attention-norm: 0.000000000 seconds
[token:156, layer:1] 003:qkv-projection: 0.000107000 seconds
[token:156, layer:1] 004:apply-rope: 0.000001000 seconds
[token:156, layer:1] 005:compute-attention: 0.000028000 seconds
[token:156, layer:1] 006:attention-output: 0.000035000 seconds
[token:156, layer:1] 007:ffn-norm: 0.000001000 seconds
[token:156, layer:1] 008:ffn-up-projection: 0.000187000 seconds
[token:156, layer:1] 009:ffn-swiglu: 0.000001000 seconds
[token:156, layer:1] 010:ffn-down-projection: 0.000138000 seconds
[token:156, layer:1] 102:layer-compute-total: 0.000498000 seconds
[token:156, layer:2] 002:attention-norm: 0.000001000 seconds
[token:156, layer:2] 003:qkv-projection: 0.000108000 seconds
[token:156, layer:2] 004:apply-rope: 0.000002000 seconds
[token:156, layer:2] 005:compute-attention: 0.000026000 seconds
[token:156, layer:2] 006:attention-output: 0.000035000 seconds
[token:156, layer:2] 007:ffn-norm: 0.000000000 seconds
[token:156, layer:2] 008:ffn-up-projection: 0.000187000 seconds
[token:156, layer:2] 009:ffn-swiglu: 0.000001000 seconds
[token:156, layer:2] 010:ffn-down-projection: 0.000138000 seconds
[token:156, layer:2] 102:layer-compute-total: 0.000498000 seconds
[token:156, layer:3] 002:attention-norm: 0.000000000 seconds
[token:156, layer:3] 003:qkv-projection: 0.000106000 seconds
[token:156, layer:3] 004:apply-rope: 0.000001000 seconds
[token:156, layer:3] 005:compute-attention: 0.000026000 seconds
[token:156, layer:3] 006:attention-output: 0.000041000 seconds
[token:156, layer:3] 007:ffn-norm: 0.000000000 seconds
[token:156, layer:3] 008:ffn-up-projection: 0.000191000 seconds
[token:156, layer:3] 009:ffn-swiglu: 0.000001000 seconds
[token:156, layer:3] 010:ffn-down-projection: 0.000134000 seconds
[token:156, layer:3] 102:layer-compute-total: 0.000500000 seconds
[token:156, layer:4] 002:attention-norm: 0.000000000 seconds
[token:156, layer:4] 003:qkv-projection: 0.000107000 seconds
[token:156, layer:4] 004:apply-rope: 0.000001000 seconds
[token:156, layer:4] 005:compute-attention: 0.000025000 seconds
[token:156, layer:4] 006:attention-output: 0.000035000 seconds
[token:156, layer:4] 007:ffn-norm: 0.000000000 seconds
[token:156, layer:4] 008:ffn-up-projection: 0.000186000 seconds
[token:156, layer:4] 009:ffn-swiglu: 0.000001000 seconds
[token:156, layer:4] 010:ffn-down-projection: 0.000134000 seconds
[token:156, layer:4] 102:layer-compute-total: 0.000489000 seconds
[token:156, layer:5] 002:attention-norm: 0.000000000 seconds
[token:156, layer:5] 003:qkv-projection: 0.000107000 seconds
[token:156, layer:5] 004:apply-rope: 0.000001000 seconds
[token:156, layer:5] 005:compute-attention: 0.000024000 seconds
[token:156, layer:5] 006:attention-output: 0.000035000 seconds
[token:156, layer:5] 007:ffn-norm: 0.000000000 seconds
[token:156, layer:5] 008:ffn-up-projection: 0.000187000 seconds
[token:156, layer:5] 009:ffn-swiglu: 0.000001000 seconds
[token:156, layer:5] 010:ffn-down-projection: 0.000138000 seconds
[token:156, layer:5] 102:layer-compute-total: 0.000493000 seconds
[token:156] 011:final-projection: 0.003978000 seconds
[token:156] 103:forward-compute-total: 0.006967000 seconds
[token:157] 001:embedding-lookup: 0.000000000 seconds
[token:157, layer:0] 002:attention-norm: 0.000000000 seconds
[token:157, layer:0] 003:qkv-projection: 0.000109000 seconds
[token:157, layer:0] 004:apply-rope: 0.000002000 seconds
[token:157, layer:0] 005:compute-attention: 0.000025000 seconds
[token:157, layer:0] 006:attention-output: 0.000036000 seconds
[token:157, layer:0] 007:ffn-norm: 0.000001000 seconds
[token:157, layer:0] 008:ffn-up-projection: 0.000189000 seconds
[token:157, layer:0] 009:ffn-swiglu: 0.000001000 seconds
[token:157, layer:0] 010:ffn-down-projection: 0.000136000 seconds
[token:157, layer:0] 102:layer-compute-total: 0.000499000 seconds
[token:157, layer:1] 002:attention-norm: 0.000000000 seconds
[token:157, layer:1] 003:qkv-projection: 0.000107000 seconds
[token:157, layer:1] 004:apply-rope: 0.000001000 seconds
[token:157, layer:1] 005:compute-attention: 0.000027000 seconds
[token:157, layer:1] 006:attention-output: 0.000035000 seconds
[token:157, layer:1] 007:ffn-norm: 0.000001000 seconds
[token:157, layer:1] 008:ffn-up-projection: 0.000190000 seconds
[token:157, layer:1] 009:ffn-swiglu: 0.000001000 seconds
[token:157, layer:1] 010:ffn-down-projection: 0.000140000 seconds
[token:157, layer:1] 102:layer-compute-total: 0.000502000 seconds
[token:157, layer:2] 002:attention-norm: 0.000000000 seconds
[token:157, layer:2] 003:qkv-projection: 0.000107000 seconds
[token:157, layer:2] 004:apply-rope: 0.000001000 seconds
[token:157, layer:2] 005:compute-attention: 0.000027000 seconds
[token:157, layer:2] 006:attention-output: 0.000036000 seconds
[token:157, layer:2] 007:ffn-norm: 0.000000000 seconds
[token:157, layer:2] 008:ffn-up-projection: 0.000190000 seconds
[token:157, layer:2] 009:ffn-swiglu: 0.000001000 seconds
[token:157, layer:2] 010:ffn-down-projection: 0.000149000 seconds
[token:157, layer:2] 102:layer-compute-total: 0.000511000 seconds
[token:157, layer:3] 002:attention-norm: 0.000000000 seconds
[token:157, layer:3] 003:qkv-projection: 0.000157000 seconds
[token:157, layer:3] 004:apply-rope: 0.000002000 seconds
[token:157, layer:3] 005:compute-attention: 0.000030000 seconds
[token:157, layer:3] 006:attention-output: 0.000061000 seconds
[token:157, layer:3] 007:ffn-norm: 0.000000000 seconds
[token:157, layer:3] 008:ffn-up-projection: 0.000197000 seconds
[token:157, layer:3] 009:ffn-swiglu: 0.000001000 seconds
[token:157, layer:3] 010:ffn-down-projection: 0.000137000 seconds
[token:157, layer:3] 102:layer-compute-total: 0.000585000 seconds
[token:157, layer:4] 002:attention-norm: 0.000000000 seconds
[token:157, layer:4] 003:qkv-projection: 0.000123000 seconds
[token:157, layer:4] 004:apply-rope: 0.000002000 seconds
[token:157, layer:4] 005:compute-attention: 0.000036000 seconds
[token:157, layer:4] 006:attention-output: 0.000035000 seconds
[token:157, layer:4] 007:ffn-norm: 0.000001000 seconds
[token:157, layer:4] 008:ffn-up-projection: 0.000207000 seconds
[token:157, layer:4] 009:ffn-swiglu: 0.000001000 seconds
[token:157, layer:4] 010:ffn-down-projection: 0.000134000 seconds
[token:157, layer:4] 102:layer-compute-total: 0.000539000 seconds
[token:157, layer:5] 002:attention-norm: 0.000000000 seconds
[token:157, layer:5] 003:qkv-projection: 0.000106000 seconds
[token:157, layer:5] 004:apply-rope: 0.000001000 seconds
[token:157, layer:5] 005:compute-attention: 0.000034000 seconds
[token:157, layer:5] 006:attention-output: 0.000035000 seconds
[token:157, layer:5] 007:ffn-norm: 0.000000000 seconds
[token:157, layer:5] 008:ffn-up-projection: 0.000187000 seconds
[token:157, layer:5] 009:ffn-swiglu: 0.000001000 seconds
[token:157, layer:5] 010:ffn-down-projection: 0.000137000 seconds
[token:157, layer:5] 102:layer-compute-total: 0.000501000 seconds
[token:157] 011:final-projection: 0.003940000 seconds
[token:157] 103:forward-compute-total: 0.007077000 seconds
[token:158] 001:embedding-lookup: 0.000000000 seconds
[token:158, layer:0] 002:attention-norm: 0.000001000 seconds
[token:158, layer:0] 003:qkv-projection: 0.000112000 seconds
[token:158, layer:0] 004:apply-rope: 0.000001000 seconds
[token:158, layer:0] 005:compute-attention: 0.000032000 seconds
[token:158, layer:0] 006:attention-output: 0.000035000 seconds
[token:158, layer:0] 007:ffn-norm: 0.000000000 seconds
[token:158, layer:0] 008:ffn-up-projection: 0.000187000 seconds
[token:158, layer:0] 009:ffn-swiglu: 0.000001000 seconds
[token:158, layer:0] 010:ffn-down-projection: 0.000133000 seconds
[token:158, layer:0] 102:layer-compute-total: 0.000502000 seconds
[token:158, layer:1] 002:attention-norm: 0.000000000 seconds
[token:158, layer:1] 003:qkv-projection: 0.000105000 seconds
[token:158, layer:1] 004:apply-rope: 0.000001000 seconds
[token:158, layer:1] 005:compute-attention: 0.000031000 seconds
[token:158, layer:1] 006:attention-output: 0.000036000 seconds
[token:158, layer:1] 007:ffn-norm: 0.000000000 seconds
[token:158, layer:1] 008:ffn-up-projection: 0.000187000 seconds
[token:158, layer:1] 009:ffn-swiglu: 0.000001000 seconds
[token:158, layer:1] 010:ffn-down-projection: 0.000134000 seconds
[token:158, layer:1] 102:layer-compute-total: 0.000495000 seconds
[token:158, layer:2] 002:attention-norm: 0.000001000 seconds
[token:158, layer:2] 003:qkv-projection: 0.000106000 seconds
[token:158, layer:2] 004:apply-rope: 0.000002000 seconds
[token:158, layer:2] 005:compute-attention: 0.000031000 seconds
[token:158, layer:2] 006:attention-output: 0.000035000 seconds
[token:158, layer:2] 007:ffn-norm: 0.000000000 seconds
[token:158, layer:2] 008:ffn-up-projection: 0.000191000 seconds
[token:158, layer:2] 009:ffn-swiglu: 0.000001000 seconds
[token:158, layer:2] 010:ffn-down-projection: 0.000137000 seconds
[token:158, layer:2] 102:layer-compute-total: 0.000504000 seconds
[token:158, layer:3] 002:attention-norm: 0.000000000 seconds
[token:158, layer:3] 003:qkv-projection: 0.000106000 seconds
[token:158, layer:3] 004:apply-rope: 0.000001000 seconds
[token:158, layer:3] 005:compute-attention: 0.000031000 seconds
[token:158, layer:3] 006:attention-output: 0.000035000 seconds
[token:158, layer:3] 007:ffn-norm: 0.000000000 seconds
[token:158, layer:3] 008:ffn-up-projection: 0.000189000 seconds
[token:158, layer:3] 009:ffn-swiglu: 0.000001000 seconds
[token:158, layer:3] 010:ffn-down-projection: 0.000134000 seconds
[token:158, layer:3] 102:layer-compute-total: 0.000497000 seconds
[token:158, layer:4] 002:attention-norm: 0.000000000 seconds
[token:158, layer:4] 003:qkv-projection: 0.000105000 seconds
[token:158, layer:4] 004:apply-rope: 0.000002000 seconds
[token:158, layer:4] 005:compute-attention: 0.000028000 seconds
[token:158, layer:4] 006:attention-output: 0.000035000 seconds
[token:158, layer:4] 007:ffn-norm: 0.000000000 seconds
[token:158, layer:4] 008:ffn-up-projection: 0.000187000 seconds
[token:158, layer:4] 009:ffn-swiglu: 0.000001000 seconds
[token:158, layer:4] 010:ffn-down-projection: 0.000141000 seconds
[token:158, layer:4] 102:layer-compute-total: 0.000499000 seconds
[token:158, layer:5] 002:attention-norm: 0.000001000 seconds
[token:158, layer:5] 003:qkv-projection: 0.000105000 seconds
[token:158, layer:5] 004:apply-rope: 0.000001000 seconds
[token:158, layer:5] 005:compute-attention: 0.000026000 seconds
[token:158, layer:5] 006:attention-output: 0.000035000 seconds
[token:158, layer:5] 007:ffn-norm: 0.000000000 seconds
[token:158, layer:5] 008:ffn-up-projection: 0.000187000 seconds
[token:158, layer:5] 009:ffn-swiglu: 0.000001000 seconds
[token:158, layer:5] 010:ffn-down-projection: 0.000134000 seconds
[token:158, layer:5] 102:layer-compute-total: 0.000490000 seconds
[token:158] 011:final-projection: 0.004021000 seconds
[token:158] 103:forward-compute-total: 0.007008000 seconds
[token:159] 001:embedding-lookup: 0.000000000 seconds
[token:159, layer:0] 002:attention-norm: 0.000000000 seconds
[token:159, layer:0] 003:qkv-projection: 0.000115000 seconds
[token:159, layer:0] 004:apply-rope: 0.000002000 seconds
[token:159, layer:0] 005:compute-attention: 0.000026000 seconds
[token:159, layer:0] 006:attention-output: 0.000035000 seconds
[token:159, layer:0] 007:ffn-norm: 0.000000000 seconds
[token:159, layer:0] 008:ffn-up-projection: 0.000186000 seconds
[token:159, layer:0] 009:ffn-swiglu: 0.000001000 seconds
[token:159, layer:0] 010:ffn-down-projection: 0.000133000 seconds
[token:159, layer:0] 102:layer-compute-total: 0.000498000 seconds
[token:159, layer:1] 002:attention-norm: 0.000000000 seconds
[token:159, layer:1] 003:qkv-projection: 0.000105000 seconds
[token:159, layer:1] 004:apply-rope: 0.000002000 seconds
[token:159, layer:1] 005:compute-attention: 0.000027000 seconds
[token:159, layer:1] 006:attention-output: 0.000035000 seconds
[token:159, layer:1] 007:ffn-norm: 0.000000000 seconds
[token:159, layer:1] 008:ffn-up-projection: 0.000207000 seconds
[token:159, layer:1] 009:ffn-swiglu: 0.000001000 seconds
[token:159, layer:1] 010:ffn-down-projection: 0.000139000 seconds
[token:159, layer:1] 102:layer-compute-total: 0.000516000 seconds
[token:159, layer:2] 002:attention-norm: 0.000001000 seconds
[token:159, layer:2] 003:qkv-projection: 0.000111000 seconds
[token:159, layer:2] 004:apply-rope: 0.000002000 seconds
[token:159, layer:2] 005:compute-attention: 0.000025000 seconds
[token:159, layer:2] 006:attention-output: 0.000036000 seconds
[token:159, layer:2] 007:ffn-norm: 0.000000000 seconds
[token:159, layer:2] 008:ffn-up-projection: 0.000194000 seconds
[token:159, layer:2] 009:ffn-swiglu: 0.000001000 seconds
[token:159, layer:2] 010:ffn-down-projection: 0.000136000 seconds
[token:159, layer:2] 102:layer-compute-total: 0.000506000 seconds
[token:159, layer:3] 002:attention-norm: 0.000001000 seconds
[token:159, layer:3] 003:qkv-projection: 0.000107000 seconds
[token:159, layer:3] 004:apply-rope: 0.000002000 seconds
[token:159, layer:3] 005:compute-attention: 0.000028000 seconds
[token:159, layer:3] 006:attention-output: 0.000035000 seconds
[token:159, layer:3] 007:ffn-norm: 0.000000000 seconds
[token:159, layer:3] 008:ffn-up-projection: 0.000190000 seconds
[token:159, layer:3] 009:ffn-swiglu: 0.000001000 seconds
[token:159, layer:3] 010:ffn-down-projection: 0.000135000 seconds
[token:159, layer:3] 102:layer-compute-total: 0.000499000 seconds
[token:159, layer:4] 002:attention-norm: 0.000000000 seconds
[token:159, layer:4] 003:qkv-projection: 0.000107000 seconds
[token:159, layer:4] 004:apply-rope: 0.000001000 seconds
[token:159, layer:4] 005:compute-attention: 0.000032000 seconds
[token:159, layer:4] 006:attention-output: 0.000036000 seconds
[token:159, layer:4] 007:ffn-norm: 0.000000000 seconds
[token:159, layer:4] 008:ffn-up-projection: 0.000190000 seconds
[token:159, layer:4] 009:ffn-swiglu: 0.000001000 seconds
[token:159, layer:4] 010:ffn-down-projection: 0.000136000 seconds
[token:159, layer:4] 102:layer-compute-total: 0.000503000 seconds
[token:159, layer:5] 002:attention-norm: 0.000000000 seconds
[token:159, layer:5] 003:qkv-projection: 0.000106000 seconds
[token:159, layer:5] 004:apply-rope: 0.000001000 seconds
[token:159, layer:5] 005:compute-attention: 0.000029000 seconds
[token:159, layer:5] 006:attention-output: 0.000035000 seconds
[token:159, layer:5] 007:ffn-norm: 0.000000000 seconds
[token:159, layer:5] 008:ffn-up-projection: 0.000218000 seconds
[token:159, layer:5] 009:ffn-swiglu: 0.000001000 seconds
[token:159, layer:5] 010:ffn-down-projection: 0.000222000 seconds
[token:159, layer:5] 102:layer-compute-total: 0.000612000 seconds
[token:159] 011:final-projection: 0.004000000 seconds
[token:159] 103:forward-compute-total: 0.007134000 seconds
[token:160] 001:embedding-lookup: 0.000001000 seconds
[token:160, layer:0] 002:attention-norm: 0.000000000 seconds
[token:160, layer:0] 003:qkv-projection: 0.000112000 seconds
[token:160, layer:0] 004:apply-rope: 0.000002000 seconds
[token:160, layer:0] 005:compute-attention: 0.000034000 seconds
[token:160, layer:0] 006:attention-output: 0.000035000 seconds
[token:160, layer:0] 007:ffn-norm: 0.000001000 seconds
[token:160, layer:0] 008:ffn-up-projection: 0.000186000 seconds
[token:160, layer:0] 009:ffn-swiglu: 0.000001000 seconds
[token:160, layer:0] 010:ffn-down-projection: 0.000134000 seconds
[token:160, layer:0] 102:layer-compute-total: 0.000505000 seconds
[token:160, layer:1] 002:attention-norm: 0.000001000 seconds
[token:160, layer:1] 003:qkv-projection: 0.000110000 seconds
[token:160, layer:1] 004:apply-rope: 0.000001000 seconds
[token:160, layer:1] 005:compute-attention: 0.000036000 seconds
[token:160, layer:1] 006:attention-output: 0.000036000 seconds
[token:160, layer:1] 007:ffn-norm: 0.000000000 seconds
[token:160, layer:1] 008:ffn-up-projection: 0.000188000 seconds
[token:160, layer:1] 009:ffn-swiglu: 0.000001000 seconds
[token:160, layer:1] 010:ffn-down-projection: 0.000137000 seconds
[token:160, layer:1] 102:layer-compute-total: 0.000510000 seconds
[token:160, layer:2] 002:attention-norm: 0.000001000 seconds
[token:160, layer:2] 003:qkv-projection: 0.000112000 seconds
[token:160, layer:2] 004:apply-rope: 0.000002000 seconds
[token:160, layer:2] 005:compute-attention: 0.000036000 seconds
[token:160, layer:2] 006:attention-output: 0.000036000 seconds
[token:160, layer:2] 007:ffn-norm: 0.000001000 seconds
[token:160, layer:2] 008:ffn-up-projection: 0.000189000 seconds
[token:160, layer:2] 009:ffn-swiglu: 0.000001000 seconds
[token:160, layer:2] 010:ffn-down-projection: 0.000143000 seconds
[token:160, layer:2] 102:layer-compute-total: 0.000521000 seconds
[token:160, layer:3] 002:attention-norm: 0.000000000 seconds
[token:160, layer:3] 003:qkv-projection: 0.000105000 seconds
[token:160, layer:3] 004:apply-rope: 0.000001000 seconds
[token:160, layer:3] 005:compute-attention: 0.000032000 seconds
[token:160, layer:3] 006:attention-output: 0.000035000 seconds
[token:160, layer:3] 007:ffn-norm: 0.000000000 seconds
[token:160, layer:3] 008:ffn-up-projection: 0.000187000 seconds
[token:160, layer:3] 009:ffn-swiglu: 0.000001000 seconds
[token:160, layer:3] 010:ffn-down-projection: 0.000134000 seconds
[token:160, layer:3] 102:layer-compute-total: 0.000495000 seconds
[token:160, layer:4] 002:attention-norm: 0.000000000 seconds
[token:160, layer:4] 003:qkv-projection: 0.000106000 seconds
[token:160, layer:4] 004:apply-rope: 0.000001000 seconds
[token:160, layer:4] 005:compute-attention: 0.000032000 seconds
[token:160, layer:4] 006:attention-output: 0.000035000 seconds
[token:160, layer:4] 007:ffn-norm: 0.000001000 seconds
[token:160, layer:4] 008:ffn-up-projection: 0.000187000 seconds
[token:160, layer:4] 009:ffn-swiglu: 0.000001000 seconds
[token:160, layer:4] 010:ffn-down-projection: 0.000134000 seconds
[token:160, layer:4] 102:layer-compute-total: 0.000497000 seconds
[token:160, layer:5] 002:attention-norm: 0.000000000 seconds
[token:160, layer:5] 003:qkv-projection: 0.000105000 seconds
[token:160, layer:5] 004:apply-rope: 0.000001000 seconds
[token:160, layer:5] 005:compute-attention: 0.000033000 seconds
[token:160, layer:5] 006:attention-output: 0.000036000 seconds
[token:160, layer:5] 007:ffn-norm: 0.000000000 seconds
[token:160, layer:5] 008:ffn-up-projection: 0.000190000 seconds
[token:160, layer:5] 009:ffn-swiglu: 0.000001000 seconds
[token:160, layer:5] 010:ffn-down-projection: 0.000136000 seconds
[token:160, layer:5] 102:layer-compute-total: 0.000502000 seconds
[token:160] 011:final-projection: 0.003994000 seconds
[token:160] 103:forward-compute-total: 0.007025000 seconds
[token:161] 001:embedding-lookup: 0.000000000 seconds
[token:161, layer:0] 002:attention-norm: 0.000000000 seconds
[token:161, layer:0] 003:qkv-projection: 0.000112000 seconds
[token:161, layer:0] 004:apply-rope: 0.000002000 seconds
[token:161, layer:0] 005:compute-attention: 0.000026000 seconds
[token:161, layer:0] 006:attention-output: 0.000035000 seconds
[token:161, layer:0] 007:ffn-norm: 0.000000000 seconds
[token:161, layer:0] 008:ffn-up-projection: 0.000187000 seconds
[token:161, layer:0] 009:ffn-swiglu: 0.000001000 seconds
[token:161, layer:0] 010:ffn-down-projection: 0.000134000 seconds
[token:161, layer:0] 102:layer-compute-total: 0.000497000 seconds
[token:161, layer:1] 002:attention-norm: 0.000000000 seconds
[token:161, layer:1] 003:qkv-projection: 0.000105000 seconds
[token:161, layer:1] 004:apply-rope: 0.000002000 seconds
[token:161, layer:1] 005:compute-attention: 0.000025000 seconds
[token:161, layer:1] 006:attention-output: 0.000035000 seconds
[token:161, layer:1] 007:ffn-norm: 0.000000000 seconds
[token:161, layer:1] 008:ffn-up-projection: 0.000187000 seconds
[token:161, layer:1] 009:ffn-swiglu: 0.000001000 seconds
[token:161, layer:1] 010:ffn-down-projection: 0.000134000 seconds
[token:161, layer:1] 102:layer-compute-total: 0.000489000 seconds
[token:161, layer:2] 002:attention-norm: 0.000000000 seconds
[token:161, layer:2] 003:qkv-projection: 0.000105000 seconds
[token:161, layer:2] 004:apply-rope: 0.000001000 seconds
[token:161, layer:2] 005:compute-attention: 0.000025000 seconds
[token:161, layer:2] 006:attention-output: 0.000035000 seconds
[token:161, layer:2] 007:ffn-norm: 0.000000000 seconds
[token:161, layer:2] 008:ffn-up-projection: 0.000186000 seconds
[token:161, layer:2] 009:ffn-swiglu: 0.000001000 seconds
[token:161, layer:2] 010:ffn-down-projection: 0.000137000 seconds
[token:161, layer:2] 102:layer-compute-total: 0.000490000 seconds
[token:161, layer:3] 002:attention-norm: 0.000000000 seconds
[token:161, layer:3] 003:qkv-projection: 0.000112000 seconds
[token:161, layer:3] 004:apply-rope: 0.000001000 seconds
[token:161, layer:3] 005:compute-attention: 0.000025000 seconds
[token:161, layer:3] 006:attention-output: 0.000035000 seconds
[token:161, layer:3] 007:ffn-norm: 0.000000000 seconds
[token:161, layer:3] 008:ffn-up-projection: 0.000187000 seconds
[token:161, layer:3] 009:ffn-swiglu: 0.000001000 seconds
[token:161, layer:3] 010:ffn-down-projection: 0.000134000 seconds
[token:161, layer:3] 102:layer-compute-total: 0.000495000 seconds
[token:161, layer:4] 002:attention-norm: 0.000001000 seconds
[token:161, layer:4] 003:qkv-projection: 0.000105000 seconds
[token:161, layer:4] 004:apply-rope: 0.000001000 seconds
[token:161, layer:4] 005:compute-attention: 0.000025000 seconds
[token:161, layer:4] 006:attention-output: 0.000036000 seconds
[token:161, layer:4] 007:ffn-norm: 0.000001000 seconds
[token:161, layer:4] 008:ffn-up-projection: 0.000187000 seconds
[token:161, layer:4] 009:ffn-swiglu: 0.000001000 seconds
[token:161, layer:4] 010:ffn-down-projection: 0.000146000 seconds
[token:161, layer:4] 102:layer-compute-total: 0.000503000 seconds
[token:161, layer:5] 002:attention-norm: 0.000000000 seconds
[token:161, layer:5] 003:qkv-projection: 0.000118000 seconds
[token:161, layer:5] 004:apply-rope: 0.000002000 seconds
[token:161, layer:5] 005:compute-attention: 0.000026000 seconds
[token:161, layer:5] 006:attention-output: 0.000035000 seconds
[token:161, layer:5] 007:ffn-norm: 0.000001000 seconds
[token:161, layer:5] 008:ffn-up-projection: 0.000193000 seconds
[token:161, layer:5] 009:ffn-swiglu: 0.000001000 seconds
[token:161, layer:5] 010:ffn-down-projection: 0.000143000 seconds
[token:161, layer:5] 102:layer-compute-total: 0.000519000 seconds
[token:161] 011:final-projection: 0.004263000 seconds
[token:161] 103:forward-compute-total: 0.007256000 seconds
[token:162] 001:embedding-lookup: 0.000001000 seconds
[token:162, layer:0] 002:attention-norm: 0.000000000 seconds
[token:162, layer:0] 003:qkv-projection: 0.000112000 seconds
[token:162, layer:0] 004:apply-rope: 0.000002000 seconds
[token:162, layer:0] 005:compute-attention: 0.000034000 seconds
[token:162, layer:0] 006:attention-output: 0.000035000 seconds
[token:162, layer:0] 007:ffn-norm: 0.000000000 seconds
[token:162, layer:0] 008:ffn-up-projection: 0.000187000 seconds
[token:162, layer:0] 009:ffn-swiglu: 0.000001000 seconds
[token:162, layer:0] 010:ffn-down-projection: 0.000134000 seconds
[token:162, layer:0] 102:layer-compute-total: 0.000505000 seconds
[token:162, layer:1] 002:attention-norm: 0.000000000 seconds
[token:162, layer:1] 003:qkv-projection: 0.000105000 seconds
[token:162, layer:1] 004:apply-rope: 0.000001000 seconds
[token:162, layer:1] 005:compute-attention: 0.000034000 seconds
[token:162, layer:1] 006:attention-output: 0.000035000 seconds
[token:162, layer:1] 007:ffn-norm: 0.000000000 seconds
[token:162, layer:1] 008:ffn-up-projection: 0.000188000 seconds
[token:162, layer:1] 009:ffn-swiglu: 0.000001000 seconds
[token:162, layer:1] 010:ffn-down-projection: 0.000136000 seconds
[token:162, layer:1] 102:layer-compute-total: 0.000500000 seconds
[token:162, layer:2] 002:attention-norm: 0.000000000 seconds
[token:162, layer:2] 003:qkv-projection: 0.000106000 seconds
[token:162, layer:2] 004:apply-rope: 0.000001000 seconds
[token:162, layer:2] 005:compute-attention: 0.000034000 seconds
[token:162, layer:2] 006:attention-output: 0.000035000 seconds
[token:162, layer:2] 007:ffn-norm: 0.000000000 seconds
[token:162, layer:2] 008:ffn-up-projection: 0.000186000 seconds
[token:162, layer:2] 009:ffn-swiglu: 0.000001000 seconds
[token:162, layer:2] 010:ffn-down-projection: 0.000138000 seconds
[token:162, layer:2] 102:layer-compute-total: 0.000501000 seconds
[token:162, layer:3] 002:attention-norm: 0.000000000 seconds
[token:162, layer:3] 003:qkv-projection: 0.000105000 seconds
[token:162, layer:3] 004:apply-rope: 0.000001000 seconds
[token:162, layer:3] 005:compute-attention: 0.000034000 seconds
[token:162, layer:3] 006:attention-output: 0.000035000 seconds
[token:162, layer:3] 007:ffn-norm: 0.000000000 seconds
[token:162, layer:3] 008:ffn-up-projection: 0.000187000 seconds
[token:162, layer:3] 009:ffn-swiglu: 0.000002000 seconds
[token:162, layer:3] 010:ffn-down-projection: 0.000135000 seconds
[token:162, layer:3] 102:layer-compute-total: 0.000499000 seconds
[token:162, layer:4] 002:attention-norm: 0.000000000 seconds
[token:162, layer:4] 003:qkv-projection: 0.000106000 seconds
[token:162, layer:4] 004:apply-rope: 0.000002000 seconds
[token:162, layer:4] 005:compute-attention: 0.000036000 seconds
[token:162, layer:4] 006:attention-output: 0.000036000 seconds
[token:162, layer:4] 007:ffn-norm: 0.000000000 seconds
[token:162, layer:4] 008:ffn-up-projection: 0.000187000 seconds
[token:162, layer:4] 009:ffn-swiglu: 0.000001000 seconds
[token:162, layer:4] 010:ffn-down-projection: 0.000141000 seconds
[token:162, layer:4] 102:layer-compute-total: 0.000509000 seconds
[token:162, layer:5] 002:attention-norm: 0.000000000 seconds
[token:162, layer:5] 003:qkv-projection: 0.000110000 seconds
[token:162, layer:5] 004:apply-rope: 0.000001000 seconds
[token:162, layer:5] 005:compute-attention: 0.000034000 seconds
[token:162, layer:5] 006:attention-output: 0.000041000 seconds
[token:162, layer:5] 007:ffn-norm: 0.000000000 seconds
[token:162, layer:5] 008:ffn-up-projection: 0.000186000 seconds
[token:162, layer:5] 009:ffn-swiglu: 0.000001000 seconds
[token:162, layer:5] 010:ffn-down-projection: 0.000133000 seconds
[token:162, layer:5] 102:layer-compute-total: 0.000506000 seconds
[token:162] 011:final-projection: 0.003951000 seconds
[token:162] 103:forward-compute-total: 0.006972000 seconds
[token:163] 001:embedding-lookup: 0.000001000 seconds
[token:163, layer:0] 002:attention-norm: 0.000000000 seconds
[token:163, layer:0] 003:qkv-projection: 0.000112000 seconds
[token:163, layer:0] 004:apply-rope: 0.000002000 seconds
[token:163, layer:0] 005:compute-attention: 0.000026000 seconds
[token:163, layer:0] 006:attention-output: 0.000035000 seconds
[token:163, layer:0] 007:ffn-norm: 0.000000000 seconds
[token:163, layer:0] 008:ffn-up-projection: 0.000187000 seconds
[token:163, layer:0] 009:ffn-swiglu: 0.000001000 seconds
[token:163, layer:0] 010:ffn-down-projection: 0.000134000 seconds
[token:163, layer:0] 102:layer-compute-total: 0.000497000 seconds
[token:163, layer:1] 002:attention-norm: 0.000000000 seconds
[token:163, layer:1] 003:qkv-projection: 0.000105000 seconds
[token:163, layer:1] 004:apply-rope: 0.000001000 seconds
[token:163, layer:1] 005:compute-attention: 0.000027000 seconds
[token:163, layer:1] 006:attention-output: 0.000035000 seconds
[token:163, layer:1] 007:ffn-norm: 0.000001000 seconds
[token:163, layer:1] 008:ffn-up-projection: 0.000187000 seconds
[token:163, layer:1] 009:ffn-swiglu: 0.000001000 seconds
[token:163, layer:1] 010:ffn-down-projection: 0.000134000 seconds
[token:163, layer:1] 102:layer-compute-total: 0.000491000 seconds
[token:163, layer:2] 002:attention-norm: 0.000000000 seconds
[token:163, layer:2] 003:qkv-projection: 0.000105000 seconds
[token:163, layer:2] 004:apply-rope: 0.000001000 seconds
[token:163, layer:2] 005:compute-attention: 0.000027000 seconds
[token:163, layer:2] 006:attention-output: 0.000035000 seconds
[token:163, layer:2] 007:ffn-norm: 0.000000000 seconds
[token:163, layer:2] 008:ffn-up-projection: 0.000186000 seconds
[token:163, layer:2] 009:ffn-swiglu: 0.000001000 seconds
[token:163, layer:2] 010:ffn-down-projection: 0.000134000 seconds
[token:163, layer:2] 102:layer-compute-total: 0.000489000 seconds
[token:163, layer:3] 002:attention-norm: 0.000000000 seconds
[token:163, layer:3] 003:qkv-projection: 0.000105000 seconds
[token:163, layer:3] 004:apply-rope: 0.000002000 seconds
[token:163, layer:3] 005:compute-attention: 0.000025000 seconds
[token:163, layer:3] 006:attention-output: 0.000035000 seconds
[token:163, layer:3] 007:ffn-norm: 0.000000000 seconds
[token:163, layer:3] 008:ffn-up-projection: 0.000187000 seconds
[token:163, layer:3] 009:ffn-swiglu: 0.000001000 seconds
[token:163, layer:3] 010:ffn-down-projection: 0.000134000 seconds
[token:163, layer:3] 102:layer-compute-total: 0.000489000 seconds
[token:163, layer:4] 002:attention-norm: 0.000000000 seconds
[token:163, layer:4] 003:qkv-projection: 0.000109000 seconds
[token:163, layer:4] 004:apply-rope: 0.000001000 seconds
[token:163, layer:4] 005:compute-attention: 0.000026000 seconds
[token:163, layer:4] 006:attention-output: 0.000036000 seconds
[token:163, layer:4] 007:ffn-norm: 0.000001000 seconds
[token:163, layer:4] 008:ffn-up-projection: 0.000186000 seconds
[token:163, layer:4] 009:ffn-swiglu: 0.000001000 seconds
[token:163, layer:4] 010:ffn-down-projection: 0.000134000 seconds
[token:163, layer:4] 102:layer-compute-total: 0.000494000 seconds
[token:163, layer:5] 002:attention-norm: 0.000001000 seconds
[token:163, layer:5] 003:qkv-projection: 0.000105000 seconds
[token:163, layer:5] 004:apply-rope: 0.000001000 seconds
[token:163, layer:5] 005:compute-attention: 0.000025000 seconds
[token:163, layer:5] 006:attention-output: 0.000035000 seconds
[token:163, layer:5] 007:ffn-norm: 0.000000000 seconds
[token:163, layer:5] 008:ffn-up-projection: 0.000186000 seconds
[token:163, layer:5] 009:ffn-swiglu: 0.000001000 seconds
[token:163, layer:5] 010:ffn-down-projection: 0.000134000 seconds
[token:163, layer:5] 102:layer-compute-total: 0.000488000 seconds
[token:163] 011:final-projection: 0.004029000 seconds
[token:163] 103:forward-compute-total: 0.006978000 seconds
[token:164] 001:embedding-lookup: 0.000000000 seconds
[token:164, layer:0] 002:attention-norm: 0.000001000 seconds
[token:164, layer:0] 003:qkv-projection: 0.000233000 seconds
[token:164, layer:0] 004:apply-rope: 0.000001000 seconds
[token:164, layer:0] 005:compute-attention: 0.000034000 seconds
[token:164, layer:0] 006:attention-output: 0.000041000 seconds
[token:164, layer:0] 007:ffn-norm: 0.000000000 seconds
[token:164, layer:0] 008:ffn-up-projection: 0.000261000 seconds
[token:164, layer:0] 009:ffn-swiglu: 0.000001000 seconds
[token:164, layer:0] 010:ffn-down-projection: 0.000139000 seconds
[token:164, layer:0] 102:layer-compute-total: 0.000711000 seconds
[token:164, layer:1] 002:attention-norm: 0.000001000 seconds
[token:164, layer:1] 003:qkv-projection: 0.000109000 seconds
[token:164, layer:1] 004:apply-rope: 0.000002000 seconds
[token:164, layer:1] 005:compute-attention: 0.000036000 seconds
[token:164, layer:1] 006:attention-output: 0.000036000 seconds
[token:164, layer:1] 007:ffn-norm: 0.000000000 seconds
[token:164, layer:1] 008:ffn-up-projection: 0.000195000 seconds
[token:164, layer:1] 009:ffn-swiglu: 0.000001000 seconds
[token:164, layer:1] 010:ffn-down-projection: 0.000139000 seconds
[token:164, layer:1] 102:layer-compute-total: 0.000519000 seconds
[token:164, layer:2] 002:attention-norm: 0.000000000 seconds
[token:164, layer:2] 003:qkv-projection: 0.000112000 seconds
[token:164, layer:2] 004:apply-rope: 0.000001000 seconds
[token:164, layer:2] 005:compute-attention: 0.000044000 seconds
[token:164, layer:2] 006:attention-output: 0.000036000 seconds
[token:164, layer:2] 007:ffn-norm: 0.000001000 seconds
[token:164, layer:2] 008:ffn-up-projection: 0.000192000 seconds
[token:164, layer:2] 009:ffn-swiglu: 0.000001000 seconds
[token:164, layer:2] 010:ffn-down-projection: 0.000141000 seconds
[token:164, layer:2] 102:layer-compute-total: 0.000528000 seconds
[token:164, layer:3] 002:attention-norm: 0.000000000 seconds
[token:164, layer:3] 003:qkv-projection: 0.000110000 seconds
[token:164, layer:3] 004:apply-rope: 0.000001000 seconds
[token:164, layer:3] 005:compute-attention: 0.000037000 seconds
[token:164, layer:3] 006:attention-output: 0.000036000 seconds
[token:164, layer:3] 007:ffn-norm: 0.000000000 seconds
[token:164, layer:3] 008:ffn-up-projection: 0.000193000 seconds
[token:164, layer:3] 009:ffn-swiglu: 0.000001000 seconds
[token:164, layer:3] 010:ffn-down-projection: 0.000135000 seconds
[token:164, layer:3] 102:layer-compute-total: 0.000513000 seconds
[token:164, layer:4] 002:attention-norm: 0.000001000 seconds
[token:164, layer:4] 003:qkv-projection: 0.000105000 seconds
[token:164, layer:4] 004:apply-rope: 0.000001000 seconds
[token:164, layer:4] 005:compute-attention: 0.000036000 seconds
[token:164, layer:4] 006:attention-output: 0.000035000 seconds
[token:164, layer:4] 007:ffn-norm: 0.000000000 seconds
[token:164, layer:4] 008:ffn-up-projection: 0.000187000 seconds
[token:164, layer:4] 009:ffn-swiglu: 0.000001000 seconds
[token:164, layer:4] 010:ffn-down-projection: 0.000134000 seconds
[token:164, layer:4] 102:layer-compute-total: 0.000500000 seconds
[token:164, layer:5] 002:attention-norm: 0.000000000 seconds
[token:164, layer:5] 003:qkv-projection: 0.000105000 seconds
[token:164, layer:5] 004:apply-rope: 0.000001000 seconds
[token:164, layer:5] 005:compute-attention: 0.000036000 seconds
[token:164, layer:5] 006:attention-output: 0.000035000 seconds
[token:164, layer:5] 007:ffn-norm: 0.000000000 seconds
[token:164, layer:5] 008:ffn-up-projection: 0.000187000 seconds
[token:164, layer:5] 009:ffn-swiglu: 0.000001000 seconds
[token:164, layer:5] 010:ffn-down-projection: 0.000134000 seconds
[token:164, layer:5] 102:layer-compute-total: 0.000499000 seconds
[token:164] 011:final-projection: 0.003971000 seconds
[token:164] 103:forward-compute-total: 0.007241000 seconds
[token:165] 001:embedding-lookup: 0.000000000 seconds
[token:165, layer:0] 002:attention-norm: 0.000000000 seconds
[token:165, layer:0] 003:qkv-projection: 0.000115000 seconds
[token:165, layer:0] 004:apply-rope: 0.000002000 seconds
[token:165, layer:0] 005:compute-attention: 0.000037000 seconds
[token:165, layer:0] 006:attention-output: 0.000036000 seconds
[token:165, layer:0] 007:ffn-norm: 0.000001000 seconds
[token:165, layer:0] 008:ffn-up-projection: 0.000186000 seconds
[token:165, layer:0] 009:ffn-swiglu: 0.000001000 seconds
[token:165, layer:0] 010:ffn-down-projection: 0.000134000 seconds
[token:165, layer:0] 102:layer-compute-total: 0.000512000 seconds
[token:165, layer:1] 002:attention-norm: 0.000001000 seconds
[token:165, layer:1] 003:qkv-projection: 0.000105000 seconds
[token:165, layer:1] 004:apply-rope: 0.000001000 seconds
[token:165, layer:1] 005:compute-attention: 0.000032000 seconds
[token:165, layer:1] 006:attention-output: 0.000035000 seconds
[token:165, layer:1] 007:ffn-norm: 0.000001000 seconds
[token:165, layer:1] 008:ffn-up-projection: 0.000188000 seconds
[token:165, layer:1] 009:ffn-swiglu: 0.000001000 seconds
[token:165, layer:1] 010:ffn-down-projection: 0.000134000 seconds
[token:165, layer:1] 102:layer-compute-total: 0.000498000 seconds
[token:165, layer:2] 002:attention-norm: 0.000000000 seconds
[token:165, layer:2] 003:qkv-projection: 0.000105000 seconds
[token:165, layer:2] 004:apply-rope: 0.000001000 seconds
[token:165, layer:2] 005:compute-attention: 0.000028000 seconds
[token:165, layer:2] 006:attention-output: 0.000036000 seconds
[token:165, layer:2] 007:ffn-norm: 0.000001000 seconds
[token:165, layer:2] 008:ffn-up-projection: 0.000187000 seconds
[token:165, layer:2] 009:ffn-swiglu: 0.000001000 seconds
[token:165, layer:2] 010:ffn-down-projection: 0.000134000 seconds
[token:165, layer:2] 102:layer-compute-total: 0.000493000 seconds
[token:165, layer:3] 002:attention-norm: 0.000001000 seconds
[token:165, layer:3] 003:qkv-projection: 0.000106000 seconds
[token:165, layer:3] 004:apply-rope: 0.000001000 seconds
[token:165, layer:3] 005:compute-attention: 0.000028000 seconds
[token:165, layer:3] 006:attention-output: 0.000035000 seconds
[token:165, layer:3] 007:ffn-norm: 0.000000000 seconds
[token:165, layer:3] 008:ffn-up-projection: 0.000187000 seconds
[token:165, layer:3] 009:ffn-swiglu: 0.000001000 seconds
[token:165, layer:3] 010:ffn-down-projection: 0.000137000 seconds
[token:165, layer:3] 102:layer-compute-total: 0.000496000 seconds
[token:165, layer:4] 002:attention-norm: 0.000000000 seconds
[token:165, layer:4] 003:qkv-projection: 0.000105000 seconds
[token:165, layer:4] 004:apply-rope: 0.000001000 seconds
[token:165, layer:4] 005:compute-attention: 0.000027000 seconds
[token:165, layer:4] 006:attention-output: 0.000035000 seconds
[token:165, layer:4] 007:ffn-norm: 0.000000000 seconds
[token:165, layer:4] 008:ffn-up-projection: 0.000187000 seconds
[token:165, layer:4] 009:ffn-swiglu: 0.000001000 seconds
[token:165, layer:4] 010:ffn-down-projection: 0.000134000 seconds
[token:165, layer:4] 102:layer-compute-total: 0.000490000 seconds
[token:165, layer:5] 002:attention-norm: 0.000000000 seconds
[token:165, layer:5] 003:qkv-projection: 0.000107000 seconds
[token:165, layer:5] 004:apply-rope: 0.000002000 seconds
[token:165, layer:5] 005:compute-attention: 0.000026000 seconds
[token:165, layer:5] 006:attention-output: 0.000035000 seconds
[token:165, layer:5] 007:ffn-norm: 0.000000000 seconds
[token:165, layer:5] 008:ffn-up-projection: 0.000186000 seconds
[token:165, layer:5] 009:ffn-swiglu: 0.000001000 seconds
[token:165, layer:5] 010:ffn-down-projection: 0.000133000 seconds
[token:165, layer:5] 102:layer-compute-total: 0.000490000 seconds
[token:165] 011:final-projection: 0.004023000 seconds
[token:165] 103:forward-compute-total: 0.007002000 seconds
[token:166] 001:embedding-lookup: 0.000000000 seconds
[token:166, layer:0] 002:attention-norm: 0.000000000 seconds
[token:166, layer:0] 003:qkv-projection: 0.000111000 seconds
[token:166, layer:0] 004:apply-rope: 0.000002000 seconds
[token:166, layer:0] 005:compute-attention: 0.000028000 seconds
[token:166, layer:0] 006:attention-output: 0.000037000 seconds
[token:166, layer:0] 007:ffn-norm: 0.000000000 seconds
[token:166, layer:0] 008:ffn-up-projection: 0.000193000 seconds
[token:166, layer:0] 009:ffn-swiglu: 0.000001000 seconds
[token:166, layer:0] 010:ffn-down-projection: 0.000137000 seconds
[token:166, layer:0] 102:layer-compute-total: 0.000509000 seconds
[token:166, layer:1] 002:attention-norm: 0.000000000 seconds
[token:166, layer:1] 003:qkv-projection: 0.000106000 seconds
[token:166, layer:1] 004:apply-rope: 0.000002000 seconds
[token:166, layer:1] 005:compute-attention: 0.000029000 seconds
[token:166, layer:1] 006:attention-output: 0.000036000 seconds
[token:166, layer:1] 007:ffn-norm: 0.000000000 seconds
[token:166, layer:1] 008:ffn-up-projection: 0.000212000 seconds
[token:166, layer:1] 009:ffn-swiglu: 0.000001000 seconds
[token:166, layer:1] 010:ffn-down-projection: 0.000217000 seconds
[token:166, layer:1] 102:layer-compute-total: 0.000603000 seconds
[token:166, layer:2] 002:attention-norm: 0.000000000 seconds
[token:166, layer:2] 003:qkv-projection: 0.000110000 seconds
[token:166, layer:2] 004:apply-rope: 0.000002000 seconds
[token:166, layer:2] 005:compute-attention: 0.000032000 seconds
[token:166, layer:2] 006:attention-output: 0.000037000 seconds
[token:166, layer:2] 007:ffn-norm: 0.000000000 seconds
[token:166, layer:2] 008:ffn-up-projection: 0.000194000 seconds
[token:166, layer:2] 009:ffn-swiglu: 0.000001000 seconds
[token:166, layer:2] 010:ffn-down-projection: 0.000140000 seconds
[token:166, layer:2] 102:layer-compute-total: 0.000516000 seconds
[token:166, layer:3] 002:attention-norm: 0.000001000 seconds
[token:166, layer:3] 003:qkv-projection: 0.000110000 seconds
[token:166, layer:3] 004:apply-rope: 0.000001000 seconds
[token:166, layer:3] 005:compute-attention: 0.000037000 seconds
[token:166, layer:3] 006:attention-output: 0.000037000 seconds
[token:166, layer:3] 007:ffn-norm: 0.000000000 seconds
[token:166, layer:3] 008:ffn-up-projection: 0.000194000 seconds
[token:166, layer:3] 009:ffn-swiglu: 0.000001000 seconds
[token:166, layer:3] 010:ffn-down-projection: 0.000140000 seconds
[token:166, layer:3] 102:layer-compute-total: 0.000521000 seconds
[token:166, layer:4] 002:attention-norm: 0.000001000 seconds
[token:166, layer:4] 003:qkv-projection: 0.000108000 seconds
[token:166, layer:4] 004:apply-rope: 0.000001000 seconds
[token:166, layer:4] 005:compute-attention: 0.000036000 seconds
[token:166, layer:4] 006:attention-output: 0.000036000 seconds
[token:166, layer:4] 007:ffn-norm: 0.000000000 seconds
[token:166, layer:4] 008:ffn-up-projection: 0.000187000 seconds
[token:166, layer:4] 009:ffn-swiglu: 0.000001000 seconds
[token:166, layer:4] 010:ffn-down-projection: 0.000134000 seconds
[token:166, layer:4] 102:layer-compute-total: 0.000504000 seconds
[token:166, layer:5] 002:attention-norm: 0.000000000 seconds
[token:166, layer:5] 003:qkv-projection: 0.000106000 seconds
[token:166, layer:5] 004:apply-rope: 0.000001000 seconds
[token:166, layer:5] 005:compute-attention: 0.000036000 seconds
[token:166, layer:5] 006:attention-output: 0.000036000 seconds
[token:166, layer:5] 007:ffn-norm: 0.000000000 seconds
[token:166, layer:5] 008:ffn-up-projection: 0.000187000 seconds
[token:166, layer:5] 009:ffn-swiglu: 0.000001000 seconds
[token:166, layer:5] 010:ffn-down-projection: 0.000134000 seconds
[token:166, layer:5] 102:layer-compute-total: 0.000501000 seconds
[token:166] 011:final-projection: 0.004014000 seconds
[token:166] 103:forward-compute-total: 0.007168000 seconds
[token:167] 001:embedding-lookup: 0.000000000 seconds
[token:167, layer:0] 002:attention-norm: 0.000000000 seconds
[token:167, layer:0] 003:qkv-projection: 0.000111000 seconds
[token:167, layer:0] 004:apply-rope: 0.000002000 seconds
[token:167, layer:0] 005:compute-attention: 0.000037000 seconds
[token:167, layer:0] 006:attention-output: 0.000036000 seconds
[token:167, layer:0] 007:ffn-norm: 0.000000000 seconds
[token:167, layer:0] 008:ffn-up-projection: 0.000193000 seconds
[token:167, layer:0] 009:ffn-swiglu: 0.000001000 seconds
[token:167, layer:0] 010:ffn-down-projection: 0.000135000 seconds
[token:167, layer:0] 102:layer-compute-total: 0.000515000 seconds
[token:167, layer:1] 002:attention-norm: 0.000000000 seconds
[token:167, layer:1] 003:qkv-projection: 0.000109000 seconds
[token:167, layer:1] 004:apply-rope: 0.000001000 seconds
[token:167, layer:1] 005:compute-attention: 0.000036000 seconds
[token:167, layer:1] 006:attention-output: 0.000036000 seconds
[token:167, layer:1] 007:ffn-norm: 0.000000000 seconds
[token:167, layer:1] 008:ffn-up-projection: 0.000193000 seconds
[token:167, layer:1] 009:ffn-swiglu: 0.000001000 seconds
[token:167, layer:1] 010:ffn-down-projection: 0.000138000 seconds
[token:167, layer:1] 102:layer-compute-total: 0.000514000 seconds
[token:167, layer:2] 002:attention-norm: 0.000000000 seconds
[token:167, layer:2] 003:qkv-projection: 0.000110000 seconds
[token:167, layer:2] 004:apply-rope: 0.000001000 seconds
[token:167, layer:2] 005:compute-attention: 0.000035000 seconds
[token:167, layer:2] 006:attention-output: 0.000037000 seconds
[token:167, layer:2] 007:ffn-norm: 0.000000000 seconds
[token:167, layer:2] 008:ffn-up-projection: 0.000190000 seconds
[token:167, layer:2] 009:ffn-swiglu: 0.000001000 seconds
[token:167, layer:2] 010:ffn-down-projection: 0.000135000 seconds
[token:167, layer:2] 102:layer-compute-total: 0.000509000 seconds
[token:167, layer:3] 002:attention-norm: 0.000000000 seconds
[token:167, layer:3] 003:qkv-projection: 0.000106000 seconds
[token:167, layer:3] 004:apply-rope: 0.000001000 seconds
[token:167, layer:3] 005:compute-attention: 0.000028000 seconds
[token:167, layer:3] 006:attention-output: 0.000038000 seconds
[token:167, layer:3] 007:ffn-norm: 0.000000000 seconds
[token:167, layer:3] 008:ffn-up-projection: 0.000187000 seconds
[token:167, layer:3] 009:ffn-swiglu: 0.000001000 seconds
[token:167, layer:3] 010:ffn-down-projection: 0.000138000 seconds
[token:167, layer:3] 102:layer-compute-total: 0.000499000 seconds
[token:167, layer:4] 002:attention-norm: 0.000001000 seconds
[token:167, layer:4] 003:qkv-projection: 0.000105000 seconds
[token:167, layer:4] 004:apply-rope: 0.000001000 seconds
[token:167, layer:4] 005:compute-attention: 0.000027000 seconds
[token:167, layer:4] 006:attention-output: 0.000035000 seconds
[token:167, layer:4] 007:ffn-norm: 0.000000000 seconds
[token:167, layer:4] 008:ffn-up-projection: 0.000187000 seconds
[token:167, layer:4] 009:ffn-swiglu: 0.000001000 seconds
[token:167, layer:4] 010:ffn-down-projection: 0.000134000 seconds
[token:167, layer:4] 102:layer-compute-total: 0.000491000 seconds
[token:167, layer:5] 002:attention-norm: 0.000000000 seconds
[token:167, layer:5] 003:qkv-projection: 0.000105000 seconds
[token:167, layer:5] 004:apply-rope: 0.000001000 seconds
[token:167, layer:5] 005:compute-attention: 0.000027000 seconds
[token:167, layer:5] 006:attention-output: 0.000037000 seconds
[token:167, layer:5] 007:ffn-norm: 0.000001000 seconds
[token:167, layer:5] 008:ffn-up-projection: 0.000186000 seconds
[token:167, layer:5] 009:ffn-swiglu: 0.000001000 seconds
[token:167, layer:5] 010:ffn-down-projection: 0.000134000 seconds
[token:167, layer:5] 102:layer-compute-total: 0.000492000 seconds
[token:167] 011:final-projection: 0.003949000 seconds
[token:167] 103:forward-compute-total: 0.006969000 seconds
[token:168] 001:embedding-lookup: 0.000000000 seconds
[token:168, layer:0] 002:attention-norm: 0.000000000 seconds
[token:168, layer:0] 003:qkv-projection: 0.000112000 seconds
[token:168, layer:0] 004:apply-rope: 0.000002000 seconds
[token:168, layer:0] 005:compute-attention: 0.000028000 seconds
[token:168, layer:0] 006:attention-output: 0.000035000 seconds
[token:168, layer:0] 007:ffn-norm: 0.000000000 seconds
[token:168, layer:0] 008:ffn-up-projection: 0.000187000 seconds
[token:168, layer:0] 009:ffn-swiglu: 0.000001000 seconds
[token:168, layer:0] 010:ffn-down-projection: 0.000144000 seconds
[token:168, layer:0] 102:layer-compute-total: 0.000509000 seconds
[token:168, layer:1] 002:attention-norm: 0.000000000 seconds
[token:168, layer:1] 003:qkv-projection: 0.000115000 seconds
[token:168, layer:1] 004:apply-rope: 0.000001000 seconds
[token:168, layer:1] 005:compute-attention: 0.000026000 seconds
[token:168, layer:1] 006:attention-output: 0.000036000 seconds
[token:168, layer:1] 007:ffn-norm: 0.000000000 seconds
[token:168, layer:1] 008:ffn-up-projection: 0.000191000 seconds
[token:168, layer:1] 009:ffn-swiglu: 0.000001000 seconds
[token:168, layer:1] 010:ffn-down-projection: 0.000141000 seconds
[token:168, layer:1] 102:layer-compute-total: 0.000511000 seconds
[token:168, layer:2] 002:attention-norm: 0.000001000 seconds
[token:168, layer:2] 003:qkv-projection: 0.000107000 seconds
[token:168, layer:2] 004:apply-rope: 0.000001000 seconds
[token:168, layer:2] 005:compute-attention: 0.000027000 seconds
[token:168, layer:2] 006:attention-output: 0.000036000 seconds
[token:168, layer:2] 007:ffn-norm: 0.000000000 seconds
[token:168, layer:2] 008:ffn-up-projection: 0.000190000 seconds
[token:168, layer:2] 009:ffn-swiglu: 0.000001000 seconds
[token:168, layer:2] 010:ffn-down-projection: 0.000140000 seconds
[token:168, layer:2] 102:layer-compute-total: 0.000503000 seconds
[token:168, layer:3] 002:attention-norm: 0.000000000 seconds
[token:168, layer:3] 003:qkv-projection: 0.000107000 seconds
[token:168, layer:3] 004:apply-rope: 0.000001000 seconds
[token:168, layer:3] 005:compute-attention: 0.000027000 seconds
[token:168, layer:3] 006:attention-output: 0.000036000 seconds
[token:168, layer:3] 007:ffn-norm: 0.000000000 seconds
[token:168, layer:3] 008:ffn-up-projection: 0.000190000 seconds
[token:168, layer:3] 009:ffn-swiglu: 0.000001000 seconds
[token:168, layer:3] 010:ffn-down-projection: 0.000136000 seconds
[token:168, layer:3] 102:layer-compute-total: 0.000498000 seconds
[token:168, layer:4] 002:attention-norm: 0.000000000 seconds
[token:168, layer:4] 003:qkv-projection: 0.000107000 seconds
[token:168, layer:4] 004:apply-rope: 0.000001000 seconds
[token:168, layer:4] 005:compute-attention: 0.000028000 seconds
[token:168, layer:4] 006:attention-output: 0.000035000 seconds
[token:168, layer:4] 007:ffn-norm: 0.000001000 seconds
[token:168, layer:4] 008:ffn-up-projection: 0.000203000 seconds
[token:168, layer:4] 009:ffn-swiglu: 0.000001000 seconds
[token:168, layer:4] 010:ffn-down-projection: 0.000206000 seconds
[token:168, layer:4] 102:layer-compute-total: 0.000582000 seconds
[token:168, layer:5] 002:attention-norm: 0.000000000 seconds
[token:168, layer:5] 003:qkv-projection: 0.000114000 seconds
[token:168, layer:5] 004:apply-rope: 0.000002000 seconds
[token:168, layer:5] 005:compute-attention: 0.000034000 seconds
[token:168, layer:5] 006:attention-output: 0.000036000 seconds
[token:168, layer:5] 007:ffn-norm: 0.000000000 seconds
[token:168, layer:5] 008:ffn-up-projection: 0.000194000 seconds
[token:168, layer:5] 009:ffn-swiglu: 0.000001000 seconds
[token:168, layer:5] 010:ffn-down-projection: 0.000140000 seconds
[token:168, layer:5] 102:layer-compute-total: 0.000521000 seconds
[token:168] 011:final-projection: 0.003976000 seconds
[token:168] 103:forward-compute-total: 0.007100000 seconds
[token:169] 001:embedding-lookup: 0.000000000 seconds
[token:169, layer:0] 002:attention-norm: 0.000000000 seconds
[token:169, layer:0] 003:qkv-projection: 0.000112000 seconds
[token:169, layer:0] 004:apply-rope: 0.000001000 seconds
[token:169, layer:0] 005:compute-attention: 0.000035000 seconds
[token:169, layer:0] 006:attention-output: 0.000036000 seconds
[token:169, layer:0] 007:ffn-norm: 0.000001000 seconds
[token:169, layer:0] 008:ffn-up-projection: 0.000189000 seconds
[token:169, layer:0] 009:ffn-swiglu: 0.000001000 seconds
[token:169, layer:0] 010:ffn-down-projection: 0.000135000 seconds
[token:169, layer:0] 102:layer-compute-total: 0.000510000 seconds
[token:169, layer:1] 002:attention-norm: 0.000000000 seconds
[token:169, layer:1] 003:qkv-projection: 0.000105000 seconds
[token:169, layer:1] 004:apply-rope: 0.000001000 seconds
[token:169, layer:1] 005:compute-attention: 0.000036000 seconds
[token:169, layer:1] 006:attention-output: 0.000035000 seconds
[token:169, layer:1] 007:ffn-norm: 0.000000000 seconds
[token:169, layer:1] 008:ffn-up-projection: 0.000188000 seconds
[token:169, layer:1] 009:ffn-swiglu: 0.000001000 seconds
[token:169, layer:1] 010:ffn-down-projection: 0.000134000 seconds
[token:169, layer:1] 102:layer-compute-total: 0.000500000 seconds
[token:169, layer:2] 002:attention-norm: 0.000000000 seconds
[token:169, layer:2] 003:qkv-projection: 0.000105000 seconds
[token:169, layer:2] 004:apply-rope: 0.000001000 seconds
[token:169, layer:2] 005:compute-attention: 0.000033000 seconds
[token:169, layer:2] 006:attention-output: 0.000035000 seconds
[token:169, layer:2] 007:ffn-norm: 0.000000000 seconds
[token:169, layer:2] 008:ffn-up-projection: 0.000186000 seconds
[token:169, layer:2] 009:ffn-swiglu: 0.000001000 seconds
[token:169, layer:2] 010:ffn-down-projection: 0.000133000 seconds
[token:169, layer:2] 102:layer-compute-total: 0.000494000 seconds
[token:169, layer:3] 002:attention-norm: 0.000000000 seconds
[token:169, layer:3] 003:qkv-projection: 0.000105000 seconds
[token:169, layer:3] 004:apply-rope: 0.000001000 seconds
[token:169, layer:3] 005:compute-attention: 0.000035000 seconds
[token:169, layer:3] 006:attention-output: 0.000035000 seconds
[token:169, layer:3] 007:ffn-norm: 0.000000000 seconds
[token:169, layer:3] 008:ffn-up-projection: 0.000187000 seconds
[token:169, layer:3] 009:ffn-swiglu: 0.000001000 seconds
[token:169, layer:3] 010:ffn-down-projection: 0.000133000 seconds
[token:169, layer:3] 102:layer-compute-total: 0.000497000 seconds
[token:169, layer:4] 002:attention-norm: 0.000000000 seconds
[token:169, layer:4] 003:qkv-projection: 0.000105000 seconds
[token:169, layer:4] 004:apply-rope: 0.000001000 seconds
[token:169, layer:4] 005:compute-attention: 0.000034000 seconds
[token:169, layer:4] 006:attention-output: 0.000036000 seconds
[token:169, layer:4] 007:ffn-norm: 0.000000000 seconds
[token:169, layer:4] 008:ffn-up-projection: 0.000187000 seconds
[token:169, layer:4] 009:ffn-swiglu: 0.000001000 seconds
[token:169, layer:4] 010:ffn-down-projection: 0.000144000 seconds
[token:169, layer:4] 102:layer-compute-total: 0.000508000 seconds
[token:169, layer:5] 002:attention-norm: 0.000000000 seconds
[token:169, layer:5] 003:qkv-projection: 0.000109000 seconds
[token:169, layer:5] 004:apply-rope: 0.000001000 seconds
[token:169, layer:5] 005:compute-attention: 0.000034000 seconds
[token:169, layer:5] 006:attention-output: 0.000037000 seconds
[token:169, layer:5] 007:ffn-norm: 0.000000000 seconds
[token:169, layer:5] 008:ffn-up-projection: 0.000189000 seconds
[token:169, layer:5] 009:ffn-swiglu: 0.000001000 seconds
[token:169, layer:5] 010:ffn-down-projection: 0.000134000 seconds
[token:169, layer:5] 102:layer-compute-total: 0.000505000 seconds
[token:169] 011:final-projection: 0.003941000 seconds
[token:169] 103:forward-compute-total: 0.006955000 seconds
[token:170] 001:embedding-lookup: 0.000001000 seconds
[token:170, layer:0] 002:attention-norm: 0.000001000 seconds
[token:170, layer:0] 003:qkv-projection: 0.000115000 seconds
[token:170, layer:0] 004:apply-rope: 0.000002000 seconds
[token:170, layer:0] 005:compute-attention: 0.000026000 seconds
[token:170, layer:0] 006:attention-output: 0.000035000 seconds
[token:170, layer:0] 007:ffn-norm: 0.000000000 seconds
[token:170, layer:0] 008:ffn-up-projection: 0.000186000 seconds
[token:170, layer:0] 009:ffn-swiglu: 0.000001000 seconds
[token:170, layer:0] 010:ffn-down-projection: 0.000133000 seconds
[token:170, layer:0] 102:layer-compute-total: 0.000499000 seconds
[token:170, layer:1] 002:attention-norm: 0.000000000 seconds
[token:170, layer:1] 003:qkv-projection: 0.000108000 seconds
[token:170, layer:1] 004:apply-rope: 0.000001000 seconds
[token:170, layer:1] 005:compute-attention: 0.000028000 seconds
[token:170, layer:1] 006:attention-output: 0.000035000 seconds
[token:170, layer:1] 007:ffn-norm: 0.000001000 seconds
[token:170, layer:1] 008:ffn-up-projection: 0.000187000 seconds
[token:170, layer:1] 009:ffn-swiglu: 0.000001000 seconds
[token:170, layer:1] 010:ffn-down-projection: 0.000133000 seconds
[token:170, layer:1] 102:layer-compute-total: 0.000494000 seconds
[token:170, layer:2] 002:attention-norm: 0.000000000 seconds
[token:170, layer:2] 003:qkv-projection: 0.000107000 seconds
[token:170, layer:2] 004:apply-rope: 0.000001000 seconds
[token:170, layer:2] 005:compute-attention: 0.000027000 seconds
[token:170, layer:2] 006:attention-output: 0.000036000 seconds
[token:170, layer:2] 007:ffn-norm: 0.000001000 seconds
[token:170, layer:2] 008:ffn-up-projection: 0.000192000 seconds
[token:170, layer:2] 009:ffn-swiglu: 0.000001000 seconds
[token:170, layer:2] 010:ffn-down-projection: 0.000134000 seconds
[token:170, layer:2] 102:layer-compute-total: 0.000499000 seconds
[token:170, layer:3] 002:attention-norm: 0.000000000 seconds
[token:170, layer:3] 003:qkv-projection: 0.000107000 seconds
[token:170, layer:3] 004:apply-rope: 0.000001000 seconds
[token:170, layer:3] 005:compute-attention: 0.000025000 seconds
[token:170, layer:3] 006:attention-output: 0.000035000 seconds
[token:170, layer:3] 007:ffn-norm: 0.000001000 seconds
[token:170, layer:3] 008:ffn-up-projection: 0.000186000 seconds
[token:170, layer:3] 009:ffn-swiglu: 0.000001000 seconds
[token:170, layer:3] 010:ffn-down-projection: 0.000134000 seconds
[token:170, layer:3] 102:layer-compute-total: 0.000490000 seconds
[token:170, layer:4] 002:attention-norm: 0.000000000 seconds
[token:170, layer:4] 003:qkv-projection: 0.000107000 seconds
[token:170, layer:4] 004:apply-rope: 0.000001000 seconds
[token:170, layer:4] 005:compute-attention: 0.000026000 seconds
[token:170, layer:4] 006:attention-output: 0.000035000 seconds
[token:170, layer:4] 007:ffn-norm: 0.000000000 seconds
[token:170, layer:4] 008:ffn-up-projection: 0.000212000 seconds
[token:170, layer:4] 009:ffn-swiglu: 0.000001000 seconds
[token:170, layer:4] 010:ffn-down-projection: 0.000138000 seconds
[token:170, layer:4] 102:layer-compute-total: 0.000520000 seconds
[token:170, layer:5] 002:attention-norm: 0.000001000 seconds
[token:170, layer:5] 003:qkv-projection: 0.000112000 seconds
[token:170, layer:5] 004:apply-rope: 0.000002000 seconds
[token:170, layer:5] 005:compute-attention: 0.000027000 seconds
[token:170, layer:5] 006:attention-output: 0.000046000 seconds
[token:170, layer:5] 007:ffn-norm: 0.000000000 seconds
[token:170, layer:5] 008:ffn-up-projection: 0.000190000 seconds
[token:170, layer:5] 009:ffn-swiglu: 0.000001000 seconds
[token:170, layer:5] 010:ffn-down-projection: 0.000135000 seconds
[token:170, layer:5] 102:layer-compute-total: 0.000514000 seconds
[token:170] 011:final-projection: 0.004113000 seconds
[token:170] 103:forward-compute-total: 0.007130000 seconds
[token:171] 001:embedding-lookup: 0.000000000 seconds
[token:171, layer:0] 002:attention-norm: 0.000000000 seconds
[token:171, layer:0] 003:qkv-projection: 0.000112000 seconds
[token:171, layer:0] 004:apply-rope: 0.000002000 seconds
[token:171, layer:0] 005:compute-attention: 0.000036000 seconds
[token:171, layer:0] 006:attention-output: 0.000035000 seconds
[token:171, layer:0] 007:ffn-norm: 0.000000000 seconds
[token:171, layer:0] 008:ffn-up-projection: 0.000187000 seconds
[token:171, layer:0] 009:ffn-swiglu: 0.000001000 seconds
[token:171, layer:0] 010:ffn-down-projection: 0.000135000 seconds
[token:171, layer:0] 102:layer-compute-total: 0.000508000 seconds
[token:171, layer:1] 002:attention-norm: 0.000000000 seconds
[token:171, layer:1] 003:qkv-projection: 0.000105000 seconds
[token:171, layer:1] 004:apply-rope: 0.000001000 seconds
[token:171, layer:1] 005:compute-attention: 0.000037000 seconds
[token:171, layer:1] 006:attention-output: 0.000036000 seconds
[token:171, layer:1] 007:ffn-norm: 0.000001000 seconds
[token:171, layer:1] 008:ffn-up-projection: 0.000187000 seconds
[token:171, layer:1] 009:ffn-swiglu: 0.000001000 seconds
[token:171, layer:1] 010:ffn-down-projection: 0.000134000 seconds
[token:171, layer:1] 102:layer-compute-total: 0.000502000 seconds
[token:171, layer:2] 002:attention-norm: 0.000000000 seconds
[token:171, layer:2] 003:qkv-projection: 0.000106000 seconds
[token:171, layer:2] 004:apply-rope: 0.000002000 seconds
[token:171, layer:2] 005:compute-attention: 0.000035000 seconds
[token:171, layer:2] 006:attention-output: 0.000035000 seconds
[token:171, layer:2] 007:ffn-norm: 0.000000000 seconds
[token:171, layer:2] 008:ffn-up-projection: 0.000187000 seconds
[token:171, layer:2] 009:ffn-swiglu: 0.000001000 seconds
[token:171, layer:2] 010:ffn-down-projection: 0.000134000 seconds
[token:171, layer:2] 102:layer-compute-total: 0.000500000 seconds
[token:171, layer:3] 002:attention-norm: 0.000000000 seconds
[token:171, layer:3] 003:qkv-projection: 0.000105000 seconds
[token:171, layer:3] 004:apply-rope: 0.000001000 seconds
[token:171, layer:3] 005:compute-attention: 0.000036000 seconds
[token:171, layer:3] 006:attention-output: 0.000035000 seconds
[token:171, layer:3] 007:ffn-norm: 0.000001000 seconds
[token:171, layer:3] 008:ffn-up-projection: 0.000187000 seconds
[token:171, layer:3] 009:ffn-swiglu: 0.000001000 seconds
[token:171, layer:3] 010:ffn-down-projection: 0.000139000 seconds
[token:171, layer:3] 102:layer-compute-total: 0.000505000 seconds
[token:171, layer:4] 002:attention-norm: 0.000001000 seconds
[token:171, layer:4] 003:qkv-projection: 0.000108000 seconds
[token:171, layer:4] 004:apply-rope: 0.000001000 seconds
[token:171, layer:4] 005:compute-attention: 0.000035000 seconds
[token:171, layer:4] 006:attention-output: 0.000035000 seconds
[token:171, layer:4] 007:ffn-norm: 0.000000000 seconds
[token:171, layer:4] 008:ffn-up-projection: 0.000190000 seconds
[token:171, layer:4] 009:ffn-swiglu: 0.000001000 seconds
[token:171, layer:4] 010:ffn-down-projection: 0.000139000 seconds
[token:171, layer:4] 102:layer-compute-total: 0.000510000 seconds
[token:171, layer:5] 002:attention-norm: 0.000000000 seconds
[token:171, layer:5] 003:qkv-projection: 0.000105000 seconds
[token:171, layer:5] 004:apply-rope: 0.000001000 seconds
[token:171, layer:5] 005:compute-attention: 0.000035000 seconds
[token:171, layer:5] 006:attention-output: 0.000036000 seconds
[token:171, layer:5] 007:ffn-norm: 0.000001000 seconds
[token:171, layer:5] 008:ffn-up-projection: 0.000187000 seconds
[token:171, layer:5] 009:ffn-swiglu: 0.000001000 seconds
[token:171, layer:5] 010:ffn-down-projection: 0.000134000 seconds
[token:171, layer:5] 102:layer-compute-total: 0.000500000 seconds
[token:171] 011:final-projection: 0.003957000 seconds
[token:171] 103:forward-compute-total: 0.006982000 seconds
[token:172] 001:embedding-lookup: 0.000000000 seconds
[token:172, layer:0] 002:attention-norm: 0.000001000 seconds
[token:172, layer:0] 003:qkv-projection: 0.000110000 seconds
[token:172, layer:0] 004:apply-rope: 0.000001000 seconds
[token:172, layer:0] 005:compute-attention: 0.000027000 seconds
[token:172, layer:0] 006:attention-output: 0.000035000 seconds
[token:172, layer:0] 007:ffn-norm: 0.000000000 seconds
[token:172, layer:0] 008:ffn-up-projection: 0.000187000 seconds
[token:172, layer:0] 009:ffn-swiglu: 0.000001000 seconds
[token:172, layer:0] 010:ffn-down-projection: 0.000138000 seconds
[token:172, layer:0] 102:layer-compute-total: 0.000500000 seconds
[token:172, layer:1] 002:attention-norm: 0.000000000 seconds
[token:172, layer:1] 003:qkv-projection: 0.000105000 seconds
[token:172, layer:1] 004:apply-rope: 0.000001000 seconds
[token:172, layer:1] 005:compute-attention: 0.000028000 seconds
[token:172, layer:1] 006:attention-output: 0.000035000 seconds
[token:172, layer:1] 007:ffn-norm: 0.000000000 seconds
[token:172, layer:1] 008:ffn-up-projection: 0.000187000 seconds
[token:172, layer:1] 009:ffn-swiglu: 0.000001000 seconds
[token:172, layer:1] 010:ffn-down-projection: 0.000134000 seconds
[token:172, layer:1] 102:layer-compute-total: 0.000491000 seconds
[token:172, layer:2] 002:attention-norm: 0.000000000 seconds
[token:172, layer:2] 003:qkv-projection: 0.000106000 seconds
[token:172, layer:2] 004:apply-rope: 0.000001000 seconds
[token:172, layer:2] 005:compute-attention: 0.000026000 seconds
[token:172, layer:2] 006:attention-output: 0.000036000 seconds
[token:172, layer:2] 007:ffn-norm: 0.000001000 seconds
[token:172, layer:2] 008:ffn-up-projection: 0.000187000 seconds
[token:172, layer:2] 009:ffn-swiglu: 0.000001000 seconds
[token:172, layer:2] 010:ffn-down-projection: 0.000134000 seconds
[token:172, layer:2] 102:layer-compute-total: 0.000492000 seconds
[token:172, layer:3] 002:attention-norm: 0.000000000 seconds
[token:172, layer:3] 003:qkv-projection: 0.000105000 seconds
[token:172, layer:3] 004:apply-rope: 0.000002000 seconds
[token:172, layer:3] 005:compute-attention: 0.000026000 seconds
[token:172, layer:3] 006:attention-output: 0.000036000 seconds
[token:172, layer:3] 007:ffn-norm: 0.000000000 seconds
[token:172, layer:3] 008:ffn-up-projection: 0.000187000 seconds
[token:172, layer:3] 009:ffn-swiglu: 0.000002000 seconds
[token:172, layer:3] 010:ffn-down-projection: 0.000134000 seconds
[token:172, layer:3] 102:layer-compute-total: 0.000492000 seconds
[token:172, layer:4] 002:attention-norm: 0.000000000 seconds
[token:172, layer:4] 003:qkv-projection: 0.000105000 seconds
[token:172, layer:4] 004:apply-rope: 0.000002000 seconds
[token:172, layer:4] 005:compute-attention: 0.000027000 seconds
[token:172, layer:4] 006:attention-output: 0.000035000 seconds
[token:172, layer:4] 007:ffn-norm: 0.000000000 seconds
[token:172, layer:4] 008:ffn-up-projection: 0.000190000 seconds
[token:172, layer:4] 009:ffn-swiglu: 0.000001000 seconds
[token:172, layer:4] 010:ffn-down-projection: 0.000134000 seconds
[token:172, layer:4] 102:layer-compute-total: 0.000494000 seconds
[token:172, layer:5] 002:attention-norm: 0.000000000 seconds
[token:172, layer:5] 003:qkv-projection: 0.000105000 seconds
[token:172, layer:5] 004:apply-rope: 0.000002000 seconds
[token:172, layer:5] 005:compute-attention: 0.000026000 seconds
[token:172, layer:5] 006:attention-output: 0.000035000 seconds
[token:172, layer:5] 007:ffn-norm: 0.000000000 seconds
[token:172, layer:5] 008:ffn-up-projection: 0.000187000 seconds
[token:172, layer:5] 009:ffn-swiglu: 0.000001000 seconds
[token:172, layer:5] 010:ffn-down-projection: 0.000141000 seconds
[token:172, layer:5] 102:layer-compute-total: 0.000497000 seconds
[token:172] 011:final-projection: 0.004249000 seconds
[token:172] 103:forward-compute-total: 0.007215000 seconds
[token:173] 001:embedding-lookup: 0.000001000 seconds
[token:173, layer:0] 002:attention-norm: 0.000000000 seconds
[token:173, layer:0] 003:qkv-projection: 0.000110000 seconds
[token:173, layer:0] 004:apply-rope: 0.000002000 seconds
[token:173, layer:0] 005:compute-attention: 0.000037000 seconds
[token:173, layer:0] 006:attention-output: 0.000050000 seconds
[token:173, layer:0] 007:ffn-norm: 0.000001000 seconds
[token:173, layer:0] 008:ffn-up-projection: 0.000190000 seconds
[token:173, layer:0] 009:ffn-swiglu: 0.000002000 seconds
[token:173, layer:0] 010:ffn-down-projection: 0.000144000 seconds
[token:173, layer:0] 102:layer-compute-total: 0.000536000 seconds
[token:173, layer:1] 002:attention-norm: 0.000000000 seconds
[token:173, layer:1] 003:qkv-projection: 0.000110000 seconds
[token:173, layer:1] 004:apply-rope: 0.000002000 seconds
[token:173, layer:1] 005:compute-attention: 0.000036000 seconds
[token:173, layer:1] 006:attention-output: 0.000035000 seconds
[token:173, layer:1] 007:ffn-norm: 0.000001000 seconds
[token:173, layer:1] 008:ffn-up-projection: 0.000187000 seconds
[token:173, layer:1] 009:ffn-swiglu: 0.000001000 seconds
[token:173, layer:1] 010:ffn-down-projection: 0.000134000 seconds
[token:173, layer:1] 102:layer-compute-total: 0.000506000 seconds
[token:173, layer:2] 002:attention-norm: 0.000001000 seconds
[token:173, layer:2] 003:qkv-projection: 0.000105000 seconds
[token:173, layer:2] 004:apply-rope: 0.000002000 seconds
[token:173, layer:2] 005:compute-attention: 0.000036000 seconds
[token:173, layer:2] 006:attention-output: 0.000035000 seconds
[token:173, layer:2] 007:ffn-norm: 0.000000000 seconds
[token:173, layer:2] 008:ffn-up-projection: 0.000187000 seconds
[token:173, layer:2] 009:ffn-swiglu: 0.000001000 seconds
[token:173, layer:2] 010:ffn-down-projection: 0.000134000 seconds
[token:173, layer:2] 102:layer-compute-total: 0.000501000 seconds
[token:173, layer:3] 002:attention-norm: 0.000000000 seconds
[token:173, layer:3] 003:qkv-projection: 0.000105000 seconds
[token:173, layer:3] 004:apply-rope: 0.000001000 seconds
[token:173, layer:3] 005:compute-attention: 0.000035000 seconds
[token:173, layer:3] 006:attention-output: 0.000035000 seconds
[token:173, layer:3] 007:ffn-norm: 0.000000000 seconds
[token:173, layer:3] 008:ffn-up-projection: 0.000187000 seconds
[token:173, layer:3] 009:ffn-swiglu: 0.000001000 seconds
[token:173, layer:3] 010:ffn-down-projection: 0.000134000 seconds
[token:173, layer:3] 102:layer-compute-total: 0.000498000 seconds
[token:173, layer:4] 002:attention-norm: 0.000000000 seconds
[token:173, layer:4] 003:qkv-projection: 0.000105000 seconds
[token:173, layer:4] 004:apply-rope: 0.000001000 seconds
[token:173, layer:4] 005:compute-attention: 0.000035000 seconds
[token:173, layer:4] 006:attention-output: 0.000035000 seconds
[token:173, layer:4] 007:ffn-norm: 0.000000000 seconds
[token:173, layer:4] 008:ffn-up-projection: 0.000186000 seconds
[token:173, layer:4] 009:ffn-swiglu: 0.000001000 seconds
[token:173, layer:4] 010:ffn-down-projection: 0.000137000 seconds
[token:173, layer:4] 102:layer-compute-total: 0.000500000 seconds
[token:173, layer:5] 002:attention-norm: 0.000001000 seconds
[token:173, layer:5] 003:qkv-projection: 0.000106000 seconds
[token:173, layer:5] 004:apply-rope: 0.000001000 seconds
[token:173, layer:5] 005:compute-attention: 0.000036000 seconds
[token:173, layer:5] 006:attention-output: 0.000036000 seconds
[token:173, layer:5] 007:ffn-norm: 0.000000000 seconds
[token:173, layer:5] 008:ffn-up-projection: 0.000186000 seconds
[token:173, layer:5] 009:ffn-swiglu: 0.000001000 seconds
[token:173, layer:5] 010:ffn-down-projection: 0.000133000 seconds
[token:173, layer:5] 102:layer-compute-total: 0.000500000 seconds
[token:173] 011:final-projection: 0.003994000 seconds
[token:173] 103:forward-compute-total: 0.007036000 seconds
[token:174] 001:embedding-lookup: 0.000000000 seconds
[token:174, layer:0] 002:attention-norm: 0.000000000 seconds
[token:174, layer:0] 003:qkv-projection: 0.000105000 seconds
[token:174, layer:0] 004:apply-rope: 0.000002000 seconds
[token:174, layer:0] 005:compute-attention: 0.000034000 seconds
[token:174, layer:0] 006:attention-output: 0.000035000 seconds
[token:174, layer:0] 007:ffn-norm: 0.000000000 seconds
[token:174, layer:0] 008:ffn-up-projection: 0.000187000 seconds
[token:174, layer:0] 009:ffn-swiglu: 0.000001000 seconds
[token:174, layer:0] 010:ffn-down-projection: 0.000133000 seconds
[token:174, layer:0] 102:layer-compute-total: 0.000497000 seconds
[token:174, layer:1] 002:attention-norm: 0.000001000 seconds
[token:174, layer:1] 003:qkv-projection: 0.000108000 seconds
[token:174, layer:1] 004:apply-rope: 0.000002000 seconds
[token:174, layer:1] 005:compute-attention: 0.000035000 seconds
[token:174, layer:1] 006:attention-output: 0.000036000 seconds
[token:174, layer:1] 007:ffn-norm: 0.000000000 seconds
[token:174, layer:1] 008:ffn-up-projection: 0.000187000 seconds
[token:174, layer:1] 009:ffn-swiglu: 0.000001000 seconds
[token:174, layer:1] 010:ffn-down-projection: 0.000136000 seconds
[token:174, layer:1] 102:layer-compute-total: 0.000506000 seconds
[token:174, layer:2] 002:attention-norm: 0.000000000 seconds
[token:174, layer:2] 003:qkv-projection: 0.000108000 seconds
[token:174, layer:2] 004:apply-rope: 0.000001000 seconds
[token:174, layer:2] 005:compute-attention: 0.000032000 seconds
[token:174, layer:2] 006:attention-output: 0.000035000 seconds
[token:174, layer:2] 007:ffn-norm: 0.000000000 seconds
[token:174, layer:2] 008:ffn-up-projection: 0.000187000 seconds
[token:174, layer:2] 009:ffn-swiglu: 0.000001000 seconds
[token:174, layer:2] 010:ffn-down-projection: 0.000133000 seconds
[token:174, layer:2] 102:layer-compute-total: 0.000497000 seconds
[token:174, layer:3] 002:attention-norm: 0.000000000 seconds
[token:174, layer:3] 003:qkv-projection: 0.000107000 seconds
[token:174, layer:3] 004:apply-rope: 0.000001000 seconds
[token:174, layer:3] 005:compute-attention: 0.000032000 seconds
[token:174, layer:3] 006:attention-output: 0.000035000 seconds
[token:174, layer:3] 007:ffn-norm: 0.000000000 seconds
[token:174, layer:3] 008:ffn-up-projection: 0.000187000 seconds
[token:174, layer:3] 009:ffn-swiglu: 0.000001000 seconds
[token:174, layer:3] 010:ffn-down-projection: 0.000133000 seconds
[token:174, layer:3] 102:layer-compute-total: 0.000496000 seconds
[token:174, layer:4] 002:attention-norm: 0.000000000 seconds
[token:174, layer:4] 003:qkv-projection: 0.000107000 seconds
[token:174, layer:4] 004:apply-rope: 0.000001000 seconds
[token:174, layer:4] 005:compute-attention: 0.000030000 seconds
[token:174, layer:4] 006:attention-output: 0.000036000 seconds
[token:174, layer:4] 007:ffn-norm: 0.000001000 seconds
[token:174, layer:4] 008:ffn-up-projection: 0.000187000 seconds
[token:174, layer:4] 009:ffn-swiglu: 0.000001000 seconds
[token:174, layer:4] 010:ffn-down-projection: 0.000134000 seconds
[token:174, layer:4] 102:layer-compute-total: 0.000497000 seconds
[token:174, layer:5] 002:attention-norm: 0.000000000 seconds
[token:174, layer:5] 003:qkv-projection: 0.000104000 seconds
[token:174, layer:5] 004:apply-rope: 0.000001000 seconds
[token:174, layer:5] 005:compute-attention: 0.000030000 seconds
[token:174, layer:5] 006:attention-output: 0.000035000 seconds
[token:174, layer:5] 007:ffn-norm: 0.000000000 seconds
[token:174, layer:5] 008:ffn-up-projection: 0.000187000 seconds
[token:174, layer:5] 009:ffn-swiglu: 0.000001000 seconds
[token:174, layer:5] 010:ffn-down-projection: 0.000134000 seconds
[token:174, layer:5] 102:layer-compute-total: 0.000492000 seconds
[token:174] 011:final-projection: 0.003996000 seconds
[token:174] 103:forward-compute-total: 0.006981000 seconds
[token:175] 001:embedding-lookup: 0.000000000 seconds
[token:175, layer:0] 002:attention-norm: 0.000000000 seconds
[token:175, layer:0] 003:qkv-projection: 0.000111000 seconds
[token:175, layer:0] 004:apply-rope: 0.000001000 seconds
[token:175, layer:0] 005:compute-attention: 0.000031000 seconds
[token:175, layer:0] 006:attention-output: 0.000035000 seconds
[token:175, layer:0] 007:ffn-norm: 0.000000000 seconds
[token:175, layer:0] 008:ffn-up-projection: 0.000201000 seconds
[token:175, layer:0] 009:ffn-swiglu: 0.000001000 seconds
[token:175, layer:0] 010:ffn-down-projection: 0.000224000 seconds
[token:175, layer:0] 102:layer-compute-total: 0.000604000 seconds
[token:175, layer:1] 002:attention-norm: 0.000000000 seconds
[token:175, layer:1] 003:qkv-projection: 0.000111000 seconds
[token:175, layer:1] 004:apply-rope: 0.000002000 seconds
[token:175, layer:1] 005:compute-attention: 0.000035000 seconds
[token:175, layer:1] 006:attention-output: 0.000039000 seconds
[token:175, layer:1] 007:ffn-norm: 0.000001000 seconds
[token:175, layer:1] 008:ffn-up-projection: 0.000197000 seconds
[token:175, layer:1] 009:ffn-swiglu: 0.000001000 seconds
[token:175, layer:1] 010:ffn-down-projection: 0.000140000 seconds
[token:175, layer:1] 102:layer-compute-total: 0.000526000 seconds
[token:175, layer:2] 002:attention-norm: 0.000001000 seconds
[token:175, layer:2] 003:qkv-projection: 0.000119000 seconds
[token:175, layer:2] 004:apply-rope: 0.000001000 seconds
[token:175, layer:2] 005:compute-attention: 0.000043000 seconds
[token:175, layer:2] 006:attention-output: 0.000037000 seconds
[token:175, layer:2] 007:ffn-norm: 0.000002000 seconds
[token:175, layer:2] 008:ffn-up-projection: 0.000199000 seconds
[token:175, layer:2] 009:ffn-swiglu: 0.000001000 seconds
[token:175, layer:2] 010:ffn-down-projection: 0.000137000 seconds
[token:175, layer:2] 102:layer-compute-total: 0.000540000 seconds
[token:175, layer:3] 002:attention-norm: 0.000000000 seconds
[token:175, layer:3] 003:qkv-projection: 0.000106000 seconds
[token:175, layer:3] 004:apply-rope: 0.000001000 seconds
[token:175, layer:3] 005:compute-attention: 0.000038000 seconds
[token:175, layer:3] 006:attention-output: 0.000035000 seconds
[token:175, layer:3] 007:ffn-norm: 0.000001000 seconds
[token:175, layer:3] 008:ffn-up-projection: 0.000187000 seconds
[token:175, layer:3] 009:ffn-swiglu: 0.000001000 seconds
[token:175, layer:3] 010:ffn-down-projection: 0.000134000 seconds
[token:175, layer:3] 102:layer-compute-total: 0.000503000 seconds
[token:175, layer:4] 002:attention-norm: 0.000001000 seconds
[token:175, layer:4] 003:qkv-projection: 0.000105000 seconds
[token:175, layer:4] 004:apply-rope: 0.000001000 seconds
[token:175, layer:4] 005:compute-attention: 0.000039000 seconds
[token:175, layer:4] 006:attention-output: 0.000035000 seconds
[token:175, layer:4] 007:ffn-norm: 0.000000000 seconds
[token:175, layer:4] 008:ffn-up-projection: 0.000186000 seconds
[token:175, layer:4] 009:ffn-swiglu: 0.000001000 seconds
[token:175, layer:4] 010:ffn-down-projection: 0.000134000 seconds
[token:175, layer:4] 102:layer-compute-total: 0.000502000 seconds
[token:175, layer:5] 002:attention-norm: 0.000001000 seconds
[token:175, layer:5] 003:qkv-projection: 0.000105000 seconds
[token:175, layer:5] 004:apply-rope: 0.000001000 seconds
[token:175, layer:5] 005:compute-attention: 0.000037000 seconds
[token:175, layer:5] 006:attention-output: 0.000035000 seconds
[token:175, layer:5] 007:ffn-norm: 0.000000000 seconds
[token:175, layer:5] 008:ffn-up-projection: 0.000187000 seconds
[token:175, layer:5] 009:ffn-swiglu: 0.000001000 seconds
[token:175, layer:5] 010:ffn-down-projection: 0.000134000 seconds
[token:175, layer:5] 102:layer-compute-total: 0.000501000 seconds
[token:175] 011:final-projection: 0.003958000 seconds
[token:175] 103:forward-compute-total: 0.007134000 seconds
[token:176] 001:embedding-lookup: 0.000000000 seconds
[token:176, layer:0] 002:attention-norm: 0.000001000 seconds
[token:176, layer:0] 003:qkv-projection: 0.000113000 seconds
[token:176, layer:0] 004:apply-rope: 0.000002000 seconds
[token:176, layer:0] 005:compute-attention: 0.000035000 seconds
[token:176, layer:0] 006:attention-output: 0.000039000 seconds
[token:176, layer:0] 007:ffn-norm: 0.000000000 seconds
[token:176, layer:0] 008:ffn-up-projection: 0.000188000 seconds
[token:176, layer:0] 009:ffn-swiglu: 0.000001000 seconds
[token:176, layer:0] 010:ffn-down-projection: 0.000136000 seconds
[token:176, layer:0] 102:layer-compute-total: 0.000515000 seconds
[token:176, layer:1] 002:attention-norm: 0.000000000 seconds
[token:176, layer:1] 003:qkv-projection: 0.000106000 seconds
[token:176, layer:1] 004:apply-rope: 0.000001000 seconds
[token:176, layer:1] 005:compute-attention: 0.000034000 seconds
[token:176, layer:1] 006:attention-output: 0.000035000 seconds
[token:176, layer:1] 007:ffn-norm: 0.000000000 seconds
[token:176, layer:1] 008:ffn-up-projection: 0.000187000 seconds
[token:176, layer:1] 009:ffn-swiglu: 0.000001000 seconds
[token:176, layer:1] 010:ffn-down-projection: 0.000134000 seconds
[token:176, layer:1] 102:layer-compute-total: 0.000498000 seconds
[token:176, layer:2] 002:attention-norm: 0.000000000 seconds
[token:176, layer:2] 003:qkv-projection: 0.000105000 seconds
[token:176, layer:2] 004:apply-rope: 0.000001000 seconds
[token:176, layer:2] 005:compute-attention: 0.000029000 seconds
[token:176, layer:2] 006:attention-output: 0.000035000 seconds
[token:176, layer:2] 007:ffn-norm: 0.000001000 seconds
[token:176, layer:2] 008:ffn-up-projection: 0.000187000 seconds
[token:176, layer:2] 009:ffn-swiglu: 0.000001000 seconds
[token:176, layer:2] 010:ffn-down-projection: 0.000134000 seconds
[token:176, layer:2] 102:layer-compute-total: 0.000493000 seconds
[token:176, layer:3] 002:attention-norm: 0.000000000 seconds
[token:176, layer:3] 003:qkv-projection: 0.000105000 seconds
[token:176, layer:3] 004:apply-rope: 0.000001000 seconds
[token:176, layer:3] 005:compute-attention: 0.000029000 seconds
[token:176, layer:3] 006:attention-output: 0.000035000 seconds
[token:176, layer:3] 007:ffn-norm: 0.000000000 seconds
[token:176, layer:3] 008:ffn-up-projection: 0.000187000 seconds
[token:176, layer:3] 009:ffn-swiglu: 0.000001000 seconds
[token:176, layer:3] 010:ffn-down-projection: 0.000134000 seconds
[token:176, layer:3] 102:layer-compute-total: 0.000492000 seconds
[token:176, layer:4] 002:attention-norm: 0.000000000 seconds
[token:176, layer:4] 003:qkv-projection: 0.000105000 seconds
[token:176, layer:4] 004:apply-rope: 0.000001000 seconds
[token:176, layer:4] 005:compute-attention: 0.000029000 seconds
[token:176, layer:4] 006:attention-output: 0.000038000 seconds
[token:176, layer:4] 007:ffn-norm: 0.000000000 seconds
[token:176, layer:4] 008:ffn-up-projection: 0.000187000 seconds
[token:176, layer:4] 009:ffn-swiglu: 0.000001000 seconds
[token:176, layer:4] 010:ffn-down-projection: 0.000134000 seconds
[token:176, layer:4] 102:layer-compute-total: 0.000495000 seconds
[token:176, layer:5] 002:attention-norm: 0.000001000 seconds
[token:176, layer:5] 003:qkv-projection: 0.000105000 seconds
[token:176, layer:5] 004:apply-rope: 0.000001000 seconds
[token:176, layer:5] 005:compute-attention: 0.000028000 seconds
[token:176, layer:5] 006:attention-output: 0.000035000 seconds
[token:176, layer:5] 007:ffn-norm: 0.000000000 seconds
[token:176, layer:5] 008:ffn-up-projection: 0.000187000 seconds
[token:176, layer:5] 009:ffn-swiglu: 0.000001000 seconds
[token:176, layer:5] 010:ffn-down-projection: 0.000133000 seconds
[token:176, layer:5] 102:layer-compute-total: 0.000491000 seconds
[token:176] 011:final-projection: 0.003972000 seconds
[token:176] 103:forward-compute-total: 0.006956000 seconds
[token:177] 001:embedding-lookup: 0.000001000 seconds
[token:177, layer:0] 002:attention-norm: 0.000000000 seconds
[token:177, layer:0] 003:qkv-projection: 0.000119000 seconds
[token:177, layer:0] 004:apply-rope: 0.000001000 seconds
[token:177, layer:0] 005:compute-attention: 0.000028000 seconds
[token:177, layer:0] 006:attention-output: 0.000035000 seconds
[token:177, layer:0] 007:ffn-norm: 0.000000000 seconds
[token:177, layer:0] 008:ffn-up-projection: 0.000193000 seconds
[token:177, layer:0] 009:ffn-swiglu: 0.000001000 seconds
[token:177, layer:0] 010:ffn-down-projection: 0.000136000 seconds
[token:177, layer:0] 102:layer-compute-total: 0.000513000 seconds
[token:177, layer:1] 002:attention-norm: 0.000000000 seconds
[token:177, layer:1] 003:qkv-projection: 0.000106000 seconds
[token:177, layer:1] 004:apply-rope: 0.000001000 seconds
[token:177, layer:1] 005:compute-attention: 0.000030000 seconds
[token:177, layer:1] 006:attention-output: 0.000035000 seconds
[token:177, layer:1] 007:ffn-norm: 0.000000000 seconds
[token:177, layer:1] 008:ffn-up-projection: 0.000189000 seconds
[token:177, layer:1] 009:ffn-swiglu: 0.000001000 seconds
[token:177, layer:1] 010:ffn-down-projection: 0.000135000 seconds
[token:177, layer:1] 102:layer-compute-total: 0.000497000 seconds
[token:177, layer:2] 002:attention-norm: 0.000000000 seconds
[token:177, layer:2] 003:qkv-projection: 0.000107000 seconds
[token:177, layer:2] 004:apply-rope: 0.000002000 seconds
[token:177, layer:2] 005:compute-attention: 0.000029000 seconds
[token:177, layer:2] 006:attention-output: 0.000036000 seconds
[token:177, layer:2] 007:ffn-norm: 0.000001000 seconds
[token:177, layer:2] 008:ffn-up-projection: 0.000189000 seconds
[token:177, layer:2] 009:ffn-swiglu: 0.000001000 seconds
[token:177, layer:2] 010:ffn-down-projection: 0.000139000 seconds
[token:177, layer:2] 102:layer-compute-total: 0.000504000 seconds
[token:177, layer:3] 002:attention-norm: 0.000000000 seconds
[token:177, layer:3] 003:qkv-projection: 0.000110000 seconds
[token:177, layer:3] 004:apply-rope: 0.000001000 seconds
[token:177, layer:3] 005:compute-attention: 0.000043000 seconds
[token:177, layer:3] 006:attention-output: 0.000057000 seconds
[token:177, layer:3] 007:ffn-norm: 0.000001000 seconds
[token:177, layer:3] 008:ffn-up-projection: 0.000212000 seconds
[token:177, layer:3] 009:ffn-swiglu: 0.000001000 seconds
[token:177, layer:3] 010:ffn-down-projection: 0.000135000 seconds
[token:177, layer:3] 102:layer-compute-total: 0.000560000 seconds
[token:177, layer:4] 002:attention-norm: 0.000001000 seconds
[token:177, layer:4] 003:qkv-projection: 0.000111000 seconds
[token:177, layer:4] 004:apply-rope: 0.000002000 seconds
[token:177, layer:4] 005:compute-attention: 0.000039000 seconds
[token:177, layer:4] 006:attention-output: 0.000035000 seconds
[token:177, layer:4] 007:ffn-norm: 0.000001000 seconds
[token:177, layer:4] 008:ffn-up-projection: 0.000190000 seconds
[token:177, layer:4] 009:ffn-swiglu: 0.000001000 seconds
[token:177, layer:4] 010:ffn-down-projection: 0.000140000 seconds
[token:177, layer:4] 102:layer-compute-total: 0.000520000 seconds
[token:177, layer:5] 002:attention-norm: 0.000000000 seconds
[token:177, layer:5] 003:qkv-projection: 0.000113000 seconds
[token:177, layer:5] 004:apply-rope: 0.000001000 seconds
[token:177, layer:5] 005:compute-attention: 0.000038000 seconds
[token:177, layer:5] 006:attention-output: 0.000036000 seconds
[token:177, layer:5] 007:ffn-norm: 0.000000000 seconds
[token:177, layer:5] 008:ffn-up-projection: 0.000197000 seconds
[token:177, layer:5] 009:ffn-swiglu: 0.000001000 seconds
[token:177, layer:5] 010:ffn-down-projection: 0.000134000 seconds
[token:177, layer:5] 102:layer-compute-total: 0.000520000 seconds
[token:177] 011:final-projection: 0.003948000 seconds
[token:177] 103:forward-compute-total: 0.007063000 seconds
[token:178] 001:embedding-lookup: 0.000001000 seconds
[token:178, layer:0] 002:attention-norm: 0.000000000 seconds
[token:178, layer:0] 003:qkv-projection: 0.000117000 seconds
[token:178, layer:0] 004:apply-rope: 0.000002000 seconds
[token:178, layer:0] 005:compute-attention: 0.000036000 seconds
[token:178, layer:0] 006:attention-output: 0.000035000 seconds
[token:178, layer:0] 007:ffn-norm: 0.000000000 seconds
[token:178, layer:0] 008:ffn-up-projection: 0.000202000 seconds
[token:178, layer:0] 009:ffn-swiglu: 0.000001000 seconds
[token:178, layer:0] 010:ffn-down-projection: 0.000139000 seconds
[token:178, layer:0] 102:layer-compute-total: 0.000532000 seconds
[token:178, layer:1] 002:attention-norm: 0.000000000 seconds
[token:178, layer:1] 003:qkv-projection: 0.000110000 seconds
[token:178, layer:1] 004:apply-rope: 0.000001000 seconds
[token:178, layer:1] 005:compute-attention: 0.000037000 seconds
[token:178, layer:1] 006:attention-output: 0.000038000 seconds
[token:178, layer:1] 007:ffn-norm: 0.000001000 seconds
[token:178, layer:1] 008:ffn-up-projection: 0.000192000 seconds
[token:178, layer:1] 009:ffn-swiglu: 0.000001000 seconds
[token:178, layer:1] 010:ffn-down-projection: 0.000138000 seconds
[token:178, layer:1] 102:layer-compute-total: 0.000518000 seconds
[token:178, layer:2] 002:attention-norm: 0.000001000 seconds
[token:178, layer:2] 003:qkv-projection: 0.000106000 seconds
[token:178, layer:2] 004:apply-rope: 0.000001000 seconds
[token:178, layer:2] 005:compute-attention: 0.000036000 seconds
[token:178, layer:2] 006:attention-output: 0.000036000 seconds
[token:178, layer:2] 007:ffn-norm: 0.000001000 seconds
[token:178, layer:2] 008:ffn-up-projection: 0.000187000 seconds
[token:178, layer:2] 009:ffn-swiglu: 0.000001000 seconds
[token:178, layer:2] 010:ffn-down-projection: 0.000134000 seconds
[token:178, layer:2] 102:layer-compute-total: 0.000503000 seconds
[token:178, layer:3] 002:attention-norm: 0.000000000 seconds
[token:178, layer:3] 003:qkv-projection: 0.000105000 seconds
[token:178, layer:3] 004:apply-rope: 0.000001000 seconds
[token:178, layer:3] 005:compute-attention: 0.000033000 seconds
[token:178, layer:3] 006:attention-output: 0.000035000 seconds
[token:178, layer:3] 007:ffn-norm: 0.000000000 seconds
[token:178, layer:3] 008:ffn-up-projection: 0.000187000 seconds
[token:178, layer:3] 009:ffn-swiglu: 0.000001000 seconds
[token:178, layer:3] 010:ffn-down-projection: 0.000134000 seconds
[token:178, layer:3] 102:layer-compute-total: 0.000496000 seconds
[token:178, layer:4] 002:attention-norm: 0.000000000 seconds
[token:178, layer:4] 003:qkv-projection: 0.000106000 seconds
[token:178, layer:4] 004:apply-rope: 0.000001000 seconds
[token:178, layer:4] 005:compute-attention: 0.000031000 seconds
[token:178, layer:4] 006:attention-output: 0.000039000 seconds
[token:178, layer:4] 007:ffn-norm: 0.000001000 seconds
[token:178, layer:4] 008:ffn-up-projection: 0.000190000 seconds
[token:178, layer:4] 009:ffn-swiglu: 0.000002000 seconds
[token:178, layer:4] 010:ffn-down-projection: 0.000134000 seconds
[token:178, layer:4] 102:layer-compute-total: 0.000504000 seconds
[token:178, layer:5] 002:attention-norm: 0.000000000 seconds
[token:178, layer:5] 003:qkv-projection: 0.000109000 seconds
[token:178, layer:5] 004:apply-rope: 0.000002000 seconds
[token:178, layer:5] 005:compute-attention: 0.000032000 seconds
[token:178, layer:5] 006:attention-output: 0.000035000 seconds
[token:178, layer:5] 007:ffn-norm: 0.000000000 seconds
[token:178, layer:5] 008:ffn-up-projection: 0.000190000 seconds
[token:178, layer:5] 009:ffn-swiglu: 0.000001000 seconds
[token:178, layer:5] 010:ffn-down-projection: 0.000135000 seconds
[token:178, layer:5] 102:layer-compute-total: 0.000504000 seconds
[token:178] 011:final-projection: 0.003985000 seconds
[token:178] 103:forward-compute-total: 0.007043000 seconds
[token:179] 001:embedding-lookup: 0.000000000 seconds
[token:179, layer:0] 002:attention-norm: 0.000000000 seconds
[token:179, layer:0] 003:qkv-projection: 0.000112000 seconds
[token:179, layer:0] 004:apply-rope: 0.000002000 seconds
[token:179, layer:0] 005:compute-attention: 0.000028000 seconds
[token:179, layer:0] 006:attention-output: 0.000035000 seconds
[token:179, layer:0] 007:ffn-norm: 0.000000000 seconds
[token:179, layer:0] 008:ffn-up-projection: 0.000187000 seconds
[token:179, layer:0] 009:ffn-swiglu: 0.000001000 seconds
[token:179, layer:0] 010:ffn-down-projection: 0.000134000 seconds
[token:179, layer:0] 102:layer-compute-total: 0.000499000 seconds
[token:179, layer:1] 002:attention-norm: 0.000000000 seconds
[token:179, layer:1] 003:qkv-projection: 0.000106000 seconds
[token:179, layer:1] 004:apply-rope: 0.000001000 seconds
[token:179, layer:1] 005:compute-attention: 0.000029000 seconds
[token:179, layer:1] 006:attention-output: 0.000035000 seconds
[token:179, layer:1] 007:ffn-norm: 0.000001000 seconds
[token:179, layer:1] 008:ffn-up-projection: 0.000187000 seconds
[token:179, layer:1] 009:ffn-swiglu: 0.000001000 seconds
[token:179, layer:1] 010:ffn-down-projection: 0.000140000 seconds
[token:179, layer:1] 102:layer-compute-total: 0.000500000 seconds
[token:179, layer:2] 002:attention-norm: 0.000000000 seconds
[token:179, layer:2] 003:qkv-projection: 0.000106000 seconds
[token:179, layer:2] 004:apply-rope: 0.000002000 seconds
[token:179, layer:2] 005:compute-attention: 0.000027000 seconds
[token:179, layer:2] 006:attention-output: 0.000035000 seconds
[token:179, layer:2] 007:ffn-norm: 0.000000000 seconds
[token:179, layer:2] 008:ffn-up-projection: 0.000186000 seconds
[token:179, layer:2] 009:ffn-swiglu: 0.000001000 seconds
[token:179, layer:2] 010:ffn-down-projection: 0.000134000 seconds
[token:179, layer:2] 102:layer-compute-total: 0.000491000 seconds
[token:179, layer:3] 002:attention-norm: 0.000000000 seconds
[token:179, layer:3] 003:qkv-projection: 0.000111000 seconds
[token:179, layer:3] 004:apply-rope: 0.000002000 seconds
[token:179, layer:3] 005:compute-attention: 0.000034000 seconds
[token:179, layer:3] 006:attention-output: 0.000039000 seconds
[token:179, layer:3] 007:ffn-norm: 0.000001000 seconds
[token:179, layer:3] 008:ffn-up-projection: 0.000201000 seconds
[token:179, layer:3] 009:ffn-swiglu: 0.000001000 seconds
[token:179, layer:3] 010:ffn-down-projection: 0.000135000 seconds
[token:179, layer:3] 102:layer-compute-total: 0.000524000 seconds
[token:179, layer:4] 002:attention-norm: 0.000000000 seconds
[token:179, layer:4] 003:qkv-projection: 0.000112000 seconds
[token:179, layer:4] 004:apply-rope: 0.000002000 seconds
[token:179, layer:4] 005:compute-attention: 0.000027000 seconds
[token:179, layer:4] 006:attention-output: 0.000035000 seconds
[token:179, layer:4] 007:ffn-norm: 0.000000000 seconds
[token:179, layer:4] 008:ffn-up-projection: 0.000189000 seconds
[token:179, layer:4] 009:ffn-swiglu: 0.000001000 seconds
[token:179, layer:4] 010:ffn-down-projection: 0.000135000 seconds
[token:179, layer:4] 102:layer-compute-total: 0.000501000 seconds
[token:179, layer:5] 002:attention-norm: 0.000000000 seconds
[token:179, layer:5] 003:qkv-projection: 0.000107000 seconds
[token:179, layer:5] 004:apply-rope: 0.000001000 seconds
[token:179, layer:5] 005:compute-attention: 0.000028000 seconds
[token:179, layer:5] 006:attention-output: 0.000035000 seconds
[token:179, layer:5] 007:ffn-norm: 0.000000000 seconds
[token:179, layer:5] 008:ffn-up-projection: 0.000189000 seconds
[token:179, layer:5] 009:ffn-swiglu: 0.000001000 seconds
[token:179, layer:5] 010:ffn-down-projection: 0.000136000 seconds
[token:179, layer:5] 102:layer-compute-total: 0.000497000 seconds
[token:179] 011:final-projection: 0.004121000 seconds
[token:179] 103:forward-compute-total: 0.007133000 seconds
[token:180] 001:embedding-lookup: 0.000001000 seconds
[token:180, layer:0] 002:attention-norm: 0.000001000 seconds
[token:180, layer:0] 003:qkv-projection: 0.000113000 seconds
[token:180, layer:0] 004:apply-rope: 0.000002000 seconds
[token:180, layer:0] 005:compute-attention: 0.000038000 seconds
[token:180, layer:0] 006:attention-output: 0.000035000 seconds
[token:180, layer:0] 007:ffn-norm: 0.000000000 seconds
[token:180, layer:0] 008:ffn-up-projection: 0.000190000 seconds
[token:180, layer:0] 009:ffn-swiglu: 0.000001000 seconds
[token:180, layer:0] 010:ffn-down-projection: 0.000134000 seconds
[token:180, layer:0] 102:layer-compute-total: 0.000514000 seconds
[token:180, layer:1] 002:attention-norm: 0.000001000 seconds
[token:180, layer:1] 003:qkv-projection: 0.000105000 seconds
[token:180, layer:1] 004:apply-rope: 0.000002000 seconds
[token:180, layer:1] 005:compute-attention: 0.000038000 seconds
[token:180, layer:1] 006:attention-output: 0.000035000 seconds
[token:180, layer:1] 007:ffn-norm: 0.000000000 seconds
[token:180, layer:1] 008:ffn-up-projection: 0.000198000 seconds
[token:180, layer:1] 009:ffn-swiglu: 0.000001000 seconds
[token:180, layer:1] 010:ffn-down-projection: 0.000142000 seconds
[token:180, layer:1] 102:layer-compute-total: 0.000522000 seconds
[token:180, layer:2] 002:attention-norm: 0.000001000 seconds
[token:180, layer:2] 003:qkv-projection: 0.000106000 seconds
[token:180, layer:2] 004:apply-rope: 0.000001000 seconds
[token:180, layer:2] 005:compute-attention: 0.000039000 seconds
[token:180, layer:2] 006:attention-output: 0.000035000 seconds
[token:180, layer:2] 007:ffn-norm: 0.000000000 seconds
[token:180, layer:2] 008:ffn-up-projection: 0.000196000 seconds
[token:180, layer:2] 009:ffn-swiglu: 0.000001000 seconds
[token:180, layer:2] 010:ffn-down-projection: 0.000138000 seconds
[token:180, layer:2] 102:layer-compute-total: 0.000517000 seconds
[token:180, layer:3] 002:attention-norm: 0.000001000 seconds
[token:180, layer:3] 003:qkv-projection: 0.000116000 seconds
[token:180, layer:3] 004:apply-rope: 0.000002000 seconds
[token:180, layer:3] 005:compute-attention: 0.000040000 seconds
[token:180, layer:3] 006:attention-output: 0.000036000 seconds
[token:180, layer:3] 007:ffn-norm: 0.000000000 seconds
[token:180, layer:3] 008:ffn-up-projection: 0.000206000 seconds
[token:180, layer:3] 009:ffn-swiglu: 0.000001000 seconds
[token:180, layer:3] 010:ffn-down-projection: 0.000141000 seconds
[token:180, layer:3] 102:layer-compute-total: 0.000543000 seconds
[token:180, layer:4] 002:attention-norm: 0.000000000 seconds
[token:180, layer:4] 003:qkv-projection: 0.000115000 seconds
[token:180, layer:4] 004:apply-rope: 0.000001000 seconds
[token:180, layer:4] 005:compute-attention: 0.000038000 seconds
[token:180, layer:4] 006:attention-output: 0.000036000 seconds
[token:180, layer:4] 007:ffn-norm: 0.000001000 seconds
[token:180, layer:4] 008:ffn-up-projection: 0.000190000 seconds
[token:180, layer:4] 009:ffn-swiglu: 0.000001000 seconds
[token:180, layer:4] 010:ffn-down-projection: 0.000139000 seconds
[token:180, layer:4] 102:layer-compute-total: 0.000521000 seconds
[token:180, layer:5] 002:attention-norm: 0.000000000 seconds
[token:180, layer:5] 003:qkv-projection: 0.000114000 seconds
[token:180, layer:5] 004:apply-rope: 0.000001000 seconds
[token:180, layer:5] 005:compute-attention: 0.000037000 seconds
[token:180, layer:5] 006:attention-output: 0.000035000 seconds
[token:180, layer:5] 007:ffn-norm: 0.000000000 seconds
[token:180, layer:5] 008:ffn-up-projection: 0.000191000 seconds
[token:180, layer:5] 009:ffn-swiglu: 0.000002000 seconds
[token:180, layer:5] 010:ffn-down-projection: 0.000137000 seconds
[token:180, layer:5] 102:layer-compute-total: 0.000517000 seconds
[token:180] 011:final-projection: 0.003987000 seconds
[token:180] 103:forward-compute-total: 0.007122000 seconds
[token:181] 001:embedding-lookup: 0.000001000 seconds
[token:181, layer:0] 002:attention-norm: 0.000001000 seconds
[token:181, layer:0] 003:qkv-projection: 0.000112000 seconds
[token:181, layer:0] 004:apply-rope: 0.000002000 seconds
[token:181, layer:0] 005:compute-attention: 0.000030000 seconds
[token:181, layer:0] 006:attention-output: 0.000035000 seconds
[token:181, layer:0] 007:ffn-norm: 0.000001000 seconds
[token:181, layer:0] 008:ffn-up-projection: 0.000187000 seconds
[token:181, layer:0] 009:ffn-swiglu: 0.000001000 seconds
[token:181, layer:0] 010:ffn-down-projection: 0.000134000 seconds
[token:181, layer:0] 102:layer-compute-total: 0.000503000 seconds
[token:181, layer:1] 002:attention-norm: 0.000001000 seconds
[token:181, layer:1] 003:qkv-projection: 0.000105000 seconds
[token:181, layer:1] 004:apply-rope: 0.000001000 seconds
[token:181, layer:1] 005:compute-attention: 0.000030000 seconds
[token:181, layer:1] 006:attention-output: 0.000035000 seconds
[token:181, layer:1] 007:ffn-norm: 0.000000000 seconds
[token:181, layer:1] 008:ffn-up-projection: 0.000187000 seconds
[token:181, layer:1] 009:ffn-swiglu: 0.000001000 seconds
[token:181, layer:1] 010:ffn-down-projection: 0.000134000 seconds
[token:181, layer:1] 102:layer-compute-total: 0.000494000 seconds
[token:181, layer:2] 002:attention-norm: 0.000000000 seconds
[token:181, layer:2] 003:qkv-projection: 0.000105000 seconds
[token:181, layer:2] 004:apply-rope: 0.000001000 seconds
[token:181, layer:2] 005:compute-attention: 0.000029000 seconds
[token:181, layer:2] 006:attention-output: 0.000035000 seconds
[token:181, layer:2] 007:ffn-norm: 0.000000000 seconds
[token:181, layer:2] 008:ffn-up-projection: 0.000187000 seconds
[token:181, layer:2] 009:ffn-swiglu: 0.000001000 seconds
[token:181, layer:2] 010:ffn-down-projection: 0.000134000 seconds
[token:181, layer:2] 102:layer-compute-total: 0.000492000 seconds
[token:181, layer:3] 002:attention-norm: 0.000000000 seconds
[token:181, layer:3] 003:qkv-projection: 0.000105000 seconds
[token:181, layer:3] 004:apply-rope: 0.000001000 seconds
[token:181, layer:3] 005:compute-attention: 0.000028000 seconds
[token:181, layer:3] 006:attention-output: 0.000035000 seconds
[token:181, layer:3] 007:ffn-norm: 0.000000000 seconds
[token:181, layer:3] 008:ffn-up-projection: 0.000187000 seconds
[token:181, layer:3] 009:ffn-swiglu: 0.000001000 seconds
[token:181, layer:3] 010:ffn-down-projection: 0.000134000 seconds
[token:181, layer:3] 102:layer-compute-total: 0.000491000 seconds
[token:181, layer:4] 002:attention-norm: 0.000000000 seconds
[token:181, layer:4] 003:qkv-projection: 0.000107000 seconds
[token:181, layer:4] 004:apply-rope: 0.000001000 seconds
[token:181, layer:4] 005:compute-attention: 0.000029000 seconds
[token:181, layer:4] 006:attention-output: 0.000035000 seconds
[token:181, layer:4] 007:ffn-norm: 0.000000000 seconds
[token:181, layer:4] 008:ffn-up-projection: 0.000189000 seconds
[token:181, layer:4] 009:ffn-swiglu: 0.000001000 seconds
[token:181, layer:4] 010:ffn-down-projection: 0.000134000 seconds
[token:181, layer:4] 102:layer-compute-total: 0.000496000 seconds
[token:181, layer:5] 002:attention-norm: 0.000000000 seconds
[token:181, layer:5] 003:qkv-projection: 0.000105000 seconds
[token:181, layer:5] 004:apply-rope: 0.000001000 seconds
[token:181, layer:5] 005:compute-attention: 0.000028000 seconds
[token:181, layer:5] 006:attention-output: 0.000036000 seconds
[token:181, layer:5] 007:ffn-norm: 0.000001000 seconds
[token:181, layer:5] 008:ffn-up-projection: 0.000186000 seconds
[token:181, layer:5] 009:ffn-swiglu: 0.000001000 seconds
[token:181, layer:5] 010:ffn-down-projection: 0.000134000 seconds
[token:181, layer:5] 102:layer-compute-total: 0.000492000 seconds
[token:181] 011:final-projection: 0.004315000 seconds
[token:181] 103:forward-compute-total: 0.007284000 seconds
[token:182] 001:embedding-lookup: 0.000000000 seconds
[token:182, layer:0] 002:attention-norm: 0.000001000 seconds
[token:182, layer:0] 003:qkv-projection: 0.000112000 seconds
[token:182, layer:0] 004:apply-rope: 0.000002000 seconds
[token:182, layer:0] 005:compute-attention: 0.000039000 seconds
[token:182, layer:0] 006:attention-output: 0.000035000 seconds
[token:182, layer:0] 007:ffn-norm: 0.000000000 seconds
[token:182, layer:0] 008:ffn-up-projection: 0.000187000 seconds
[token:182, layer:0] 009:ffn-swiglu: 0.000001000 seconds
[token:182, layer:0] 010:ffn-down-projection: 0.000135000 seconds
[token:182, layer:0] 102:layer-compute-total: 0.000512000 seconds
[token:182, layer:1] 002:attention-norm: 0.000000000 seconds
[token:182, layer:1] 003:qkv-projection: 0.000105000 seconds
[token:182, layer:1] 004:apply-rope: 0.000001000 seconds
[token:182, layer:1] 005:compute-attention: 0.000038000 seconds
[token:182, layer:1] 006:attention-output: 0.000035000 seconds
[token:182, layer:1] 007:ffn-norm: 0.000000000 seconds
[token:182, layer:1] 008:ffn-up-projection: 0.000187000 seconds
[token:182, layer:1] 009:ffn-swiglu: 0.000001000 seconds
[token:182, layer:1] 010:ffn-down-projection: 0.000134000 seconds
[token:182, layer:1] 102:layer-compute-total: 0.000501000 seconds
[token:182, layer:2] 002:attention-norm: 0.000000000 seconds
[token:182, layer:2] 003:qkv-projection: 0.000106000 seconds
[token:182, layer:2] 004:apply-rope: 0.000001000 seconds
[token:182, layer:2] 005:compute-attention: 0.000038000 seconds
[token:182, layer:2] 006:attention-output: 0.000035000 seconds
[token:182, layer:2] 007:ffn-norm: 0.000001000 seconds
[token:182, layer:2] 008:ffn-up-projection: 0.000187000 seconds
[token:182, layer:2] 009:ffn-swiglu: 0.000001000 seconds
[token:182, layer:2] 010:ffn-down-projection: 0.000133000 seconds
[token:182, layer:2] 102:layer-compute-total: 0.000502000 seconds
[token:182, layer:3] 002:attention-norm: 0.000000000 seconds
[token:182, layer:3] 003:qkv-projection: 0.000105000 seconds
[token:182, layer:3] 004:apply-rope: 0.000001000 seconds
[token:182, layer:3] 005:compute-attention: 0.000039000 seconds
[token:182, layer:3] 006:attention-output: 0.000035000 seconds
[token:182, layer:3] 007:ffn-norm: 0.000001000 seconds
[token:182, layer:3] 008:ffn-up-projection: 0.000187000 seconds
[token:182, layer:3] 009:ffn-swiglu: 0.000001000 seconds
[token:182, layer:3] 010:ffn-down-projection: 0.000134000 seconds
[token:182, layer:3] 102:layer-compute-total: 0.000503000 seconds
[token:182, layer:4] 002:attention-norm: 0.000000000 seconds
[token:182, layer:4] 003:qkv-projection: 0.000106000 seconds
[token:182, layer:4] 004:apply-rope: 0.000001000 seconds
[token:182, layer:4] 005:compute-attention: 0.000039000 seconds
[token:182, layer:4] 006:attention-output: 0.000035000 seconds
[token:182, layer:4] 007:ffn-norm: 0.000000000 seconds
[token:182, layer:4] 008:ffn-up-projection: 0.000186000 seconds
[token:182, layer:4] 009:ffn-swiglu: 0.000001000 seconds
[token:182, layer:4] 010:ffn-down-projection: 0.000134000 seconds
[token:182, layer:4] 102:layer-compute-total: 0.000502000 seconds
[token:182, layer:5] 002:attention-norm: 0.000000000 seconds
[token:182, layer:5] 003:qkv-projection: 0.000105000 seconds
[token:182, layer:5] 004:apply-rope: 0.000001000 seconds
[token:182, layer:5] 005:compute-attention: 0.000039000 seconds
[token:182, layer:5] 006:attention-output: 0.000035000 seconds
[token:182, layer:5] 007:ffn-norm: 0.000001000 seconds
[token:182, layer:5] 008:ffn-up-projection: 0.000204000 seconds
[token:182, layer:5] 009:ffn-swiglu: 0.000002000 seconds
[token:182, layer:5] 010:ffn-down-projection: 0.000140000 seconds
[token:182, layer:5] 102:layer-compute-total: 0.000527000 seconds
[token:182] 011:final-projection: 0.003955000 seconds
[token:182] 103:forward-compute-total: 0.007002000 seconds
[token:183] 001:embedding-lookup: 0.000000000 seconds
[token:183, layer:0] 002:attention-norm: 0.000000000 seconds
[token:183, layer:0] 003:qkv-projection: 0.000113000 seconds
[token:183, layer:0] 004:apply-rope: 0.000002000 seconds
[token:183, layer:0] 005:compute-attention: 0.000032000 seconds
[token:183, layer:0] 006:attention-output: 0.000035000 seconds
[token:183, layer:0] 007:ffn-norm: 0.000000000 seconds
[token:183, layer:0] 008:ffn-up-projection: 0.000186000 seconds
[token:183, layer:0] 009:ffn-swiglu: 0.000001000 seconds
[token:183, layer:0] 010:ffn-down-projection: 0.000134000 seconds
[token:183, layer:0] 102:layer-compute-total: 0.000503000 seconds
[token:183, layer:1] 002:attention-norm: 0.000000000 seconds
[token:183, layer:1] 003:qkv-projection: 0.000105000 seconds
[token:183, layer:1] 004:apply-rope: 0.000002000 seconds
[token:183, layer:1] 005:compute-attention: 0.000031000 seconds
[token:183, layer:1] 006:attention-output: 0.000035000 seconds
[token:183, layer:1] 007:ffn-norm: 0.000000000 seconds
[token:183, layer:1] 008:ffn-up-projection: 0.000186000 seconds
[token:183, layer:1] 009:ffn-swiglu: 0.000001000 seconds
[token:183, layer:1] 010:ffn-down-projection: 0.000134000 seconds
[token:183, layer:1] 102:layer-compute-total: 0.000494000 seconds
[token:183, layer:2] 002:attention-norm: 0.000000000 seconds
[token:183, layer:2] 003:qkv-projection: 0.000105000 seconds
[token:183, layer:2] 004:apply-rope: 0.000001000 seconds
[token:183, layer:2] 005:compute-attention: 0.000029000 seconds
[token:183, layer:2] 006:attention-output: 0.000035000 seconds
[token:183, layer:2] 007:ffn-norm: 0.000000000 seconds
[token:183, layer:2] 008:ffn-up-projection: 0.000186000 seconds
[token:183, layer:2] 009:ffn-swiglu: 0.000001000 seconds
[token:183, layer:2] 010:ffn-down-projection: 0.000134000 seconds
[token:183, layer:2] 102:layer-compute-total: 0.000491000 seconds
[token:183, layer:3] 002:attention-norm: 0.000001000 seconds
[token:183, layer:3] 003:qkv-projection: 0.000105000 seconds
[token:183, layer:3] 004:apply-rope: 0.000002000 seconds
[token:183, layer:3] 005:compute-attention: 0.000030000 seconds
[token:183, layer:3] 006:attention-output: 0.000035000 seconds
[token:183, layer:3] 007:ffn-norm: 0.000001000 seconds
[token:183, layer:3] 008:ffn-up-projection: 0.000187000 seconds
[token:183, layer:3] 009:ffn-swiglu: 0.000001000 seconds
[token:183, layer:3] 010:ffn-down-projection: 0.000134000 seconds
[token:183, layer:3] 102:layer-compute-total: 0.000496000 seconds
[token:183, layer:4] 002:attention-norm: 0.000000000 seconds
[token:183, layer:4] 003:qkv-projection: 0.000105000 seconds
[token:183, layer:4] 004:apply-rope: 0.000001000 seconds
[token:183, layer:4] 005:compute-attention: 0.000029000 seconds
[token:183, layer:4] 006:attention-output: 0.000035000 seconds
[token:183, layer:4] 007:ffn-norm: 0.000000000 seconds
[token:183, layer:4] 008:ffn-up-projection: 0.000186000 seconds
[token:183, layer:4] 009:ffn-swiglu: 0.000001000 seconds
[token:183, layer:4] 010:ffn-down-projection: 0.000134000 seconds
[token:183, layer:4] 102:layer-compute-total: 0.000491000 seconds
[token:183, layer:5] 002:attention-norm: 0.000001000 seconds
[token:183, layer:5] 003:qkv-projection: 0.000104000 seconds
[token:183, layer:5] 004:apply-rope: 0.000001000 seconds
[token:183, layer:5] 005:compute-attention: 0.000029000 seconds
[token:183, layer:5] 006:attention-output: 0.000035000 seconds
[token:183, layer:5] 007:ffn-norm: 0.000000000 seconds
[token:183, layer:5] 008:ffn-up-projection: 0.000186000 seconds
[token:183, layer:5] 009:ffn-swiglu: 0.000001000 seconds
[token:183, layer:5] 010:ffn-down-projection: 0.000134000 seconds
[token:183, layer:5] 102:layer-compute-total: 0.000491000 seconds
[token:183] 011:final-projection: 0.004037000 seconds
[token:183] 103:forward-compute-total: 0.007003000 seconds
[token:184] 001:embedding-lookup: 0.000000000 seconds
[token:184, layer:0] 002:attention-norm: 0.000000000 seconds
[token:184, layer:0] 003:qkv-projection: 0.000113000 seconds
[token:184, layer:0] 004:apply-rope: 0.000001000 seconds
[token:184, layer:0] 005:compute-attention: 0.000032000 seconds
[token:184, layer:0] 006:attention-output: 0.000035000 seconds
[token:184, layer:0] 007:ffn-norm: 0.000000000 seconds
[token:184, layer:0] 008:ffn-up-projection: 0.000204000 seconds
[token:184, layer:0] 009:ffn-swiglu: 0.000001000 seconds
[token:184, layer:0] 010:ffn-down-projection: 0.000165000 seconds
[token:184, layer:0] 102:layer-compute-total: 0.000551000 seconds
[token:184, layer:1] 002:attention-norm: 0.000000000 seconds
[token:184, layer:1] 003:qkv-projection: 0.000157000 seconds
[token:184, layer:1] 004:apply-rope: 0.000002000 seconds
[token:184, layer:1] 005:compute-attention: 0.000043000 seconds
[token:184, layer:1] 006:attention-output: 0.000036000 seconds
[token:184, layer:1] 007:ffn-norm: 0.000001000 seconds
[token:184, layer:1] 008:ffn-up-projection: 0.000205000 seconds
[token:184, layer:1] 009:ffn-swiglu: 0.000001000 seconds
[token:184, layer:1] 010:ffn-down-projection: 0.000173000 seconds
[token:184, layer:1] 102:layer-compute-total: 0.000618000 seconds
[token:184, layer:2] 002:attention-norm: 0.000000000 seconds
[token:184, layer:2] 003:qkv-projection: 0.000115000 seconds
[token:184, layer:2] 004:apply-rope: 0.000002000 seconds
[token:184, layer:2] 005:compute-attention: 0.000042000 seconds
[token:184, layer:2] 006:attention-output: 0.000038000 seconds
[token:184, layer:2] 007:ffn-norm: 0.000001000 seconds
[token:184, layer:2] 008:ffn-up-projection: 0.000189000 seconds
[token:184, layer:2] 009:ffn-swiglu: 0.000001000 seconds
[token:184, layer:2] 010:ffn-down-projection: 0.000138000 seconds
[token:184, layer:2] 102:layer-compute-total: 0.000526000 seconds
[token:184, layer:3] 002:attention-norm: 0.000000000 seconds
[token:184, layer:3] 003:qkv-projection: 0.000107000 seconds
[token:184, layer:3] 004:apply-rope: 0.000002000 seconds
[token:184, layer:3] 005:compute-attention: 0.000039000 seconds
[token:184, layer:3] 006:attention-output: 0.000035000 seconds
[token:184, layer:3] 007:ffn-norm: 0.000001000 seconds
[token:184, layer:3] 008:ffn-up-projection: 0.000187000 seconds
[token:184, layer:3] 009:ffn-swiglu: 0.000001000 seconds
[token:184, layer:3] 010:ffn-down-projection: 0.000134000 seconds
[token:184, layer:3] 102:layer-compute-total: 0.000506000 seconds
[token:184, layer:4] 002:attention-norm: 0.000001000 seconds
[token:184, layer:4] 003:qkv-projection: 0.000107000 seconds
[token:184, layer:4] 004:apply-rope: 0.000001000 seconds
[token:184, layer:4] 005:compute-attention: 0.000039000 seconds
[token:184, layer:4] 006:attention-output: 0.000036000 seconds
[token:184, layer:4] 007:ffn-norm: 0.000001000 seconds
[token:184, layer:4] 008:ffn-up-projection: 0.000186000 seconds
[token:184, layer:4] 009:ffn-swiglu: 0.000001000 seconds
[token:184, layer:4] 010:ffn-down-projection: 0.000134000 seconds
[token:184, layer:4] 102:layer-compute-total: 0.000506000 seconds
[token:184, layer:5] 002:attention-norm: 0.000000000 seconds
[token:184, layer:5] 003:qkv-projection: 0.000108000 seconds
[token:184, layer:5] 004:apply-rope: 0.000002000 seconds
[token:184, layer:5] 005:compute-attention: 0.000038000 seconds
[token:184, layer:5] 006:attention-output: 0.000035000 seconds
[token:184, layer:5] 007:ffn-norm: 0.000001000 seconds
[token:184, layer:5] 008:ffn-up-projection: 0.000186000 seconds
[token:184, layer:5] 009:ffn-swiglu: 0.000001000 seconds
[token:184, layer:5] 010:ffn-down-projection: 0.000137000 seconds
[token:184, layer:5] 102:layer-compute-total: 0.000508000 seconds
[token:184] 011:final-projection: 0.003958000 seconds
[token:184] 103:forward-compute-total: 0.007173000 seconds
[token:185] 001:embedding-lookup: 0.000000000 seconds
[token:185, layer:0] 002:attention-norm: 0.000000000 seconds
[token:185, layer:0] 003:qkv-projection: 0.000111000 seconds
[token:185, layer:0] 004:apply-rope: 0.000001000 seconds
[token:185, layer:0] 005:compute-attention: 0.000042000 seconds
[token:185, layer:0] 006:attention-output: 0.000035000 seconds
[token:185, layer:0] 007:ffn-norm: 0.000000000 seconds
[token:185, layer:0] 008:ffn-up-projection: 0.000189000 seconds
[token:185, layer:0] 009:ffn-swiglu: 0.000001000 seconds
[token:185, layer:0] 010:ffn-down-projection: 0.000134000 seconds
[token:185, layer:0] 102:layer-compute-total: 0.000513000 seconds
[token:185, layer:1] 002:attention-norm: 0.000001000 seconds
[token:185, layer:1] 003:qkv-projection: 0.000106000 seconds
[token:185, layer:1] 004:apply-rope: 0.000002000 seconds
[token:185, layer:1] 005:compute-attention: 0.000037000 seconds
[token:185, layer:1] 006:attention-output: 0.000035000 seconds
[token:185, layer:1] 007:ffn-norm: 0.000001000 seconds
[token:185, layer:1] 008:ffn-up-projection: 0.000187000 seconds
[token:185, layer:1] 009:ffn-swiglu: 0.000001000 seconds
[token:185, layer:1] 010:ffn-down-projection: 0.000133000 seconds
[token:185, layer:1] 102:layer-compute-total: 0.000503000 seconds
[token:185, layer:2] 002:attention-norm: 0.000000000 seconds
[token:185, layer:2] 003:qkv-projection: 0.000106000 seconds
[token:185, layer:2] 004:apply-rope: 0.000001000 seconds
[token:185, layer:2] 005:compute-attention: 0.000031000 seconds
[token:185, layer:2] 006:attention-output: 0.000036000 seconds
[token:185, layer:2] 007:ffn-norm: 0.000000000 seconds
[token:185, layer:2] 008:ffn-up-projection: 0.000187000 seconds
[token:185, layer:2] 009:ffn-swiglu: 0.000001000 seconds
[token:185, layer:2] 010:ffn-down-projection: 0.000137000 seconds
[token:185, layer:2] 102:layer-compute-total: 0.000499000 seconds
[token:185, layer:3] 002:attention-norm: 0.000000000 seconds
[token:185, layer:3] 003:qkv-projection: 0.000106000 seconds
[token:185, layer:3] 004:apply-rope: 0.000001000 seconds
[token:185, layer:3] 005:compute-attention: 0.000029000 seconds
[token:185, layer:3] 006:attention-output: 0.000035000 seconds
[token:185, layer:3] 007:ffn-norm: 0.000000000 seconds
[token:185, layer:3] 008:ffn-up-projection: 0.000191000 seconds
[token:185, layer:3] 009:ffn-swiglu: 0.000001000 seconds
[token:185, layer:3] 010:ffn-down-projection: 0.000135000 seconds
[token:185, layer:3] 102:layer-compute-total: 0.000498000 seconds
[token:185, layer:4] 002:attention-norm: 0.000000000 seconds
[token:185, layer:4] 003:qkv-projection: 0.000109000 seconds
[token:185, layer:4] 004:apply-rope: 0.000002000 seconds
[token:185, layer:4] 005:compute-attention: 0.000029000 seconds
[token:185, layer:4] 006:attention-output: 0.000035000 seconds
[token:185, layer:4] 007:ffn-norm: 0.000000000 seconds
[token:185, layer:4] 008:ffn-up-projection: 0.000187000 seconds
[token:185, layer:4] 009:ffn-swiglu: 0.000001000 seconds
[token:185, layer:4] 010:ffn-down-projection: 0.000134000 seconds
[token:185, layer:4] 102:layer-compute-total: 0.000497000 seconds
[token:185, layer:5] 002:attention-norm: 0.000001000 seconds
[token:185, layer:5] 003:qkv-projection: 0.000107000 seconds
[token:185, layer:5] 004:apply-rope: 0.000002000 seconds
[token:185, layer:5] 005:compute-attention: 0.000028000 seconds
[token:185, layer:5] 006:attention-output: 0.000036000 seconds
[token:185, layer:5] 007:ffn-norm: 0.000000000 seconds
[token:185, layer:5] 008:ffn-up-projection: 0.000187000 seconds
[token:185, layer:5] 009:ffn-swiglu: 0.000001000 seconds
[token:185, layer:5] 010:ffn-down-projection: 0.000134000 seconds
[token:185, layer:5] 102:layer-compute-total: 0.000496000 seconds
[token:185] 011:final-projection: 0.004019000 seconds
[token:185] 103:forward-compute-total: 0.007025000 seconds
[token:186] 001:embedding-lookup: 0.000001000 seconds
[token:186, layer:0] 002:attention-norm: 0.000000000 seconds
[token:186, layer:0] 003:qkv-projection: 0.000109000 seconds
[token:186, layer:0] 004:apply-rope: 0.000002000 seconds
[token:186, layer:0] 005:compute-attention: 0.000031000 seconds
[token:186, layer:0] 006:attention-output: 0.000037000 seconds
[token:186, layer:0] 007:ffn-norm: 0.000000000 seconds
[token:186, layer:0] 008:ffn-up-projection: 0.000194000 seconds
[token:186, layer:0] 009:ffn-swiglu: 0.000001000 seconds
[token:186, layer:0] 010:ffn-down-projection: 0.000139000 seconds
[token:186, layer:0] 102:layer-compute-total: 0.000513000 seconds
[token:186, layer:1] 002:attention-norm: 0.000001000 seconds
[token:186, layer:1] 003:qkv-projection: 0.000109000 seconds
[token:186, layer:1] 004:apply-rope: 0.000001000 seconds
[token:186, layer:1] 005:compute-attention: 0.000031000 seconds
[token:186, layer:1] 006:attention-output: 0.000037000 seconds
[token:186, layer:1] 007:ffn-norm: 0.000000000 seconds
[token:186, layer:1] 008:ffn-up-projection: 0.000194000 seconds
[token:186, layer:1] 009:ffn-swiglu: 0.000001000 seconds
[token:186, layer:1] 010:ffn-down-projection: 0.000138000 seconds
[token:186, layer:1] 102:layer-compute-total: 0.000512000 seconds
[token:186, layer:2] 002:attention-norm: 0.000001000 seconds
[token:186, layer:2] 003:qkv-projection: 0.000107000 seconds
[token:186, layer:2] 004:apply-rope: 0.000001000 seconds
[token:186, layer:2] 005:compute-attention: 0.000030000 seconds
[token:186, layer:2] 006:attention-output: 0.000036000 seconds
[token:186, layer:2] 007:ffn-norm: 0.000000000 seconds
[token:186, layer:2] 008:ffn-up-projection: 0.000213000 seconds
[token:186, layer:2] 009:ffn-swiglu: 0.000001000 seconds
[token:186, layer:2] 010:ffn-down-projection: 0.000196000 seconds
[token:186, layer:2] 102:layer-compute-total: 0.000585000 seconds
[token:186, layer:3] 002:attention-norm: 0.000001000 seconds
[token:186, layer:3] 003:qkv-projection: 0.000120000 seconds
[token:186, layer:3] 004:apply-rope: 0.000002000 seconds
[token:186, layer:3] 005:compute-attention: 0.000037000 seconds
[token:186, layer:3] 006:attention-output: 0.000036000 seconds
[token:186, layer:3] 007:ffn-norm: 0.000001000 seconds
[token:186, layer:3] 008:ffn-up-projection: 0.000194000 seconds
[token:186, layer:3] 009:ffn-swiglu: 0.000001000 seconds
[token:186, layer:3] 010:ffn-down-projection: 0.000139000 seconds
[token:186, layer:3] 102:layer-compute-total: 0.000531000 seconds
[token:186, layer:4] 002:attention-norm: 0.000001000 seconds
[token:186, layer:4] 003:qkv-projection: 0.000111000 seconds
[token:186, layer:4] 004:apply-rope: 0.000001000 seconds
[token:186, layer:4] 005:compute-attention: 0.000054000 seconds
[token:186, layer:4] 006:attention-output: 0.000038000 seconds
[token:186, layer:4] 007:ffn-norm: 0.000000000 seconds
[token:186, layer:4] 008:ffn-up-projection: 0.000196000 seconds
[token:186, layer:4] 009:ffn-swiglu: 0.000001000 seconds
[token:186, layer:4] 010:ffn-down-projection: 0.000149000 seconds
[token:186, layer:4] 102:layer-compute-total: 0.000551000 seconds
[token:186, layer:5] 002:attention-norm: 0.000001000 seconds
[token:186, layer:5] 003:qkv-projection: 0.000109000 seconds
[token:186, layer:5] 004:apply-rope: 0.000001000 seconds
[token:186, layer:5] 005:compute-attention: 0.000051000 seconds
[token:186, layer:5] 006:attention-output: 0.000036000 seconds
[token:186, layer:5] 007:ffn-norm: 0.000000000 seconds
[token:186, layer:5] 008:ffn-up-projection: 0.000190000 seconds
[token:186, layer:5] 009:ffn-swiglu: 0.000001000 seconds
[token:186, layer:5] 010:ffn-down-projection: 0.000144000 seconds
[token:186, layer:5] 102:layer-compute-total: 0.000533000 seconds
[token:186] 011:final-projection: 0.003978000 seconds
[token:186] 103:forward-compute-total: 0.007204000 seconds
[token:187] 001:embedding-lookup: 0.000000000 seconds
[token:187, layer:0] 002:attention-norm: 0.000000000 seconds
[token:187, layer:0] 003:qkv-projection: 0.000115000 seconds
[token:187, layer:0] 004:apply-rope: 0.000002000 seconds
[token:187, layer:0] 005:compute-attention: 0.000040000 seconds
[token:187, layer:0] 006:attention-output: 0.000035000 seconds
[token:187, layer:0] 007:ffn-norm: 0.000000000 seconds
[token:187, layer:0] 008:ffn-up-projection: 0.000190000 seconds
[token:187, layer:0] 009:ffn-swiglu: 0.000001000 seconds
[token:187, layer:0] 010:ffn-down-projection: 0.000134000 seconds
[token:187, layer:0] 102:layer-compute-total: 0.000517000 seconds
[token:187, layer:1] 002:attention-norm: 0.000000000 seconds
[token:187, layer:1] 003:qkv-projection: 0.000106000 seconds
[token:187, layer:1] 004:apply-rope: 0.000001000 seconds
[token:187, layer:1] 005:compute-attention: 0.000040000 seconds
[token:187, layer:1] 006:attention-output: 0.000036000 seconds
[token:187, layer:1] 007:ffn-norm: 0.000001000 seconds
[token:187, layer:1] 008:ffn-up-projection: 0.000190000 seconds
[token:187, layer:1] 009:ffn-swiglu: 0.000001000 seconds
[token:187, layer:1] 010:ffn-down-projection: 0.000134000 seconds
[token:187, layer:1] 102:layer-compute-total: 0.000509000 seconds
[token:187, layer:2] 002:attention-norm: 0.000000000 seconds
[token:187, layer:2] 003:qkv-projection: 0.000106000 seconds
[token:187, layer:2] 004:apply-rope: 0.000002000 seconds
[token:187, layer:2] 005:compute-attention: 0.000043000 seconds
[token:187, layer:2] 006:attention-output: 0.000035000 seconds
[token:187, layer:2] 007:ffn-norm: 0.000000000 seconds
[token:187, layer:2] 008:ffn-up-projection: 0.000187000 seconds
[token:187, layer:2] 009:ffn-swiglu: 0.000001000 seconds
[token:187, layer:2] 010:ffn-down-projection: 0.000134000 seconds
[token:187, layer:2] 102:layer-compute-total: 0.000508000 seconds
[token:187, layer:3] 002:attention-norm: 0.000001000 seconds
[token:187, layer:3] 003:qkv-projection: 0.000106000 seconds
[token:187, layer:3] 004:apply-rope: 0.000001000 seconds
[token:187, layer:3] 005:compute-attention: 0.000037000 seconds
[token:187, layer:3] 006:attention-output: 0.000035000 seconds
[token:187, layer:3] 007:ffn-norm: 0.000000000 seconds
[token:187, layer:3] 008:ffn-up-projection: 0.000191000 seconds
[token:187, layer:3] 009:ffn-swiglu: 0.000001000 seconds
[token:187, layer:3] 010:ffn-down-projection: 0.000134000 seconds
[token:187, layer:3] 102:layer-compute-total: 0.000506000 seconds
[token:187, layer:4] 002:attention-norm: 0.000000000 seconds
[token:187, layer:4] 003:qkv-projection: 0.000105000 seconds
[token:187, layer:4] 004:apply-rope: 0.000001000 seconds
[token:187, layer:4] 005:compute-attention: 0.000035000 seconds
[token:187, layer:4] 006:attention-output: 0.000035000 seconds
[token:187, layer:4] 007:ffn-norm: 0.000000000 seconds
[token:187, layer:4] 008:ffn-up-projection: 0.000191000 seconds
[token:187, layer:4] 009:ffn-swiglu: 0.000001000 seconds
[token:187, layer:4] 010:ffn-down-projection: 0.000134000 seconds
[token:187, layer:4] 102:layer-compute-total: 0.000502000 seconds
[token:187, layer:5] 002:attention-norm: 0.000001000 seconds
[token:187, layer:5] 003:qkv-projection: 0.000105000 seconds
[token:187, layer:5] 004:apply-rope: 0.000001000 seconds
[token:187, layer:5] 005:compute-attention: 0.000037000 seconds
[token:187, layer:5] 006:attention-output: 0.000041000 seconds
[token:187, layer:5] 007:ffn-norm: 0.000001000 seconds
[token:187, layer:5] 008:ffn-up-projection: 0.000193000 seconds
[token:187, layer:5] 009:ffn-swiglu: 0.000001000 seconds
[token:187, layer:5] 010:ffn-down-projection: 0.000132000 seconds
[token:187, layer:5] 102:layer-compute-total: 0.000512000 seconds
[token:187] 011:final-projection: 0.003936000 seconds
[token:187] 103:forward-compute-total: 0.006990000 seconds
[token:188] 001:embedding-lookup: 0.000000000 seconds
[token:188, layer:0] 002:attention-norm: 0.000000000 seconds
[token:188, layer:0] 003:qkv-projection: 0.000113000 seconds
[token:188, layer:0] 004:apply-rope: 0.000002000 seconds
[token:188, layer:0] 005:compute-attention: 0.000031000 seconds
[token:188, layer:0] 006:attention-output: 0.000035000 seconds
[token:188, layer:0] 007:ffn-norm: 0.000000000 seconds
[token:188, layer:0] 008:ffn-up-projection: 0.000187000 seconds
[token:188, layer:0] 009:ffn-swiglu: 0.000001000 seconds
[token:188, layer:0] 010:ffn-down-projection: 0.000140000 seconds
[token:188, layer:0] 102:layer-compute-total: 0.000509000 seconds
[token:188, layer:1] 002:attention-norm: 0.000000000 seconds
[token:188, layer:1] 003:qkv-projection: 0.000149000 seconds
[token:188, layer:1] 004:apply-rope: 0.000002000 seconds
[token:188, layer:1] 005:compute-attention: 0.000033000 seconds
[token:188, layer:1] 006:attention-output: 0.000035000 seconds
[token:188, layer:1] 007:ffn-norm: 0.000001000 seconds
[token:188, layer:1] 008:ffn-up-projection: 0.000193000 seconds
[token:188, layer:1] 009:ffn-swiglu: 0.000001000 seconds
[token:188, layer:1] 010:ffn-down-projection: 0.000141000 seconds
[token:188, layer:1] 102:layer-compute-total: 0.000555000 seconds
[token:188, layer:2] 002:attention-norm: 0.000000000 seconds
[token:188, layer:2] 003:qkv-projection: 0.000107000 seconds
[token:188, layer:2] 004:apply-rope: 0.000001000 seconds
[token:188, layer:2] 005:compute-attention: 0.000033000 seconds
[token:188, layer:2] 006:attention-output: 0.000039000 seconds
[token:188, layer:2] 007:ffn-norm: 0.000000000 seconds
[token:188, layer:2] 008:ffn-up-projection: 0.000190000 seconds
[token:188, layer:2] 009:ffn-swiglu: 0.000001000 seconds
[token:188, layer:2] 010:ffn-down-projection: 0.000139000 seconds
[token:188, layer:2] 102:layer-compute-total: 0.000510000 seconds
[token:188, layer:3] 002:attention-norm: 0.000000000 seconds
[token:188, layer:3] 003:qkv-projection: 0.000107000 seconds
[token:188, layer:3] 004:apply-rope: 0.000001000 seconds
[token:188, layer:3] 005:compute-attention: 0.000035000 seconds
[token:188, layer:3] 006:attention-output: 0.000035000 seconds
[token:188, layer:3] 007:ffn-norm: 0.000000000 seconds
[token:188, layer:3] 008:ffn-up-projection: 0.000194000 seconds
[token:188, layer:3] 009:ffn-swiglu: 0.000001000 seconds
[token:188, layer:3] 010:ffn-down-projection: 0.000138000 seconds
[token:188, layer:3] 102:layer-compute-total: 0.000511000 seconds
[token:188, layer:4] 002:attention-norm: 0.000000000 seconds
[token:188, layer:4] 003:qkv-projection: 0.000114000 seconds
[token:188, layer:4] 004:apply-rope: 0.000001000 seconds
[token:188, layer:4] 005:compute-attention: 0.000117000 seconds
[token:188, layer:4] 006:attention-output: 0.000047000 seconds
[token:188, layer:4] 007:ffn-norm: 0.000001000 seconds
[token:188, layer:4] 008:ffn-up-projection: 0.000194000 seconds
[token:188, layer:4] 009:ffn-swiglu: 0.000001000 seconds
[token:188, layer:4] 010:ffn-down-projection: 0.000139000 seconds
[token:188, layer:4] 102:layer-compute-total: 0.000614000 seconds
[token:188, layer:5] 002:attention-norm: 0.000001000 seconds
[token:188, layer:5] 003:qkv-projection: 0.000110000 seconds
[token:188, layer:5] 004:apply-rope: 0.000002000 seconds
[token:188, layer:5] 005:compute-attention: 0.000046000 seconds
[token:188, layer:5] 006:attention-output: 0.000036000 seconds
[token:188, layer:5] 007:ffn-norm: 0.000000000 seconds
[token:188, layer:5] 008:ffn-up-projection: 0.000196000 seconds
[token:188, layer:5] 009:ffn-swiglu: 0.000001000 seconds
[token:188, layer:5] 010:ffn-down-projection: 0.000140000 seconds
[token:188, layer:5] 102:layer-compute-total: 0.000532000 seconds
[token:188] 011:final-projection: 0.003997000 seconds
[token:188] 103:forward-compute-total: 0.007228000 seconds
[token:189] 001:embedding-lookup: 0.000000000 seconds
[token:189, layer:0] 002:attention-norm: 0.000001000 seconds
[token:189, layer:0] 003:qkv-projection: 0.000110000 seconds
[token:189, layer:0] 004:apply-rope: 0.000001000 seconds
[token:189, layer:0] 005:compute-attention: 0.000041000 seconds
[token:189, layer:0] 006:attention-output: 0.000036000 seconds
[token:189, layer:0] 007:ffn-norm: 0.000001000 seconds
[token:189, layer:0] 008:ffn-up-projection: 0.000194000 seconds
[token:189, layer:0] 009:ffn-swiglu: 0.000001000 seconds
[token:189, layer:0] 010:ffn-down-projection: 0.000138000 seconds
[token:189, layer:0] 102:layer-compute-total: 0.000523000 seconds
[token:189, layer:1] 002:attention-norm: 0.000000000 seconds
[token:189, layer:1] 003:qkv-projection: 0.000107000 seconds
[token:189, layer:1] 004:apply-rope: 0.000001000 seconds
[token:189, layer:1] 005:compute-attention: 0.000041000 seconds
[token:189, layer:1] 006:attention-output: 0.000036000 seconds
[token:189, layer:1] 007:ffn-norm: 0.000001000 seconds
[token:189, layer:1] 008:ffn-up-projection: 0.000187000 seconds
[token:189, layer:1] 009:ffn-swiglu: 0.000001000 seconds
[token:189, layer:1] 010:ffn-down-projection: 0.000134000 seconds
[token:189, layer:1] 102:layer-compute-total: 0.000508000 seconds
[token:189, layer:2] 002:attention-norm: 0.000000000 seconds
[token:189, layer:2] 003:qkv-projection: 0.000106000 seconds
[token:189, layer:2] 004:apply-rope: 0.000001000 seconds
[token:189, layer:2] 005:compute-attention: 0.000038000 seconds
[token:189, layer:2] 006:attention-output: 0.000036000 seconds
[token:189, layer:2] 007:ffn-norm: 0.000001000 seconds
[token:189, layer:2] 008:ffn-up-projection: 0.000187000 seconds
[token:189, layer:2] 009:ffn-swiglu: 0.000001000 seconds
[token:189, layer:2] 010:ffn-down-projection: 0.000139000 seconds
[token:189, layer:2] 102:layer-compute-total: 0.000509000 seconds
[token:189, layer:3] 002:attention-norm: 0.000000000 seconds
[token:189, layer:3] 003:qkv-projection: 0.000107000 seconds
[token:189, layer:3] 004:apply-rope: 0.000001000 seconds
[token:189, layer:3] 005:compute-attention: 0.000038000 seconds
[token:189, layer:3] 006:attention-output: 0.000036000 seconds
[token:189, layer:3] 007:ffn-norm: 0.000001000 seconds
[token:189, layer:3] 008:ffn-up-projection: 0.000190000 seconds
[token:189, layer:3] 009:ffn-swiglu: 0.000001000 seconds
[token:189, layer:3] 010:ffn-down-projection: 0.000136000 seconds
[token:189, layer:3] 102:layer-compute-total: 0.000510000 seconds
[token:189, layer:4] 002:attention-norm: 0.000000000 seconds
[token:189, layer:4] 003:qkv-projection: 0.000107000 seconds
[token:189, layer:4] 004:apply-rope: 0.000001000 seconds
[token:189, layer:4] 005:compute-attention: 0.000039000 seconds
[token:189, layer:4] 006:attention-output: 0.000036000 seconds
[token:189, layer:4] 007:ffn-norm: 0.000000000 seconds
[token:189, layer:4] 008:ffn-up-projection: 0.000188000 seconds
[token:189, layer:4] 009:ffn-swiglu: 0.000001000 seconds
[token:189, layer:4] 010:ffn-down-projection: 0.000134000 seconds
[token:189, layer:4] 102:layer-compute-total: 0.000506000 seconds
[token:189, layer:5] 002:attention-norm: 0.000000000 seconds
[token:189, layer:5] 003:qkv-projection: 0.000105000 seconds
[token:189, layer:5] 004:apply-rope: 0.000001000 seconds
[token:189, layer:5] 005:compute-attention: 0.000032000 seconds
[token:189, layer:5] 006:attention-output: 0.000035000 seconds
[token:189, layer:5] 007:ffn-norm: 0.000000000 seconds
[token:189, layer:5] 008:ffn-up-projection: 0.000187000 seconds
[token:189, layer:5] 009:ffn-swiglu: 0.000001000 seconds
[token:189, layer:5] 010:ffn-down-projection: 0.000134000 seconds
[token:189, layer:5] 102:layer-compute-total: 0.000495000 seconds
[token:189] 011:final-projection: 0.003973000 seconds
[token:189] 103:forward-compute-total: 0.007024000 seconds
[token:190] 001:embedding-lookup: 0.000000000 seconds
[token:190, layer:0] 002:attention-norm: 0.000001000 seconds
[token:190, layer:0] 003:qkv-projection: 0.000112000 seconds
[token:190, layer:0] 004:apply-rope: 0.000001000 seconds
[token:190, layer:0] 005:compute-attention: 0.000031000 seconds
[token:190, layer:0] 006:attention-output: 0.000036000 seconds
[token:190, layer:0] 007:ffn-norm: 0.000000000 seconds
[token:190, layer:0] 008:ffn-up-projection: 0.000188000 seconds
[token:190, layer:0] 009:ffn-swiglu: 0.000001000 seconds
[token:190, layer:0] 010:ffn-down-projection: 0.000141000 seconds
[token:190, layer:0] 102:layer-compute-total: 0.000511000 seconds
[token:190, layer:1] 002:attention-norm: 0.000000000 seconds
[token:190, layer:1] 003:qkv-projection: 0.000113000 seconds
[token:190, layer:1] 004:apply-rope: 0.000002000 seconds
[token:190, layer:1] 005:compute-attention: 0.000032000 seconds
[token:190, layer:1] 006:attention-output: 0.000036000 seconds
[token:190, layer:1] 007:ffn-norm: 0.000000000 seconds
[token:190, layer:1] 008:ffn-up-projection: 0.000187000 seconds
[token:190, layer:1] 009:ffn-swiglu: 0.000001000 seconds
[token:190, layer:1] 010:ffn-down-projection: 0.000134000 seconds
[token:190, layer:1] 102:layer-compute-total: 0.000505000 seconds
[token:190, layer:2] 002:attention-norm: 0.000001000 seconds
[token:190, layer:2] 003:qkv-projection: 0.000105000 seconds
[token:190, layer:2] 004:apply-rope: 0.000001000 seconds
[token:190, layer:2] 005:compute-attention: 0.000029000 seconds
[token:190, layer:2] 006:attention-output: 0.000035000 seconds
[token:190, layer:2] 007:ffn-norm: 0.000000000 seconds
[token:190, layer:2] 008:ffn-up-projection: 0.000187000 seconds
[token:190, layer:2] 009:ffn-swiglu: 0.000001000 seconds
[token:190, layer:2] 010:ffn-down-projection: 0.000146000 seconds
[token:190, layer:2] 102:layer-compute-total: 0.000505000 seconds
[token:190, layer:3] 002:attention-norm: 0.000000000 seconds
[token:190, layer:3] 003:qkv-projection: 0.000117000 seconds
[token:190, layer:3] 004:apply-rope: 0.000002000 seconds
[token:190, layer:3] 005:compute-attention: 0.000029000 seconds
[token:190, layer:3] 006:attention-output: 0.000035000 seconds
[token:190, layer:3] 007:ffn-norm: 0.000001000 seconds
[token:190, layer:3] 008:ffn-up-projection: 0.000196000 seconds
[token:190, layer:3] 009:ffn-swiglu: 0.000001000 seconds
[token:190, layer:3] 010:ffn-down-projection: 0.000144000 seconds
[token:190, layer:3] 102:layer-compute-total: 0.000525000 seconds
[token:190, layer:4] 002:attention-norm: 0.000000000 seconds
[token:190, layer:4] 003:qkv-projection: 0.000107000 seconds
[token:190, layer:4] 004:apply-rope: 0.000001000 seconds
[token:190, layer:4] 005:compute-attention: 0.000032000 seconds
[token:190, layer:4] 006:attention-output: 0.000035000 seconds
[token:190, layer:4] 007:ffn-norm: 0.000000000 seconds
[token:190, layer:4] 008:ffn-up-projection: 0.000190000 seconds
[token:190, layer:4] 009:ffn-swiglu: 0.000001000 seconds
[token:190, layer:4] 010:ffn-down-projection: 0.000136000 seconds
[token:190, layer:4] 102:layer-compute-total: 0.000502000 seconds
[token:190, layer:5] 002:attention-norm: 0.000000000 seconds
[token:190, layer:5] 003:qkv-projection: 0.000107000 seconds
[token:190, layer:5] 004:apply-rope: 0.000001000 seconds
[token:190, layer:5] 005:compute-attention: 0.000031000 seconds
[token:190, layer:5] 006:attention-output: 0.000036000 seconds
[token:190, layer:5] 007:ffn-norm: 0.000000000 seconds
[token:190, layer:5] 008:ffn-up-projection: 0.000189000 seconds
[token:190, layer:5] 009:ffn-swiglu: 0.000002000 seconds
[token:190, layer:5] 010:ffn-down-projection: 0.000140000 seconds
[token:190, layer:5] 102:layer-compute-total: 0.000506000 seconds
[token:190] 011:final-projection: 0.004133000 seconds
[token:190] 103:forward-compute-total: 0.007187000 seconds
[token:191] 001:embedding-lookup: 0.000000000 seconds
[token:191, layer:0] 002:attention-norm: 0.000001000 seconds
[token:191, layer:0] 003:qkv-projection: 0.000113000 seconds
[token:191, layer:0] 004:apply-rope: 0.000001000 seconds
[token:191, layer:0] 005:compute-attention: 0.000041000 seconds
[token:191, layer:0] 006:attention-output: 0.000036000 seconds
[token:191, layer:0] 007:ffn-norm: 0.000000000 seconds
[token:191, layer:0] 008:ffn-up-projection: 0.000187000 seconds
[token:191, layer:0] 009:ffn-swiglu: 0.000001000 seconds
[token:191, layer:0] 010:ffn-down-projection: 0.000134000 seconds
[token:191, layer:0] 102:layer-compute-total: 0.000514000 seconds
[token:191, layer:1] 002:attention-norm: 0.000000000 seconds
[token:191, layer:1] 003:qkv-projection: 0.000105000 seconds
[token:191, layer:1] 004:apply-rope: 0.000001000 seconds
[token:191, layer:1] 005:compute-attention: 0.000039000 seconds
[token:191, layer:1] 006:attention-output: 0.000036000 seconds
[token:191, layer:1] 007:ffn-norm: 0.000000000 seconds
[token:191, layer:1] 008:ffn-up-projection: 0.000191000 seconds
[token:191, layer:1] 009:ffn-swiglu: 0.000001000 seconds
[token:191, layer:1] 010:ffn-down-projection: 0.000134000 seconds
[token:191, layer:1] 102:layer-compute-total: 0.000507000 seconds
[token:191, layer:2] 002:attention-norm: 0.000000000 seconds
[token:191, layer:2] 003:qkv-projection: 0.000105000 seconds
[token:191, layer:2] 004:apply-rope: 0.000002000 seconds
[token:191, layer:2] 005:compute-attention: 0.000038000 seconds
[token:191, layer:2] 006:attention-output: 0.000035000 seconds
[token:191, layer:2] 007:ffn-norm: 0.000000000 seconds
[token:191, layer:2] 008:ffn-up-projection: 0.000188000 seconds
[token:191, layer:2] 009:ffn-swiglu: 0.000001000 seconds
[token:191, layer:2] 010:ffn-down-projection: 0.000137000 seconds
[token:191, layer:2] 102:layer-compute-total: 0.000506000 seconds
[token:191, layer:3] 002:attention-norm: 0.000000000 seconds
[token:191, layer:3] 003:qkv-projection: 0.000105000 seconds
[token:191, layer:3] 004:apply-rope: 0.000001000 seconds
[token:191, layer:3] 005:compute-attention: 0.000039000 seconds
[token:191, layer:3] 006:attention-output: 0.000038000 seconds
[token:191, layer:3] 007:ffn-norm: 0.000000000 seconds
[token:191, layer:3] 008:ffn-up-projection: 0.000187000 seconds
[token:191, layer:3] 009:ffn-swiglu: 0.000001000 seconds
[token:191, layer:3] 010:ffn-down-projection: 0.000134000 seconds
[token:191, layer:3] 102:layer-compute-total: 0.000505000 seconds
[token:191, layer:4] 002:attention-norm: 0.000001000 seconds
[token:191, layer:4] 003:qkv-projection: 0.000105000 seconds
[token:191, layer:4] 004:apply-rope: 0.000001000 seconds
[token:191, layer:4] 005:compute-attention: 0.000038000 seconds
[token:191, layer:4] 006:attention-output: 0.000036000 seconds
[token:191, layer:4] 007:ffn-norm: 0.000001000 seconds
[token:191, layer:4] 008:ffn-up-projection: 0.000186000 seconds
[token:191, layer:4] 009:ffn-swiglu: 0.000001000 seconds
[token:191, layer:4] 010:ffn-down-projection: 0.000134000 seconds
[token:191, layer:4] 102:layer-compute-total: 0.000503000 seconds
[token:191, layer:5] 002:attention-norm: 0.000000000 seconds
[token:191, layer:5] 003:qkv-projection: 0.000105000 seconds
[token:191, layer:5] 004:apply-rope: 0.000001000 seconds
[token:191, layer:5] 005:compute-attention: 0.000037000 seconds
[token:191, layer:5] 006:attention-output: 0.000036000 seconds
[token:191, layer:5] 007:ffn-norm: 0.000000000 seconds
[token:191, layer:5] 008:ffn-up-projection: 0.000187000 seconds
[token:191, layer:5] 009:ffn-swiglu: 0.000001000 seconds
[token:191, layer:5] 010:ffn-down-projection: 0.000134000 seconds
[token:191, layer:5] 102:layer-compute-total: 0.000501000 seconds
[token:191] 011:final-projection: 0.003951000 seconds
[token:191] 103:forward-compute-total: 0.006987000 seconds
[token:192] 001:embedding-lookup: 0.000000000 seconds
[token:192, layer:0] 002:attention-norm: 0.000001000 seconds
[token:192, layer:0] 003:qkv-projection: 0.000115000 seconds
[token:192, layer:0] 004:apply-rope: 0.000001000 seconds
[token:192, layer:0] 005:compute-attention: 0.000030000 seconds
[token:192, layer:0] 006:attention-output: 0.000035000 seconds
[token:192, layer:0] 007:ffn-norm: 0.000000000 seconds
[token:192, layer:0] 008:ffn-up-projection: 0.000186000 seconds
[token:192, layer:0] 009:ffn-swiglu: 0.000002000 seconds
[token:192, layer:0] 010:ffn-down-projection: 0.000134000 seconds
[token:192, layer:0] 102:layer-compute-total: 0.000504000 seconds
[token:192, layer:1] 002:attention-norm: 0.000000000 seconds
[token:192, layer:1] 003:qkv-projection: 0.000105000 seconds
[token:192, layer:1] 004:apply-rope: 0.000001000 seconds
[token:192, layer:1] 005:compute-attention: 0.000030000 seconds
[token:192, layer:1] 006:attention-output: 0.000035000 seconds
[token:192, layer:1] 007:ffn-norm: 0.000000000 seconds
[token:192, layer:1] 008:ffn-up-projection: 0.000187000 seconds
[token:192, layer:1] 009:ffn-swiglu: 0.000001000 seconds
[token:192, layer:1] 010:ffn-down-projection: 0.000134000 seconds
[token:192, layer:1] 102:layer-compute-total: 0.000493000 seconds
[token:192, layer:2] 002:attention-norm: 0.000000000 seconds
[token:192, layer:2] 003:qkv-projection: 0.000105000 seconds
[token:192, layer:2] 004:apply-rope: 0.000001000 seconds
[token:192, layer:2] 005:compute-attention: 0.000029000 seconds
[token:192, layer:2] 006:attention-output: 0.000035000 seconds
[token:192, layer:2] 007:ffn-norm: 0.000001000 seconds
[token:192, layer:2] 008:ffn-up-projection: 0.000190000 seconds
[token:192, layer:2] 009:ffn-swiglu: 0.000001000 seconds
[token:192, layer:2] 010:ffn-down-projection: 0.000135000 seconds
[token:192, layer:2] 102:layer-compute-total: 0.000497000 seconds
[token:192, layer:3] 002:attention-norm: 0.000001000 seconds
[token:192, layer:3] 003:qkv-projection: 0.000104000 seconds
[token:192, layer:3] 004:apply-rope: 0.000001000 seconds
[token:192, layer:3] 005:compute-attention: 0.000029000 seconds
[token:192, layer:3] 006:attention-output: 0.000035000 seconds
[token:192, layer:3] 007:ffn-norm: 0.000000000 seconds
[token:192, layer:3] 008:ffn-up-projection: 0.000186000 seconds
[token:192, layer:3] 009:ffn-swiglu: 0.000001000 seconds
[token:192, layer:3] 010:ffn-down-projection: 0.000134000 seconds
[token:192, layer:3] 102:layer-compute-total: 0.000491000 seconds
[token:192, layer:4] 002:attention-norm: 0.000000000 seconds
[token:192, layer:4] 003:qkv-projection: 0.000105000 seconds
[token:192, layer:4] 004:apply-rope: 0.000001000 seconds
[token:192, layer:4] 005:compute-attention: 0.000030000 seconds
[token:192, layer:4] 006:attention-output: 0.000035000 seconds
[token:192, layer:4] 007:ffn-norm: 0.000000000 seconds
[token:192, layer:4] 008:ffn-up-projection: 0.000186000 seconds
[token:192, layer:4] 009:ffn-swiglu: 0.000001000 seconds
[token:192, layer:4] 010:ffn-down-projection: 0.000133000 seconds
[token:192, layer:4] 102:layer-compute-total: 0.000491000 seconds
[token:192, layer:5] 002:attention-norm: 0.000000000 seconds
[token:192, layer:5] 003:qkv-projection: 0.000105000 seconds
[token:192, layer:5] 004:apply-rope: 0.000001000 seconds
[token:192, layer:5] 005:compute-attention: 0.000029000 seconds
[token:192, layer:5] 006:attention-output: 0.000035000 seconds
[token:192, layer:5] 007:ffn-norm: 0.000000000 seconds
[token:192, layer:5] 008:ffn-up-projection: 0.000187000 seconds
[token:192, layer:5] 009:ffn-swiglu: 0.000001000 seconds
[token:192, layer:5] 010:ffn-down-projection: 0.000133000 seconds
[token:192, layer:5] 102:layer-compute-total: 0.000491000 seconds
[token:192] 011:final-projection: 0.004323000 seconds
[token:192] 103:forward-compute-total: 0.007290000 seconds
[token:193] 001:embedding-lookup: 0.000000000 seconds
[token:193, layer:0] 002:attention-norm: 0.000001000 seconds
[token:193, layer:0] 003:qkv-projection: 0.000112000 seconds
[token:193, layer:0] 004:apply-rope: 0.000002000 seconds
[token:193, layer:0] 005:compute-attention: 0.000040000 seconds
[token:193, layer:0] 006:attention-output: 0.000035000 seconds
[token:193, layer:0] 007:ffn-norm: 0.000001000 seconds
[token:193, layer:0] 008:ffn-up-projection: 0.000187000 seconds
[token:193, layer:0] 009:ffn-swiglu: 0.000001000 seconds
[token:193, layer:0] 010:ffn-down-projection: 0.000134000 seconds
[token:193, layer:0] 102:layer-compute-total: 0.000513000 seconds
[token:193, layer:1] 002:attention-norm: 0.000000000 seconds
[token:193, layer:1] 003:qkv-projection: 0.000105000 seconds
[token:193, layer:1] 004:apply-rope: 0.000001000 seconds
[token:193, layer:1] 005:compute-attention: 0.000041000 seconds
[token:193, layer:1] 006:attention-output: 0.000036000 seconds
[token:193, layer:1] 007:ffn-norm: 0.000000000 seconds
[token:193, layer:1] 008:ffn-up-projection: 0.000187000 seconds
[token:193, layer:1] 009:ffn-swiglu: 0.000001000 seconds
[token:193, layer:1] 010:ffn-down-projection: 0.000137000 seconds
[token:193, layer:1] 102:layer-compute-total: 0.000508000 seconds
[token:193, layer:2] 002:attention-norm: 0.000000000 seconds
[token:193, layer:2] 003:qkv-projection: 0.000106000 seconds
[token:193, layer:2] 004:apply-rope: 0.000001000 seconds
[token:193, layer:2] 005:compute-attention: 0.000039000 seconds
[token:193, layer:2] 006:attention-output: 0.000035000 seconds
[token:193, layer:2] 007:ffn-norm: 0.000000000 seconds
[token:193, layer:2] 008:ffn-up-projection: 0.000191000 seconds
[token:193, layer:2] 009:ffn-swiglu: 0.000001000 seconds
[token:193, layer:2] 010:ffn-down-projection: 0.000134000 seconds
[token:193, layer:2] 102:layer-compute-total: 0.000507000 seconds
[token:193, layer:3] 002:attention-norm: 0.000001000 seconds
[token:193, layer:3] 003:qkv-projection: 0.000105000 seconds
[token:193, layer:3] 004:apply-rope: 0.000002000 seconds
[token:193, layer:3] 005:compute-attention: 0.000040000 seconds
[token:193, layer:3] 006:attention-output: 0.000036000 seconds
[token:193, layer:3] 007:ffn-norm: 0.000000000 seconds
[token:193, layer:3] 008:ffn-up-projection: 0.000187000 seconds
[token:193, layer:3] 009:ffn-swiglu: 0.000001000 seconds
[token:193, layer:3] 010:ffn-down-projection: 0.000134000 seconds
[token:193, layer:3] 102:layer-compute-total: 0.000506000 seconds
[token:193, layer:4] 002:attention-norm: 0.000001000 seconds
[token:193, layer:4] 003:qkv-projection: 0.000105000 seconds
[token:193, layer:4] 004:apply-rope: 0.000001000 seconds
[token:193, layer:4] 005:compute-attention: 0.000041000 seconds
[token:193, layer:4] 006:attention-output: 0.000035000 seconds
[token:193, layer:4] 007:ffn-norm: 0.000000000 seconds
[token:193, layer:4] 008:ffn-up-projection: 0.000186000 seconds
[token:193, layer:4] 009:ffn-swiglu: 0.000001000 seconds
[token:193, layer:4] 010:ffn-down-projection: 0.000134000 seconds
[token:193, layer:4] 102:layer-compute-total: 0.000504000 seconds
[token:193, layer:5] 002:attention-norm: 0.000000000 seconds
[token:193, layer:5] 003:qkv-projection: 0.000105000 seconds
[token:193, layer:5] 004:apply-rope: 0.000001000 seconds
[token:193, layer:5] 005:compute-attention: 0.000039000 seconds
[token:193, layer:5] 006:attention-output: 0.000041000 seconds
[token:193, layer:5] 007:ffn-norm: 0.000000000 seconds
[token:193, layer:5] 008:ffn-up-projection: 0.000190000 seconds
[token:193, layer:5] 009:ffn-swiglu: 0.000001000 seconds
[token:193, layer:5] 010:ffn-down-projection: 0.000138000 seconds
[token:193, layer:5] 102:layer-compute-total: 0.000515000 seconds
[token:193] 011:final-projection: 0.003979000 seconds
[token:193] 103:forward-compute-total: 0.007032000 seconds
[token:194] 001:embedding-lookup: 0.000000000 seconds
[token:194, layer:0] 002:attention-norm: 0.000000000 seconds
[token:194, layer:0] 003:qkv-projection: 0.000112000 seconds
[token:194, layer:0] 004:apply-rope: 0.000002000 seconds
[token:194, layer:0] 005:compute-attention: 0.000032000 seconds
[token:194, layer:0] 006:attention-output: 0.000035000 seconds
[token:194, layer:0] 007:ffn-norm: 0.000000000 seconds
[token:194, layer:0] 008:ffn-up-projection: 0.000186000 seconds
[token:194, layer:0] 009:ffn-swiglu: 0.000001000 seconds
[token:194, layer:0] 010:ffn-down-projection: 0.000134000 seconds
[token:194, layer:0] 102:layer-compute-total: 0.000502000 seconds
[token:194, layer:1] 002:attention-norm: 0.000000000 seconds
[token:194, layer:1] 003:qkv-projection: 0.000105000 seconds
[token:194, layer:1] 004:apply-rope: 0.000001000 seconds
[token:194, layer:1] 005:compute-attention: 0.000031000 seconds
[token:194, layer:1] 006:attention-output: 0.000035000 seconds
[token:194, layer:1] 007:ffn-norm: 0.000001000 seconds
[token:194, layer:1] 008:ffn-up-projection: 0.000187000 seconds
[token:194, layer:1] 009:ffn-swiglu: 0.000002000 seconds
[token:194, layer:1] 010:ffn-down-projection: 0.000134000 seconds
[token:194, layer:1] 102:layer-compute-total: 0.000496000 seconds
[token:194, layer:2] 002:attention-norm: 0.000001000 seconds
[token:194, layer:2] 003:qkv-projection: 0.000105000 seconds
[token:194, layer:2] 004:apply-rope: 0.000001000 seconds
[token:194, layer:2] 005:compute-attention: 0.000030000 seconds
[token:194, layer:2] 006:attention-output: 0.000035000 seconds
[token:194, layer:2] 007:ffn-norm: 0.000000000 seconds
[token:194, layer:2] 008:ffn-up-projection: 0.000187000 seconds
[token:194, layer:2] 009:ffn-swiglu: 0.000001000 seconds
[token:194, layer:2] 010:ffn-down-projection: 0.000139000 seconds
[token:194, layer:2] 102:layer-compute-total: 0.000499000 seconds
[token:194, layer:3] 002:attention-norm: 0.000000000 seconds
[token:194, layer:3] 003:qkv-projection: 0.000107000 seconds
[token:194, layer:3] 004:apply-rope: 0.000001000 seconds
[token:194, layer:3] 005:compute-attention: 0.000032000 seconds
[token:194, layer:3] 006:attention-output: 0.000035000 seconds
[token:194, layer:3] 007:ffn-norm: 0.000000000 seconds
[token:194, layer:3] 008:ffn-up-projection: 0.000190000 seconds
[token:194, layer:3] 009:ffn-swiglu: 0.000001000 seconds
[token:194, layer:3] 010:ffn-down-projection: 0.000136000 seconds
[token:194, layer:3] 102:layer-compute-total: 0.000502000 seconds
[token:194, layer:4] 002:attention-norm: 0.000000000 seconds
[token:194, layer:4] 003:qkv-projection: 0.000107000 seconds
[token:194, layer:4] 004:apply-rope: 0.000002000 seconds
[token:194, layer:4] 005:compute-attention: 0.000032000 seconds
[token:194, layer:4] 006:attention-output: 0.000036000 seconds
[token:194, layer:4] 007:ffn-norm: 0.000000000 seconds
[token:194, layer:4] 008:ffn-up-projection: 0.000189000 seconds
[token:194, layer:4] 009:ffn-swiglu: 0.000001000 seconds
[token:194, layer:4] 010:ffn-down-projection: 0.000136000 seconds
[token:194, layer:4] 102:layer-compute-total: 0.000503000 seconds
[token:194, layer:5] 002:attention-norm: 0.000000000 seconds
[token:194, layer:5] 003:qkv-projection: 0.000107000 seconds
[token:194, layer:5] 004:apply-rope: 0.000001000 seconds
[token:194, layer:5] 005:compute-attention: 0.000031000 seconds
[token:194, layer:5] 006:attention-output: 0.000035000 seconds
[token:194, layer:5] 007:ffn-norm: 0.000001000 seconds
[token:194, layer:5] 008:ffn-up-projection: 0.000190000 seconds
[token:194, layer:5] 009:ffn-swiglu: 0.000001000 seconds
[token:194, layer:5] 010:ffn-down-projection: 0.000136000 seconds
[token:194, layer:5] 102:layer-compute-total: 0.000502000 seconds
[token:194] 011:final-projection: 0.004211000 seconds
[token:194] 103:forward-compute-total: 0.007215000 seconds
[token:195] 001:embedding-lookup: 0.000001000 seconds
[token:195, layer:0] 002:attention-norm: 0.000001000 seconds
[token:195, layer:0] 003:qkv-projection: 0.000111000 seconds
[token:195, layer:0] 004:apply-rope: 0.000002000 seconds
[token:195, layer:0] 005:compute-attention: 0.000041000 seconds
[token:195, layer:0] 006:attention-output: 0.000037000 seconds
[token:195, layer:0] 007:ffn-norm: 0.000001000 seconds
[token:195, layer:0] 008:ffn-up-projection: 0.000194000 seconds
[token:195, layer:0] 009:ffn-swiglu: 0.000001000 seconds
[token:195, layer:0] 010:ffn-down-projection: 0.000145000 seconds
[token:195, layer:0] 102:layer-compute-total: 0.000533000 seconds
[token:195, layer:1] 002:attention-norm: 0.000001000 seconds
[token:195, layer:1] 003:qkv-projection: 0.000112000 seconds
[token:195, layer:1] 004:apply-rope: 0.000002000 seconds
[token:195, layer:1] 005:compute-attention: 0.000042000 seconds
[token:195, layer:1] 006:attention-output: 0.000035000 seconds
[token:195, layer:1] 007:ffn-norm: 0.000000000 seconds
[token:195, layer:1] 008:ffn-up-projection: 0.000192000 seconds
[token:195, layer:1] 009:ffn-swiglu: 0.000001000 seconds
[token:195, layer:1] 010:ffn-down-projection: 0.000133000 seconds
[token:195, layer:1] 102:layer-compute-total: 0.000518000 seconds
[token:195, layer:2] 002:attention-norm: 0.000000000 seconds
[token:195, layer:2] 003:qkv-projection: 0.000105000 seconds
[token:195, layer:2] 004:apply-rope: 0.000001000 seconds
[token:195, layer:2] 005:compute-attention: 0.000042000 seconds
[token:195, layer:2] 006:attention-output: 0.000035000 seconds
[token:195, layer:2] 007:ffn-norm: 0.000000000 seconds
[token:195, layer:2] 008:ffn-up-projection: 0.000186000 seconds
[token:195, layer:2] 009:ffn-swiglu: 0.000001000 seconds
[token:195, layer:2] 010:ffn-down-projection: 0.000134000 seconds
[token:195, layer:2] 102:layer-compute-total: 0.000504000 seconds
[token:195, layer:3] 002:attention-norm: 0.000001000 seconds
[token:195, layer:3] 003:qkv-projection: 0.000105000 seconds
[token:195, layer:3] 004:apply-rope: 0.000001000 seconds
[token:195, layer:3] 005:compute-attention: 0.000044000 seconds
[token:195, layer:3] 006:attention-output: 0.000036000 seconds
[token:195, layer:3] 007:ffn-norm: 0.000000000 seconds
[token:195, layer:3] 008:ffn-up-projection: 0.000187000 seconds
[token:195, layer:3] 009:ffn-swiglu: 0.000001000 seconds
[token:195, layer:3] 010:ffn-down-projection: 0.000134000 seconds
[token:195, layer:3] 102:layer-compute-total: 0.000509000 seconds
[token:195, layer:4] 002:attention-norm: 0.000000000 seconds
[token:195, layer:4] 003:qkv-projection: 0.000105000 seconds
[token:195, layer:4] 004:apply-rope: 0.000001000 seconds
[token:195, layer:4] 005:compute-attention: 0.000042000 seconds
[token:195, layer:4] 006:attention-output: 0.000035000 seconds
[token:195, layer:4] 007:ffn-norm: 0.000000000 seconds
[token:195, layer:4] 008:ffn-up-projection: 0.000187000 seconds
[token:195, layer:4] 009:ffn-swiglu: 0.000001000 seconds
[token:195, layer:4] 010:ffn-down-projection: 0.000134000 seconds
[token:195, layer:4] 102:layer-compute-total: 0.000505000 seconds
[token:195, layer:5] 002:attention-norm: 0.000001000 seconds
[token:195, layer:5] 003:qkv-projection: 0.000105000 seconds
[token:195, layer:5] 004:apply-rope: 0.000001000 seconds
[token:195, layer:5] 005:compute-attention: 0.000043000 seconds
[token:195, layer:5] 006:attention-output: 0.000038000 seconds
[token:195, layer:5] 007:ffn-norm: 0.000001000 seconds
[token:195, layer:5] 008:ffn-up-projection: 0.000188000 seconds
[token:195, layer:5] 009:ffn-swiglu: 0.000001000 seconds
[token:195, layer:5] 010:ffn-down-projection: 0.000139000 seconds
[token:195, layer:5] 102:layer-compute-total: 0.000517000 seconds
[token:195] 011:final-projection: 0.004026000 seconds
[token:195] 103:forward-compute-total: 0.007113000 seconds
[token:196] 001:embedding-lookup: 0.000001000 seconds
[token:196, layer:0] 002:attention-norm: 0.000001000 seconds
[token:196, layer:0] 003:qkv-projection: 0.000112000 seconds
[token:196, layer:0] 004:apply-rope: 0.000002000 seconds
[token:196, layer:0] 005:compute-attention: 0.000038000 seconds
[token:196, layer:0] 006:attention-output: 0.000035000 seconds
[token:196, layer:0] 007:ffn-norm: 0.000001000 seconds
[token:196, layer:0] 008:ffn-up-projection: 0.000187000 seconds
[token:196, layer:0] 009:ffn-swiglu: 0.000001000 seconds
[token:196, layer:0] 010:ffn-down-projection: 0.000135000 seconds
[token:196, layer:0] 102:layer-compute-total: 0.000512000 seconds
[token:196, layer:1] 002:attention-norm: 0.000000000 seconds
[token:196, layer:1] 003:qkv-projection: 0.000105000 seconds
[token:196, layer:1] 004:apply-rope: 0.000002000 seconds
[token:196, layer:1] 005:compute-attention: 0.000035000 seconds
[token:196, layer:1] 006:attention-output: 0.000035000 seconds
[token:196, layer:1] 007:ffn-norm: 0.000000000 seconds
[token:196, layer:1] 008:ffn-up-projection: 0.000187000 seconds
[token:196, layer:1] 009:ffn-swiglu: 0.000001000 seconds
[token:196, layer:1] 010:ffn-down-projection: 0.000134000 seconds
[token:196, layer:1] 102:layer-compute-total: 0.000499000 seconds
[token:196, layer:2] 002:attention-norm: 0.000000000 seconds
[token:196, layer:2] 003:qkv-projection: 0.000111000 seconds
[token:196, layer:2] 004:apply-rope: 0.000001000 seconds
[token:196, layer:2] 005:compute-attention: 0.000033000 seconds
[token:196, layer:2] 006:attention-output: 0.000035000 seconds
[token:196, layer:2] 007:ffn-norm: 0.000000000 seconds
[token:196, layer:2] 008:ffn-up-projection: 0.000194000 seconds
[token:196, layer:2] 009:ffn-swiglu: 0.000001000 seconds
[token:196, layer:2] 010:ffn-down-projection: 0.000135000 seconds
[token:196, layer:2] 102:layer-compute-total: 0.000510000 seconds
[token:196, layer:3] 002:attention-norm: 0.000001000 seconds
[token:196, layer:3] 003:qkv-projection: 0.000105000 seconds
[token:196, layer:3] 004:apply-rope: 0.000001000 seconds
[token:196, layer:3] 005:compute-attention: 0.000033000 seconds
[token:196, layer:3] 006:attention-output: 0.000035000 seconds
[token:196, layer:3] 007:ffn-norm: 0.000000000 seconds
[token:196, layer:3] 008:ffn-up-projection: 0.000186000 seconds
[token:196, layer:3] 009:ffn-swiglu: 0.000001000 seconds
[token:196, layer:3] 010:ffn-down-projection: 0.000133000 seconds
[token:196, layer:3] 102:layer-compute-total: 0.000495000 seconds
[token:196, layer:4] 002:attention-norm: 0.000000000 seconds
[token:196, layer:4] 003:qkv-projection: 0.000105000 seconds
[token:196, layer:4] 004:apply-rope: 0.000001000 seconds
[token:196, layer:4] 005:compute-attention: 0.000032000 seconds
[token:196, layer:4] 006:attention-output: 0.000035000 seconds
[token:196, layer:4] 007:ffn-norm: 0.000000000 seconds
[token:196, layer:4] 008:ffn-up-projection: 0.000186000 seconds
[token:196, layer:4] 009:ffn-swiglu: 0.000001000 seconds
[token:196, layer:4] 010:ffn-down-projection: 0.000134000 seconds
[token:196, layer:4] 102:layer-compute-total: 0.000494000 seconds
[token:196, layer:5] 002:attention-norm: 0.000000000 seconds
[token:196, layer:5] 003:qkv-projection: 0.000105000 seconds
[token:196, layer:5] 004:apply-rope: 0.000001000 seconds
[token:196, layer:5] 005:compute-attention: 0.000031000 seconds
[token:196, layer:5] 006:attention-output: 0.000035000 seconds
[token:196, layer:5] 007:ffn-norm: 0.000000000 seconds
[token:196, layer:5] 008:ffn-up-projection: 0.000187000 seconds
[token:196, layer:5] 009:ffn-swiglu: 0.000001000 seconds
[token:196, layer:5] 010:ffn-down-projection: 0.000133000 seconds
[token:196, layer:5] 102:layer-compute-total: 0.000493000 seconds
[token:196] 011:final-projection: 0.004037000 seconds
[token:196] 103:forward-compute-total: 0.007041000 seconds
[token:197] 001:embedding-lookup: 0.000001000 seconds
[token:197, layer:0] 002:attention-norm: 0.000000000 seconds
[token:197, layer:0] 003:qkv-projection: 0.000203000 seconds
[token:197, layer:0] 004:apply-rope: 0.000002000 seconds
[token:197, layer:0] 005:compute-attention: 0.000038000 seconds
[token:197, layer:0] 006:attention-output: 0.000042000 seconds
[token:197, layer:0] 007:ffn-norm: 0.000000000 seconds
[token:197, layer:0] 008:ffn-up-projection: 0.000203000 seconds
[token:197, layer:0] 009:ffn-swiglu: 0.000001000 seconds
[token:197, layer:0] 010:ffn-down-projection: 0.000138000 seconds
[token:197, layer:0] 102:layer-compute-total: 0.000627000 seconds
[token:197, layer:1] 002:attention-norm: 0.000001000 seconds
[token:197, layer:1] 003:qkv-projection: 0.000107000 seconds
[token:197, layer:1] 004:apply-rope: 0.000001000 seconds
[token:197, layer:1] 005:compute-attention: 0.000041000 seconds
[token:197, layer:1] 006:attention-output: 0.000035000 seconds
[token:197, layer:1] 007:ffn-norm: 0.000001000 seconds
[token:197, layer:1] 008:ffn-up-projection: 0.000186000 seconds
[token:197, layer:1] 009:ffn-swiglu: 0.000001000 seconds
[token:197, layer:1] 010:ffn-down-projection: 0.000134000 seconds
[token:197, layer:1] 102:layer-compute-total: 0.000507000 seconds
[token:197, layer:2] 002:attention-norm: 0.000000000 seconds
[token:197, layer:2] 003:qkv-projection: 0.000106000 seconds
[token:197, layer:2] 004:apply-rope: 0.000001000 seconds
[token:197, layer:2] 005:compute-attention: 0.000038000 seconds
[token:197, layer:2] 006:attention-output: 0.000035000 seconds
[token:197, layer:2] 007:ffn-norm: 0.000000000 seconds
[token:197, layer:2] 008:ffn-up-projection: 0.000187000 seconds
[token:197, layer:2] 009:ffn-swiglu: 0.000001000 seconds
[token:197, layer:2] 010:ffn-down-projection: 0.000135000 seconds
[token:197, layer:2] 102:layer-compute-total: 0.000503000 seconds
[token:197, layer:3] 002:attention-norm: 0.000001000 seconds
[token:197, layer:3] 003:qkv-projection: 0.000106000 seconds
[token:197, layer:3] 004:apply-rope: 0.000002000 seconds
[token:197, layer:3] 005:compute-attention: 0.000040000 seconds
[token:197, layer:3] 006:attention-output: 0.000035000 seconds
[token:197, layer:3] 007:ffn-norm: 0.000000000 seconds
[token:197, layer:3] 008:ffn-up-projection: 0.000187000 seconds
[token:197, layer:3] 009:ffn-swiglu: 0.000001000 seconds
[token:197, layer:3] 010:ffn-down-projection: 0.000134000 seconds
[token:197, layer:3] 102:layer-compute-total: 0.000506000 seconds
[token:197, layer:4] 002:attention-norm: 0.000000000 seconds
[token:197, layer:4] 003:qkv-projection: 0.000105000 seconds
[token:197, layer:4] 004:apply-rope: 0.000001000 seconds
[token:197, layer:4] 005:compute-attention: 0.000044000 seconds
[token:197, layer:4] 006:attention-output: 0.000037000 seconds
[token:197, layer:4] 007:ffn-norm: 0.000000000 seconds
[token:197, layer:4] 008:ffn-up-projection: 0.000189000 seconds
[token:197, layer:4] 009:ffn-swiglu: 0.000001000 seconds
[token:197, layer:4] 010:ffn-down-projection: 0.000134000 seconds
[token:197, layer:4] 102:layer-compute-total: 0.000511000 seconds
[token:197, layer:5] 002:attention-norm: 0.000001000 seconds
[token:197, layer:5] 003:qkv-projection: 0.000105000 seconds
[token:197, layer:5] 004:apply-rope: 0.000001000 seconds
[token:197, layer:5] 005:compute-attention: 0.000039000 seconds
[token:197, layer:5] 006:attention-output: 0.000035000 seconds
[token:197, layer:5] 007:ffn-norm: 0.000000000 seconds
[token:197, layer:5] 008:ffn-up-projection: 0.000191000 seconds
[token:197, layer:5] 009:ffn-swiglu: 0.000001000 seconds
[token:197, layer:5] 010:ffn-down-projection: 0.000134000 seconds
[token:197, layer:5] 102:layer-compute-total: 0.000507000 seconds
[token:197] 011:final-projection: 0.003972000 seconds
[token:197] 103:forward-compute-total: 0.007134000 seconds
[token:198] 001:embedding-lookup: 0.000000000 seconds
[token:198, layer:0] 002:attention-norm: 0.000001000 seconds
[token:198, layer:0] 003:qkv-projection: 0.000112000 seconds
[token:198, layer:0] 004:apply-rope: 0.000001000 seconds
[token:198, layer:0] 005:compute-attention: 0.000033000 seconds
[token:198, layer:0] 006:attention-output: 0.000036000 seconds
[token:198, layer:0] 007:ffn-norm: 0.000000000 seconds
[token:198, layer:0] 008:ffn-up-projection: 0.000191000 seconds
[token:198, layer:0] 009:ffn-swiglu: 0.000001000 seconds
[token:198, layer:0] 010:ffn-down-projection: 0.000137000 seconds
[token:198, layer:0] 102:layer-compute-total: 0.000512000 seconds
[token:198, layer:1] 002:attention-norm: 0.000000000 seconds
[token:198, layer:1] 003:qkv-projection: 0.000105000 seconds
[token:198, layer:1] 004:apply-rope: 0.000001000 seconds
[token:198, layer:1] 005:compute-attention: 0.000035000 seconds
[token:198, layer:1] 006:attention-output: 0.000035000 seconds
[token:198, layer:1] 007:ffn-norm: 0.000001000 seconds
[token:198, layer:1] 008:ffn-up-projection: 0.000188000 seconds
[token:198, layer:1] 009:ffn-swiglu: 0.000001000 seconds
[token:198, layer:1] 010:ffn-down-projection: 0.000134000 seconds
[token:198, layer:1] 102:layer-compute-total: 0.000500000 seconds
[token:198, layer:2] 002:attention-norm: 0.000001000 seconds
[token:198, layer:2] 003:qkv-projection: 0.000106000 seconds
[token:198, layer:2] 004:apply-rope: 0.000001000 seconds
[token:198, layer:2] 005:compute-attention: 0.000032000 seconds
[token:198, layer:2] 006:attention-output: 0.000035000 seconds
[token:198, layer:2] 007:ffn-norm: 0.000001000 seconds
[token:198, layer:2] 008:ffn-up-projection: 0.000192000 seconds
[token:198, layer:2] 009:ffn-swiglu: 0.000001000 seconds
[token:198, layer:2] 010:ffn-down-projection: 0.000134000 seconds
[token:198, layer:2] 102:layer-compute-total: 0.000503000 seconds
[token:198, layer:3] 002:attention-norm: 0.000001000 seconds
[token:198, layer:3] 003:qkv-projection: 0.000105000 seconds
[token:198, layer:3] 004:apply-rope: 0.000001000 seconds
[token:198, layer:3] 005:compute-attention: 0.000032000 seconds
[token:198, layer:3] 006:attention-output: 0.000035000 seconds
[token:198, layer:3] 007:ffn-norm: 0.000001000 seconds
[token:198, layer:3] 008:ffn-up-projection: 0.000187000 seconds
[token:198, layer:3] 009:ffn-swiglu: 0.000001000 seconds
[token:198, layer:3] 010:ffn-down-projection: 0.000134000 seconds
[token:198, layer:3] 102:layer-compute-total: 0.000497000 seconds
[token:198, layer:4] 002:attention-norm: 0.000000000 seconds
[token:198, layer:4] 003:qkv-projection: 0.000106000 seconds
[token:198, layer:4] 004:apply-rope: 0.000002000 seconds
[token:198, layer:4] 005:compute-attention: 0.000031000 seconds
[token:198, layer:4] 006:attention-output: 0.000035000 seconds
[token:198, layer:4] 007:ffn-norm: 0.000000000 seconds
[token:198, layer:4] 008:ffn-up-projection: 0.000187000 seconds
[token:198, layer:4] 009:ffn-swiglu: 0.000001000 seconds
[token:198, layer:4] 010:ffn-down-projection: 0.000134000 seconds
[token:198, layer:4] 102:layer-compute-total: 0.000496000 seconds
[token:198, layer:5] 002:attention-norm: 0.000001000 seconds
[token:198, layer:5] 003:qkv-projection: 0.000105000 seconds
[token:198, layer:5] 004:apply-rope: 0.000001000 seconds
[token:198, layer:5] 005:compute-attention: 0.000032000 seconds
[token:198, layer:5] 006:attention-output: 0.000035000 seconds
[token:198, layer:5] 007:ffn-norm: 0.000001000 seconds
[token:198, layer:5] 008:ffn-up-projection: 0.000187000 seconds
[token:198, layer:5] 009:ffn-swiglu: 0.000001000 seconds
[token:198, layer:5] 010:ffn-down-projection: 0.000134000 seconds
[token:198, layer:5] 102:layer-compute-total: 0.000497000 seconds
[token:198] 011:final-projection: 0.004031000 seconds
[token:198] 103:forward-compute-total: 0.007036000 seconds
[token:199] 001:embedding-lookup: 0.000000000 seconds
[token:199, layer:0] 002:attention-norm: 0.000000000 seconds
[token:199, layer:0] 003:qkv-projection: 0.000114000 seconds
[token:199, layer:0] 004:apply-rope: 0.000002000 seconds
[token:199, layer:0] 005:compute-attention: 0.000034000 seconds
[token:199, layer:0] 006:attention-output: 0.000037000 seconds
[token:199, layer:0] 007:ffn-norm: 0.000001000 seconds
[token:199, layer:0] 008:ffn-up-projection: 0.000194000 seconds
[token:199, layer:0] 009:ffn-swiglu: 0.000001000 seconds
[token:199, layer:0] 010:ffn-down-projection: 0.000139000 seconds
[token:199, layer:0] 102:layer-compute-total: 0.000522000 seconds
[token:199, layer:1] 002:attention-norm: 0.000000000 seconds
[token:199, layer:1] 003:qkv-projection: 0.000112000 seconds
[token:199, layer:1] 004:apply-rope: 0.000001000 seconds
[token:199, layer:1] 005:compute-attention: 0.000035000 seconds
[token:199, layer:1] 006:attention-output: 0.000036000 seconds
[token:199, layer:1] 007:ffn-norm: 0.000000000 seconds
[token:199, layer:1] 008:ffn-up-projection: 0.000194000 seconds
[token:199, layer:1] 009:ffn-swiglu: 0.000001000 seconds
[token:199, layer:1] 010:ffn-down-projection: 0.000139000 seconds
[token:199, layer:1] 102:layer-compute-total: 0.000518000 seconds
[token:199, layer:2] 002:attention-norm: 0.000000000 seconds
[token:199, layer:2] 003:qkv-projection: 0.000111000 seconds
[token:199, layer:2] 004:apply-rope: 0.000001000 seconds
[token:199, layer:2] 005:compute-attention: 0.000037000 seconds
[token:199, layer:2] 006:attention-output: 0.000037000 seconds
[token:199, layer:2] 007:ffn-norm: 0.000000000 seconds
[token:199, layer:2] 008:ffn-up-projection: 0.000194000 seconds
[token:199, layer:2] 009:ffn-swiglu: 0.000001000 seconds
[token:199, layer:2] 010:ffn-down-projection: 0.000178000 seconds
[token:199, layer:2] 102:layer-compute-total: 0.000559000 seconds
[token:199, layer:3] 002:attention-norm: 0.000001000 seconds
[token:199, layer:3] 003:qkv-projection: 0.000243000 seconds
[token:199, layer:3] 004:apply-rope: 0.000007000 seconds
[token:199, layer:3] 005:compute-attention: 0.000106000 seconds
[token:199, layer:3] 006:attention-output: 0.000084000 seconds
[token:199, layer:3] 007:ffn-norm: 0.000001000 seconds
[token:199, layer:3] 008:ffn-up-projection: 0.000333000 seconds
[token:199, layer:3] 009:ffn-swiglu: 0.000001000 seconds
[token:199, layer:3] 010:ffn-down-projection: 0.000139000 seconds
[token:199, layer:3] 102:layer-compute-total: 0.000915000 seconds
[token:199, layer:4] 002:attention-norm: 0.000000000 seconds
[token:199, layer:4] 003:qkv-projection: 0.000115000 seconds
[token:199, layer:4] 004:apply-rope: 0.000002000 seconds
[token:199, layer:4] 005:compute-attention: 0.000044000 seconds
[token:199, layer:4] 006:attention-output: 0.000037000 seconds
[token:199, layer:4] 007:ffn-norm: 0.000000000 seconds
[token:199, layer:4] 008:ffn-up-projection: 0.000194000 seconds
[token:199, layer:4] 009:ffn-swiglu: 0.000001000 seconds
[token:199, layer:4] 010:ffn-down-projection: 0.000139000 seconds
[token:199, layer:4] 102:layer-compute-total: 0.000532000 seconds
[token:199, layer:5] 002:attention-norm: 0.000000000 seconds
[token:199, layer:5] 003:qkv-projection: 0.000113000 seconds
[token:199, layer:5] 004:apply-rope: 0.000001000 seconds
[token:199, layer:5] 005:compute-attention: 0.000042000 seconds
[token:199, layer:5] 006:attention-output: 0.000037000 seconds
[token:199, layer:5] 007:ffn-norm: 0.000000000 seconds
[token:199, layer:5] 008:ffn-up-projection: 0.000194000 seconds
[token:199, layer:5] 009:ffn-swiglu: 0.000001000 seconds
[token:199, layer:5] 010:ffn-down-projection: 0.000139000 seconds
[token:199, layer:5] 102:layer-compute-total: 0.000527000 seconds
[token:199] 011:final-projection: 0.004040000 seconds
[token:199] 103:forward-compute-total: 0.007613000 seconds
[token:200] 001:embedding-lookup: 0.000001000 seconds
[token:200, layer:0] 002:attention-norm: 0.000000000 seconds
[token:200, layer:0] 003:qkv-projection: 0.000110000 seconds
[token:200, layer:0] 004:apply-rope: 0.000002000 seconds
[token:200, layer:0] 005:compute-attention: 0.000046000 seconds
[token:200, layer:0] 006:attention-output: 0.000036000 seconds
[token:200, layer:0] 007:ffn-norm: 0.000000000 seconds
[token:200, layer:0] 008:ffn-up-projection: 0.000194000 seconds
[token:200, layer:0] 009:ffn-swiglu: 0.000001000 seconds
[token:200, layer:0] 010:ffn-down-projection: 0.000140000 seconds
[token:200, layer:0] 102:layer-compute-total: 0.000529000 seconds
[token:200, layer:1] 002:attention-norm: 0.000001000 seconds
[token:200, layer:1] 003:qkv-projection: 0.000109000 seconds
[token:200, layer:1] 004:apply-rope: 0.000001000 seconds
[token:200, layer:1] 005:compute-attention: 0.000046000 seconds
[token:200, layer:1] 006:attention-output: 0.000036000 seconds
[token:200, layer:1] 007:ffn-norm: 0.000000000 seconds
[token:200, layer:1] 008:ffn-up-projection: 0.000196000 seconds
[token:200, layer:1] 009:ffn-swiglu: 0.000001000 seconds
[token:200, layer:1] 010:ffn-down-projection: 0.000139000 seconds
[token:200, layer:1] 102:layer-compute-total: 0.000529000 seconds
[token:200, layer:2] 002:attention-norm: 0.000000000 seconds
[token:200, layer:2] 003:qkv-projection: 0.000110000 seconds
[token:200, layer:2] 004:apply-rope: 0.000002000 seconds
[token:200, layer:2] 005:compute-attention: 0.000050000 seconds
[token:200, layer:2] 006:attention-output: 0.000036000 seconds
[token:200, layer:2] 007:ffn-norm: 0.000000000 seconds
[token:200, layer:2] 008:ffn-up-projection: 0.000195000 seconds
[token:200, layer:2] 009:ffn-swiglu: 0.000001000 seconds
[token:200, layer:2] 010:ffn-down-projection: 0.000140000 seconds
[token:200, layer:2] 102:layer-compute-total: 0.000534000 seconds
[token:200, layer:3] 002:attention-norm: 0.000003000 seconds
[token:200, layer:3] 003:qkv-projection: 0.000110000 seconds
[token:200, layer:3] 004:apply-rope: 0.000001000 seconds
[token:200, layer:3] 005:compute-attention: 0.000053000 seconds
[token:200, layer:3] 006:attention-output: 0.000037000 seconds
[token:200, layer:3] 007:ffn-norm: 0.000000000 seconds
[token:200, layer:3] 008:ffn-up-projection: 0.000195000 seconds
[token:200, layer:3] 009:ffn-swiglu: 0.000001000 seconds
[token:200, layer:3] 010:ffn-down-projection: 0.000139000 seconds
[token:200, layer:3] 102:layer-compute-total: 0.000539000 seconds
[token:200, layer:4] 002:attention-norm: 0.000000000 seconds
[token:200, layer:4] 003:qkv-projection: 0.000109000 seconds
[token:200, layer:4] 004:apply-rope: 0.000001000 seconds
[token:200, layer:4] 005:compute-attention: 0.000048000 seconds
[token:200, layer:4] 006:attention-output: 0.000036000 seconds
[token:200, layer:4] 007:ffn-norm: 0.000000000 seconds
[token:200, layer:4] 008:ffn-up-projection: 0.000195000 seconds
[token:200, layer:4] 009:ffn-swiglu: 0.000001000 seconds
[token:200, layer:4] 010:ffn-down-projection: 0.000139000 seconds
[token:200, layer:4] 102:layer-compute-total: 0.000529000 seconds
[token:200, layer:5] 002:attention-norm: 0.000001000 seconds
[token:200, layer:5] 003:qkv-projection: 0.000110000 seconds
[token:200, layer:5] 004:apply-rope: 0.000002000 seconds
[token:200, layer:5] 005:compute-attention: 0.000044000 seconds
[token:200, layer:5] 006:attention-output: 0.000037000 seconds
[token:200, layer:5] 007:ffn-norm: 0.000000000 seconds
[token:200, layer:5] 008:ffn-up-projection: 0.000194000 seconds
[token:200, layer:5] 009:ffn-swiglu: 0.000001000 seconds
[token:200, layer:5] 010:ffn-down-projection: 0.000139000 seconds
[token:200, layer:5] 102:layer-compute-total: 0.000528000 seconds
[token:200] 011:final-projection: 0.004045000 seconds
[token:200] 103:forward-compute-total: 0.007234000 seconds
[token:201] 001:embedding-lookup: 0.000000000 seconds
[token:201, layer:0] 002:attention-norm: 0.000000000 seconds
[token:201, layer:0] 003:qkv-projection: 0.000110000 seconds
[token:201, layer:0] 004:apply-rope: 0.000001000 seconds
[token:201, layer:0] 005:compute-attention: 0.000042000 seconds
[token:201, layer:0] 006:attention-output: 0.000036000 seconds
[token:201, layer:0] 007:ffn-norm: 0.000000000 seconds
[token:201, layer:0] 008:ffn-up-projection: 0.000194000 seconds
[token:201, layer:0] 009:ffn-swiglu: 0.000001000 seconds
[token:201, layer:0] 010:ffn-down-projection: 0.000139000 seconds
[token:201, layer:0] 102:layer-compute-total: 0.000523000 seconds
[token:201, layer:1] 002:attention-norm: 0.000001000 seconds
[token:201, layer:1] 003:qkv-projection: 0.000109000 seconds
[token:201, layer:1] 004:apply-rope: 0.000001000 seconds
[token:201, layer:1] 005:compute-attention: 0.000040000 seconds
[token:201, layer:1] 006:attention-output: 0.000036000 seconds
[token:201, layer:1] 007:ffn-norm: 0.000000000 seconds
[token:201, layer:1] 008:ffn-up-projection: 0.000194000 seconds
[token:201, layer:1] 009:ffn-swiglu: 0.000001000 seconds
[token:201, layer:1] 010:ffn-down-projection: 0.000140000 seconds
[token:201, layer:1] 102:layer-compute-total: 0.000522000 seconds
[token:201, layer:2] 002:attention-norm: 0.000001000 seconds
[token:201, layer:2] 003:qkv-projection: 0.000110000 seconds
[token:201, layer:2] 004:apply-rope: 0.000001000 seconds
[token:201, layer:2] 005:compute-attention: 0.000043000 seconds
[token:201, layer:2] 006:attention-output: 0.000037000 seconds
[token:201, layer:2] 007:ffn-norm: 0.000000000 seconds
[token:201, layer:2] 008:ffn-up-projection: 0.000195000 seconds
[token:201, layer:2] 009:ffn-swiglu: 0.000001000 seconds
[token:201, layer:2] 010:ffn-down-projection: 0.000139000 seconds
[token:201, layer:2] 102:layer-compute-total: 0.000527000 seconds
[token:201, layer:3] 002:attention-norm: 0.000000000 seconds
[token:201, layer:3] 003:qkv-projection: 0.000109000 seconds
[token:201, layer:3] 004:apply-rope: 0.000001000 seconds
[token:201, layer:3] 005:compute-attention: 0.000042000 seconds
[token:201, layer:3] 006:attention-output: 0.000037000 seconds
[token:201, layer:3] 007:ffn-norm: 0.000001000 seconds
[token:201, layer:3] 008:ffn-up-projection: 0.000195000 seconds
[token:201, layer:3] 009:ffn-swiglu: 0.000001000 seconds
[token:201, layer:3] 010:ffn-down-projection: 0.000139000 seconds
[token:201, layer:3] 102:layer-compute-total: 0.000525000 seconds
[token:201, layer:4] 002:attention-norm: 0.000000000 seconds
[token:201, layer:4] 003:qkv-projection: 0.000110000 seconds
[token:201, layer:4] 004:apply-rope: 0.000002000 seconds
[token:201, layer:4] 005:compute-attention: 0.000042000 seconds
[token:201, layer:4] 006:attention-output: 0.000037000 seconds
[token:201, layer:4] 007:ffn-norm: 0.000001000 seconds
[token:201, layer:4] 008:ffn-up-projection: 0.000194000 seconds
[token:201, layer:4] 009:ffn-swiglu: 0.000001000 seconds
[token:201, layer:4] 010:ffn-down-projection: 0.000140000 seconds
[token:201, layer:4] 102:layer-compute-total: 0.000527000 seconds
[token:201, layer:5] 002:attention-norm: 0.000000000 seconds
[token:201, layer:5] 003:qkv-projection: 0.000109000 seconds
[token:201, layer:5] 004:apply-rope: 0.000002000 seconds
[token:201, layer:5] 005:compute-attention: 0.000040000 seconds
[token:201, layer:5] 006:attention-output: 0.000036000 seconds
[token:201, layer:5] 007:ffn-norm: 0.000000000 seconds
[token:201, layer:5] 008:ffn-up-projection: 0.000195000 seconds
[token:201, layer:5] 009:ffn-swiglu: 0.000001000 seconds
[token:201, layer:5] 010:ffn-down-projection: 0.000139000 seconds
[token:201, layer:5] 102:layer-compute-total: 0.000522000 seconds
[token:201] 011:final-projection: 0.004301000 seconds
[token:201] 103:forward-compute-total: 0.007447000 seconds
[token:202] 001:embedding-lookup: 0.000000000 seconds
[token:202, layer:0] 002:attention-norm: 0.000000000 seconds
[token:202, layer:0] 003:qkv-projection: 0.000110000 seconds
[token:202, layer:0] 004:apply-rope: 0.000002000 seconds
[token:202, layer:0] 005:compute-attention: 0.000045000 seconds
[token:202, layer:0] 006:attention-output: 0.000037000 seconds
[token:202, layer:0] 007:ffn-norm: 0.000000000 seconds
[token:202, layer:0] 008:ffn-up-projection: 0.000194000 seconds
[token:202, layer:0] 009:ffn-swiglu: 0.000002000 seconds
[token:202, layer:0] 010:ffn-down-projection: 0.000142000 seconds
[token:202, layer:0] 102:layer-compute-total: 0.000532000 seconds
[token:202, layer:1] 002:attention-norm: 0.000001000 seconds
[token:202, layer:1] 003:qkv-projection: 0.000109000 seconds
[token:202, layer:1] 004:apply-rope: 0.000001000 seconds
[token:202, layer:1] 005:compute-attention: 0.000045000 seconds
[token:202, layer:1] 006:attention-output: 0.000036000 seconds
[token:202, layer:1] 007:ffn-norm: 0.000000000 seconds
[token:202, layer:1] 008:ffn-up-projection: 0.000195000 seconds
[token:202, layer:1] 009:ffn-swiglu: 0.000001000 seconds
[token:202, layer:1] 010:ffn-down-projection: 0.000139000 seconds
[token:202, layer:1] 102:layer-compute-total: 0.000527000 seconds
[token:202, layer:2] 002:attention-norm: 0.000000000 seconds
[token:202, layer:2] 003:qkv-projection: 0.000109000 seconds
[token:202, layer:2] 004:apply-rope: 0.000001000 seconds
[token:202, layer:2] 005:compute-attention: 0.000044000 seconds
[token:202, layer:2] 006:attention-output: 0.000037000 seconds
[token:202, layer:2] 007:ffn-norm: 0.000000000 seconds
[token:202, layer:2] 008:ffn-up-projection: 0.000194000 seconds
[token:202, layer:2] 009:ffn-swiglu: 0.000001000 seconds
[token:202, layer:2] 010:ffn-down-projection: 0.000140000 seconds
[token:202, layer:2] 102:layer-compute-total: 0.000526000 seconds
[token:202, layer:3] 002:attention-norm: 0.000000000 seconds
[token:202, layer:3] 003:qkv-projection: 0.000109000 seconds
[token:202, layer:3] 004:apply-rope: 0.000001000 seconds
[token:202, layer:3] 005:compute-attention: 0.000044000 seconds
[token:202, layer:3] 006:attention-output: 0.000036000 seconds
[token:202, layer:3] 007:ffn-norm: 0.000001000 seconds
[token:202, layer:3] 008:ffn-up-projection: 0.000195000 seconds
[token:202, layer:3] 009:ffn-swiglu: 0.000002000 seconds
[token:202, layer:3] 010:ffn-down-projection: 0.000140000 seconds
[token:202, layer:3] 102:layer-compute-total: 0.000528000 seconds
[token:202, layer:4] 002:attention-norm: 0.000001000 seconds
[token:202, layer:4] 003:qkv-projection: 0.000110000 seconds
[token:202, layer:4] 004:apply-rope: 0.000001000 seconds
[token:202, layer:4] 005:compute-attention: 0.000044000 seconds
[token:202, layer:4] 006:attention-output: 0.000036000 seconds
[token:202, layer:4] 007:ffn-norm: 0.000000000 seconds
[token:202, layer:4] 008:ffn-up-projection: 0.000194000 seconds
[token:202, layer:4] 009:ffn-swiglu: 0.000001000 seconds
[token:202, layer:4] 010:ffn-down-projection: 0.000140000 seconds
[token:202, layer:4] 102:layer-compute-total: 0.000527000 seconds
[token:202, layer:5] 002:attention-norm: 0.000000000 seconds
[token:202, layer:5] 003:qkv-projection: 0.000109000 seconds
[token:202, layer:5] 004:apply-rope: 0.000001000 seconds
[token:202, layer:5] 005:compute-attention: 0.000043000 seconds
[token:202, layer:5] 006:attention-output: 0.000037000 seconds
[token:202, layer:5] 007:ffn-norm: 0.000000000 seconds
[token:202, layer:5] 008:ffn-up-projection: 0.000194000 seconds
[token:202, layer:5] 009:ffn-swiglu: 0.000001000 seconds
[token:202, layer:5] 010:ffn-down-projection: 0.000139000 seconds
[token:202, layer:5] 102:layer-compute-total: 0.000524000 seconds
[token:202] 011:final-projection: 0.004042000 seconds
[token:202] 103:forward-compute-total: 0.007206000 seconds
[token:203] 001:embedding-lookup: 0.000000000 seconds
[token:203, layer:0] 002:attention-norm: 0.000000000 seconds
[token:203, layer:0] 003:qkv-projection: 0.000110000 seconds
[token:203, layer:0] 004:apply-rope: 0.000001000 seconds
[token:203, layer:0] 005:compute-attention: 0.000041000 seconds
[token:203, layer:0] 006:attention-output: 0.000037000 seconds
[token:203, layer:0] 007:ffn-norm: 0.000001000 seconds
[token:203, layer:0] 008:ffn-up-projection: 0.000194000 seconds
[token:203, layer:0] 009:ffn-swiglu: 0.000001000 seconds
[token:203, layer:0] 010:ffn-down-projection: 0.000139000 seconds
[token:203, layer:0] 102:layer-compute-total: 0.000524000 seconds
[token:203, layer:1] 002:attention-norm: 0.000001000 seconds
[token:203, layer:1] 003:qkv-projection: 0.000109000 seconds
[token:203, layer:1] 004:apply-rope: 0.000002000 seconds
[token:203, layer:1] 005:compute-attention: 0.000040000 seconds
[token:203, layer:1] 006:attention-output: 0.000037000 seconds
[token:203, layer:1] 007:ffn-norm: 0.000001000 seconds
[token:203, layer:1] 008:ffn-up-projection: 0.000195000 seconds
[token:203, layer:1] 009:ffn-swiglu: 0.000001000 seconds
[token:203, layer:1] 010:ffn-down-projection: 0.000139000 seconds
[token:203, layer:1] 102:layer-compute-total: 0.000525000 seconds
[token:203, layer:2] 002:attention-norm: 0.000000000 seconds
[token:203, layer:2] 003:qkv-projection: 0.000109000 seconds
[token:203, layer:2] 004:apply-rope: 0.000001000 seconds
[token:203, layer:2] 005:compute-attention: 0.000040000 seconds
[token:203, layer:2] 006:attention-output: 0.000037000 seconds
[token:203, layer:2] 007:ffn-norm: 0.000000000 seconds
[token:203, layer:2] 008:ffn-up-projection: 0.000194000 seconds
[token:203, layer:2] 009:ffn-swiglu: 0.000001000 seconds
[token:203, layer:2] 010:ffn-down-projection: 0.000140000 seconds
[token:203, layer:2] 102:layer-compute-total: 0.000522000 seconds
[token:203, layer:3] 002:attention-norm: 0.000000000 seconds
[token:203, layer:3] 003:qkv-projection: 0.000109000 seconds
[token:203, layer:3] 004:apply-rope: 0.000002000 seconds
[token:203, layer:3] 005:compute-attention: 0.000041000 seconds
[token:203, layer:3] 006:attention-output: 0.000036000 seconds
[token:203, layer:3] 007:ffn-norm: 0.000000000 seconds
[token:203, layer:3] 008:ffn-up-projection: 0.000194000 seconds
[token:203, layer:3] 009:ffn-swiglu: 0.000001000 seconds
[token:203, layer:3] 010:ffn-down-projection: 0.000139000 seconds
[token:203, layer:3] 102:layer-compute-total: 0.000522000 seconds
[token:203, layer:4] 002:attention-norm: 0.000000000 seconds
[token:203, layer:4] 003:qkv-projection: 0.000109000 seconds
[token:203, layer:4] 004:apply-rope: 0.000001000 seconds
[token:203, layer:4] 005:compute-attention: 0.000041000 seconds
[token:203, layer:4] 006:attention-output: 0.000037000 seconds
[token:203, layer:4] 007:ffn-norm: 0.000000000 seconds
[token:203, layer:4] 008:ffn-up-projection: 0.000200000 seconds
[token:203, layer:4] 009:ffn-swiglu: 0.000001000 seconds
[token:203, layer:4] 010:ffn-down-projection: 0.000139000 seconds
[token:203, layer:4] 102:layer-compute-total: 0.000528000 seconds
[token:203, layer:5] 002:attention-norm: 0.000000000 seconds
[token:203, layer:5] 003:qkv-projection: 0.000110000 seconds
[token:203, layer:5] 004:apply-rope: 0.000002000 seconds
[token:203, layer:5] 005:compute-attention: 0.000040000 seconds
[token:203, layer:5] 006:attention-output: 0.000037000 seconds
[token:203, layer:5] 007:ffn-norm: 0.000001000 seconds
[token:203, layer:5] 008:ffn-up-projection: 0.000194000 seconds
[token:203, layer:5] 009:ffn-swiglu: 0.000001000 seconds
[token:203, layer:5] 010:ffn-down-projection: 0.000150000 seconds
[token:203, layer:5] 102:layer-compute-total: 0.000535000 seconds
[token:203] 011:final-projection: 0.004590000 seconds
[token:203] 103:forward-compute-total: 0.007746000 seconds
[token:204] 001:embedding-lookup: 0.000000000 seconds
[token:204, layer:0] 002:attention-norm: 0.000001000 seconds
[token:204, layer:0] 003:qkv-projection: 0.000110000 seconds
[token:204, layer:0] 004:apply-rope: 0.000002000 seconds
[token:204, layer:0] 005:compute-attention: 0.000043000 seconds
[token:204, layer:0] 006:attention-output: 0.000037000 seconds
[token:204, layer:0] 007:ffn-norm: 0.000000000 seconds
[token:204, layer:0] 008:ffn-up-projection: 0.000194000 seconds
[token:204, layer:0] 009:ffn-swiglu: 0.000001000 seconds
[token:204, layer:0] 010:ffn-down-projection: 0.000140000 seconds
[token:204, layer:0] 102:layer-compute-total: 0.000528000 seconds
[token:204, layer:1] 002:attention-norm: 0.000000000 seconds
[token:204, layer:1] 003:qkv-projection: 0.000109000 seconds
[token:204, layer:1] 004:apply-rope: 0.000001000 seconds
[token:204, layer:1] 005:compute-attention: 0.000045000 seconds
[token:204, layer:1] 006:attention-output: 0.000037000 seconds
[token:204, layer:1] 007:ffn-norm: 0.000000000 seconds
[token:204, layer:1] 008:ffn-up-projection: 0.000195000 seconds
[token:204, layer:1] 009:ffn-swiglu: 0.000002000 seconds
[token:204, layer:1] 010:ffn-down-projection: 0.000140000 seconds
[token:204, layer:1] 102:layer-compute-total: 0.000529000 seconds
[token:204, layer:2] 002:attention-norm: 0.000001000 seconds
[token:204, layer:2] 003:qkv-projection: 0.000110000 seconds
[token:204, layer:2] 004:apply-rope: 0.000002000 seconds
[token:204, layer:2] 005:compute-attention: 0.000046000 seconds
[token:204, layer:2] 006:attention-output: 0.000036000 seconds
[token:204, layer:2] 007:ffn-norm: 0.000000000 seconds
[token:204, layer:2] 008:ffn-up-projection: 0.000194000 seconds
[token:204, layer:2] 009:ffn-swiglu: 0.000001000 seconds
[token:204, layer:2] 010:ffn-down-projection: 0.000140000 seconds
[token:204, layer:2] 102:layer-compute-total: 0.000530000 seconds
[token:204, layer:3] 002:attention-norm: 0.000000000 seconds
[token:204, layer:3] 003:qkv-projection: 0.000110000 seconds
[token:204, layer:3] 004:apply-rope: 0.000001000 seconds
[token:204, layer:3] 005:compute-attention: 0.000045000 seconds
[token:204, layer:3] 006:attention-output: 0.000036000 seconds
[token:204, layer:3] 007:ffn-norm: 0.000000000 seconds
[token:204, layer:3] 008:ffn-up-projection: 0.000195000 seconds
[token:204, layer:3] 009:ffn-swiglu: 0.000001000 seconds
[token:204, layer:3] 010:ffn-down-projection: 0.000139000 seconds
[token:204, layer:3] 102:layer-compute-total: 0.000527000 seconds
[token:204, layer:4] 002:attention-norm: 0.000000000 seconds
[token:204, layer:4] 003:qkv-projection: 0.000109000 seconds
[token:204, layer:4] 004:apply-rope: 0.000002000 seconds
[token:204, layer:4] 005:compute-attention: 0.000044000 seconds
[token:204, layer:4] 006:attention-output: 0.000037000 seconds
[token:204, layer:4] 007:ffn-norm: 0.000001000 seconds
[token:204, layer:4] 008:ffn-up-projection: 0.000194000 seconds
[token:204, layer:4] 009:ffn-swiglu: 0.000001000 seconds
[token:204, layer:4] 010:ffn-down-projection: 0.000139000 seconds
[token:204, layer:4] 102:layer-compute-total: 0.000527000 seconds
[token:204, layer:5] 002:attention-norm: 0.000000000 seconds
[token:204, layer:5] 003:qkv-projection: 0.000109000 seconds
[token:204, layer:5] 004:apply-rope: 0.000001000 seconds
[token:204, layer:5] 005:compute-attention: 0.000044000 seconds
[token:204, layer:5] 006:attention-output: 0.000037000 seconds
[token:204, layer:5] 007:ffn-norm: 0.000001000 seconds
[token:204, layer:5] 008:ffn-up-projection: 0.000194000 seconds
[token:204, layer:5] 009:ffn-swiglu: 0.000001000 seconds
[token:204, layer:5] 010:ffn-down-projection: 0.000139000 seconds
[token:204, layer:5] 102:layer-compute-total: 0.000526000 seconds
[token:204] 011:final-projection: 0.004049000 seconds
[token:204] 103:forward-compute-total: 0.007216000 seconds
[token:205] 001:embedding-lookup: 0.000001000 seconds
[token:205, layer:0] 002:attention-norm: 0.000000000 seconds
[token:205, layer:0] 003:qkv-projection: 0.000110000 seconds
[token:205, layer:0] 004:apply-rope: 0.000002000 seconds
[token:205, layer:0] 005:compute-attention: 0.000041000 seconds
[token:205, layer:0] 006:attention-output: 0.000037000 seconds
[token:205, layer:0] 007:ffn-norm: 0.000000000 seconds
[token:205, layer:0] 008:ffn-up-projection: 0.000196000 seconds
[token:205, layer:0] 009:ffn-swiglu: 0.000001000 seconds
[token:205, layer:0] 010:ffn-down-projection: 0.000139000 seconds
[token:205, layer:0] 102:layer-compute-total: 0.000526000 seconds
[token:205, layer:1] 002:attention-norm: 0.000000000 seconds
[token:205, layer:1] 003:qkv-projection: 0.000109000 seconds
[token:205, layer:1] 004:apply-rope: 0.000001000 seconds
[token:205, layer:1] 005:compute-attention: 0.000041000 seconds
[token:205, layer:1] 006:attention-output: 0.000036000 seconds
[token:205, layer:1] 007:ffn-norm: 0.000000000 seconds
[token:205, layer:1] 008:ffn-up-projection: 0.000194000 seconds
[token:205, layer:1] 009:ffn-swiglu: 0.000001000 seconds
[token:205, layer:1] 010:ffn-down-projection: 0.000140000 seconds
[token:205, layer:1] 102:layer-compute-total: 0.000522000 seconds
[token:205, layer:2] 002:attention-norm: 0.000000000 seconds
[token:205, layer:2] 003:qkv-projection: 0.000110000 seconds
[token:205, layer:2] 004:apply-rope: 0.000001000 seconds
[token:205, layer:2] 005:compute-attention: 0.000040000 seconds
[token:205, layer:2] 006:attention-output: 0.000037000 seconds
[token:205, layer:2] 007:ffn-norm: 0.000000000 seconds
[token:205, layer:2] 008:ffn-up-projection: 0.000194000 seconds
[token:205, layer:2] 009:ffn-swiglu: 0.000001000 seconds
[token:205, layer:2] 010:ffn-down-projection: 0.000139000 seconds
[token:205, layer:2] 102:layer-compute-total: 0.000522000 seconds
[token:205, layer:3] 002:attention-norm: 0.000001000 seconds
[token:205, layer:3] 003:qkv-projection: 0.000108000 seconds
[token:205, layer:3] 004:apply-rope: 0.000001000 seconds
[token:205, layer:3] 005:compute-attention: 0.000038000 seconds
[token:205, layer:3] 006:attention-output: 0.000035000 seconds
[token:205, layer:3] 007:ffn-norm: 0.000000000 seconds
[token:205, layer:3] 008:ffn-up-projection: 0.000187000 seconds
[token:205, layer:3] 009:ffn-swiglu: 0.000001000 seconds
[token:205, layer:3] 010:ffn-down-projection: 0.000138000 seconds
[token:205, layer:3] 102:layer-compute-total: 0.000509000 seconds
[token:205, layer:4] 002:attention-norm: 0.000001000 seconds
[token:205, layer:4] 003:qkv-projection: 0.000105000 seconds
[token:205, layer:4] 004:apply-rope: 0.000002000 seconds
[token:205, layer:4] 005:compute-attention: 0.000036000 seconds
[token:205, layer:4] 006:attention-output: 0.000036000 seconds
[token:205, layer:4] 007:ffn-norm: 0.000000000 seconds
[token:205, layer:4] 008:ffn-up-projection: 0.000198000 seconds
[token:205, layer:4] 009:ffn-swiglu: 0.000001000 seconds
[token:205, layer:4] 010:ffn-down-projection: 0.000134000 seconds
[token:205, layer:4] 102:layer-compute-total: 0.000513000 seconds
[token:205, layer:5] 002:attention-norm: 0.000000000 seconds
[token:205, layer:5] 003:qkv-projection: 0.000105000 seconds
[token:205, layer:5] 004:apply-rope: 0.000002000 seconds
[token:205, layer:5] 005:compute-attention: 0.000036000 seconds
[token:205, layer:5] 006:attention-output: 0.000035000 seconds
[token:205, layer:5] 007:ffn-norm: 0.000001000 seconds
[token:205, layer:5] 008:ffn-up-projection: 0.000193000 seconds
[token:205, layer:5] 009:ffn-swiglu: 0.000001000 seconds
[token:205, layer:5] 010:ffn-down-projection: 0.000134000 seconds
[token:205, layer:5] 102:layer-compute-total: 0.000507000 seconds
[token:205] 011:final-projection: 0.004306000 seconds
[token:205] 103:forward-compute-total: 0.007406000 seconds
[token:206] 001:embedding-lookup: 0.000001000 seconds
[token:206, layer:0] 002:attention-norm: 0.000000000 seconds
[token:206, layer:0] 003:qkv-projection: 0.000120000 seconds
[token:206, layer:0] 004:apply-rope: 0.000003000 seconds
[token:206, layer:0] 005:compute-attention: 0.000044000 seconds
[token:206, layer:0] 006:attention-output: 0.000035000 seconds
[token:206, layer:0] 007:ffn-norm: 0.000000000 seconds
[token:206, layer:0] 008:ffn-up-projection: 0.000187000 seconds
[token:206, layer:0] 009:ffn-swiglu: 0.000001000 seconds
[token:206, layer:0] 010:ffn-down-projection: 0.000134000 seconds
[token:206, layer:0] 102:layer-compute-total: 0.000524000 seconds
[token:206, layer:1] 002:attention-norm: 0.000000000 seconds
[token:206, layer:1] 003:qkv-projection: 0.000105000 seconds
[token:206, layer:1] 004:apply-rope: 0.000001000 seconds
[token:206, layer:1] 005:compute-attention: 0.000044000 seconds
[token:206, layer:1] 006:attention-output: 0.000035000 seconds
[token:206, layer:1] 007:ffn-norm: 0.000000000 seconds
[token:206, layer:1] 008:ffn-up-projection: 0.000187000 seconds
[token:206, layer:1] 009:ffn-swiglu: 0.000001000 seconds
[token:206, layer:1] 010:ffn-down-projection: 0.000134000 seconds
[token:206, layer:1] 102:layer-compute-total: 0.000507000 seconds
[token:206, layer:2] 002:attention-norm: 0.000000000 seconds
[token:206, layer:2] 003:qkv-projection: 0.000106000 seconds
[token:206, layer:2] 004:apply-rope: 0.000001000 seconds
[token:206, layer:2] 005:compute-attention: 0.000043000 seconds
[token:206, layer:2] 006:attention-output: 0.000035000 seconds
[token:206, layer:2] 007:ffn-norm: 0.000000000 seconds
[token:206, layer:2] 008:ffn-up-projection: 0.000186000 seconds
[token:206, layer:2] 009:ffn-swiglu: 0.000001000 seconds
[token:206, layer:2] 010:ffn-down-projection: 0.000134000 seconds
[token:206, layer:2] 102:layer-compute-total: 0.000506000 seconds
[token:206, layer:3] 002:attention-norm: 0.000000000 seconds
[token:206, layer:3] 003:qkv-projection: 0.000105000 seconds
[token:206, layer:3] 004:apply-rope: 0.000002000 seconds
[token:206, layer:3] 005:compute-attention: 0.000044000 seconds
[token:206, layer:3] 006:attention-output: 0.000035000 seconds
[token:206, layer:3] 007:ffn-norm: 0.000001000 seconds
[token:206, layer:3] 008:ffn-up-projection: 0.000187000 seconds
[token:206, layer:3] 009:ffn-swiglu: 0.000001000 seconds
[token:206, layer:3] 010:ffn-down-projection: 0.000134000 seconds
[token:206, layer:3] 102:layer-compute-total: 0.000509000 seconds
[token:206, layer:4] 002:attention-norm: 0.000000000 seconds
[token:206, layer:4] 003:qkv-projection: 0.000105000 seconds
[token:206, layer:4] 004:apply-rope: 0.000001000 seconds
[token:206, layer:4] 005:compute-attention: 0.000043000 seconds
[token:206, layer:4] 006:attention-output: 0.000035000 seconds
[token:206, layer:4] 007:ffn-norm: 0.000000000 seconds
[token:206, layer:4] 008:ffn-up-projection: 0.000186000 seconds
[token:206, layer:4] 009:ffn-swiglu: 0.000001000 seconds
[token:206, layer:4] 010:ffn-down-projection: 0.000134000 seconds
[token:206, layer:4] 102:layer-compute-total: 0.000505000 seconds
[token:206, layer:5] 002:attention-norm: 0.000000000 seconds
[token:206, layer:5] 003:qkv-projection: 0.000105000 seconds
[token:206, layer:5] 004:apply-rope: 0.000001000 seconds
[token:206, layer:5] 005:compute-attention: 0.000043000 seconds
[token:206, layer:5] 006:attention-output: 0.000035000 seconds
[token:206, layer:5] 007:ffn-norm: 0.000000000 seconds
[token:206, layer:5] 008:ffn-up-projection: 0.000196000 seconds
[token:206, layer:5] 009:ffn-swiglu: 0.000001000 seconds
[token:206, layer:5] 010:ffn-down-projection: 0.000134000 seconds
[token:206, layer:5] 102:layer-compute-total: 0.000515000 seconds
[token:206] 011:final-projection: 0.003964000 seconds
[token:206] 103:forward-compute-total: 0.007031000 seconds
[token:207] 001:embedding-lookup: 0.000000000 seconds
[token:207, layer:0] 002:attention-norm: 0.000001000 seconds
[token:207, layer:0] 003:qkv-projection: 0.000109000 seconds
[token:207, layer:0] 004:apply-rope: 0.000001000 seconds
[token:207, layer:0] 005:compute-attention: 0.000033000 seconds
[token:207, layer:0] 006:attention-output: 0.000036000 seconds
[token:207, layer:0] 007:ffn-norm: 0.000001000 seconds
[token:207, layer:0] 008:ffn-up-projection: 0.000190000 seconds
[token:207, layer:0] 009:ffn-swiglu: 0.000001000 seconds
[token:207, layer:0] 010:ffn-down-projection: 0.000136000 seconds
[token:207, layer:0] 102:layer-compute-total: 0.000508000 seconds
[token:207, layer:1] 002:attention-norm: 0.000000000 seconds
[token:207, layer:1] 003:qkv-projection: 0.000105000 seconds
[token:207, layer:1] 004:apply-rope: 0.000001000 seconds
[token:207, layer:1] 005:compute-attention: 0.000036000 seconds
[token:207, layer:1] 006:attention-output: 0.000035000 seconds
[token:207, layer:1] 007:ffn-norm: 0.000000000 seconds
[token:207, layer:1] 008:ffn-up-projection: 0.000192000 seconds
[token:207, layer:1] 009:ffn-swiglu: 0.000001000 seconds
[token:207, layer:1] 010:ffn-down-projection: 0.000140000 seconds
[token:207, layer:1] 102:layer-compute-total: 0.000510000 seconds
[token:207, layer:2] 002:attention-norm: 0.000000000 seconds
[token:207, layer:2] 003:qkv-projection: 0.000107000 seconds
[token:207, layer:2] 004:apply-rope: 0.000002000 seconds
[token:207, layer:2] 005:compute-attention: 0.000035000 seconds
[token:207, layer:2] 006:attention-output: 0.000036000 seconds
[token:207, layer:2] 007:ffn-norm: 0.000000000 seconds
[token:207, layer:2] 008:ffn-up-projection: 0.000186000 seconds
[token:207, layer:2] 009:ffn-swiglu: 0.000001000 seconds
[token:207, layer:2] 010:ffn-down-projection: 0.000134000 seconds
[token:207, layer:2] 102:layer-compute-total: 0.000501000 seconds
[token:207, layer:3] 002:attention-norm: 0.000000000 seconds
[token:207, layer:3] 003:qkv-projection: 0.000109000 seconds
[token:207, layer:3] 004:apply-rope: 0.000001000 seconds
[token:207, layer:3] 005:compute-attention: 0.000035000 seconds
[token:207, layer:3] 006:attention-output: 0.000036000 seconds
[token:207, layer:3] 007:ffn-norm: 0.000000000 seconds
[token:207, layer:3] 008:ffn-up-projection: 0.000189000 seconds
[token:207, layer:3] 009:ffn-swiglu: 0.000001000 seconds
[token:207, layer:3] 010:ffn-down-projection: 0.000134000 seconds
[token:207, layer:3] 102:layer-compute-total: 0.000505000 seconds
[token:207, layer:4] 002:attention-norm: 0.000001000 seconds
[token:207, layer:4] 003:qkv-projection: 0.000107000 seconds
[token:207, layer:4] 004:apply-rope: 0.000002000 seconds
[token:207, layer:4] 005:compute-attention: 0.000037000 seconds
[token:207, layer:4] 006:attention-output: 0.000038000 seconds
[token:207, layer:4] 007:ffn-norm: 0.000001000 seconds
[token:207, layer:4] 008:ffn-up-projection: 0.000194000 seconds
[token:207, layer:4] 009:ffn-swiglu: 0.000001000 seconds
[token:207, layer:4] 010:ffn-down-projection: 0.000139000 seconds
[token:207, layer:4] 102:layer-compute-total: 0.000520000 seconds
[token:207, layer:5] 002:attention-norm: 0.000000000 seconds
[token:207, layer:5] 003:qkv-projection: 0.000109000 seconds
[token:207, layer:5] 004:apply-rope: 0.000001000 seconds
[token:207, layer:5] 005:compute-attention: 0.000037000 seconds
[token:207, layer:5] 006:attention-output: 0.000037000 seconds
[token:207, layer:5] 007:ffn-norm: 0.000000000 seconds
[token:207, layer:5] 008:ffn-up-projection: 0.000187000 seconds
[token:207, layer:5] 009:ffn-swiglu: 0.000001000 seconds
[token:207, layer:5] 010:ffn-down-projection: 0.000134000 seconds
[token:207, layer:5] 102:layer-compute-total: 0.000506000 seconds
[token:207] 011:final-projection: 0.004164000 seconds
[token:207] 103:forward-compute-total: 0.007214000 seconds
[token:208] 001:embedding-lookup: 0.000000000 seconds
[token:208, layer:0] 002:attention-norm: 0.000001000 seconds
[token:208, layer:0] 003:qkv-projection: 0.000124000 seconds
[token:208, layer:0] 004:apply-rope: 0.000003000 seconds
[token:208, layer:0] 005:compute-attention: 0.000049000 seconds
[token:208, layer:0] 006:attention-output: 0.000040000 seconds
[token:208, layer:0] 007:ffn-norm: 0.000000000 seconds
[token:208, layer:0] 008:ffn-up-projection: 0.000200000 seconds
[token:208, layer:0] 009:ffn-swiglu: 0.000001000 seconds
[token:208, layer:0] 010:ffn-down-projection: 0.000141000 seconds
[token:208, layer:0] 102:layer-compute-total: 0.000559000 seconds
[token:208, layer:1] 002:attention-norm: 0.000000000 seconds
[token:208, layer:1] 003:qkv-projection: 0.000108000 seconds
[token:208, layer:1] 004:apply-rope: 0.000001000 seconds
[token:208, layer:1] 005:compute-attention: 0.000043000 seconds
[token:208, layer:1] 006:attention-output: 0.000036000 seconds
[token:208, layer:1] 007:ffn-norm: 0.000001000 seconds
[token:208, layer:1] 008:ffn-up-projection: 0.000196000 seconds
[token:208, layer:1] 009:ffn-swiglu: 0.000001000 seconds
[token:208, layer:1] 010:ffn-down-projection: 0.000134000 seconds
[token:208, layer:1] 102:layer-compute-total: 0.000520000 seconds
[token:208, layer:2] 002:attention-norm: 0.000001000 seconds
[token:208, layer:2] 003:qkv-projection: 0.000109000 seconds
[token:208, layer:2] 004:apply-rope: 0.000001000 seconds
[token:208, layer:2] 005:compute-attention: 0.000044000 seconds
[token:208, layer:2] 006:attention-output: 0.000035000 seconds
[token:208, layer:2] 007:ffn-norm: 0.000001000 seconds
[token:208, layer:2] 008:ffn-up-projection: 0.000206000 seconds
[token:208, layer:2] 009:ffn-swiglu: 0.000001000 seconds
[token:208, layer:2] 010:ffn-down-projection: 0.000137000 seconds
[token:208, layer:2] 102:layer-compute-total: 0.000535000 seconds
[token:208, layer:3] 002:attention-norm: 0.000000000 seconds
[token:208, layer:3] 003:qkv-projection: 0.000110000 seconds
[token:208, layer:3] 004:apply-rope: 0.000001000 seconds
[token:208, layer:3] 005:compute-attention: 0.000047000 seconds
[token:208, layer:3] 006:attention-output: 0.000035000 seconds
[token:208, layer:3] 007:ffn-norm: 0.000000000 seconds
[token:208, layer:3] 008:ffn-up-projection: 0.000195000 seconds
[token:208, layer:3] 009:ffn-swiglu: 0.000002000 seconds
[token:208, layer:3] 010:ffn-down-projection: 0.000137000 seconds
[token:208, layer:3] 102:layer-compute-total: 0.000527000 seconds
[token:208, layer:4] 002:attention-norm: 0.000001000 seconds
[token:208, layer:4] 003:qkv-projection: 0.000111000 seconds
[token:208, layer:4] 004:apply-rope: 0.000002000 seconds
[token:208, layer:4] 005:compute-attention: 0.000048000 seconds
[token:208, layer:4] 006:attention-output: 0.000036000 seconds
[token:208, layer:4] 007:ffn-norm: 0.000000000 seconds
[token:208, layer:4] 008:ffn-up-projection: 0.000190000 seconds
[token:208, layer:4] 009:ffn-swiglu: 0.000001000 seconds
[token:208, layer:4] 010:ffn-down-projection: 0.000136000 seconds
[token:208, layer:4] 102:layer-compute-total: 0.000525000 seconds
[token:208, layer:5] 002:attention-norm: 0.000000000 seconds
[token:208, layer:5] 003:qkv-projection: 0.000106000 seconds
[token:208, layer:5] 004:apply-rope: 0.000001000 seconds
[token:208, layer:5] 005:compute-attention: 0.000046000 seconds
[token:208, layer:5] 006:attention-output: 0.000038000 seconds
[token:208, layer:5] 007:ffn-norm: 0.000000000 seconds
[token:208, layer:5] 008:ffn-up-projection: 0.000194000 seconds
[token:208, layer:5] 009:ffn-swiglu: 0.000001000 seconds
[token:208, layer:5] 010:ffn-down-projection: 0.000136000 seconds
[token:208, layer:5] 102:layer-compute-total: 0.000522000 seconds
[token:208] 011:final-projection: 0.004060000 seconds
[token:208] 103:forward-compute-total: 0.007248000 seconds
[token:209] 001:embedding-lookup: 0.000000000 seconds
[token:209, layer:0] 002:attention-norm: 0.000000000 seconds
[token:209, layer:0] 003:qkv-projection: 0.000112000 seconds
[token:209, layer:0] 004:apply-rope: 0.000003000 seconds
[token:209, layer:0] 005:compute-attention: 0.000046000 seconds
[token:209, layer:0] 006:attention-output: 0.000035000 seconds
[token:209, layer:0] 007:ffn-norm: 0.000000000 seconds
[token:209, layer:0] 008:ffn-up-projection: 0.000187000 seconds
[token:209, layer:0] 009:ffn-swiglu: 0.000001000 seconds
[token:209, layer:0] 010:ffn-down-projection: 0.000136000 seconds
[token:209, layer:0] 102:layer-compute-total: 0.000520000 seconds
[token:209, layer:1] 002:attention-norm: 0.000000000 seconds
[token:209, layer:1] 003:qkv-projection: 0.000109000 seconds
[token:209, layer:1] 004:apply-rope: 0.000002000 seconds
[token:209, layer:1] 005:compute-attention: 0.000042000 seconds
[token:209, layer:1] 006:attention-output: 0.000035000 seconds
[token:209, layer:1] 007:ffn-norm: 0.000000000 seconds
[token:209, layer:1] 008:ffn-up-projection: 0.000187000 seconds
[token:209, layer:1] 009:ffn-swiglu: 0.000001000 seconds
[token:209, layer:1] 010:ffn-down-projection: 0.000134000 seconds
[token:209, layer:1] 102:layer-compute-total: 0.000510000 seconds
[token:209, layer:2] 002:attention-norm: 0.000000000 seconds
[token:209, layer:2] 003:qkv-projection: 0.000106000 seconds
[token:209, layer:2] 004:apply-rope: 0.000001000 seconds
[token:209, layer:2] 005:compute-attention: 0.000043000 seconds
[token:209, layer:2] 006:attention-output: 0.000035000 seconds
[token:209, layer:2] 007:ffn-norm: 0.000000000 seconds
[token:209, layer:2] 008:ffn-up-projection: 0.000190000 seconds
[token:209, layer:2] 009:ffn-swiglu: 0.000001000 seconds
[token:209, layer:2] 010:ffn-down-projection: 0.000135000 seconds
[token:209, layer:2] 102:layer-compute-total: 0.000511000 seconds
[token:209, layer:3] 002:attention-norm: 0.000000000 seconds
[token:209, layer:3] 003:qkv-projection: 0.000105000 seconds
[token:209, layer:3] 004:apply-rope: 0.000001000 seconds
[token:209, layer:3] 005:compute-attention: 0.000042000 seconds
[token:209, layer:3] 006:attention-output: 0.000035000 seconds
[token:209, layer:3] 007:ffn-norm: 0.000000000 seconds
[token:209, layer:3] 008:ffn-up-projection: 0.000187000 seconds
[token:209, layer:3] 009:ffn-swiglu: 0.000001000 seconds
[token:209, layer:3] 010:ffn-down-projection: 0.000134000 seconds
[token:209, layer:3] 102:layer-compute-total: 0.000505000 seconds
[token:209, layer:4] 002:attention-norm: 0.000001000 seconds
[token:209, layer:4] 003:qkv-projection: 0.000105000 seconds
[token:209, layer:4] 004:apply-rope: 0.000001000 seconds
[token:209, layer:4] 005:compute-attention: 0.000041000 seconds
[token:209, layer:4] 006:attention-output: 0.000035000 seconds
[token:209, layer:4] 007:ffn-norm: 0.000000000 seconds
[token:209, layer:4] 008:ffn-up-projection: 0.000186000 seconds
[token:209, layer:4] 009:ffn-swiglu: 0.000001000 seconds
[token:209, layer:4] 010:ffn-down-projection: 0.000139000 seconds
[token:209, layer:4] 102:layer-compute-total: 0.000509000 seconds
[token:209, layer:5] 002:attention-norm: 0.000000000 seconds
[token:209, layer:5] 003:qkv-projection: 0.000106000 seconds
[token:209, layer:5] 004:apply-rope: 0.000002000 seconds
[token:209, layer:5] 005:compute-attention: 0.000040000 seconds
[token:209, layer:5] 006:attention-output: 0.000035000 seconds
[token:209, layer:5] 007:ffn-norm: 0.000001000 seconds
[token:209, layer:5] 008:ffn-up-projection: 0.000187000 seconds
[token:209, layer:5] 009:ffn-swiglu: 0.000001000 seconds
[token:209, layer:5] 010:ffn-down-projection: 0.000133000 seconds
[token:209, layer:5] 102:layer-compute-total: 0.000505000 seconds
[token:209] 011:final-projection: 0.004024000 seconds
[token:209] 103:forward-compute-total: 0.007084000 seconds
[token:210] 001:embedding-lookup: 0.000001000 seconds
[token:210, layer:0] 002:attention-norm: 0.000000000 seconds
[token:210, layer:0] 003:qkv-projection: 0.000122000 seconds
[token:210, layer:0] 004:apply-rope: 0.000002000 seconds
[token:210, layer:0] 005:compute-attention: 0.000038000 seconds
[token:210, layer:0] 006:attention-output: 0.000035000 seconds
[token:210, layer:0] 007:ffn-norm: 0.000000000 seconds
[token:210, layer:0] 008:ffn-up-projection: 0.000192000 seconds
[token:210, layer:0] 009:ffn-swiglu: 0.000001000 seconds
[token:210, layer:0] 010:ffn-down-projection: 0.000136000 seconds
[token:210, layer:0] 102:layer-compute-total: 0.000526000 seconds
[token:210, layer:1] 002:attention-norm: 0.000000000 seconds
[token:210, layer:1] 003:qkv-projection: 0.000107000 seconds
[token:210, layer:1] 004:apply-rope: 0.000001000 seconds
[token:210, layer:1] 005:compute-attention: 0.000038000 seconds
[token:210, layer:1] 006:attention-output: 0.000036000 seconds
[token:210, layer:1] 007:ffn-norm: 0.000000000 seconds
[token:210, layer:1] 008:ffn-up-projection: 0.000190000 seconds
[token:210, layer:1] 009:ffn-swiglu: 0.000001000 seconds
[token:210, layer:1] 010:ffn-down-projection: 0.000135000 seconds
[token:210, layer:1] 102:layer-compute-total: 0.000508000 seconds
[token:210, layer:2] 002:attention-norm: 0.000000000 seconds
[token:210, layer:2] 003:qkv-projection: 0.000107000 seconds
[token:210, layer:2] 004:apply-rope: 0.000001000 seconds
[token:210, layer:2] 005:compute-attention: 0.000037000 seconds
[token:210, layer:2] 006:attention-output: 0.000036000 seconds
[token:210, layer:2] 007:ffn-norm: 0.000000000 seconds
[token:210, layer:2] 008:ffn-up-projection: 0.000206000 seconds
[token:210, layer:2] 009:ffn-swiglu: 0.000001000 seconds
[token:210, layer:2] 010:ffn-down-projection: 0.000144000 seconds
[token:210, layer:2] 102:layer-compute-total: 0.000532000 seconds
[token:210, layer:3] 002:attention-norm: 0.000001000 seconds
[token:210, layer:3] 003:qkv-projection: 0.000143000 seconds
[token:210, layer:3] 004:apply-rope: 0.000002000 seconds
[token:210, layer:3] 005:compute-attention: 0.000096000 seconds
[token:210, layer:3] 006:attention-output: 0.000036000 seconds
[token:210, layer:3] 007:ffn-norm: 0.000001000 seconds
[token:210, layer:3] 008:ffn-up-projection: 0.000199000 seconds
[token:210, layer:3] 009:ffn-swiglu: 0.000001000 seconds
[token:210, layer:3] 010:ffn-down-projection: 0.000141000 seconds
[token:210, layer:3] 102:layer-compute-total: 0.000620000 seconds
[token:210, layer:4] 002:attention-norm: 0.000000000 seconds
[token:210, layer:4] 003:qkv-projection: 0.000108000 seconds
[token:210, layer:4] 004:apply-rope: 0.000002000 seconds
[token:210, layer:4] 005:compute-attention: 0.000045000 seconds
[token:210, layer:4] 006:attention-output: 0.000035000 seconds
[token:210, layer:4] 007:ffn-norm: 0.000000000 seconds
[token:210, layer:4] 008:ffn-up-projection: 0.000197000 seconds
[token:210, layer:4] 009:ffn-swiglu: 0.000001000 seconds
[token:210, layer:4] 010:ffn-down-projection: 0.000134000 seconds
[token:210, layer:4] 102:layer-compute-total: 0.000522000 seconds
[token:210, layer:5] 002:attention-norm: 0.000000000 seconds
[token:210, layer:5] 003:qkv-projection: 0.000113000 seconds
[token:210, layer:5] 004:apply-rope: 0.000001000 seconds
[token:210, layer:5] 005:compute-attention: 0.000045000 seconds
[token:210, layer:5] 006:attention-output: 0.000035000 seconds
[token:210, layer:5] 007:ffn-norm: 0.000000000 seconds
[token:210, layer:5] 008:ffn-up-projection: 0.000186000 seconds
[token:210, layer:5] 009:ffn-swiglu: 0.000001000 seconds
[token:210, layer:5] 010:ffn-down-projection: 0.000136000 seconds
[token:210, layer:5] 102:layer-compute-total: 0.000517000 seconds
[token:210] 011:final-projection: 0.003994000 seconds
[token:210] 103:forward-compute-total: 0.007220000 seconds
[token:211] 001:embedding-lookup: 0.000000000 seconds
[token:211, layer:0] 002:attention-norm: 0.000000000 seconds
[token:211, layer:0] 003:qkv-projection: 0.000112000 seconds
[token:211, layer:0] 004:apply-rope: 0.000002000 seconds
[token:211, layer:0] 005:compute-attention: 0.000043000 seconds
[token:211, layer:0] 006:attention-output: 0.000035000 seconds
[token:211, layer:0] 007:ffn-norm: 0.000001000 seconds
[token:211, layer:0] 008:ffn-up-projection: 0.000191000 seconds
[token:211, layer:0] 009:ffn-swiglu: 0.000001000 seconds
[token:211, layer:0] 010:ffn-down-projection: 0.000137000 seconds
[token:211, layer:0] 102:layer-compute-total: 0.000522000 seconds
[token:211, layer:1] 002:attention-norm: 0.000001000 seconds
[token:211, layer:1] 003:qkv-projection: 0.000111000 seconds
[token:211, layer:1] 004:apply-rope: 0.000001000 seconds
[token:211, layer:1] 005:compute-attention: 0.000046000 seconds
[token:211, layer:1] 006:attention-output: 0.000036000 seconds
[token:211, layer:1] 007:ffn-norm: 0.000001000 seconds
[token:211, layer:1] 008:ffn-up-projection: 0.000190000 seconds
[token:211, layer:1] 009:ffn-swiglu: 0.000001000 seconds
[token:211, layer:1] 010:ffn-down-projection: 0.000136000 seconds
[token:211, layer:1] 102:layer-compute-total: 0.000523000 seconds
[token:211, layer:2] 002:attention-norm: 0.000000000 seconds
[token:211, layer:2] 003:qkv-projection: 0.000107000 seconds
[token:211, layer:2] 004:apply-rope: 0.000001000 seconds
[token:211, layer:2] 005:compute-attention: 0.000047000 seconds
[token:211, layer:2] 006:attention-output: 0.000036000 seconds
[token:211, layer:2] 007:ffn-norm: 0.000001000 seconds
[token:211, layer:2] 008:ffn-up-projection: 0.000190000 seconds
[token:211, layer:2] 009:ffn-swiglu: 0.000001000 seconds
[token:211, layer:2] 010:ffn-down-projection: 0.000136000 seconds
[token:211, layer:2] 102:layer-compute-total: 0.000519000 seconds
[token:211, layer:3] 002:attention-norm: 0.000000000 seconds
[token:211, layer:3] 003:qkv-projection: 0.000108000 seconds
[token:211, layer:3] 004:apply-rope: 0.000001000 seconds
[token:211, layer:3] 005:compute-attention: 0.000042000 seconds
[token:211, layer:3] 006:attention-output: 0.000038000 seconds
[token:211, layer:3] 007:ffn-norm: 0.000000000 seconds
[token:211, layer:3] 008:ffn-up-projection: 0.000194000 seconds
[token:211, layer:3] 009:ffn-swiglu: 0.000001000 seconds
[token:211, layer:3] 010:ffn-down-projection: 0.000137000 seconds
[token:211, layer:3] 102:layer-compute-total: 0.000521000 seconds
[token:211, layer:4] 002:attention-norm: 0.000000000 seconds
[token:211, layer:4] 003:qkv-projection: 0.000107000 seconds
[token:211, layer:4] 004:apply-rope: 0.000002000 seconds
[token:211, layer:4] 005:compute-attention: 0.000042000 seconds
[token:211, layer:4] 006:attention-output: 0.000037000 seconds
[token:211, layer:4] 007:ffn-norm: 0.000001000 seconds
[token:211, layer:4] 008:ffn-up-projection: 0.000204000 seconds
[token:211, layer:4] 009:ffn-swiglu: 0.000001000 seconds
[token:211, layer:4] 010:ffn-down-projection: 0.000135000 seconds
[token:211, layer:4] 102:layer-compute-total: 0.000529000 seconds
[token:211, layer:5] 002:attention-norm: 0.000000000 seconds
[token:211, layer:5] 003:qkv-projection: 0.000107000 seconds
[token:211, layer:5] 004:apply-rope: 0.000001000 seconds
[token:211, layer:5] 005:compute-attention: 0.000039000 seconds
[token:211, layer:5] 006:attention-output: 0.000035000 seconds
[token:211, layer:5] 007:ffn-norm: 0.000001000 seconds
[token:211, layer:5] 008:ffn-up-projection: 0.000197000 seconds
[token:211, layer:5] 009:ffn-swiglu: 0.000001000 seconds
[token:211, layer:5] 010:ffn-down-projection: 0.000142000 seconds
[token:211, layer:5] 102:layer-compute-total: 0.000523000 seconds
[token:211] 011:final-projection: 0.004026000 seconds
[token:211] 103:forward-compute-total: 0.007163000 seconds
[token:212] 001:embedding-lookup: 0.000000000 seconds
[token:212, layer:0] 002:attention-norm: 0.000000000 seconds
[token:212, layer:0] 003:qkv-projection: 0.000113000 seconds
[token:212, layer:0] 004:apply-rope: 0.000002000 seconds
[token:212, layer:0] 005:compute-attention: 0.000041000 seconds
[token:212, layer:0] 006:attention-output: 0.000038000 seconds
[token:212, layer:0] 007:ffn-norm: 0.000000000 seconds
[token:212, layer:0] 008:ffn-up-projection: 0.000206000 seconds
[token:212, layer:0] 009:ffn-swiglu: 0.000001000 seconds
[token:212, layer:0] 010:ffn-down-projection: 0.000139000 seconds
[token:212, layer:0] 102:layer-compute-total: 0.000540000 seconds
[token:212, layer:1] 002:attention-norm: 0.000000000 seconds
[token:212, layer:1] 003:qkv-projection: 0.000106000 seconds
[token:212, layer:1] 004:apply-rope: 0.000001000 seconds
[token:212, layer:1] 005:compute-attention: 0.000041000 seconds
[token:212, layer:1] 006:attention-output: 0.000035000 seconds
[token:212, layer:1] 007:ffn-norm: 0.000001000 seconds
[token:212, layer:1] 008:ffn-up-projection: 0.000195000 seconds
[token:212, layer:1] 009:ffn-swiglu: 0.000001000 seconds
[token:212, layer:1] 010:ffn-down-projection: 0.000136000 seconds
[token:212, layer:1] 102:layer-compute-total: 0.000516000 seconds
[token:212, layer:2] 002:attention-norm: 0.000000000 seconds
[token:212, layer:2] 003:qkv-projection: 0.000107000 seconds
[token:212, layer:2] 004:apply-rope: 0.000001000 seconds
[token:212, layer:2] 005:compute-attention: 0.000041000 seconds
[token:212, layer:2] 006:attention-output: 0.000036000 seconds
[token:212, layer:2] 007:ffn-norm: 0.000000000 seconds
[token:212, layer:2] 008:ffn-up-projection: 0.000190000 seconds
[token:212, layer:2] 009:ffn-swiglu: 0.000001000 seconds
[token:212, layer:2] 010:ffn-down-projection: 0.000136000 seconds
[token:212, layer:2] 102:layer-compute-total: 0.000512000 seconds
[token:212, layer:3] 002:attention-norm: 0.000000000 seconds
[token:212, layer:3] 003:qkv-projection: 0.000110000 seconds
[token:212, layer:3] 004:apply-rope: 0.000002000 seconds
[token:212, layer:3] 005:compute-attention: 0.000042000 seconds
[token:212, layer:3] 006:attention-output: 0.000035000 seconds
[token:212, layer:3] 007:ffn-norm: 0.000001000 seconds
[token:212, layer:3] 008:ffn-up-projection: 0.000190000 seconds
[token:212, layer:3] 009:ffn-swiglu: 0.000001000 seconds
[token:212, layer:3] 010:ffn-down-projection: 0.000135000 seconds
[token:212, layer:3] 102:layer-compute-total: 0.000516000 seconds
[token:212, layer:4] 002:attention-norm: 0.000001000 seconds
[token:212, layer:4] 003:qkv-projection: 0.000107000 seconds
[token:212, layer:4] 004:apply-rope: 0.000001000 seconds
[token:212, layer:4] 005:compute-attention: 0.000040000 seconds
[token:212, layer:4] 006:attention-output: 0.000035000 seconds
[token:212, layer:4] 007:ffn-norm: 0.000000000 seconds
[token:212, layer:4] 008:ffn-up-projection: 0.000217000 seconds
[token:212, layer:4] 009:ffn-swiglu: 0.000001000 seconds
[token:212, layer:4] 010:ffn-down-projection: 0.000397000 seconds
[token:212, layer:4] 102:layer-compute-total: 0.000799000 seconds
[token:212, layer:5] 002:attention-norm: 0.000001000 seconds
[token:212, layer:5] 003:qkv-projection: 0.000109000 seconds
[token:212, layer:5] 004:apply-rope: 0.000002000 seconds
[token:212, layer:5] 005:compute-attention: 0.000048000 seconds
[token:212, layer:5] 006:attention-output: 0.000107000 seconds
[token:212, layer:5] 007:ffn-norm: 0.000000000 seconds
[token:212, layer:5] 008:ffn-up-projection: 0.000197000 seconds
[token:212, layer:5] 009:ffn-swiglu: 0.000001000 seconds
[token:212, layer:5] 010:ffn-down-projection: 0.000136000 seconds
[token:212, layer:5] 102:layer-compute-total: 0.000601000 seconds
[token:212] 011:final-projection: 0.003937000 seconds
[token:212] 103:forward-compute-total: 0.007421000 seconds
[token:213] 001:embedding-lookup: 0.000000000 seconds
[token:213, layer:0] 002:attention-norm: 0.000001000 seconds
[token:213, layer:0] 003:qkv-projection: 0.000118000 seconds
[token:213, layer:0] 004:apply-rope: 0.000002000 seconds
[token:213, layer:0] 005:compute-attention: 0.000046000 seconds
[token:213, layer:0] 006:attention-output: 0.000035000 seconds
[token:213, layer:0] 007:ffn-norm: 0.000000000 seconds
[token:213, layer:0] 008:ffn-up-projection: 0.000186000 seconds
[token:213, layer:0] 009:ffn-swiglu: 0.000001000 seconds
[token:213, layer:0] 010:ffn-down-projection: 0.000134000 seconds
[token:213, layer:0] 102:layer-compute-total: 0.000523000 seconds
[token:213, layer:1] 002:attention-norm: 0.000000000 seconds
[token:213, layer:1] 003:qkv-projection: 0.000108000 seconds
[token:213, layer:1] 004:apply-rope: 0.000001000 seconds
[token:213, layer:1] 005:compute-attention: 0.000045000 seconds
[token:213, layer:1] 006:attention-output: 0.000035000 seconds
[token:213, layer:1] 007:ffn-norm: 0.000000000 seconds
[token:213, layer:1] 008:ffn-up-projection: 0.000187000 seconds
[token:213, layer:1] 009:ffn-swiglu: 0.000001000 seconds
[token:213, layer:1] 010:ffn-down-projection: 0.000134000 seconds
[token:213, layer:1] 102:layer-compute-total: 0.000511000 seconds
[token:213, layer:2] 002:attention-norm: 0.000001000 seconds
[token:213, layer:2] 003:qkv-projection: 0.000108000 seconds
[token:213, layer:2] 004:apply-rope: 0.000002000 seconds
[token:213, layer:2] 005:compute-attention: 0.000045000 seconds
[token:213, layer:2] 006:attention-output: 0.000035000 seconds
[token:213, layer:2] 007:ffn-norm: 0.000000000 seconds
[token:213, layer:2] 008:ffn-up-projection: 0.000186000 seconds
[token:213, layer:2] 009:ffn-swiglu: 0.000001000 seconds
[token:213, layer:2] 010:ffn-down-projection: 0.000134000 seconds
[token:213, layer:2] 102:layer-compute-total: 0.000512000 seconds
[token:213, layer:3] 002:attention-norm: 0.000000000 seconds
[token:213, layer:3] 003:qkv-projection: 0.000113000 seconds
[token:213, layer:3] 004:apply-rope: 0.000001000 seconds
[token:213, layer:3] 005:compute-attention: 0.000044000 seconds
[token:213, layer:3] 006:attention-output: 0.000035000 seconds
[token:213, layer:3] 007:ffn-norm: 0.000000000 seconds
[token:213, layer:3] 008:ffn-up-projection: 0.000187000 seconds
[token:213, layer:3] 009:ffn-swiglu: 0.000001000 seconds
[token:213, layer:3] 010:ffn-down-projection: 0.000135000 seconds
[token:213, layer:3] 102:layer-compute-total: 0.000516000 seconds
[token:213, layer:4] 002:attention-norm: 0.000000000 seconds
[token:213, layer:4] 003:qkv-projection: 0.000115000 seconds
[token:213, layer:4] 004:apply-rope: 0.000001000 seconds
[token:213, layer:4] 005:compute-attention: 0.000047000 seconds
[token:213, layer:4] 006:attention-output: 0.000035000 seconds
[token:213, layer:4] 007:ffn-norm: 0.000000000 seconds
[token:213, layer:4] 008:ffn-up-projection: 0.000187000 seconds
[token:213, layer:4] 009:ffn-swiglu: 0.000001000 seconds
[token:213, layer:4] 010:ffn-down-projection: 0.000134000 seconds
[token:213, layer:4] 102:layer-compute-total: 0.000520000 seconds
[token:213, layer:5] 002:attention-norm: 0.000001000 seconds
[token:213, layer:5] 003:qkv-projection: 0.000112000 seconds
[token:213, layer:5] 004:apply-rope: 0.000001000 seconds
[token:213, layer:5] 005:compute-attention: 0.000039000 seconds
[token:213, layer:5] 006:attention-output: 0.000035000 seconds
[token:213, layer:5] 007:ffn-norm: 0.000000000 seconds
[token:213, layer:5] 008:ffn-up-projection: 0.000192000 seconds
[token:213, layer:5] 009:ffn-swiglu: 0.000001000 seconds
[token:213, layer:5] 010:ffn-down-projection: 0.000134000 seconds
[token:213, layer:5] 102:layer-compute-total: 0.000515000 seconds
[token:213] 011:final-projection: 0.004095000 seconds
[token:213] 103:forward-compute-total: 0.007192000 seconds
[token:214] 001:embedding-lookup: 0.000000000 seconds
[token:214, layer:0] 002:attention-norm: 0.000000000 seconds
[token:214, layer:0] 003:qkv-projection: 0.000112000 seconds
[token:214, layer:0] 004:apply-rope: 0.000002000 seconds
[token:214, layer:0] 005:compute-attention: 0.000044000 seconds
[token:214, layer:0] 006:attention-output: 0.000035000 seconds
[token:214, layer:0] 007:ffn-norm: 0.000000000 seconds
[token:214, layer:0] 008:ffn-up-projection: 0.000186000 seconds
[token:214, layer:0] 009:ffn-swiglu: 0.000001000 seconds
[token:214, layer:0] 010:ffn-down-projection: 0.000138000 seconds
[token:214, layer:0] 102:layer-compute-total: 0.000518000 seconds
[token:214, layer:1] 002:attention-norm: 0.000000000 seconds
[token:214, layer:1] 003:qkv-projection: 0.000107000 seconds
[token:214, layer:1] 004:apply-rope: 0.000002000 seconds
[token:214, layer:1] 005:compute-attention: 0.000042000 seconds
[token:214, layer:1] 006:attention-output: 0.000035000 seconds
[token:214, layer:1] 007:ffn-norm: 0.000000000 seconds
[token:214, layer:1] 008:ffn-up-projection: 0.000187000 seconds
[token:214, layer:1] 009:ffn-swiglu: 0.000001000 seconds
[token:214, layer:1] 010:ffn-down-projection: 0.000134000 seconds
[token:214, layer:1] 102:layer-compute-total: 0.000508000 seconds
[token:214, layer:2] 002:attention-norm: 0.000000000 seconds
[token:214, layer:2] 003:qkv-projection: 0.000105000 seconds
[token:214, layer:2] 004:apply-rope: 0.000001000 seconds
[token:214, layer:2] 005:compute-attention: 0.000040000 seconds
[token:214, layer:2] 006:attention-output: 0.000035000 seconds
[token:214, layer:2] 007:ffn-norm: 0.000000000 seconds
[token:214, layer:2] 008:ffn-up-projection: 0.000199000 seconds
[token:214, layer:2] 009:ffn-swiglu: 0.000001000 seconds
[token:214, layer:2] 010:ffn-down-projection: 0.000141000 seconds
[token:214, layer:2] 102:layer-compute-total: 0.000522000 seconds
[token:214, layer:3] 002:attention-norm: 0.000000000 seconds
[token:214, layer:3] 003:qkv-projection: 0.000110000 seconds
[token:214, layer:3] 004:apply-rope: 0.000001000 seconds
[token:214, layer:3] 005:compute-attention: 0.000043000 seconds
[token:214, layer:3] 006:attention-output: 0.000035000 seconds
[token:214, layer:3] 007:ffn-norm: 0.000000000 seconds
[token:214, layer:3] 008:ffn-up-projection: 0.000196000 seconds
[token:214, layer:3] 009:ffn-swiglu: 0.000001000 seconds
[token:214, layer:3] 010:ffn-down-projection: 0.000136000 seconds
[token:214, layer:3] 102:layer-compute-total: 0.000522000 seconds
[token:214, layer:4] 002:attention-norm: 0.000000000 seconds
[token:214, layer:4] 003:qkv-projection: 0.000107000 seconds
[token:214, layer:4] 004:apply-rope: 0.000001000 seconds
[token:214, layer:4] 005:compute-attention: 0.000043000 seconds
[token:214, layer:4] 006:attention-output: 0.000036000 seconds
[token:214, layer:4] 007:ffn-norm: 0.000001000 seconds
[token:214, layer:4] 008:ffn-up-projection: 0.000190000 seconds
[token:214, layer:4] 009:ffn-swiglu: 0.000001000 seconds
[token:214, layer:4] 010:ffn-down-projection: 0.000137000 seconds
[token:214, layer:4] 102:layer-compute-total: 0.000516000 seconds
[token:214, layer:5] 002:attention-norm: 0.000000000 seconds
[token:214, layer:5] 003:qkv-projection: 0.000107000 seconds
[token:214, layer:5] 004:apply-rope: 0.000001000 seconds
[token:214, layer:5] 005:compute-attention: 0.000043000 seconds
[token:214, layer:5] 006:attention-output: 0.000036000 seconds
[token:214, layer:5] 007:ffn-norm: 0.000000000 seconds
[token:214, layer:5] 008:ffn-up-projection: 0.000190000 seconds
[token:214, layer:5] 009:ffn-swiglu: 0.000001000 seconds
[token:214, layer:5] 010:ffn-down-projection: 0.000136000 seconds
[token:214, layer:5] 102:layer-compute-total: 0.000514000 seconds
[token:214] 011:final-projection: 0.004160000 seconds
[token:214] 103:forward-compute-total: 0.007260000 seconds
[token:215] 001:embedding-lookup: 0.000000000 seconds
[token:215, layer:0] 002:attention-norm: 0.000001000 seconds
[token:215, layer:0] 003:qkv-projection: 0.000113000 seconds
[token:215, layer:0] 004:apply-rope: 0.000002000 seconds
[token:215, layer:0] 005:compute-attention: 0.000048000 seconds
[token:215, layer:0] 006:attention-output: 0.000036000 seconds
[token:215, layer:0] 007:ffn-norm: 0.000001000 seconds
[token:215, layer:0] 008:ffn-up-projection: 0.000186000 seconds
[token:215, layer:0] 009:ffn-swiglu: 0.000001000 seconds
[token:215, layer:0] 010:ffn-down-projection: 0.000134000 seconds
[token:215, layer:0] 102:layer-compute-total: 0.000522000 seconds
[token:215, layer:1] 002:attention-norm: 0.000000000 seconds
[token:215, layer:1] 003:qkv-projection: 0.000105000 seconds
[token:215, layer:1] 004:apply-rope: 0.000001000 seconds
[token:215, layer:1] 005:compute-attention: 0.000045000 seconds
[token:215, layer:1] 006:attention-output: 0.000035000 seconds
[token:215, layer:1] 007:ffn-norm: 0.000000000 seconds
[token:215, layer:1] 008:ffn-up-projection: 0.000187000 seconds
[token:215, layer:1] 009:ffn-swiglu: 0.000001000 seconds
[token:215, layer:1] 010:ffn-down-projection: 0.000138000 seconds
[token:215, layer:1] 102:layer-compute-total: 0.000512000 seconds
[token:215, layer:2] 002:attention-norm: 0.000000000 seconds
[token:215, layer:2] 003:qkv-projection: 0.000106000 seconds
[token:215, layer:2] 004:apply-rope: 0.000001000 seconds
[token:215, layer:2] 005:compute-attention: 0.000044000 seconds
[token:215, layer:2] 006:attention-output: 0.000035000 seconds
[token:215, layer:2] 007:ffn-norm: 0.000000000 seconds
[token:215, layer:2] 008:ffn-up-projection: 0.000192000 seconds
[token:215, layer:2] 009:ffn-swiglu: 0.000001000 seconds
[token:215, layer:2] 010:ffn-down-projection: 0.000138000 seconds
[token:215, layer:2] 102:layer-compute-total: 0.000517000 seconds
[token:215, layer:3] 002:attention-norm: 0.000000000 seconds
[token:215, layer:3] 003:qkv-projection: 0.000105000 seconds
[token:215, layer:3] 004:apply-rope: 0.000001000 seconds
[token:215, layer:3] 005:compute-attention: 0.000044000 seconds
[token:215, layer:3] 006:attention-output: 0.000035000 seconds
[token:215, layer:3] 007:ffn-norm: 0.000000000 seconds
[token:215, layer:3] 008:ffn-up-projection: 0.000186000 seconds
[token:215, layer:3] 009:ffn-swiglu: 0.000001000 seconds
[token:215, layer:3] 010:ffn-down-projection: 0.000134000 seconds
[token:215, layer:3] 102:layer-compute-total: 0.000506000 seconds
[token:215, layer:4] 002:attention-norm: 0.000000000 seconds
[token:215, layer:4] 003:qkv-projection: 0.000105000 seconds
[token:215, layer:4] 004:apply-rope: 0.000001000 seconds
[token:215, layer:4] 005:compute-attention: 0.000043000 seconds
[token:215, layer:4] 006:attention-output: 0.000035000 seconds
[token:215, layer:4] 007:ffn-norm: 0.000000000 seconds
[token:215, layer:4] 008:ffn-up-projection: 0.000186000 seconds
[token:215, layer:4] 009:ffn-swiglu: 0.000001000 seconds
[token:215, layer:4] 010:ffn-down-projection: 0.000134000 seconds
[token:215, layer:4] 102:layer-compute-total: 0.000505000 seconds
[token:215, layer:5] 002:attention-norm: 0.000000000 seconds
[token:215, layer:5] 003:qkv-projection: 0.000105000 seconds
[token:215, layer:5] 004:apply-rope: 0.000001000 seconds
[token:215, layer:5] 005:compute-attention: 0.000043000 seconds
[token:215, layer:5] 006:attention-output: 0.000035000 seconds
[token:215, layer:5] 007:ffn-norm: 0.000000000 seconds
[token:215, layer:5] 008:ffn-up-projection: 0.000194000 seconds
[token:215, layer:5] 009:ffn-swiglu: 0.000001000 seconds
[token:215, layer:5] 010:ffn-down-projection: 0.000136000 seconds
[token:215, layer:5] 102:layer-compute-total: 0.000515000 seconds
[token:215] 011:final-projection: 0.003947000 seconds
[token:215] 103:forward-compute-total: 0.007024000 seconds
[token:216] 001:embedding-lookup: 0.000000000 seconds
[token:216, layer:0] 002:attention-norm: 0.000000000 seconds
[token:216, layer:0] 003:qkv-projection: 0.000115000 seconds
[token:216, layer:0] 004:apply-rope: 0.000001000 seconds
[token:216, layer:0] 005:compute-attention: 0.000037000 seconds
[token:216, layer:0] 006:attention-output: 0.000035000 seconds
[token:216, layer:0] 007:ffn-norm: 0.000000000 seconds
[token:216, layer:0] 008:ffn-up-projection: 0.000188000 seconds
[token:216, layer:0] 009:ffn-swiglu: 0.000001000 seconds
[token:216, layer:0] 010:ffn-down-projection: 0.000135000 seconds
[token:216, layer:0] 102:layer-compute-total: 0.000512000 seconds
[token:216, layer:1] 002:attention-norm: 0.000000000 seconds
[token:216, layer:1] 003:qkv-projection: 0.000105000 seconds
[token:216, layer:1] 004:apply-rope: 0.000001000 seconds
[token:216, layer:1] 005:compute-attention: 0.000035000 seconds
[token:216, layer:1] 006:attention-output: 0.000035000 seconds
[token:216, layer:1] 007:ffn-norm: 0.000000000 seconds
[token:216, layer:1] 008:ffn-up-projection: 0.000187000 seconds
[token:216, layer:1] 009:ffn-swiglu: 0.000001000 seconds
[token:216, layer:1] 010:ffn-down-projection: 0.000133000 seconds
[token:216, layer:1] 102:layer-compute-total: 0.000497000 seconds
[token:216, layer:2] 002:attention-norm: 0.000000000 seconds
[token:216, layer:2] 003:qkv-projection: 0.000106000 seconds
[token:216, layer:2] 004:apply-rope: 0.000001000 seconds
[token:216, layer:2] 005:compute-attention: 0.000035000 seconds
[token:216, layer:2] 006:attention-output: 0.000035000 seconds
[token:216, layer:2] 007:ffn-norm: 0.000000000 seconds
[token:216, layer:2] 008:ffn-up-projection: 0.000187000 seconds
[token:216, layer:2] 009:ffn-swiglu: 0.000001000 seconds
[token:216, layer:2] 010:ffn-down-projection: 0.000134000 seconds
[token:216, layer:2] 102:layer-compute-total: 0.000499000 seconds
[token:216, layer:3] 002:attention-norm: 0.000000000 seconds
[token:216, layer:3] 003:qkv-projection: 0.000105000 seconds
[token:216, layer:3] 004:apply-rope: 0.000001000 seconds
[token:216, layer:3] 005:compute-attention: 0.000035000 seconds
[token:216, layer:3] 006:attention-output: 0.000035000 seconds
[token:216, layer:3] 007:ffn-norm: 0.000000000 seconds
[token:216, layer:3] 008:ffn-up-projection: 0.000191000 seconds
[token:216, layer:3] 009:ffn-swiglu: 0.000001000 seconds
[token:216, layer:3] 010:ffn-down-projection: 0.000134000 seconds
[token:216, layer:3] 102:layer-compute-total: 0.000502000 seconds
[token:216, layer:4] 002:attention-norm: 0.000000000 seconds
[token:216, layer:4] 003:qkv-projection: 0.000105000 seconds
[token:216, layer:4] 004:apply-rope: 0.000001000 seconds
[token:216, layer:4] 005:compute-attention: 0.000035000 seconds
[token:216, layer:4] 006:attention-output: 0.000037000 seconds
[token:216, layer:4] 007:ffn-norm: 0.000000000 seconds
[token:216, layer:4] 008:ffn-up-projection: 0.000187000 seconds
[token:216, layer:4] 009:ffn-swiglu: 0.000001000 seconds
[token:216, layer:4] 010:ffn-down-projection: 0.000134000 seconds
[token:216, layer:4] 102:layer-compute-total: 0.000500000 seconds
[token:216, layer:5] 002:attention-norm: 0.000000000 seconds
[token:216, layer:5] 003:qkv-projection: 0.000107000 seconds
[token:216, layer:5] 004:apply-rope: 0.000001000 seconds
[token:216, layer:5] 005:compute-attention: 0.000034000 seconds
[token:216, layer:5] 006:attention-output: 0.000035000 seconds
[token:216, layer:5] 007:ffn-norm: 0.000001000 seconds
[token:216, layer:5] 008:ffn-up-projection: 0.000212000 seconds
[token:216, layer:5] 009:ffn-swiglu: 0.000002000 seconds
[token:216, layer:5] 010:ffn-down-projection: 0.000135000 seconds
[token:216, layer:5] 102:layer-compute-total: 0.000527000 seconds
[token:216] 011:final-projection: 0.004188000 seconds
[token:216] 103:forward-compute-total: 0.007225000 seconds
[token:217] 001:embedding-lookup: 0.000000000 seconds
[token:217, layer:0] 002:attention-norm: 0.000001000 seconds
[token:217, layer:0] 003:qkv-projection: 0.000112000 seconds
[token:217, layer:0] 004:apply-rope: 0.000003000 seconds
[token:217, layer:0] 005:compute-attention: 0.000045000 seconds
[token:217, layer:0] 006:attention-output: 0.000035000 seconds
[token:217, layer:0] 007:ffn-norm: 0.000001000 seconds
[token:217, layer:0] 008:ffn-up-projection: 0.000187000 seconds
[token:217, layer:0] 009:ffn-swiglu: 0.000001000 seconds
[token:217, layer:0] 010:ffn-down-projection: 0.000134000 seconds
[token:217, layer:0] 102:layer-compute-total: 0.000519000 seconds
[token:217, layer:1] 002:attention-norm: 0.000001000 seconds
[token:217, layer:1] 003:qkv-projection: 0.000106000 seconds
[token:217, layer:1] 004:apply-rope: 0.000002000 seconds
[token:217, layer:1] 005:compute-attention: 0.000045000 seconds
[token:217, layer:1] 006:attention-output: 0.000035000 seconds
[token:217, layer:1] 007:ffn-norm: 0.000000000 seconds
[token:217, layer:1] 008:ffn-up-projection: 0.000191000 seconds
[token:217, layer:1] 009:ffn-swiglu: 0.000001000 seconds
[token:217, layer:1] 010:ffn-down-projection: 0.000135000 seconds
[token:217, layer:1] 102:layer-compute-total: 0.000516000 seconds
[token:217, layer:2] 002:attention-norm: 0.000000000 seconds
[token:217, layer:2] 003:qkv-projection: 0.000109000 seconds
[token:217, layer:2] 004:apply-rope: 0.000001000 seconds
[token:217, layer:2] 005:compute-attention: 0.000045000 seconds
[token:217, layer:2] 006:attention-output: 0.000035000 seconds
[token:217, layer:2] 007:ffn-norm: 0.000001000 seconds
[token:217, layer:2] 008:ffn-up-projection: 0.000187000 seconds
[token:217, layer:2] 009:ffn-swiglu: 0.000001000 seconds
[token:217, layer:2] 010:ffn-down-projection: 0.000134000 seconds
[token:217, layer:2] 102:layer-compute-total: 0.000513000 seconds
[token:217, layer:3] 002:attention-norm: 0.000000000 seconds
[token:217, layer:3] 003:qkv-projection: 0.000105000 seconds
[token:217, layer:3] 004:apply-rope: 0.000001000 seconds
[token:217, layer:3] 005:compute-attention: 0.000045000 seconds
[token:217, layer:3] 006:attention-output: 0.000035000 seconds
[token:217, layer:3] 007:ffn-norm: 0.000000000 seconds
[token:217, layer:3] 008:ffn-up-projection: 0.000186000 seconds
[token:217, layer:3] 009:ffn-swiglu: 0.000001000 seconds
[token:217, layer:3] 010:ffn-down-projection: 0.000133000 seconds
[token:217, layer:3] 102:layer-compute-total: 0.000506000 seconds
[token:217, layer:4] 002:attention-norm: 0.000000000 seconds
[token:217, layer:4] 003:qkv-projection: 0.000105000 seconds
[token:217, layer:4] 004:apply-rope: 0.000001000 seconds
[token:217, layer:4] 005:compute-attention: 0.000043000 seconds
[token:217, layer:4] 006:attention-output: 0.000036000 seconds
[token:217, layer:4] 007:ffn-norm: 0.000000000 seconds
[token:217, layer:4] 008:ffn-up-projection: 0.000187000 seconds
[token:217, layer:4] 009:ffn-swiglu: 0.000001000 seconds
[token:217, layer:4] 010:ffn-down-projection: 0.000139000 seconds
[token:217, layer:4] 102:layer-compute-total: 0.000512000 seconds
[token:217, layer:5] 002:attention-norm: 0.000000000 seconds
[token:217, layer:5] 003:qkv-projection: 0.000105000 seconds
[token:217, layer:5] 004:apply-rope: 0.000001000 seconds
[token:217, layer:5] 005:compute-attention: 0.000044000 seconds
[token:217, layer:5] 006:attention-output: 0.000036000 seconds
[token:217, layer:5] 007:ffn-norm: 0.000001000 seconds
[token:217, layer:5] 008:ffn-up-projection: 0.000189000 seconds
[token:217, layer:5] 009:ffn-swiglu: 0.000001000 seconds
[token:217, layer:5] 010:ffn-down-projection: 0.000136000 seconds
[token:217, layer:5] 102:layer-compute-total: 0.000513000 seconds
[token:217] 011:final-projection: 0.003974000 seconds
[token:217] 103:forward-compute-total: 0.007053000 seconds
[token:218] 001:embedding-lookup: 0.000000000 seconds
[token:218, layer:0] 002:attention-norm: 0.000000000 seconds
[token:218, layer:0] 003:qkv-projection: 0.000112000 seconds
[token:218, layer:0] 004:apply-rope: 0.000001000 seconds
[token:218, layer:0] 005:compute-attention: 0.000034000 seconds
[token:218, layer:0] 006:attention-output: 0.000036000 seconds
[token:218, layer:0] 007:ffn-norm: 0.000001000 seconds
[token:218, layer:0] 008:ffn-up-projection: 0.000187000 seconds
[token:218, layer:0] 009:ffn-swiglu: 0.000001000 seconds
[token:218, layer:0] 010:ffn-down-projection: 0.000134000 seconds
[token:218, layer:0] 102:layer-compute-total: 0.000506000 seconds
[token:218, layer:1] 002:attention-norm: 0.000000000 seconds
[token:218, layer:1] 003:qkv-projection: 0.000105000 seconds
[token:218, layer:1] 004:apply-rope: 0.000001000 seconds
[token:218, layer:1] 005:compute-attention: 0.000034000 seconds
[token:218, layer:1] 006:attention-output: 0.000035000 seconds
[token:218, layer:1] 007:ffn-norm: 0.000000000 seconds
[token:218, layer:1] 008:ffn-up-projection: 0.000190000 seconds
[token:218, layer:1] 009:ffn-swiglu: 0.000001000 seconds
[token:218, layer:1] 010:ffn-down-projection: 0.000133000 seconds
[token:218, layer:1] 102:layer-compute-total: 0.000499000 seconds
[token:218, layer:2] 002:attention-norm: 0.000000000 seconds
[token:218, layer:2] 003:qkv-projection: 0.000105000 seconds
[token:218, layer:2] 004:apply-rope: 0.000001000 seconds
[token:218, layer:2] 005:compute-attention: 0.000033000 seconds
[token:218, layer:2] 006:attention-output: 0.000035000 seconds
[token:218, layer:2] 007:ffn-norm: 0.000000000 seconds
[token:218, layer:2] 008:ffn-up-projection: 0.000187000 seconds
[token:218, layer:2] 009:ffn-swiglu: 0.000001000 seconds
[token:218, layer:2] 010:ffn-down-projection: 0.000134000 seconds
[token:218, layer:2] 102:layer-compute-total: 0.000496000 seconds
[token:218, layer:3] 002:attention-norm: 0.000000000 seconds
[token:218, layer:3] 003:qkv-projection: 0.000105000 seconds
[token:218, layer:3] 004:apply-rope: 0.000001000 seconds
[token:218, layer:3] 005:compute-attention: 0.000034000 seconds
[token:218, layer:3] 006:attention-output: 0.000035000 seconds
[token:218, layer:3] 007:ffn-norm: 0.000001000 seconds
[token:218, layer:3] 008:ffn-up-projection: 0.000187000 seconds
[token:218, layer:3] 009:ffn-swiglu: 0.000001000 seconds
[token:218, layer:3] 010:ffn-down-projection: 0.000133000 seconds
[token:218, layer:3] 102:layer-compute-total: 0.000497000 seconds
[token:218, layer:4] 002:attention-norm: 0.000001000 seconds
[token:218, layer:4] 003:qkv-projection: 0.000108000 seconds
[token:218, layer:4] 004:apply-rope: 0.000002000 seconds
[token:218, layer:4] 005:compute-attention: 0.000033000 seconds
[token:218, layer:4] 006:attention-output: 0.000036000 seconds
[token:218, layer:4] 007:ffn-norm: 0.000000000 seconds
[token:218, layer:4] 008:ffn-up-projection: 0.000187000 seconds
[token:218, layer:4] 009:ffn-swiglu: 0.000001000 seconds
[token:218, layer:4] 010:ffn-down-projection: 0.000134000 seconds
[token:218, layer:4] 102:layer-compute-total: 0.000502000 seconds
[token:218, layer:5] 002:attention-norm: 0.000000000 seconds
[token:218, layer:5] 003:qkv-projection: 0.000107000 seconds
[token:218, layer:5] 004:apply-rope: 0.000001000 seconds
[token:218, layer:5] 005:compute-attention: 0.000034000 seconds
[token:218, layer:5] 006:attention-output: 0.000039000 seconds
[token:218, layer:5] 007:ffn-norm: 0.000000000 seconds
[token:218, layer:5] 008:ffn-up-projection: 0.000187000 seconds
[token:218, layer:5] 009:ffn-swiglu: 0.000001000 seconds
[token:218, layer:5] 010:ffn-down-projection: 0.000137000 seconds
[token:218, layer:5] 102:layer-compute-total: 0.000506000 seconds
[token:218] 011:final-projection: 0.004192000 seconds
[token:218] 103:forward-compute-total: 0.007198000 seconds
[token:219] 001:embedding-lookup: 0.000000000 seconds
[token:219, layer:0] 002:attention-norm: 0.000000000 seconds
[token:219, layer:0] 003:qkv-projection: 0.000110000 seconds
[token:219, layer:0] 004:apply-rope: 0.000001000 seconds
[token:219, layer:0] 005:compute-attention: 0.000047000 seconds
[token:219, layer:0] 006:attention-output: 0.000036000 seconds
[token:219, layer:0] 007:ffn-norm: 0.000000000 seconds
[token:219, layer:0] 008:ffn-up-projection: 0.000189000 seconds
[token:219, layer:0] 009:ffn-swiglu: 0.000001000 seconds
[token:219, layer:0] 010:ffn-down-projection: 0.000140000 seconds
[token:219, layer:0] 102:layer-compute-total: 0.000524000 seconds
[token:219, layer:1] 002:attention-norm: 0.000001000 seconds
[token:219, layer:1] 003:qkv-projection: 0.000105000 seconds
[token:219, layer:1] 004:apply-rope: 0.000002000 seconds
[token:219, layer:1] 005:compute-attention: 0.000045000 seconds
[token:219, layer:1] 006:attention-output: 0.000035000 seconds
[token:219, layer:1] 007:ffn-norm: 0.000001000 seconds
[token:219, layer:1] 008:ffn-up-projection: 0.000188000 seconds
[token:219, layer:1] 009:ffn-swiglu: 0.000001000 seconds
[token:219, layer:1] 010:ffn-down-projection: 0.000134000 seconds
[token:219, layer:1] 102:layer-compute-total: 0.000512000 seconds
[token:219, layer:2] 002:attention-norm: 0.000000000 seconds
[token:219, layer:2] 003:qkv-projection: 0.000105000 seconds
[token:219, layer:2] 004:apply-rope: 0.000001000 seconds
[token:219, layer:2] 005:compute-attention: 0.000047000 seconds
[token:219, layer:2] 006:attention-output: 0.000035000 seconds
[token:219, layer:2] 007:ffn-norm: 0.000000000 seconds
[token:219, layer:2] 008:ffn-up-projection: 0.000186000 seconds
[token:219, layer:2] 009:ffn-swiglu: 0.000001000 seconds
[token:219, layer:2] 010:ffn-down-projection: 0.000134000 seconds
[token:219, layer:2] 102:layer-compute-total: 0.000509000 seconds
[token:219, layer:3] 002:attention-norm: 0.000000000 seconds
[token:219, layer:3] 003:qkv-projection: 0.000105000 seconds
[token:219, layer:3] 004:apply-rope: 0.000001000 seconds
[token:219, layer:3] 005:compute-attention: 0.000045000 seconds
[token:219, layer:3] 006:attention-output: 0.000035000 seconds
[token:219, layer:3] 007:ffn-norm: 0.000000000 seconds
[token:219, layer:3] 008:ffn-up-projection: 0.000187000 seconds
[token:219, layer:3] 009:ffn-swiglu: 0.000001000 seconds
[token:219, layer:3] 010:ffn-down-projection: 0.000133000 seconds
[token:219, layer:3] 102:layer-compute-total: 0.000507000 seconds
[token:219, layer:4] 002:attention-norm: 0.000000000 seconds
[token:219, layer:4] 003:qkv-projection: 0.000109000 seconds
[token:219, layer:4] 004:apply-rope: 0.000001000 seconds
[token:219, layer:4] 005:compute-attention: 0.000045000 seconds
[token:219, layer:4] 006:attention-output: 0.000037000 seconds
[token:219, layer:4] 007:ffn-norm: 0.000000000 seconds
[token:219, layer:4] 008:ffn-up-projection: 0.000190000 seconds
[token:219, layer:4] 009:ffn-swiglu: 0.000002000 seconds
[token:219, layer:4] 010:ffn-down-projection: 0.000138000 seconds
[token:219, layer:4] 102:layer-compute-total: 0.000522000 seconds
[token:219, layer:5] 002:attention-norm: 0.000000000 seconds
[token:219, layer:5] 003:qkv-projection: 0.000105000 seconds
[token:219, layer:5] 004:apply-rope: 0.000001000 seconds
[token:219, layer:5] 005:compute-attention: 0.000044000 seconds
[token:219, layer:5] 006:attention-output: 0.000035000 seconds
[token:219, layer:5] 007:ffn-norm: 0.000000000 seconds
[token:219, layer:5] 008:ffn-up-projection: 0.000187000 seconds
[token:219, layer:5] 009:ffn-swiglu: 0.000001000 seconds
[token:219, layer:5] 010:ffn-down-projection: 0.000134000 seconds
[token:219, layer:5] 102:layer-compute-total: 0.000507000 seconds
[token:219] 011:final-projection: 0.003963000 seconds
[token:219] 103:forward-compute-total: 0.007044000 seconds
[token:220] 001:embedding-lookup: 0.000000000 seconds
[token:220, layer:0] 002:attention-norm: 0.000000000 seconds
[token:220, layer:0] 003:qkv-projection: 0.000111000 seconds
[token:220, layer:0] 004:apply-rope: 0.000002000 seconds
[token:220, layer:0] 005:compute-attention: 0.000039000 seconds
[token:220, layer:0] 006:attention-output: 0.000036000 seconds
[token:220, layer:0] 007:ffn-norm: 0.000001000 seconds
[token:220, layer:0] 008:ffn-up-projection: 0.000196000 seconds
[token:220, layer:0] 009:ffn-swiglu: 0.000001000 seconds
[token:220, layer:0] 010:ffn-down-projection: 0.000134000 seconds
[token:220, layer:0] 102:layer-compute-total: 0.000520000 seconds
[token:220, layer:1] 002:attention-norm: 0.000000000 seconds
[token:220, layer:1] 003:qkv-projection: 0.000105000 seconds
[token:220, layer:1] 004:apply-rope: 0.000002000 seconds
[token:220, layer:1] 005:compute-attention: 0.000037000 seconds
[token:220, layer:1] 006:attention-output: 0.000035000 seconds
[token:220, layer:1] 007:ffn-norm: 0.000001000 seconds
[token:220, layer:1] 008:ffn-up-projection: 0.000187000 seconds
[token:220, layer:1] 009:ffn-swiglu: 0.000001000 seconds
[token:220, layer:1] 010:ffn-down-projection: 0.000134000 seconds
[token:220, layer:1] 102:layer-compute-total: 0.000502000 seconds
[token:220, layer:2] 002:attention-norm: 0.000000000 seconds
[token:220, layer:2] 003:qkv-projection: 0.000106000 seconds
[token:220, layer:2] 004:apply-rope: 0.000002000 seconds
[token:220, layer:2] 005:compute-attention: 0.000037000 seconds
[token:220, layer:2] 006:attention-output: 0.000035000 seconds
[token:220, layer:2] 007:ffn-norm: 0.000000000 seconds
[token:220, layer:2] 008:ffn-up-projection: 0.000186000 seconds
[token:220, layer:2] 009:ffn-swiglu: 0.000001000 seconds
[token:220, layer:2] 010:ffn-down-projection: 0.000134000 seconds
[token:220, layer:2] 102:layer-compute-total: 0.000501000 seconds
[token:220, layer:3] 002:attention-norm: 0.000000000 seconds
[token:220, layer:3] 003:qkv-projection: 0.000105000 seconds
[token:220, layer:3] 004:apply-rope: 0.000001000 seconds
[token:220, layer:3] 005:compute-attention: 0.000037000 seconds
[token:220, layer:3] 006:attention-output: 0.000035000 seconds
[token:220, layer:3] 007:ffn-norm: 0.000000000 seconds
[token:220, layer:3] 008:ffn-up-projection: 0.000187000 seconds
[token:220, layer:3] 009:ffn-swiglu: 0.000001000 seconds
[token:220, layer:3] 010:ffn-down-projection: 0.000134000 seconds
[token:220, layer:3] 102:layer-compute-total: 0.000500000 seconds
[token:220, layer:4] 002:attention-norm: 0.000000000 seconds
[token:220, layer:4] 003:qkv-projection: 0.000105000 seconds
[token:220, layer:4] 004:apply-rope: 0.000001000 seconds
[token:220, layer:4] 005:compute-attention: 0.000037000 seconds
[token:220, layer:4] 006:attention-output: 0.000035000 seconds
[token:220, layer:4] 007:ffn-norm: 0.000001000 seconds
[token:220, layer:4] 008:ffn-up-projection: 0.000187000 seconds
[token:220, layer:4] 009:ffn-swiglu: 0.000001000 seconds
[token:220, layer:4] 010:ffn-down-projection: 0.000134000 seconds
[token:220, layer:4] 102:layer-compute-total: 0.000501000 seconds
[token:220, layer:5] 002:attention-norm: 0.000000000 seconds
[token:220, layer:5] 003:qkv-projection: 0.000105000 seconds
[token:220, layer:5] 004:apply-rope: 0.000001000 seconds
[token:220, layer:5] 005:compute-attention: 0.000037000 seconds
[token:220, layer:5] 006:attention-output: 0.000035000 seconds
[token:220, layer:5] 007:ffn-norm: 0.000000000 seconds
[token:220, layer:5] 008:ffn-up-projection: 0.000187000 seconds
[token:220, layer:5] 009:ffn-swiglu: 0.000001000 seconds
[token:220, layer:5] 010:ffn-down-projection: 0.000135000 seconds
[token:220, layer:5] 102:layer-compute-total: 0.000501000 seconds
[token:220] 011:final-projection: 0.004024000 seconds
[token:220] 103:forward-compute-total: 0.007049000 seconds
[token:221] 001:embedding-lookup: 0.000000000 seconds
[token:221, layer:0] 002:attention-norm: 0.000001000 seconds
[token:221, layer:0] 003:qkv-projection: 0.000110000 seconds
[token:221, layer:0] 004:apply-rope: 0.000003000 seconds
[token:221, layer:0] 005:compute-attention: 0.000036000 seconds
[token:221, layer:0] 006:attention-output: 0.000036000 seconds
[token:221, layer:0] 007:ffn-norm: 0.000000000 seconds
[token:221, layer:0] 008:ffn-up-projection: 0.000190000 seconds
[token:221, layer:0] 009:ffn-swiglu: 0.000001000 seconds
[token:221, layer:0] 010:ffn-down-projection: 0.000136000 seconds
[token:221, layer:0] 102:layer-compute-total: 0.000513000 seconds
[token:221, layer:1] 002:attention-norm: 0.000000000 seconds
[token:221, layer:1] 003:qkv-projection: 0.000106000 seconds
[token:221, layer:1] 004:apply-rope: 0.000001000 seconds
[token:221, layer:1] 005:compute-attention: 0.000038000 seconds
[token:221, layer:1] 006:attention-output: 0.000038000 seconds
[token:221, layer:1] 007:ffn-norm: 0.000001000 seconds
[token:221, layer:1] 008:ffn-up-projection: 0.000212000 seconds
[token:221, layer:1] 009:ffn-swiglu: 0.000001000 seconds
[token:221, layer:1] 010:ffn-down-projection: 0.000171000 seconds
[token:221, layer:1] 102:layer-compute-total: 0.000568000 seconds
[token:221, layer:2] 002:attention-norm: 0.000001000 seconds
[token:221, layer:2] 003:qkv-projection: 0.000254000 seconds
[token:221, layer:2] 004:apply-rope: 0.000002000 seconds
[token:221, layer:2] 005:compute-attention: 0.000081000 seconds
[token:221, layer:2] 006:attention-output: 0.000038000 seconds
[token:221, layer:2] 007:ffn-norm: 0.000000000 seconds
[token:221, layer:2] 008:ffn-up-projection: 0.000201000 seconds
[token:221, layer:2] 009:ffn-swiglu: 0.000001000 seconds
[token:221, layer:2] 010:ffn-down-projection: 0.000139000 seconds
[token:221, layer:2] 102:layer-compute-total: 0.000717000 seconds
[token:221, layer:3] 002:attention-norm: 0.000000000 seconds
[token:221, layer:3] 003:qkv-projection: 0.000110000 seconds
[token:221, layer:3] 004:apply-rope: 0.000001000 seconds
[token:221, layer:3] 005:compute-attention: 0.000050000 seconds
[token:221, layer:3] 006:attention-output: 0.000040000 seconds
[token:221, layer:3] 007:ffn-norm: 0.000000000 seconds
[token:221, layer:3] 008:ffn-up-projection: 0.000200000 seconds
[token:221, layer:3] 009:ffn-swiglu: 0.000001000 seconds
[token:221, layer:3] 010:ffn-down-projection: 0.000139000 seconds
[token:221, layer:3] 102:layer-compute-total: 0.000541000 seconds
[token:221, layer:4] 002:attention-norm: 0.000000000 seconds
[token:221, layer:4] 003:qkv-projection: 0.000105000 seconds
[token:221, layer:4] 004:apply-rope: 0.000001000 seconds
[token:221, layer:4] 005:compute-attention: 0.000046000 seconds
[token:221, layer:4] 006:attention-output: 0.000035000 seconds
[token:221, layer:4] 007:ffn-norm: 0.000001000 seconds
[token:221, layer:4] 008:ffn-up-projection: 0.000186000 seconds
[token:221, layer:4] 009:ffn-swiglu: 0.000001000 seconds
[token:221, layer:4] 010:ffn-down-projection: 0.000134000 seconds
[token:221, layer:4] 102:layer-compute-total: 0.000509000 seconds
[token:221, layer:5] 002:attention-norm: 0.000000000 seconds
[token:221, layer:5] 003:qkv-projection: 0.000106000 seconds
[token:221, layer:5] 004:apply-rope: 0.000001000 seconds
[token:221, layer:5] 005:compute-attention: 0.000047000 seconds
[token:221, layer:5] 006:attention-output: 0.000035000 seconds
[token:221, layer:5] 007:ffn-norm: 0.000000000 seconds
[token:221, layer:5] 008:ffn-up-projection: 0.000192000 seconds
[token:221, layer:5] 009:ffn-swiglu: 0.000001000 seconds
[token:221, layer:5] 010:ffn-down-projection: 0.000134000 seconds
[token:221, layer:5] 102:layer-compute-total: 0.000516000 seconds
[token:221] 011:final-projection: 0.003980000 seconds
[token:221] 103:forward-compute-total: 0.007344000 seconds
[token:222] 001:embedding-lookup: 0.000000000 seconds
[token:222, layer:0] 002:attention-norm: 0.000000000 seconds
[token:222, layer:0] 003:qkv-projection: 0.000112000 seconds
[token:222, layer:0] 004:apply-rope: 0.000002000 seconds
[token:222, layer:0] 005:compute-attention: 0.000046000 seconds
[token:222, layer:0] 006:attention-output: 0.000035000 seconds
[token:222, layer:0] 007:ffn-norm: 0.000001000 seconds
[token:222, layer:0] 008:ffn-up-projection: 0.000186000 seconds
[token:222, layer:0] 009:ffn-swiglu: 0.000001000 seconds
[token:222, layer:0] 010:ffn-down-projection: 0.000144000 seconds
[token:222, layer:0] 102:layer-compute-total: 0.000527000 seconds
[token:222, layer:1] 002:attention-norm: 0.000001000 seconds
[token:222, layer:1] 003:qkv-projection: 0.000112000 seconds
[token:222, layer:1] 004:apply-rope: 0.000001000 seconds
[token:222, layer:1] 005:compute-attention: 0.000047000 seconds
[token:222, layer:1] 006:attention-output: 0.000035000 seconds
[token:222, layer:1] 007:ffn-norm: 0.000000000 seconds
[token:222, layer:1] 008:ffn-up-projection: 0.000191000 seconds
[token:222, layer:1] 009:ffn-swiglu: 0.000001000 seconds
[token:222, layer:1] 010:ffn-down-projection: 0.000134000 seconds
[token:222, layer:1] 102:layer-compute-total: 0.000522000 seconds
[token:222, layer:2] 002:attention-norm: 0.000000000 seconds
[token:222, layer:2] 003:qkv-projection: 0.000106000 seconds
[token:222, layer:2] 004:apply-rope: 0.000001000 seconds
[token:222, layer:2] 005:compute-attention: 0.000045000 seconds
[token:222, layer:2] 006:attention-output: 0.000036000 seconds
[token:222, layer:2] 007:ffn-norm: 0.000000000 seconds
[token:222, layer:2] 008:ffn-up-projection: 0.000187000 seconds
[token:222, layer:2] 009:ffn-swiglu: 0.000001000 seconds
[token:222, layer:2] 010:ffn-down-projection: 0.000133000 seconds
[token:222, layer:2] 102:layer-compute-total: 0.000509000 seconds
[token:222, layer:3] 002:attention-norm: 0.000000000 seconds
[token:222, layer:3] 003:qkv-projection: 0.000108000 seconds
[token:222, layer:3] 004:apply-rope: 0.000002000 seconds
[token:222, layer:3] 005:compute-attention: 0.000039000 seconds
[token:222, layer:3] 006:attention-output: 0.000036000 seconds
[token:222, layer:3] 007:ffn-norm: 0.000000000 seconds
[token:222, layer:3] 008:ffn-up-projection: 0.000205000 seconds
[token:222, layer:3] 009:ffn-swiglu: 0.000001000 seconds
[token:222, layer:3] 010:ffn-down-projection: 0.000133000 seconds
[token:222, layer:3] 102:layer-compute-total: 0.000524000 seconds
[token:222, layer:4] 002:attention-norm: 0.000000000 seconds
[token:222, layer:4] 003:qkv-projection: 0.000105000 seconds
[token:222, layer:4] 004:apply-rope: 0.000001000 seconds
[token:222, layer:4] 005:compute-attention: 0.000037000 seconds
[token:222, layer:4] 006:attention-output: 0.000036000 seconds
[token:222, layer:4] 007:ffn-norm: 0.000001000 seconds
[token:222, layer:4] 008:ffn-up-projection: 0.000186000 seconds
[token:222, layer:4] 009:ffn-swiglu: 0.000001000 seconds
[token:222, layer:4] 010:ffn-down-projection: 0.000134000 seconds
[token:222, layer:4] 102:layer-compute-total: 0.000501000 seconds
[token:222, layer:5] 002:attention-norm: 0.000000000 seconds
[token:222, layer:5] 003:qkv-projection: 0.000105000 seconds
[token:222, layer:5] 004:apply-rope: 0.000001000 seconds
[token:222, layer:5] 005:compute-attention: 0.000036000 seconds
[token:222, layer:5] 006:attention-output: 0.000035000 seconds
[token:222, layer:5] 007:ffn-norm: 0.000000000 seconds
[token:222, layer:5] 008:ffn-up-projection: 0.000186000 seconds
[token:222, layer:5] 009:ffn-swiglu: 0.000001000 seconds
[token:222, layer:5] 010:ffn-down-projection: 0.000137000 seconds
[token:222, layer:5] 102:layer-compute-total: 0.000501000 seconds
[token:222] 011:final-projection: 0.003995000 seconds
[token:222] 103:forward-compute-total: 0.007079000 seconds
[token:223] 001:embedding-lookup: 0.000000000 seconds
[token:223, layer:0] 002:attention-norm: 0.000001000 seconds
[token:223, layer:0] 003:qkv-projection: 0.000116000 seconds
[token:223, layer:0] 004:apply-rope: 0.000002000 seconds
[token:223, layer:0] 005:compute-attention: 0.000046000 seconds
[token:223, layer:0] 006:attention-output: 0.000039000 seconds
[token:223, layer:0] 007:ffn-norm: 0.000000000 seconds
[token:223, layer:0] 008:ffn-up-projection: 0.000191000 seconds
[token:223, layer:0] 009:ffn-swiglu: 0.000001000 seconds
[token:223, layer:0] 010:ffn-down-projection: 0.000138000 seconds
[token:223, layer:0] 102:layer-compute-total: 0.000534000 seconds
[token:223, layer:1] 002:attention-norm: 0.000000000 seconds
[token:223, layer:1] 003:qkv-projection: 0.000109000 seconds
[token:223, layer:1] 004:apply-rope: 0.000002000 seconds
[token:223, layer:1] 005:compute-attention: 0.000044000 seconds
[token:223, layer:1] 006:attention-output: 0.000036000 seconds
[token:223, layer:1] 007:ffn-norm: 0.000001000 seconds
[token:223, layer:1] 008:ffn-up-projection: 0.000190000 seconds
[token:223, layer:1] 009:ffn-swiglu: 0.000001000 seconds
[token:223, layer:1] 010:ffn-down-projection: 0.000135000 seconds
[token:223, layer:1] 102:layer-compute-total: 0.000518000 seconds
[token:223, layer:2] 002:attention-norm: 0.000000000 seconds
[token:223, layer:2] 003:qkv-projection: 0.000108000 seconds
[token:223, layer:2] 004:apply-rope: 0.000001000 seconds
[token:223, layer:2] 005:compute-attention: 0.000042000 seconds
[token:223, layer:2] 006:attention-output: 0.000038000 seconds
[token:223, layer:2] 007:ffn-norm: 0.000000000 seconds
[token:223, layer:2] 008:ffn-up-projection: 0.000189000 seconds
[token:223, layer:2] 009:ffn-swiglu: 0.000001000 seconds
[token:223, layer:2] 010:ffn-down-projection: 0.000136000 seconds
[token:223, layer:2] 102:layer-compute-total: 0.000515000 seconds
[token:223, layer:3] 002:attention-norm: 0.000001000 seconds
[token:223, layer:3] 003:qkv-projection: 0.000106000 seconds
[token:223, layer:3] 004:apply-rope: 0.000001000 seconds
[token:223, layer:3] 005:compute-attention: 0.000041000 seconds
[token:223, layer:3] 006:attention-output: 0.000036000 seconds
[token:223, layer:3] 007:ffn-norm: 0.000000000 seconds
[token:223, layer:3] 008:ffn-up-projection: 0.000191000 seconds
[token:223, layer:3] 009:ffn-swiglu: 0.000001000 seconds
[token:223, layer:3] 010:ffn-down-projection: 0.000146000 seconds
[token:223, layer:3] 102:layer-compute-total: 0.000523000 seconds
[token:223, layer:4] 002:attention-norm: 0.000001000 seconds
[token:223, layer:4] 003:qkv-projection: 0.000149000 seconds
[token:223, layer:4] 004:apply-rope: 0.000003000 seconds
[token:223, layer:4] 005:compute-attention: 0.000054000 seconds
[token:223, layer:4] 006:attention-output: 0.000037000 seconds
[token:223, layer:4] 007:ffn-norm: 0.000000000 seconds
[token:223, layer:4] 008:ffn-up-projection: 0.000196000 seconds
[token:223, layer:4] 009:ffn-swiglu: 0.000001000 seconds
[token:223, layer:4] 010:ffn-down-projection: 0.000156000 seconds
[token:223, layer:4] 102:layer-compute-total: 0.000597000 seconds
[token:223, layer:5] 002:attention-norm: 0.000000000 seconds
[token:223, layer:5] 003:qkv-projection: 0.000106000 seconds
[token:223, layer:5] 004:apply-rope: 0.000001000 seconds
[token:223, layer:5] 005:compute-attention: 0.000051000 seconds
[token:223, layer:5] 006:attention-output: 0.000038000 seconds
[token:223, layer:5] 007:ffn-norm: 0.000000000 seconds
[token:223, layer:5] 008:ffn-up-projection: 0.000198000 seconds
[token:223, layer:5] 009:ffn-swiglu: 0.000001000 seconds
[token:223, layer:5] 010:ffn-down-projection: 0.000135000 seconds
[token:223, layer:5] 102:layer-compute-total: 0.000530000 seconds
[token:223] 011:final-projection: 0.003947000 seconds
[token:223] 103:forward-compute-total: 0.007164000 seconds
[token:224] 001:embedding-lookup: 0.000001000 seconds
[token:224, layer:0] 002:attention-norm: 0.000000000 seconds
[token:224, layer:0] 003:qkv-projection: 0.000116000 seconds
[token:224, layer:0] 004:apply-rope: 0.000002000 seconds
[token:224, layer:0] 005:compute-attention: 0.000049000 seconds
[token:224, layer:0] 006:attention-output: 0.000035000 seconds
[token:224, layer:0] 007:ffn-norm: 0.000001000 seconds
[token:224, layer:0] 008:ffn-up-projection: 0.000187000 seconds
[token:224, layer:0] 009:ffn-swiglu: 0.000001000 seconds
[token:224, layer:0] 010:ffn-down-projection: 0.000135000 seconds
[token:224, layer:0] 102:layer-compute-total: 0.000526000 seconds
[token:224, layer:1] 002:attention-norm: 0.000001000 seconds
[token:224, layer:1] 003:qkv-projection: 0.000105000 seconds
[token:224, layer:1] 004:apply-rope: 0.000002000 seconds
[token:224, layer:1] 005:compute-attention: 0.000046000 seconds
[token:224, layer:1] 006:attention-output: 0.000035000 seconds
[token:224, layer:1] 007:ffn-norm: 0.000000000 seconds
[token:224, layer:1] 008:ffn-up-projection: 0.000187000 seconds
[token:224, layer:1] 009:ffn-swiglu: 0.000001000 seconds
[token:224, layer:1] 010:ffn-down-projection: 0.000134000 seconds
[token:224, layer:1] 102:layer-compute-total: 0.000511000 seconds
[token:224, layer:2] 002:attention-norm: 0.000001000 seconds
[token:224, layer:2] 003:qkv-projection: 0.000106000 seconds
[token:224, layer:2] 004:apply-rope: 0.000001000 seconds
[token:224, layer:2] 005:compute-attention: 0.000046000 seconds
[token:224, layer:2] 006:attention-output: 0.000035000 seconds
[token:224, layer:2] 007:ffn-norm: 0.000000000 seconds
[token:224, layer:2] 008:ffn-up-projection: 0.000187000 seconds
[token:224, layer:2] 009:ffn-swiglu: 0.000001000 seconds
[token:224, layer:2] 010:ffn-down-projection: 0.000134000 seconds
[token:224, layer:2] 102:layer-compute-total: 0.000511000 seconds
[token:224, layer:3] 002:attention-norm: 0.000000000 seconds
[token:224, layer:3] 003:qkv-projection: 0.000106000 seconds
[token:224, layer:3] 004:apply-rope: 0.000001000 seconds
[token:224, layer:3] 005:compute-attention: 0.000046000 seconds
[token:224, layer:3] 006:attention-output: 0.000038000 seconds
[token:224, layer:3] 007:ffn-norm: 0.000001000 seconds
[token:224, layer:3] 008:ffn-up-projection: 0.000191000 seconds
[token:224, layer:3] 009:ffn-swiglu: 0.000001000 seconds
[token:224, layer:3] 010:ffn-down-projection: 0.000134000 seconds
[token:224, layer:3] 102:layer-compute-total: 0.000518000 seconds
[token:224, layer:4] 002:attention-norm: 0.000001000 seconds
[token:224, layer:4] 003:qkv-projection: 0.000105000 seconds
[token:224, layer:4] 004:apply-rope: 0.000001000 seconds
[token:224, layer:4] 005:compute-attention: 0.000046000 seconds
[token:224, layer:4] 006:attention-output: 0.000035000 seconds
[token:224, layer:4] 007:ffn-norm: 0.000000000 seconds
[token:224, layer:4] 008:ffn-up-projection: 0.000186000 seconds
[token:224, layer:4] 009:ffn-swiglu: 0.000001000 seconds
[token:224, layer:4] 010:ffn-down-projection: 0.000139000 seconds
[token:224, layer:4] 102:layer-compute-total: 0.000514000 seconds
[token:224, layer:5] 002:attention-norm: 0.000000000 seconds
[token:224, layer:5] 003:qkv-projection: 0.000105000 seconds
[token:224, layer:5] 004:apply-rope: 0.000001000 seconds
[token:224, layer:5] 005:compute-attention: 0.000037000 seconds
[token:224, layer:5] 006:attention-output: 0.000035000 seconds
[token:224, layer:5] 007:ffn-norm: 0.000000000 seconds
[token:224, layer:5] 008:ffn-up-projection: 0.000187000 seconds
[token:224, layer:5] 009:ffn-swiglu: 0.000001000 seconds
[token:224, layer:5] 010:ffn-down-projection: 0.000140000 seconds
[token:224, layer:5] 102:layer-compute-total: 0.000506000 seconds
[token:224] 011:final-projection: 0.003942000 seconds
[token:224] 103:forward-compute-total: 0.007029000 seconds
[token:225] 001:embedding-lookup: 0.000000000 seconds
[token:225, layer:0] 002:attention-norm: 0.000000000 seconds
[token:225, layer:0] 003:qkv-projection: 0.000112000 seconds
[token:225, layer:0] 004:apply-rope: 0.000001000 seconds
[token:225, layer:0] 005:compute-attention: 0.000036000 seconds
[token:225, layer:0] 006:attention-output: 0.000036000 seconds
[token:225, layer:0] 007:ffn-norm: 0.000001000 seconds
[token:225, layer:0] 008:ffn-up-projection: 0.000187000 seconds
[token:225, layer:0] 009:ffn-swiglu: 0.000001000 seconds
[token:225, layer:0] 010:ffn-down-projection: 0.000137000 seconds
[token:225, layer:0] 102:layer-compute-total: 0.000511000 seconds
[token:225, layer:1] 002:attention-norm: 0.000000000 seconds
[token:225, layer:1] 003:qkv-projection: 0.000106000 seconds
[token:225, layer:1] 004:apply-rope: 0.000001000 seconds
[token:225, layer:1] 005:compute-attention: 0.000037000 seconds
[token:225, layer:1] 006:attention-output: 0.000035000 seconds
[token:225, layer:1] 007:ffn-norm: 0.000000000 seconds
[token:225, layer:1] 008:ffn-up-projection: 0.000193000 seconds
[token:225, layer:1] 009:ffn-swiglu: 0.000001000 seconds
[token:225, layer:1] 010:ffn-down-projection: 0.000137000 seconds
[token:225, layer:1] 102:layer-compute-total: 0.000510000 seconds
[token:225, layer:2] 002:attention-norm: 0.000000000 seconds
[token:225, layer:2] 003:qkv-projection: 0.000105000 seconds
[token:225, layer:2] 004:apply-rope: 0.000002000 seconds
[token:225, layer:2] 005:compute-attention: 0.000035000 seconds
[token:225, layer:2] 006:attention-output: 0.000035000 seconds
[token:225, layer:2] 007:ffn-norm: 0.000000000 seconds
[token:225, layer:2] 008:ffn-up-projection: 0.000187000 seconds
[token:225, layer:2] 009:ffn-swiglu: 0.000001000 seconds
[token:225, layer:2] 010:ffn-down-projection: 0.000154000 seconds
[token:225, layer:2] 102:layer-compute-total: 0.000519000 seconds
[token:225, layer:3] 002:attention-norm: 0.000000000 seconds
[token:225, layer:3] 003:qkv-projection: 0.000110000 seconds
[token:225, layer:3] 004:apply-rope: 0.000002000 seconds
[token:225, layer:3] 005:compute-attention: 0.000036000 seconds
[token:225, layer:3] 006:attention-output: 0.000038000 seconds
[token:225, layer:3] 007:ffn-norm: 0.000000000 seconds
[token:225, layer:3] 008:ffn-up-projection: 0.000192000 seconds
[token:225, layer:3] 009:ffn-swiglu: 0.000002000 seconds
[token:225, layer:3] 010:ffn-down-projection: 0.000141000 seconds
[token:225, layer:3] 102:layer-compute-total: 0.000521000 seconds
[token:225, layer:4] 002:attention-norm: 0.000000000 seconds
[token:225, layer:4] 003:qkv-projection: 0.000108000 seconds
[token:225, layer:4] 004:apply-rope: 0.000001000 seconds
[token:225, layer:4] 005:compute-attention: 0.000037000 seconds
[token:225, layer:4] 006:attention-output: 0.000036000 seconds
[token:225, layer:4] 007:ffn-norm: 0.000001000 seconds
[token:225, layer:4] 008:ffn-up-projection: 0.000190000 seconds
[token:225, layer:4] 009:ffn-swiglu: 0.000001000 seconds
[token:225, layer:4] 010:ffn-down-projection: 0.000135000 seconds
[token:225, layer:4] 102:layer-compute-total: 0.000509000 seconds
[token:225, layer:5] 002:attention-norm: 0.000000000 seconds
[token:225, layer:5] 003:qkv-projection: 0.000107000 seconds
[token:225, layer:5] 004:apply-rope: 0.000002000 seconds
[token:225, layer:5] 005:compute-attention: 0.000037000 seconds
[token:225, layer:5] 006:attention-output: 0.000036000 seconds
[token:225, layer:5] 007:ffn-norm: 0.000000000 seconds
[token:225, layer:5] 008:ffn-up-projection: 0.000190000 seconds
[token:225, layer:5] 009:ffn-swiglu: 0.000001000 seconds
[token:225, layer:5] 010:ffn-down-projection: 0.000136000 seconds
[token:225, layer:5] 102:layer-compute-total: 0.000509000 seconds
[token:225] 011:final-projection: 0.004168000 seconds
[token:225] 103:forward-compute-total: 0.007247000 seconds
[token:226] 001:embedding-lookup: 0.000000000 seconds
[token:226, layer:0] 002:attention-norm: 0.000001000 seconds
[token:226, layer:0] 003:qkv-projection: 0.000110000 seconds
[token:226, layer:0] 004:apply-rope: 0.000002000 seconds
[token:226, layer:0] 005:compute-attention: 0.000057000 seconds
[token:226, layer:0] 006:attention-output: 0.000037000 seconds
[token:226, layer:0] 007:ffn-norm: 0.000001000 seconds
[token:226, layer:0] 008:ffn-up-projection: 0.000194000 seconds
[token:226, layer:0] 009:ffn-swiglu: 0.000001000 seconds
[token:226, layer:0] 010:ffn-down-projection: 0.000140000 seconds
[token:226, layer:0] 102:layer-compute-total: 0.000543000 seconds
[token:226, layer:1] 002:attention-norm: 0.000001000 seconds
[token:226, layer:1] 003:qkv-projection: 0.000109000 seconds
[token:226, layer:1] 004:apply-rope: 0.000001000 seconds
[token:226, layer:1] 005:compute-attention: 0.000054000 seconds
[token:226, layer:1] 006:attention-output: 0.000036000 seconds
[token:226, layer:1] 007:ffn-norm: 0.000000000 seconds
[token:226, layer:1] 008:ffn-up-projection: 0.000195000 seconds
[token:226, layer:1] 009:ffn-swiglu: 0.000001000 seconds
[token:226, layer:1] 010:ffn-down-projection: 0.000139000 seconds
[token:226, layer:1] 102:layer-compute-total: 0.000536000 seconds
[token:226, layer:2] 002:attention-norm: 0.000000000 seconds
[token:226, layer:2] 003:qkv-projection: 0.000112000 seconds
[token:226, layer:2] 004:apply-rope: 0.000001000 seconds
[token:226, layer:2] 005:compute-attention: 0.000056000 seconds
[token:226, layer:2] 006:attention-output: 0.000037000 seconds
[token:226, layer:2] 007:ffn-norm: 0.000000000 seconds
[token:226, layer:2] 008:ffn-up-projection: 0.000194000 seconds
[token:226, layer:2] 009:ffn-swiglu: 0.000001000 seconds
[token:226, layer:2] 010:ffn-down-projection: 0.000139000 seconds
[token:226, layer:2] 102:layer-compute-total: 0.000540000 seconds
[token:226, layer:3] 002:attention-norm: 0.000001000 seconds
[token:226, layer:3] 003:qkv-projection: 0.000110000 seconds
[token:226, layer:3] 004:apply-rope: 0.000002000 seconds
[token:226, layer:3] 005:compute-attention: 0.000059000 seconds
[token:226, layer:3] 006:attention-output: 0.000036000 seconds
[token:226, layer:3] 007:ffn-norm: 0.000000000 seconds
[token:226, layer:3] 008:ffn-up-projection: 0.000195000 seconds
[token:226, layer:3] 009:ffn-swiglu: 0.000002000 seconds
[token:226, layer:3] 010:ffn-down-projection: 0.000139000 seconds
[token:226, layer:3] 102:layer-compute-total: 0.000544000 seconds
[token:226, layer:4] 002:attention-norm: 0.000000000 seconds
[token:226, layer:4] 003:qkv-projection: 0.000112000 seconds
[token:226, layer:4] 004:apply-rope: 0.000001000 seconds
[token:226, layer:4] 005:compute-attention: 0.000057000 seconds
[token:226, layer:4] 006:attention-output: 0.000037000 seconds
[token:226, layer:4] 007:ffn-norm: 0.000000000 seconds
[token:226, layer:4] 008:ffn-up-projection: 0.000195000 seconds
[token:226, layer:4] 009:ffn-swiglu: 0.000001000 seconds
[token:226, layer:4] 010:ffn-down-projection: 0.000140000 seconds
[token:226, layer:4] 102:layer-compute-total: 0.000543000 seconds
[token:226, layer:5] 002:attention-norm: 0.000000000 seconds
[token:226, layer:5] 003:qkv-projection: 0.000111000 seconds
[token:226, layer:5] 004:apply-rope: 0.000001000 seconds
[token:226, layer:5] 005:compute-attention: 0.000060000 seconds
[token:226, layer:5] 006:attention-output: 0.000037000 seconds
[token:226, layer:5] 007:ffn-norm: 0.000000000 seconds
[token:226, layer:5] 008:ffn-up-projection: 0.000194000 seconds
[token:226, layer:5] 009:ffn-swiglu: 0.000001000 seconds
[token:226, layer:5] 010:ffn-down-projection: 0.000139000 seconds
[token:226, layer:5] 102:layer-compute-total: 0.000543000 seconds
[token:226] 011:final-projection: 0.004223000 seconds
[token:226] 103:forward-compute-total: 0.007472000 seconds
[token:227] 001:embedding-lookup: 0.000001000 seconds
[token:227, layer:0] 002:attention-norm: 0.000000000 seconds
[token:227, layer:0] 003:qkv-projection: 0.000117000 seconds
[token:227, layer:0] 004:apply-rope: 0.000002000 seconds
[token:227, layer:0] 005:compute-attention: 0.000058000 seconds
[token:227, layer:0] 006:attention-output: 0.000037000 seconds
[token:227, layer:0] 007:ffn-norm: 0.000001000 seconds
[token:227, layer:0] 008:ffn-up-projection: 0.000194000 seconds
[token:227, layer:0] 009:ffn-swiglu: 0.000002000 seconds
[token:227, layer:0] 010:ffn-down-projection: 0.000139000 seconds
[token:227, layer:0] 102:layer-compute-total: 0.000550000 seconds
[token:227, layer:1] 002:attention-norm: 0.000000000 seconds
[token:227, layer:1] 003:qkv-projection: 0.000114000 seconds
[token:227, layer:1] 004:apply-rope: 0.000001000 seconds
[token:227, layer:1] 005:compute-attention: 0.000059000 seconds
[token:227, layer:1] 006:attention-output: 0.000037000 seconds
[token:227, layer:1] 007:ffn-norm: 0.000001000 seconds
[token:227, layer:1] 008:ffn-up-projection: 0.000195000 seconds
[token:227, layer:1] 009:ffn-swiglu: 0.000001000 seconds
[token:227, layer:1] 010:ffn-down-projection: 0.000140000 seconds
[token:227, layer:1] 102:layer-compute-total: 0.000548000 seconds
[token:227, layer:2] 002:attention-norm: 0.000000000 seconds
[token:227, layer:2] 003:qkv-projection: 0.000116000 seconds
[token:227, layer:2] 004:apply-rope: 0.000002000 seconds
[token:227, layer:2] 005:compute-attention: 0.000057000 seconds
[token:227, layer:2] 006:attention-output: 0.000037000 seconds
[token:227, layer:2] 007:ffn-norm: 0.000000000 seconds
[token:227, layer:2] 008:ffn-up-projection: 0.000195000 seconds
[token:227, layer:2] 009:ffn-swiglu: 0.000001000 seconds
[token:227, layer:2] 010:ffn-down-projection: 0.000137000 seconds
[token:227, layer:2] 102:layer-compute-total: 0.000545000 seconds
[token:227, layer:3] 002:attention-norm: 0.000000000 seconds
[token:227, layer:3] 003:qkv-projection: 0.000112000 seconds
[token:227, layer:3] 004:apply-rope: 0.000001000 seconds
[token:227, layer:3] 005:compute-attention: 0.000057000 seconds
[token:227, layer:3] 006:attention-output: 0.000035000 seconds
[token:227, layer:3] 007:ffn-norm: 0.000000000 seconds
[token:227, layer:3] 008:ffn-up-projection: 0.000196000 seconds
[token:227, layer:3] 009:ffn-swiglu: 0.000001000 seconds
[token:227, layer:3] 010:ffn-down-projection: 0.000139000 seconds
[token:227, layer:3] 102:layer-compute-total: 0.000541000 seconds
[token:227, layer:4] 002:attention-norm: 0.000000000 seconds
[token:227, layer:4] 003:qkv-projection: 0.000112000 seconds
[token:227, layer:4] 004:apply-rope: 0.000001000 seconds
[token:227, layer:4] 005:compute-attention: 0.000053000 seconds
[token:227, layer:4] 006:attention-output: 0.000037000 seconds
[token:227, layer:4] 007:ffn-norm: 0.000001000 seconds
[token:227, layer:4] 008:ffn-up-projection: 0.000243000 seconds
[token:227, layer:4] 009:ffn-swiglu: 0.000001000 seconds
[token:227, layer:4] 010:ffn-down-projection: 0.000165000 seconds
[token:227, layer:4] 102:layer-compute-total: 0.000613000 seconds
[token:227, layer:5] 002:attention-norm: 0.000001000 seconds
[token:227, layer:5] 003:qkv-projection: 0.000113000 seconds
[token:227, layer:5] 004:apply-rope: 0.000002000 seconds
[token:227, layer:5] 005:compute-attention: 0.000063000 seconds
[token:227, layer:5] 006:attention-output: 0.000037000 seconds
[token:227, layer:5] 007:ffn-norm: 0.000000000 seconds
[token:227, layer:5] 008:ffn-up-projection: 0.000194000 seconds
[token:227, layer:5] 009:ffn-swiglu: 0.000001000 seconds
[token:227, layer:5] 010:ffn-down-projection: 0.000139000 seconds
[token:227, layer:5] 102:layer-compute-total: 0.000550000 seconds
[token:227] 011:final-projection: 0.005126000 seconds
[token:227] 103:forward-compute-total: 0.008474000 seconds
[token:228] 001:embedding-lookup: 0.000000000 seconds
[token:228, layer:0] 002:attention-norm: 0.000000000 seconds
[token:228, layer:0] 003:qkv-projection: 0.000110000 seconds
[token:228, layer:0] 004:apply-rope: 0.000002000 seconds
[token:228, layer:0] 005:compute-attention: 0.000057000 seconds
[token:228, layer:0] 006:attention-output: 0.000037000 seconds
[token:228, layer:0] 007:ffn-norm: 0.000001000 seconds
[token:228, layer:0] 008:ffn-up-projection: 0.000195000 seconds
[token:228, layer:0] 009:ffn-swiglu: 0.000002000 seconds
[token:228, layer:0] 010:ffn-down-projection: 0.000140000 seconds
[token:228, layer:0] 102:layer-compute-total: 0.000544000 seconds
[token:228, layer:1] 002:attention-norm: 0.000001000 seconds
[token:228, layer:1] 003:qkv-projection: 0.000109000 seconds
[token:228, layer:1] 004:apply-rope: 0.000002000 seconds
[token:228, layer:1] 005:compute-attention: 0.000053000 seconds
[token:228, layer:1] 006:attention-output: 0.000036000 seconds
[token:228, layer:1] 007:ffn-norm: 0.000000000 seconds
[token:228, layer:1] 008:ffn-up-projection: 0.000195000 seconds
[token:228, layer:1] 009:ffn-swiglu: 0.000001000 seconds
[token:228, layer:1] 010:ffn-down-projection: 0.000139000 seconds
[token:228, layer:1] 102:layer-compute-total: 0.000536000 seconds
[token:228, layer:2] 002:attention-norm: 0.000000000 seconds
[token:228, layer:2] 003:qkv-projection: 0.000111000 seconds
[token:228, layer:2] 004:apply-rope: 0.000001000 seconds
[token:228, layer:2] 005:compute-attention: 0.000056000 seconds
[token:228, layer:2] 006:attention-output: 0.000036000 seconds
[token:228, layer:2] 007:ffn-norm: 0.000001000 seconds
[token:228, layer:2] 008:ffn-up-projection: 0.000195000 seconds
[token:228, layer:2] 009:ffn-swiglu: 0.000001000 seconds
[token:228, layer:2] 010:ffn-down-projection: 0.000139000 seconds
[token:228, layer:2] 102:layer-compute-total: 0.000540000 seconds
[token:228, layer:3] 002:attention-norm: 0.000001000 seconds
[token:228, layer:3] 003:qkv-projection: 0.000110000 seconds
[token:228, layer:3] 004:apply-rope: 0.000001000 seconds
[token:228, layer:3] 005:compute-attention: 0.000056000 seconds
[token:228, layer:3] 006:attention-output: 0.000037000 seconds
[token:228, layer:3] 007:ffn-norm: 0.000000000 seconds
[token:228, layer:3] 008:ffn-up-projection: 0.000195000 seconds
[token:228, layer:3] 009:ffn-swiglu: 0.000001000 seconds
[token:228, layer:3] 010:ffn-down-projection: 0.000139000 seconds
[token:228, layer:3] 102:layer-compute-total: 0.000540000 seconds
[token:228, layer:4] 002:attention-norm: 0.000000000 seconds
[token:228, layer:4] 003:qkv-projection: 0.000109000 seconds
[token:228, layer:4] 004:apply-rope: 0.000001000 seconds
[token:228, layer:4] 005:compute-attention: 0.000056000 seconds
[token:228, layer:4] 006:attention-output: 0.000036000 seconds
[token:228, layer:4] 007:ffn-norm: 0.000000000 seconds
[token:228, layer:4] 008:ffn-up-projection: 0.000194000 seconds
[token:228, layer:4] 009:ffn-swiglu: 0.000001000 seconds
[token:228, layer:4] 010:ffn-down-projection: 0.000140000 seconds
[token:228, layer:4] 102:layer-compute-total: 0.000537000 seconds
[token:228, layer:5] 002:attention-norm: 0.000001000 seconds
[token:228, layer:5] 003:qkv-projection: 0.000110000 seconds
[token:228, layer:5] 004:apply-rope: 0.000001000 seconds
[token:228, layer:5] 005:compute-attention: 0.000056000 seconds
[token:228, layer:5] 006:attention-output: 0.000042000 seconds
[token:228, layer:5] 007:ffn-norm: 0.000000000 seconds
[token:228, layer:5] 008:ffn-up-projection: 0.000221000 seconds
[token:228, layer:5] 009:ffn-swiglu: 0.000001000 seconds
[token:228, layer:5] 010:ffn-down-projection: 0.000218000 seconds
[token:228, layer:5] 102:layer-compute-total: 0.000650000 seconds
[token:228] 011:final-projection: 0.004041000 seconds
[token:228] 103:forward-compute-total: 0.007388000 seconds
achieved tok/s: 126.878130
