[token:0] 001:embedding-lookup: 0.000004000 seconds
[token:0, layer:0] 002:attention-norm: 0.000005000 seconds
[token:0, layer:0] 003:qkv-projection: 0.000208000 seconds
[token:0, layer:0] 004:apply-rope: 0.000003000 seconds
[token:0, layer:0] 005:compute-attention: 0.000001000 seconds
[token:0, layer:0] 006:attention-output: 0.000069000 seconds
[token:0, layer:0] 007:ffn-norm: 0.000001000 seconds
[token:0, layer:0] 008:ffn-up-projection: 0.000360000 seconds
[token:0, layer:0] 009:ffn-swiglu: 0.000001000 seconds
[token:0, layer:0] 010:ffn-down-projection: 0.000235000 seconds
[token:0, layer:0] 102:layer-compute-total: 0.000883000 seconds
[token:0, layer:1] 002:attention-norm: 0.000000000 seconds
[token:0, layer:1] 003:qkv-projection: 0.000193000 seconds
[token:0, layer:1] 004:apply-rope: 0.000002000 seconds
[token:0, layer:1] 005:compute-attention: 0.000001000 seconds
[token:0, layer:1] 006:attention-output: 0.000063000 seconds
[token:0, layer:1] 007:ffn-norm: 0.000001000 seconds
[token:0, layer:1] 008:ffn-up-projection: 0.000337000 seconds
[token:0, layer:1] 009:ffn-swiglu: 0.000001000 seconds
[token:0, layer:1] 010:ffn-down-projection: 0.000218000 seconds
[token:0, layer:1] 102:layer-compute-total: 0.000816000 seconds
[token:0, layer:2] 002:attention-norm: 0.000000000 seconds
[token:0, layer:2] 003:qkv-projection: 0.000193000 seconds
[token:0, layer:2] 004:apply-rope: 0.000001000 seconds
[token:0, layer:2] 005:compute-attention: 0.000000000 seconds
[token:0, layer:2] 006:attention-output: 0.000064000 seconds
[token:0, layer:2] 007:ffn-norm: 0.000000000 seconds
[token:0, layer:2] 008:ffn-up-projection: 0.000334000 seconds
[token:0, layer:2] 009:ffn-swiglu: 0.000002000 seconds
[token:0, layer:2] 010:ffn-down-projection: 0.000218000 seconds
[token:0, layer:2] 102:layer-compute-total: 0.000812000 seconds
[token:0, layer:3] 002:attention-norm: 0.000001000 seconds
[token:0, layer:3] 003:qkv-projection: 0.000192000 seconds
[token:0, layer:3] 004:apply-rope: 0.000001000 seconds
[token:0, layer:3] 005:compute-attention: 0.000000000 seconds
[token:0, layer:3] 006:attention-output: 0.000063000 seconds
[token:0, layer:3] 007:ffn-norm: 0.000000000 seconds
[token:0, layer:3] 008:ffn-up-projection: 0.000335000 seconds
[token:0, layer:3] 009:ffn-swiglu: 0.000001000 seconds
[token:0, layer:3] 010:ffn-down-projection: 0.000218000 seconds
[token:0, layer:3] 102:layer-compute-total: 0.000811000 seconds
[token:0, layer:4] 002:attention-norm: 0.000000000 seconds
[token:0, layer:4] 003:qkv-projection: 0.000193000 seconds
[token:0, layer:4] 004:apply-rope: 0.000001000 seconds
[token:0, layer:4] 005:compute-attention: 0.000001000 seconds
[token:0, layer:4] 006:attention-output: 0.000063000 seconds
[token:0, layer:4] 007:ffn-norm: 0.000001000 seconds
[token:0, layer:4] 008:ffn-up-projection: 0.000333000 seconds
[token:0, layer:4] 009:ffn-swiglu: 0.000002000 seconds
[token:0, layer:4] 010:ffn-down-projection: 0.000218000 seconds
[token:0, layer:4] 102:layer-compute-total: 0.000812000 seconds
[token:0, layer:5] 002:attention-norm: 0.000001000 seconds
[token:0, layer:5] 003:qkv-projection: 0.000187000 seconds
[token:0, layer:5] 004:apply-rope: 0.000001000 seconds
[token:0, layer:5] 005:compute-attention: 0.000000000 seconds
[token:0, layer:5] 006:attention-output: 0.000062000 seconds
[token:0, layer:5] 007:ffn-norm: 0.000001000 seconds
[token:0, layer:5] 008:ffn-up-projection: 0.000403000 seconds
[token:0, layer:5] 009:ffn-swiglu: 0.000001000 seconds
[token:0, layer:5] 010:ffn-down-projection: 0.000217000 seconds
[token:0, layer:5] 102:layer-compute-total: 0.000873000 seconds
[token:0] 011:final-projection: 0.006952000 seconds
[token:0] 103:forward-compute-total: 0.011963000 seconds
[token:1] 001:embedding-lookup: 0.000001000 seconds
[token:1, layer:0] 002:attention-norm: 0.000000000 seconds
[token:1, layer:0] 003:qkv-projection: 0.000139000 seconds
[token:1, layer:0] 004:apply-rope: 0.000002000 seconds
[token:1, layer:0] 005:compute-attention: 0.000001000 seconds
[token:1, layer:0] 006:attention-output: 0.000044000 seconds
[token:1, layer:0] 007:ffn-norm: 0.000001000 seconds
[token:1, layer:0] 008:ffn-up-projection: 0.000232000 seconds
[token:1, layer:0] 009:ffn-swiglu: 0.000001000 seconds
[token:1, layer:0] 010:ffn-down-projection: 0.000160000 seconds
[token:1, layer:0] 102:layer-compute-total: 0.000580000 seconds
[token:1, layer:1] 002:attention-norm: 0.000001000 seconds
[token:1, layer:1] 003:qkv-projection: 0.000126000 seconds
[token:1, layer:1] 004:apply-rope: 0.000001000 seconds
[token:1, layer:1] 005:compute-attention: 0.000001000 seconds
[token:1, layer:1] 006:attention-output: 0.000043000 seconds
[token:1, layer:1] 007:ffn-norm: 0.000001000 seconds
[token:1, layer:1] 008:ffn-up-projection: 0.000225000 seconds
[token:1, layer:1] 009:ffn-swiglu: 0.000002000 seconds
[token:1, layer:1] 010:ffn-down-projection: 0.000160000 seconds
[token:1, layer:1] 102:layer-compute-total: 0.000560000 seconds
[token:1, layer:2] 002:attention-norm: 0.000001000 seconds
[token:1, layer:2] 003:qkv-projection: 0.000126000 seconds
[token:1, layer:2] 004:apply-rope: 0.000002000 seconds
[token:1, layer:2] 005:compute-attention: 0.000001000 seconds
[token:1, layer:2] 006:attention-output: 0.000042000 seconds
[token:1, layer:2] 007:ffn-norm: 0.000000000 seconds
[token:1, layer:2] 008:ffn-up-projection: 0.000225000 seconds
[token:1, layer:2] 009:ffn-swiglu: 0.000002000 seconds
[token:1, layer:2] 010:ffn-down-projection: 0.000175000 seconds
[token:1, layer:2] 102:layer-compute-total: 0.000574000 seconds
[token:1, layer:3] 002:attention-norm: 0.000000000 seconds
[token:1, layer:3] 003:qkv-projection: 0.000131000 seconds
[token:1, layer:3] 004:apply-rope: 0.000002000 seconds
[token:1, layer:3] 005:compute-attention: 0.000001000 seconds
[token:1, layer:3] 006:attention-output: 0.000068000 seconds
[token:1, layer:3] 007:ffn-norm: 0.000001000 seconds
[token:1, layer:3] 008:ffn-up-projection: 0.000225000 seconds
[token:1, layer:3] 009:ffn-swiglu: 0.000001000 seconds
[token:1, layer:3] 010:ffn-down-projection: 0.000161000 seconds
[token:1, layer:3] 102:layer-compute-total: 0.000590000 seconds
[token:1, layer:4] 002:attention-norm: 0.000000000 seconds
[token:1, layer:4] 003:qkv-projection: 0.000128000 seconds
[token:1, layer:4] 004:apply-rope: 0.000001000 seconds
[token:1, layer:4] 005:compute-attention: 0.000000000 seconds
[token:1, layer:4] 006:attention-output: 0.000043000 seconds
[token:1, layer:4] 007:ffn-norm: 0.000000000 seconds
[token:1, layer:4] 008:ffn-up-projection: 0.000226000 seconds
[token:1, layer:4] 009:ffn-swiglu: 0.000001000 seconds
[token:1, layer:4] 010:ffn-down-projection: 0.000160000 seconds
[token:1, layer:4] 102:layer-compute-total: 0.000559000 seconds
[token:1, layer:5] 002:attention-norm: 0.000001000 seconds
[token:1, layer:5] 003:qkv-projection: 0.000126000 seconds
[token:1, layer:5] 004:apply-rope: 0.000002000 seconds
[token:1, layer:5] 005:compute-attention: 0.000000000 seconds
[token:1, layer:5] 006:attention-output: 0.000042000 seconds
[token:1, layer:5] 007:ffn-norm: 0.000000000 seconds
[token:1, layer:5] 008:ffn-up-projection: 0.000225000 seconds
[token:1, layer:5] 009:ffn-swiglu: 0.000001000 seconds
[token:1, layer:5] 010:ffn-down-projection: 0.000161000 seconds
[token:1, layer:5] 102:layer-compute-total: 0.000558000 seconds
[token:1] 011:final-projection: 0.004659000 seconds
[token:1] 103:forward-compute-total: 0.008081000 seconds
[token:2] 001:embedding-lookup: 0.000000000 seconds
[token:2, layer:0] 002:attention-norm: 0.000000000 seconds
[token:2, layer:0] 003:qkv-projection: 0.000214000 seconds
[token:2, layer:0] 004:apply-rope: 0.000002000 seconds
[token:2, layer:0] 005:compute-attention: 0.000002000 seconds
[token:2, layer:0] 006:attention-output: 0.000041000 seconds
[token:2, layer:0] 007:ffn-norm: 0.000001000 seconds
[token:2, layer:0] 008:ffn-up-projection: 0.000338000 seconds
[token:2, layer:0] 009:ffn-swiglu: 0.000001000 seconds
[token:2, layer:0] 010:ffn-down-projection: 0.000235000 seconds
[token:2, layer:0] 102:layer-compute-total: 0.000834000 seconds
[token:2, layer:1] 002:attention-norm: 0.000001000 seconds
[token:2, layer:1] 003:qkv-projection: 0.000149000 seconds
[token:2, layer:1] 004:apply-rope: 0.000001000 seconds
[token:2, layer:1] 005:compute-attention: 0.000001000 seconds
[token:2, layer:1] 006:attention-output: 0.000041000 seconds
[token:2, layer:1] 007:ffn-norm: 0.000000000 seconds
[token:2, layer:1] 008:ffn-up-projection: 0.000247000 seconds
[token:2, layer:1] 009:ffn-swiglu: 0.000002000 seconds
[token:2, layer:1] 010:ffn-down-projection: 0.000165000 seconds
[token:2, layer:1] 102:layer-compute-total: 0.000607000 seconds
[token:2, layer:2] 002:attention-norm: 0.000001000 seconds
[token:2, layer:2] 003:qkv-projection: 0.000125000 seconds
[token:2, layer:2] 004:apply-rope: 0.000002000 seconds
[token:2, layer:2] 005:compute-attention: 0.000001000 seconds
[token:2, layer:2] 006:attention-output: 0.000040000 seconds
[token:2, layer:2] 007:ffn-norm: 0.000000000 seconds
[token:2, layer:2] 008:ffn-up-projection: 0.000215000 seconds
[token:2, layer:2] 009:ffn-swiglu: 0.000002000 seconds
[token:2, layer:2] 010:ffn-down-projection: 0.000153000 seconds
[token:2, layer:2] 102:layer-compute-total: 0.000539000 seconds
[token:2, layer:3] 002:attention-norm: 0.000000000 seconds
[token:2, layer:3] 003:qkv-projection: 0.000121000 seconds
[token:2, layer:3] 004:apply-rope: 0.000002000 seconds
[token:2, layer:3] 005:compute-attention: 0.000001000 seconds
[token:2, layer:3] 006:attention-output: 0.000040000 seconds
[token:2, layer:3] 007:ffn-norm: 0.000000000 seconds
[token:2, layer:3] 008:ffn-up-projection: 0.000215000 seconds
[token:2, layer:3] 009:ffn-swiglu: 0.000001000 seconds
[token:2, layer:3] 010:ffn-down-projection: 0.000154000 seconds
[token:2, layer:3] 102:layer-compute-total: 0.000534000 seconds
[token:2, layer:4] 002:attention-norm: 0.000000000 seconds
[token:2, layer:4] 003:qkv-projection: 0.000122000 seconds
[token:2, layer:4] 004:apply-rope: 0.000001000 seconds
[token:2, layer:4] 005:compute-attention: 0.000002000 seconds
[token:2, layer:4] 006:attention-output: 0.000040000 seconds
[token:2, layer:4] 007:ffn-norm: 0.000001000 seconds
[token:2, layer:4] 008:ffn-up-projection: 0.000216000 seconds
[token:2, layer:4] 009:ffn-swiglu: 0.000001000 seconds
[token:2, layer:4] 010:ffn-down-projection: 0.000154000 seconds
[token:2, layer:4] 102:layer-compute-total: 0.000537000 seconds
[token:2, layer:5] 002:attention-norm: 0.000000000 seconds
[token:2, layer:5] 003:qkv-projection: 0.000121000 seconds
[token:2, layer:5] 004:apply-rope: 0.000001000 seconds
[token:2, layer:5] 005:compute-attention: 0.000001000 seconds
[token:2, layer:5] 006:attention-output: 0.000039000 seconds
[token:2, layer:5] 007:ffn-norm: 0.000000000 seconds
[token:2, layer:5] 008:ffn-up-projection: 0.000207000 seconds
[token:2, layer:5] 009:ffn-swiglu: 0.000001000 seconds
[token:2, layer:5] 010:ffn-down-projection: 0.000148000 seconds
[token:2, layer:5] 102:layer-compute-total: 0.000518000 seconds
[token:2] 011:final-projection: 0.004386000 seconds
[token:2] 103:forward-compute-total: 0.007955000 seconds
[token:3] 001:embedding-lookup: 0.000000000 seconds
[token:3, layer:0] 002:attention-norm: 0.000000000 seconds
[token:3, layer:0] 003:qkv-projection: 0.000117000 seconds
[token:3, layer:0] 004:apply-rope: 0.000002000 seconds
[token:3, layer:0] 005:compute-attention: 0.000002000 seconds
[token:3, layer:0] 006:attention-output: 0.000039000 seconds
[token:3, layer:0] 007:ffn-norm: 0.000000000 seconds
[token:3, layer:0] 008:ffn-up-projection: 0.000248000 seconds
[token:3, layer:0] 009:ffn-swiglu: 0.000001000 seconds
[token:3, layer:0] 010:ffn-down-projection: 0.000148000 seconds
[token:3, layer:0] 102:layer-compute-total: 0.000557000 seconds
[token:3, layer:1] 002:attention-norm: 0.000001000 seconds
[token:3, layer:1] 003:qkv-projection: 0.000116000 seconds
[token:3, layer:1] 004:apply-rope: 0.000002000 seconds
[token:3, layer:1] 005:compute-attention: 0.000001000 seconds
[token:3, layer:1] 006:attention-output: 0.000038000 seconds
[token:3, layer:1] 007:ffn-norm: 0.000000000 seconds
[token:3, layer:1] 008:ffn-up-projection: 0.000203000 seconds
[token:3, layer:1] 009:ffn-swiglu: 0.000002000 seconds
[token:3, layer:1] 010:ffn-down-projection: 0.000143000 seconds
[token:3, layer:1] 102:layer-compute-total: 0.000506000 seconds
[token:3, layer:2] 002:attention-norm: 0.000000000 seconds
[token:3, layer:2] 003:qkv-projection: 0.000112000 seconds
[token:3, layer:2] 004:apply-rope: 0.000001000 seconds
[token:3, layer:2] 005:compute-attention: 0.000001000 seconds
[token:3, layer:2] 006:attention-output: 0.000037000 seconds
[token:3, layer:2] 007:ffn-norm: 0.000001000 seconds
[token:3, layer:2] 008:ffn-up-projection: 0.000204000 seconds
[token:3, layer:2] 009:ffn-swiglu: 0.000001000 seconds
[token:3, layer:2] 010:ffn-down-projection: 0.000142000 seconds
[token:3, layer:2] 102:layer-compute-total: 0.000499000 seconds
[token:3, layer:3] 002:attention-norm: 0.000001000 seconds
[token:3, layer:3] 003:qkv-projection: 0.000112000 seconds
[token:3, layer:3] 004:apply-rope: 0.000002000 seconds
[token:3, layer:3] 005:compute-attention: 0.000001000 seconds
[token:3, layer:3] 006:attention-output: 0.000045000 seconds
[token:3, layer:3] 007:ffn-norm: 0.000000000 seconds
[token:3, layer:3] 008:ffn-up-projection: 0.000235000 seconds
[token:3, layer:3] 009:ffn-swiglu: 0.000001000 seconds
[token:3, layer:3] 010:ffn-down-projection: 0.000141000 seconds
[token:3, layer:3] 102:layer-compute-total: 0.000538000 seconds
[token:3, layer:4] 002:attention-norm: 0.000001000 seconds
[token:3, layer:4] 003:qkv-projection: 0.000123000 seconds
[token:3, layer:4] 004:apply-rope: 0.000002000 seconds
[token:3, layer:4] 005:compute-attention: 0.000001000 seconds
[token:3, layer:4] 006:attention-output: 0.000037000 seconds
[token:3, layer:4] 007:ffn-norm: 0.000000000 seconds
[token:3, layer:4] 008:ffn-up-projection: 0.000199000 seconds
[token:3, layer:4] 009:ffn-swiglu: 0.000002000 seconds
[token:3, layer:4] 010:ffn-down-projection: 0.000143000 seconds
[token:3, layer:4] 102:layer-compute-total: 0.000508000 seconds
[token:3, layer:5] 002:attention-norm: 0.000000000 seconds
[token:3, layer:5] 003:qkv-projection: 0.000112000 seconds
[token:3, layer:5] 004:apply-rope: 0.000001000 seconds
[token:3, layer:5] 005:compute-attention: 0.000001000 seconds
[token:3, layer:5] 006:attention-output: 0.000038000 seconds
[token:3, layer:5] 007:ffn-norm: 0.000001000 seconds
[token:3, layer:5] 008:ffn-up-projection: 0.000200000 seconds
[token:3, layer:5] 009:ffn-swiglu: 0.000001000 seconds
[token:3, layer:5] 010:ffn-down-projection: 0.000144000 seconds
[token:3, layer:5] 102:layer-compute-total: 0.000498000 seconds
[token:3] 011:final-projection: 0.004508000 seconds
[token:3] 103:forward-compute-total: 0.007614000 seconds
[token:4] 001:embedding-lookup: 0.000000000 seconds
[token:4, layer:0] 002:attention-norm: 0.000000000 seconds
[token:4, layer:0] 003:qkv-projection: 0.000110000 seconds
[token:4, layer:0] 004:apply-rope: 0.000002000 seconds
[token:4, layer:0] 005:compute-attention: 0.000002000 seconds
[token:4, layer:0] 006:attention-output: 0.000037000 seconds
[token:4, layer:0] 007:ffn-norm: 0.000000000 seconds
[token:4, layer:0] 008:ffn-up-projection: 0.000195000 seconds
[token:4, layer:0] 009:ffn-swiglu: 0.000002000 seconds
[token:4, layer:0] 010:ffn-down-projection: 0.000140000 seconds
[token:4, layer:0] 102:layer-compute-total: 0.000488000 seconds
[token:4, layer:1] 002:attention-norm: 0.000000000 seconds
[token:4, layer:1] 003:qkv-projection: 0.000109000 seconds
[token:4, layer:1] 004:apply-rope: 0.000001000 seconds
[token:4, layer:1] 005:compute-attention: 0.000001000 seconds
[token:4, layer:1] 006:attention-output: 0.000036000 seconds
[token:4, layer:1] 007:ffn-norm: 0.000001000 seconds
[token:4, layer:1] 008:ffn-up-projection: 0.000194000 seconds
[token:4, layer:1] 009:ffn-swiglu: 0.000001000 seconds
[token:4, layer:1] 010:ffn-down-projection: 0.000139000 seconds
[token:4, layer:1] 102:layer-compute-total: 0.000482000 seconds
[token:4, layer:2] 002:attention-norm: 0.000000000 seconds
[token:4, layer:2] 003:qkv-projection: 0.000110000 seconds
[token:4, layer:2] 004:apply-rope: 0.000001000 seconds
[token:4, layer:2] 005:compute-attention: 0.000001000 seconds
[token:4, layer:2] 006:attention-output: 0.000037000 seconds
[token:4, layer:2] 007:ffn-norm: 0.000001000 seconds
[token:4, layer:2] 008:ffn-up-projection: 0.000195000 seconds
[token:4, layer:2] 009:ffn-swiglu: 0.000001000 seconds
[token:4, layer:2] 010:ffn-down-projection: 0.000139000 seconds
[token:4, layer:2] 102:layer-compute-total: 0.000485000 seconds
[token:4, layer:3] 002:attention-norm: 0.000001000 seconds
[token:4, layer:3] 003:qkv-projection: 0.000109000 seconds
[token:4, layer:3] 004:apply-rope: 0.000001000 seconds
[token:4, layer:3] 005:compute-attention: 0.000001000 seconds
[token:4, layer:3] 006:attention-output: 0.000037000 seconds
[token:4, layer:3] 007:ffn-norm: 0.000000000 seconds
[token:4, layer:3] 008:ffn-up-projection: 0.000194000 seconds
[token:4, layer:3] 009:ffn-swiglu: 0.000001000 seconds
[token:4, layer:3] 010:ffn-down-projection: 0.000139000 seconds
[token:4, layer:3] 102:layer-compute-total: 0.000483000 seconds
[token:4, layer:4] 002:attention-norm: 0.000000000 seconds
[token:4, layer:4] 003:qkv-projection: 0.000110000 seconds
[token:4, layer:4] 004:apply-rope: 0.000001000 seconds
[token:4, layer:4] 005:compute-attention: 0.000001000 seconds
[token:4, layer:4] 006:attention-output: 0.000036000 seconds
[token:4, layer:4] 007:ffn-norm: 0.000000000 seconds
[token:4, layer:4] 008:ffn-up-projection: 0.000195000 seconds
[token:4, layer:4] 009:ffn-swiglu: 0.000001000 seconds
[token:4, layer:4] 010:ffn-down-projection: 0.000140000 seconds
[token:4, layer:4] 102:layer-compute-total: 0.000484000 seconds
[token:4, layer:5] 002:attention-norm: 0.000000000 seconds
[token:4, layer:5] 003:qkv-projection: 0.000109000 seconds
[token:4, layer:5] 004:apply-rope: 0.000001000 seconds
[token:4, layer:5] 005:compute-attention: 0.000002000 seconds
[token:4, layer:5] 006:attention-output: 0.000036000 seconds
[token:4, layer:5] 007:ffn-norm: 0.000000000 seconds
[token:4, layer:5] 008:ffn-up-projection: 0.000194000 seconds
[token:4, layer:5] 009:ffn-swiglu: 0.000001000 seconds
[token:4, layer:5] 010:ffn-down-projection: 0.000139000 seconds
[token:4, layer:5] 102:layer-compute-total: 0.000482000 seconds
[token:4] 011:final-projection: 0.004030000 seconds
[token:4] 103:forward-compute-total: 0.006934000 seconds
[token:5] 001:embedding-lookup: 0.000000000 seconds
[token:5, layer:0] 002:attention-norm: 0.000000000 seconds
[token:5, layer:0] 003:qkv-projection: 0.000112000 seconds
[token:5, layer:0] 004:apply-rope: 0.000002000 seconds
[token:5, layer:0] 005:compute-attention: 0.000001000 seconds
[token:5, layer:0] 006:attention-output: 0.000036000 seconds
[token:5, layer:0] 007:ffn-norm: 0.000000000 seconds
[token:5, layer:0] 008:ffn-up-projection: 0.000190000 seconds
[token:5, layer:0] 009:ffn-swiglu: 0.000001000 seconds
[token:5, layer:0] 010:ffn-down-projection: 0.000136000 seconds
[token:5, layer:0] 102:layer-compute-total: 0.000478000 seconds
[token:5, layer:1] 002:attention-norm: 0.000000000 seconds
[token:5, layer:1] 003:qkv-projection: 0.000107000 seconds
[token:5, layer:1] 004:apply-rope: 0.000001000 seconds
[token:5, layer:1] 005:compute-attention: 0.000001000 seconds
[token:5, layer:1] 006:attention-output: 0.000036000 seconds
[token:5, layer:1] 007:ffn-norm: 0.000000000 seconds
[token:5, layer:1] 008:ffn-up-projection: 0.000190000 seconds
[token:5, layer:1] 009:ffn-swiglu: 0.000001000 seconds
[token:5, layer:1] 010:ffn-down-projection: 0.000136000 seconds
[token:5, layer:1] 102:layer-compute-total: 0.000472000 seconds
[token:5, layer:2] 002:attention-norm: 0.000000000 seconds
[token:5, layer:2] 003:qkv-projection: 0.000107000 seconds
[token:5, layer:2] 004:apply-rope: 0.000001000 seconds
[token:5, layer:2] 005:compute-attention: 0.000001000 seconds
[token:5, layer:2] 006:attention-output: 0.000036000 seconds
[token:5, layer:2] 007:ffn-norm: 0.000001000 seconds
[token:5, layer:2] 008:ffn-up-projection: 0.000191000 seconds
[token:5, layer:2] 009:ffn-swiglu: 0.000002000 seconds
[token:5, layer:2] 010:ffn-down-projection: 0.000136000 seconds
[token:5, layer:2] 102:layer-compute-total: 0.000475000 seconds
[token:5, layer:3] 002:attention-norm: 0.000000000 seconds
[token:5, layer:3] 003:qkv-projection: 0.000108000 seconds
[token:5, layer:3] 004:apply-rope: 0.000002000 seconds
[token:5, layer:3] 005:compute-attention: 0.000001000 seconds
[token:5, layer:3] 006:attention-output: 0.000035000 seconds
[token:5, layer:3] 007:ffn-norm: 0.000000000 seconds
[token:5, layer:3] 008:ffn-up-projection: 0.000190000 seconds
[token:5, layer:3] 009:ffn-swiglu: 0.000001000 seconds
[token:5, layer:3] 010:ffn-down-projection: 0.000134000 seconds
[token:5, layer:3] 102:layer-compute-total: 0.000471000 seconds
[token:5, layer:4] 002:attention-norm: 0.000000000 seconds
[token:5, layer:4] 003:qkv-projection: 0.000109000 seconds
[token:5, layer:4] 004:apply-rope: 0.000001000 seconds
[token:5, layer:4] 005:compute-attention: 0.000001000 seconds
[token:5, layer:4] 006:attention-output: 0.000036000 seconds
[token:5, layer:4] 007:ffn-norm: 0.000000000 seconds
[token:5, layer:4] 008:ffn-up-projection: 0.000190000 seconds
[token:5, layer:4] 009:ffn-swiglu: 0.000001000 seconds
[token:5, layer:4] 010:ffn-down-projection: 0.000136000 seconds
[token:5, layer:4] 102:layer-compute-total: 0.000474000 seconds
[token:5, layer:5] 002:attention-norm: 0.000001000 seconds
[token:5, layer:5] 003:qkv-projection: 0.000106000 seconds
[token:5, layer:5] 004:apply-rope: 0.000001000 seconds
[token:5, layer:5] 005:compute-attention: 0.000001000 seconds
[token:5, layer:5] 006:attention-output: 0.000038000 seconds
[token:5, layer:5] 007:ffn-norm: 0.000000000 seconds
[token:5, layer:5] 008:ffn-up-projection: 0.000224000 seconds
[token:5, layer:5] 009:ffn-swiglu: 0.000001000 seconds
[token:5, layer:5] 010:ffn-down-projection: 0.000140000 seconds
[token:5, layer:5] 102:layer-compute-total: 0.000512000 seconds
[token:5] 011:final-projection: 0.004665000 seconds
[token:5] 103:forward-compute-total: 0.007547000 seconds
[token:6] 001:embedding-lookup: 0.000001000 seconds
[token:6, layer:0] 002:attention-norm: 0.000001000 seconds
[token:6, layer:0] 003:qkv-projection: 0.000114000 seconds
[token:6, layer:0] 004:apply-rope: 0.000002000 seconds
[token:6, layer:0] 005:compute-attention: 0.000002000 seconds
[token:6, layer:0] 006:attention-output: 0.000037000 seconds
[token:6, layer:0] 007:ffn-norm: 0.000000000 seconds
[token:6, layer:0] 008:ffn-up-projection: 0.000196000 seconds
[token:6, layer:0] 009:ffn-swiglu: 0.000001000 seconds
[token:6, layer:0] 010:ffn-down-projection: 0.000141000 seconds
[token:6, layer:0] 102:layer-compute-total: 0.000494000 seconds
[token:6, layer:1] 002:attention-norm: 0.000000000 seconds
[token:6, layer:1] 003:qkv-projection: 0.000113000 seconds
[token:6, layer:1] 004:apply-rope: 0.000001000 seconds
[token:6, layer:1] 005:compute-attention: 0.000003000 seconds
[token:6, layer:1] 006:attention-output: 0.000037000 seconds
[token:6, layer:1] 007:ffn-norm: 0.000001000 seconds
[token:6, layer:1] 008:ffn-up-projection: 0.000196000 seconds
[token:6, layer:1] 009:ffn-swiglu: 0.000001000 seconds
[token:6, layer:1] 010:ffn-down-projection: 0.000136000 seconds
[token:6, layer:1] 102:layer-compute-total: 0.000488000 seconds
[token:6, layer:2] 002:attention-norm: 0.000000000 seconds
[token:6, layer:2] 003:qkv-projection: 0.000105000 seconds
[token:6, layer:2] 004:apply-rope: 0.000001000 seconds
[token:6, layer:2] 005:compute-attention: 0.000002000 seconds
[token:6, layer:2] 006:attention-output: 0.000035000 seconds
[token:6, layer:2] 007:ffn-norm: 0.000000000 seconds
[token:6, layer:2] 008:ffn-up-projection: 0.000187000 seconds
[token:6, layer:2] 009:ffn-swiglu: 0.000001000 seconds
[token:6, layer:2] 010:ffn-down-projection: 0.000141000 seconds
[token:6, layer:2] 102:layer-compute-total: 0.000472000 seconds
[token:6, layer:3] 002:attention-norm: 0.000000000 seconds
[token:6, layer:3] 003:qkv-projection: 0.000105000 seconds
[token:6, layer:3] 004:apply-rope: 0.000001000 seconds
[token:6, layer:3] 005:compute-attention: 0.000002000 seconds
[token:6, layer:3] 006:attention-output: 0.000035000 seconds
[token:6, layer:3] 007:ffn-norm: 0.000000000 seconds
[token:6, layer:3] 008:ffn-up-projection: 0.000194000 seconds
[token:6, layer:3] 009:ffn-swiglu: 0.000001000 seconds
[token:6, layer:3] 010:ffn-down-projection: 0.000135000 seconds
[token:6, layer:3] 102:layer-compute-total: 0.000473000 seconds
[token:6, layer:4] 002:attention-norm: 0.000000000 seconds
[token:6, layer:4] 003:qkv-projection: 0.000106000 seconds
[token:6, layer:4] 004:apply-rope: 0.000001000 seconds
[token:6, layer:4] 005:compute-attention: 0.000002000 seconds
[token:6, layer:4] 006:attention-output: 0.000035000 seconds
[token:6, layer:4] 007:ffn-norm: 0.000001000 seconds
[token:6, layer:4] 008:ffn-up-projection: 0.000186000 seconds
[token:6, layer:4] 009:ffn-swiglu: 0.000001000 seconds
[token:6, layer:4] 010:ffn-down-projection: 0.000134000 seconds
[token:6, layer:4] 102:layer-compute-total: 0.000466000 seconds
[token:6, layer:5] 002:attention-norm: 0.000001000 seconds
[token:6, layer:5] 003:qkv-projection: 0.000106000 seconds
[token:6, layer:5] 004:apply-rope: 0.000001000 seconds
[token:6, layer:5] 005:compute-attention: 0.000002000 seconds
[token:6, layer:5] 006:attention-output: 0.000036000 seconds
[token:6, layer:5] 007:ffn-norm: 0.000000000 seconds
[token:6, layer:5] 008:ffn-up-projection: 0.000187000 seconds
[token:6, layer:5] 009:ffn-swiglu: 0.000001000 seconds
[token:6, layer:5] 010:ffn-down-projection: 0.000135000 seconds
[token:6, layer:5] 102:layer-compute-total: 0.000469000 seconds
[token:6] 011:final-projection: 0.004123000 seconds
[token:6] 103:forward-compute-total: 0.006986000 seconds
[token:7] 001:embedding-lookup: 0.000001000 seconds
[token:7, layer:0] 002:attention-norm: 0.000000000 seconds
[token:7, layer:0] 003:qkv-projection: 0.000116000 seconds
[token:7, layer:0] 004:apply-rope: 0.000001000 seconds
[token:7, layer:0] 005:compute-attention: 0.000002000 seconds
[token:7, layer:0] 006:attention-output: 0.000036000 seconds
[token:7, layer:0] 007:ffn-norm: 0.000000000 seconds
[token:7, layer:0] 008:ffn-up-projection: 0.000187000 seconds
[token:7, layer:0] 009:ffn-swiglu: 0.000001000 seconds
[token:7, layer:0] 010:ffn-down-projection: 0.000134000 seconds
[token:7, layer:0] 102:layer-compute-total: 0.000477000 seconds
[token:7, layer:1] 002:attention-norm: 0.000000000 seconds
[token:7, layer:1] 003:qkv-projection: 0.000105000 seconds
[token:7, layer:1] 004:apply-rope: 0.000001000 seconds
[token:7, layer:1] 005:compute-attention: 0.000001000 seconds
[token:7, layer:1] 006:attention-output: 0.000035000 seconds
[token:7, layer:1] 007:ffn-norm: 0.000001000 seconds
[token:7, layer:1] 008:ffn-up-projection: 0.000194000 seconds
[token:7, layer:1] 009:ffn-swiglu: 0.000001000 seconds
[token:7, layer:1] 010:ffn-down-projection: 0.000134000 seconds
[token:7, layer:1] 102:layer-compute-total: 0.000472000 seconds
[token:7, layer:2] 002:attention-norm: 0.000001000 seconds
[token:7, layer:2] 003:qkv-projection: 0.000105000 seconds
[token:7, layer:2] 004:apply-rope: 0.000001000 seconds
[token:7, layer:2] 005:compute-attention: 0.000001000 seconds
[token:7, layer:2] 006:attention-output: 0.000035000 seconds
[token:7, layer:2] 007:ffn-norm: 0.000000000 seconds
[token:7, layer:2] 008:ffn-up-projection: 0.000187000 seconds
[token:7, layer:2] 009:ffn-swiglu: 0.000001000 seconds
[token:7, layer:2] 010:ffn-down-projection: 0.000134000 seconds
[token:7, layer:2] 102:layer-compute-total: 0.000465000 seconds
[token:7, layer:3] 002:attention-norm: 0.000001000 seconds
[token:7, layer:3] 003:qkv-projection: 0.000105000 seconds
[token:7, layer:3] 004:apply-rope: 0.000001000 seconds
[token:7, layer:3] 005:compute-attention: 0.000001000 seconds
[token:7, layer:3] 006:attention-output: 0.000035000 seconds
[token:7, layer:3] 007:ffn-norm: 0.000000000 seconds
[token:7, layer:3] 008:ffn-up-projection: 0.000198000 seconds
[token:7, layer:3] 009:ffn-swiglu: 0.000001000 seconds
[token:7, layer:3] 010:ffn-down-projection: 0.000137000 seconds
[token:7, layer:3] 102:layer-compute-total: 0.000479000 seconds
[token:7, layer:4] 002:attention-norm: 0.000000000 seconds
[token:7, layer:4] 003:qkv-projection: 0.000107000 seconds
[token:7, layer:4] 004:apply-rope: 0.000002000 seconds
[token:7, layer:4] 005:compute-attention: 0.000002000 seconds
[token:7, layer:4] 006:attention-output: 0.000035000 seconds
[token:7, layer:4] 007:ffn-norm: 0.000001000 seconds
[token:7, layer:4] 008:ffn-up-projection: 0.000187000 seconds
[token:7, layer:4] 009:ffn-swiglu: 0.000001000 seconds
[token:7, layer:4] 010:ffn-down-projection: 0.000135000 seconds
[token:7, layer:4] 102:layer-compute-total: 0.000470000 seconds
[token:7, layer:5] 002:attention-norm: 0.000000000 seconds
[token:7, layer:5] 003:qkv-projection: 0.000105000 seconds
[token:7, layer:5] 004:apply-rope: 0.000001000 seconds
[token:7, layer:5] 005:compute-attention: 0.000002000 seconds
[token:7, layer:5] 006:attention-output: 0.000035000 seconds
[token:7, layer:5] 007:ffn-norm: 0.000000000 seconds
[token:7, layer:5] 008:ffn-up-projection: 0.000187000 seconds
[token:7, layer:5] 009:ffn-swiglu: 0.000001000 seconds
[token:7, layer:5] 010:ffn-down-projection: 0.000135000 seconds
[token:7, layer:5] 102:layer-compute-total: 0.000466000 seconds
[token:7] 011:final-projection: 0.004200000 seconds
[token:7] 103:forward-compute-total: 0.007030000 seconds
[token:8] 001:embedding-lookup: 0.000000000 seconds
[token:8, layer:0] 002:attention-norm: 0.000000000 seconds
[token:8, layer:0] 003:qkv-projection: 0.000114000 seconds
[token:8, layer:0] 004:apply-rope: 0.000002000 seconds
[token:8, layer:0] 005:compute-attention: 0.000002000 seconds
[token:8, layer:0] 006:attention-output: 0.000037000 seconds
[token:8, layer:0] 007:ffn-norm: 0.000000000 seconds
[token:8, layer:0] 008:ffn-up-projection: 0.000197000 seconds
[token:8, layer:0] 009:ffn-swiglu: 0.000001000 seconds
[token:8, layer:0] 010:ffn-down-projection: 0.000140000 seconds
[token:8, layer:0] 102:layer-compute-total: 0.000493000 seconds
[token:8, layer:1] 002:attention-norm: 0.000001000 seconds
[token:8, layer:1] 003:qkv-projection: 0.000113000 seconds
[token:8, layer:1] 004:apply-rope: 0.000001000 seconds
[token:8, layer:1] 005:compute-attention: 0.000002000 seconds
[token:8, layer:1] 006:attention-output: 0.000037000 seconds
[token:8, layer:1] 007:ffn-norm: 0.000000000 seconds
[token:8, layer:1] 008:ffn-up-projection: 0.000197000 seconds
[token:8, layer:1] 009:ffn-swiglu: 0.000002000 seconds
[token:8, layer:1] 010:ffn-down-projection: 0.000140000 seconds
[token:8, layer:1] 102:layer-compute-total: 0.000493000 seconds
[token:8, layer:2] 002:attention-norm: 0.000000000 seconds
[token:8, layer:2] 003:qkv-projection: 0.000120000 seconds
[token:8, layer:2] 004:apply-rope: 0.000001000 seconds
[token:8, layer:2] 005:compute-attention: 0.000003000 seconds
[token:8, layer:2] 006:attention-output: 0.000037000 seconds
[token:8, layer:2] 007:ffn-norm: 0.000000000 seconds
[token:8, layer:2] 008:ffn-up-projection: 0.000196000 seconds
[token:8, layer:2] 009:ffn-swiglu: 0.000001000 seconds
[token:8, layer:2] 010:ffn-down-projection: 0.000136000 seconds
[token:8, layer:2] 102:layer-compute-total: 0.000494000 seconds
[token:8, layer:3] 002:attention-norm: 0.000000000 seconds
[token:8, layer:3] 003:qkv-projection: 0.000112000 seconds
[token:8, layer:3] 004:apply-rope: 0.000002000 seconds
[token:8, layer:3] 005:compute-attention: 0.000003000 seconds
[token:8, layer:3] 006:attention-output: 0.000043000 seconds
[token:8, layer:3] 007:ffn-norm: 0.000000000 seconds
[token:8, layer:3] 008:ffn-up-projection: 0.000197000 seconds
[token:8, layer:3] 009:ffn-swiglu: 0.000001000 seconds
[token:8, layer:3] 010:ffn-down-projection: 0.000134000 seconds
[token:8, layer:3] 102:layer-compute-total: 0.000492000 seconds
[token:8, layer:4] 002:attention-norm: 0.000000000 seconds
[token:8, layer:4] 003:qkv-projection: 0.000118000 seconds
[token:8, layer:4] 004:apply-rope: 0.000001000 seconds
[token:8, layer:4] 005:compute-attention: 0.000002000 seconds
[token:8, layer:4] 006:attention-output: 0.000035000 seconds
[token:8, layer:4] 007:ffn-norm: 0.000001000 seconds
[token:8, layer:4] 008:ffn-up-projection: 0.000187000 seconds
[token:8, layer:4] 009:ffn-swiglu: 0.000001000 seconds
[token:8, layer:4] 010:ffn-down-projection: 0.000140000 seconds
[token:8, layer:4] 102:layer-compute-total: 0.000485000 seconds
[token:8, layer:5] 002:attention-norm: 0.000000000 seconds
[token:8, layer:5] 003:qkv-projection: 0.000106000 seconds
[token:8, layer:5] 004:apply-rope: 0.000001000 seconds
[token:8, layer:5] 005:compute-attention: 0.000003000 seconds
[token:8, layer:5] 006:attention-output: 0.000035000 seconds
[token:8, layer:5] 007:ffn-norm: 0.000000000 seconds
[token:8, layer:5] 008:ffn-up-projection: 0.000190000 seconds
[token:8, layer:5] 009:ffn-swiglu: 0.000001000 seconds
[token:8, layer:5] 010:ffn-down-projection: 0.000136000 seconds
[token:8, layer:5] 102:layer-compute-total: 0.000472000 seconds
[token:8] 011:final-projection: 0.003999000 seconds
[token:8] 103:forward-compute-total: 0.006928000 seconds
[token:9] 001:embedding-lookup: 0.000001000 seconds
[token:9, layer:0] 002:attention-norm: 0.000001000 seconds
[token:9, layer:0] 003:qkv-projection: 0.000119000 seconds
[token:9, layer:0] 004:apply-rope: 0.000001000 seconds
[token:9, layer:0] 005:compute-attention: 0.000003000 seconds
[token:9, layer:0] 006:attention-output: 0.000036000 seconds
[token:9, layer:0] 007:ffn-norm: 0.000000000 seconds
[token:9, layer:0] 008:ffn-up-projection: 0.000195000 seconds
[token:9, layer:0] 009:ffn-swiglu: 0.000001000 seconds
[token:9, layer:0] 010:ffn-down-projection: 0.000134000 seconds
[token:9, layer:0] 102:layer-compute-total: 0.000490000 seconds
[token:9, layer:1] 002:attention-norm: 0.000001000 seconds
[token:9, layer:1] 003:qkv-projection: 0.000105000 seconds
[token:9, layer:1] 004:apply-rope: 0.000001000 seconds
[token:9, layer:1] 005:compute-attention: 0.000002000 seconds
[token:9, layer:1] 006:attention-output: 0.000035000 seconds
[token:9, layer:1] 007:ffn-norm: 0.000001000 seconds
[token:9, layer:1] 008:ffn-up-projection: 0.000193000 seconds
[token:9, layer:1] 009:ffn-swiglu: 0.000001000 seconds
[token:9, layer:1] 010:ffn-down-projection: 0.000139000 seconds
[token:9, layer:1] 102:layer-compute-total: 0.000478000 seconds
[token:9, layer:2] 002:attention-norm: 0.000001000 seconds
[token:9, layer:2] 003:qkv-projection: 0.000106000 seconds
[token:9, layer:2] 004:apply-rope: 0.000002000 seconds
[token:9, layer:2] 005:compute-attention: 0.000003000 seconds
[token:9, layer:2] 006:attention-output: 0.000035000 seconds
[token:9, layer:2] 007:ffn-norm: 0.000000000 seconds
[token:9, layer:2] 008:ffn-up-projection: 0.000188000 seconds
[token:9, layer:2] 009:ffn-swiglu: 0.000001000 seconds
[token:9, layer:2] 010:ffn-down-projection: 0.000134000 seconds
[token:9, layer:2] 102:layer-compute-total: 0.000470000 seconds
[token:9, layer:3] 002:attention-norm: 0.000001000 seconds
[token:9, layer:3] 003:qkv-projection: 0.000105000 seconds
[token:9, layer:3] 004:apply-rope: 0.000002000 seconds
[token:9, layer:3] 005:compute-attention: 0.000002000 seconds
[token:9, layer:3] 006:attention-output: 0.000037000 seconds
[token:9, layer:3] 007:ffn-norm: 0.000000000 seconds
[token:9, layer:3] 008:ffn-up-projection: 0.000192000 seconds
[token:9, layer:3] 009:ffn-swiglu: 0.000001000 seconds
[token:9, layer:3] 010:ffn-down-projection: 0.000133000 seconds
[token:9, layer:3] 102:layer-compute-total: 0.000473000 seconds
[token:9, layer:4] 002:attention-norm: 0.000000000 seconds
[token:9, layer:4] 003:qkv-projection: 0.000105000 seconds
[token:9, layer:4] 004:apply-rope: 0.000001000 seconds
[token:9, layer:4] 005:compute-attention: 0.000003000 seconds
[token:9, layer:4] 006:attention-output: 0.000035000 seconds
[token:9, layer:4] 007:ffn-norm: 0.000000000 seconds
[token:9, layer:4] 008:ffn-up-projection: 0.000187000 seconds
[token:9, layer:4] 009:ffn-swiglu: 0.000001000 seconds
[token:9, layer:4] 010:ffn-down-projection: 0.000137000 seconds
[token:9, layer:4] 102:layer-compute-total: 0.000469000 seconds
[token:9, layer:5] 002:attention-norm: 0.000000000 seconds
[token:9, layer:5] 003:qkv-projection: 0.000105000 seconds
[token:9, layer:5] 004:apply-rope: 0.000001000 seconds
[token:9, layer:5] 005:compute-attention: 0.000002000 seconds
[token:9, layer:5] 006:attention-output: 0.000035000 seconds
[token:9, layer:5] 007:ffn-norm: 0.000000000 seconds
[token:9, layer:5] 008:ffn-up-projection: 0.000186000 seconds
[token:9, layer:5] 009:ffn-swiglu: 0.000001000 seconds
[token:9, layer:5] 010:ffn-down-projection: 0.000134000 seconds
[token:9, layer:5] 102:layer-compute-total: 0.000464000 seconds
[token:9] 011:final-projection: 0.003994000 seconds
[token:9] 103:forward-compute-total: 0.006839000 seconds
[token:10] 001:embedding-lookup: 0.000001000 seconds
[token:10, layer:0] 002:attention-norm: 0.000001000 seconds
[token:10, layer:0] 003:qkv-projection: 0.000129000 seconds
[token:10, layer:0] 004:apply-rope: 0.000002000 seconds
[token:10, layer:0] 005:compute-attention: 0.000002000 seconds
[token:10, layer:0] 006:attention-output: 0.000037000 seconds
[token:10, layer:0] 007:ffn-norm: 0.000000000 seconds
[token:10, layer:0] 008:ffn-up-projection: 0.000266000 seconds
[token:10, layer:0] 009:ffn-swiglu: 0.000001000 seconds
[token:10, layer:0] 010:ffn-down-projection: 0.000139000 seconds
[token:10, layer:0] 102:layer-compute-total: 0.000577000 seconds
[token:10, layer:1] 002:attention-norm: 0.000000000 seconds
[token:10, layer:1] 003:qkv-projection: 0.000109000 seconds
[token:10, layer:1] 004:apply-rope: 0.000002000 seconds
[token:10, layer:1] 005:compute-attention: 0.000003000 seconds
[token:10, layer:1] 006:attention-output: 0.000037000 seconds
[token:10, layer:1] 007:ffn-norm: 0.000000000 seconds
[token:10, layer:1] 008:ffn-up-projection: 0.000194000 seconds
[token:10, layer:1] 009:ffn-swiglu: 0.000001000 seconds
[token:10, layer:1] 010:ffn-down-projection: 0.000138000 seconds
[token:10, layer:1] 102:layer-compute-total: 0.000484000 seconds
[token:10, layer:2] 002:attention-norm: 0.000000000 seconds
[token:10, layer:2] 003:qkv-projection: 0.000110000 seconds
[token:10, layer:2] 004:apply-rope: 0.000001000 seconds
[token:10, layer:2] 005:compute-attention: 0.000003000 seconds
[token:10, layer:2] 006:attention-output: 0.000036000 seconds
[token:10, layer:2] 007:ffn-norm: 0.000000000 seconds
[token:10, layer:2] 008:ffn-up-projection: 0.000200000 seconds
[token:10, layer:2] 009:ffn-swiglu: 0.000001000 seconds
[token:10, layer:2] 010:ffn-down-projection: 0.000135000 seconds
[token:10, layer:2] 102:layer-compute-total: 0.000486000 seconds
[token:10, layer:3] 002:attention-norm: 0.000000000 seconds
[token:10, layer:3] 003:qkv-projection: 0.000110000 seconds
[token:10, layer:3] 004:apply-rope: 0.000001000 seconds
[token:10, layer:3] 005:compute-attention: 0.000003000 seconds
[token:10, layer:3] 006:attention-output: 0.000036000 seconds
[token:10, layer:3] 007:ffn-norm: 0.000000000 seconds
[token:10, layer:3] 008:ffn-up-projection: 0.000194000 seconds
[token:10, layer:3] 009:ffn-swiglu: 0.000001000 seconds
[token:10, layer:3] 010:ffn-down-projection: 0.000141000 seconds
[token:10, layer:3] 102:layer-compute-total: 0.000486000 seconds
[token:10, layer:4] 002:attention-norm: 0.000000000 seconds
[token:10, layer:4] 003:qkv-projection: 0.000124000 seconds
[token:10, layer:4] 004:apply-rope: 0.000001000 seconds
[token:10, layer:4] 005:compute-attention: 0.000003000 seconds
[token:10, layer:4] 006:attention-output: 0.000036000 seconds
[token:10, layer:4] 007:ffn-norm: 0.000000000 seconds
[token:10, layer:4] 008:ffn-up-projection: 0.000201000 seconds
[token:10, layer:4] 009:ffn-swiglu: 0.000001000 seconds
[token:10, layer:4] 010:ffn-down-projection: 0.000221000 seconds
[token:10, layer:4] 102:layer-compute-total: 0.000587000 seconds
[token:10, layer:5] 002:attention-norm: 0.000000000 seconds
[token:10, layer:5] 003:qkv-projection: 0.000164000 seconds
[token:10, layer:5] 004:apply-rope: 0.000002000 seconds
[token:10, layer:5] 005:compute-attention: 0.000003000 seconds
[token:10, layer:5] 006:attention-output: 0.000036000 seconds
[token:10, layer:5] 007:ffn-norm: 0.000001000 seconds
[token:10, layer:5] 008:ffn-up-projection: 0.000208000 seconds
[token:10, layer:5] 009:ffn-swiglu: 0.000002000 seconds
[token:10, layer:5] 010:ffn-down-projection: 0.000141000 seconds
[token:10, layer:5] 102:layer-compute-total: 0.000557000 seconds
[token:10] 011:final-projection: 0.004057000 seconds
[token:10] 103:forward-compute-total: 0.007235000 seconds
[token:11] 001:embedding-lookup: 0.000001000 seconds
[token:11, layer:0] 002:attention-norm: 0.000000000 seconds
[token:11, layer:0] 003:qkv-projection: 0.000112000 seconds
[token:11, layer:0] 004:apply-rope: 0.000002000 seconds
[token:11, layer:0] 005:compute-attention: 0.000003000 seconds
[token:11, layer:0] 006:attention-output: 0.000037000 seconds
[token:11, layer:0] 007:ffn-norm: 0.000001000 seconds
[token:11, layer:0] 008:ffn-up-projection: 0.000194000 seconds
[token:11, layer:0] 009:ffn-swiglu: 0.000001000 seconds
[token:11, layer:0] 010:ffn-down-projection: 0.000139000 seconds
[token:11, layer:0] 102:layer-compute-total: 0.000489000 seconds
[token:11, layer:1] 002:attention-norm: 0.000000000 seconds
[token:11, layer:1] 003:qkv-projection: 0.000105000 seconds
[token:11, layer:1] 004:apply-rope: 0.000001000 seconds
[token:11, layer:1] 005:compute-attention: 0.000002000 seconds
[token:11, layer:1] 006:attention-output: 0.000035000 seconds
[token:11, layer:1] 007:ffn-norm: 0.000000000 seconds
[token:11, layer:1] 008:ffn-up-projection: 0.000187000 seconds
[token:11, layer:1] 009:ffn-swiglu: 0.000002000 seconds
[token:11, layer:1] 010:ffn-down-projection: 0.000134000 seconds
[token:11, layer:1] 102:layer-compute-total: 0.000466000 seconds
[token:11, layer:2] 002:attention-norm: 0.000001000 seconds
[token:11, layer:2] 003:qkv-projection: 0.000109000 seconds
[token:11, layer:2] 004:apply-rope: 0.000001000 seconds
[token:11, layer:2] 005:compute-attention: 0.000003000 seconds
[token:11, layer:2] 006:attention-output: 0.000036000 seconds
[token:11, layer:2] 007:ffn-norm: 0.000000000 seconds
[token:11, layer:2] 008:ffn-up-projection: 0.000193000 seconds
[token:11, layer:2] 009:ffn-swiglu: 0.000001000 seconds
[token:11, layer:2] 010:ffn-down-projection: 0.000140000 seconds
[token:11, layer:2] 102:layer-compute-total: 0.000484000 seconds
[token:11, layer:3] 002:attention-norm: 0.000000000 seconds
[token:11, layer:3] 003:qkv-projection: 0.000107000 seconds
[token:11, layer:3] 004:apply-rope: 0.000002000 seconds
[token:11, layer:3] 005:compute-attention: 0.000003000 seconds
[token:11, layer:3] 006:attention-output: 0.000036000 seconds
[token:11, layer:3] 007:ffn-norm: 0.000000000 seconds
[token:11, layer:3] 008:ffn-up-projection: 0.000187000 seconds
[token:11, layer:3] 009:ffn-swiglu: 0.000001000 seconds
[token:11, layer:3] 010:ffn-down-projection: 0.000134000 seconds
[token:11, layer:3] 102:layer-compute-total: 0.000470000 seconds
[token:11, layer:4] 002:attention-norm: 0.000001000 seconds
[token:11, layer:4] 003:qkv-projection: 0.000106000 seconds
[token:11, layer:4] 004:apply-rope: 0.000002000 seconds
[token:11, layer:4] 005:compute-attention: 0.000004000 seconds
[token:11, layer:4] 006:attention-output: 0.000035000 seconds
[token:11, layer:4] 007:ffn-norm: 0.000001000 seconds
[token:11, layer:4] 008:ffn-up-projection: 0.000187000 seconds
[token:11, layer:4] 009:ffn-swiglu: 0.000001000 seconds
[token:11, layer:4] 010:ffn-down-projection: 0.000135000 seconds
[token:11, layer:4] 102:layer-compute-total: 0.000472000 seconds
[token:11, layer:5] 002:attention-norm: 0.000001000 seconds
[token:11, layer:5] 003:qkv-projection: 0.000105000 seconds
[token:11, layer:5] 004:apply-rope: 0.000001000 seconds
[token:11, layer:5] 005:compute-attention: 0.000002000 seconds
[token:11, layer:5] 006:attention-output: 0.000035000 seconds
[token:11, layer:5] 007:ffn-norm: 0.000001000 seconds
[token:11, layer:5] 008:ffn-up-projection: 0.000194000 seconds
[token:11, layer:5] 009:ffn-swiglu: 0.000001000 seconds
[token:11, layer:5] 010:ffn-down-projection: 0.000134000 seconds
[token:11, layer:5] 102:layer-compute-total: 0.000474000 seconds
[token:11] 011:final-projection: 0.003954000 seconds
[token:11] 103:forward-compute-total: 0.006810000 seconds
[token:12] 001:embedding-lookup: 0.000001000 seconds
[token:12, layer:0] 002:attention-norm: 0.000001000 seconds
[token:12, layer:0] 003:qkv-projection: 0.000110000 seconds
[token:12, layer:0] 004:apply-rope: 0.000002000 seconds
[token:12, layer:0] 005:compute-attention: 0.000002000 seconds
[token:12, layer:0] 006:attention-output: 0.000035000 seconds
[token:12, layer:0] 007:ffn-norm: 0.000001000 seconds
[token:12, layer:0] 008:ffn-up-projection: 0.000187000 seconds
[token:12, layer:0] 009:ffn-swiglu: 0.000001000 seconds
[token:12, layer:0] 010:ffn-down-projection: 0.000133000 seconds
[token:12, layer:0] 102:layer-compute-total: 0.000472000 seconds
[token:12, layer:1] 002:attention-norm: 0.000000000 seconds
[token:12, layer:1] 003:qkv-projection: 0.000105000 seconds
[token:12, layer:1] 004:apply-rope: 0.000002000 seconds
[token:12, layer:1] 005:compute-attention: 0.000002000 seconds
[token:12, layer:1] 006:attention-output: 0.000035000 seconds
[token:12, layer:1] 007:ffn-norm: 0.000001000 seconds
[token:12, layer:1] 008:ffn-up-projection: 0.000202000 seconds
[token:12, layer:1] 009:ffn-swiglu: 0.000001000 seconds
[token:12, layer:1] 010:ffn-down-projection: 0.000136000 seconds
[token:12, layer:1] 102:layer-compute-total: 0.000484000 seconds
[token:12, layer:2] 002:attention-norm: 0.000000000 seconds
[token:12, layer:2] 003:qkv-projection: 0.000110000 seconds
[token:12, layer:2] 004:apply-rope: 0.000002000 seconds
[token:12, layer:2] 005:compute-attention: 0.000002000 seconds
[token:12, layer:2] 006:attention-output: 0.000037000 seconds
[token:12, layer:2] 007:ffn-norm: 0.000000000 seconds
[token:12, layer:2] 008:ffn-up-projection: 0.000193000 seconds
[token:12, layer:2] 009:ffn-swiglu: 0.000001000 seconds
[token:12, layer:2] 010:ffn-down-projection: 0.000136000 seconds
[token:12, layer:2] 102:layer-compute-total: 0.000481000 seconds
[token:12, layer:3] 002:attention-norm: 0.000001000 seconds
[token:12, layer:3] 003:qkv-projection: 0.000106000 seconds
[token:12, layer:3] 004:apply-rope: 0.000001000 seconds
[token:12, layer:3] 005:compute-attention: 0.000002000 seconds
[token:12, layer:3] 006:attention-output: 0.000036000 seconds
[token:12, layer:3] 007:ffn-norm: 0.000001000 seconds
[token:12, layer:3] 008:ffn-up-projection: 0.000190000 seconds
[token:12, layer:3] 009:ffn-swiglu: 0.000001000 seconds
[token:12, layer:3] 010:ffn-down-projection: 0.000141000 seconds
[token:12, layer:3] 102:layer-compute-total: 0.000479000 seconds
[token:12, layer:4] 002:attention-norm: 0.000000000 seconds
[token:12, layer:4] 003:qkv-projection: 0.000107000 seconds
[token:12, layer:4] 004:apply-rope: 0.000001000 seconds
[token:12, layer:4] 005:compute-attention: 0.000002000 seconds
[token:12, layer:4] 006:attention-output: 0.000035000 seconds
[token:12, layer:4] 007:ffn-norm: 0.000001000 seconds
[token:12, layer:4] 008:ffn-up-projection: 0.000196000 seconds
[token:12, layer:4] 009:ffn-swiglu: 0.000001000 seconds
[token:12, layer:4] 010:ffn-down-projection: 0.000138000 seconds
[token:12, layer:4] 102:layer-compute-total: 0.000481000 seconds
[token:12, layer:5] 002:attention-norm: 0.000001000 seconds
[token:12, layer:5] 003:qkv-projection: 0.000107000 seconds
[token:12, layer:5] 004:apply-rope: 0.000001000 seconds
[token:12, layer:5] 005:compute-attention: 0.000002000 seconds
[token:12, layer:5] 006:attention-output: 0.000036000 seconds
[token:12, layer:5] 007:ffn-norm: 0.000001000 seconds
[token:12, layer:5] 008:ffn-up-projection: 0.000190000 seconds
[token:12, layer:5] 009:ffn-swiglu: 0.000001000 seconds
[token:12, layer:5] 010:ffn-down-projection: 0.000139000 seconds
[token:12, layer:5] 102:layer-compute-total: 0.000478000 seconds
[token:12] 011:final-projection: 0.004401000 seconds
[token:12] 103:forward-compute-total: 0.007277000 seconds
[token:13] 001:embedding-lookup: 0.000001000 seconds
[token:13, layer:0] 002:attention-norm: 0.000001000 seconds
[token:13, layer:0] 003:qkv-projection: 0.000112000 seconds
[token:13, layer:0] 004:apply-rope: 0.000002000 seconds
[token:13, layer:0] 005:compute-attention: 0.000004000 seconds
[token:13, layer:0] 006:attention-output: 0.000036000 seconds
[token:13, layer:0] 007:ffn-norm: 0.000001000 seconds
[token:13, layer:0] 008:ffn-up-projection: 0.000194000 seconds
[token:13, layer:0] 009:ffn-swiglu: 0.000001000 seconds
[token:13, layer:0] 010:ffn-down-projection: 0.000142000 seconds
[token:13, layer:0] 102:layer-compute-total: 0.000493000 seconds
[token:13, layer:1] 002:attention-norm: 0.000000000 seconds
[token:13, layer:1] 003:qkv-projection: 0.000111000 seconds
[token:13, layer:1] 004:apply-rope: 0.000002000 seconds
[token:13, layer:1] 005:compute-attention: 0.000004000 seconds
[token:13, layer:1] 006:attention-output: 0.000037000 seconds
[token:13, layer:1] 007:ffn-norm: 0.000001000 seconds
[token:13, layer:1] 008:ffn-up-projection: 0.000200000 seconds
[token:13, layer:1] 009:ffn-swiglu: 0.000001000 seconds
[token:13, layer:1] 010:ffn-down-projection: 0.000141000 seconds
[token:13, layer:1] 102:layer-compute-total: 0.000497000 seconds
[token:13, layer:2] 002:attention-norm: 0.000000000 seconds
[token:13, layer:2] 003:qkv-projection: 0.000106000 seconds
[token:13, layer:2] 004:apply-rope: 0.000001000 seconds
[token:13, layer:2] 005:compute-attention: 0.000003000 seconds
[token:13, layer:2] 006:attention-output: 0.000035000 seconds
[token:13, layer:2] 007:ffn-norm: 0.000000000 seconds
[token:13, layer:2] 008:ffn-up-projection: 0.000187000 seconds
[token:13, layer:2] 009:ffn-swiglu: 0.000001000 seconds
[token:13, layer:2] 010:ffn-down-projection: 0.000139000 seconds
[token:13, layer:2] 102:layer-compute-total: 0.000472000 seconds
[token:13, layer:3] 002:attention-norm: 0.000000000 seconds
[token:13, layer:3] 003:qkv-projection: 0.000105000 seconds
[token:13, layer:3] 004:apply-rope: 0.000002000 seconds
[token:13, layer:3] 005:compute-attention: 0.000003000 seconds
[token:13, layer:3] 006:attention-output: 0.000035000 seconds
[token:13, layer:3] 007:ffn-norm: 0.000001000 seconds
[token:13, layer:3] 008:ffn-up-projection: 0.000186000 seconds
[token:13, layer:3] 009:ffn-swiglu: 0.000001000 seconds
[token:13, layer:3] 010:ffn-down-projection: 0.000134000 seconds
[token:13, layer:3] 102:layer-compute-total: 0.000467000 seconds
[token:13, layer:4] 002:attention-norm: 0.000000000 seconds
[token:13, layer:4] 003:qkv-projection: 0.000106000 seconds
[token:13, layer:4] 004:apply-rope: 0.000001000 seconds
[token:13, layer:4] 005:compute-attention: 0.000004000 seconds
[token:13, layer:4] 006:attention-output: 0.000035000 seconds
[token:13, layer:4] 007:ffn-norm: 0.000000000 seconds
[token:13, layer:4] 008:ffn-up-projection: 0.000190000 seconds
[token:13, layer:4] 009:ffn-swiglu: 0.000001000 seconds
[token:13, layer:4] 010:ffn-down-projection: 0.000134000 seconds
[token:13, layer:4] 102:layer-compute-total: 0.000471000 seconds
[token:13, layer:5] 002:attention-norm: 0.000000000 seconds
[token:13, layer:5] 003:qkv-projection: 0.000105000 seconds
[token:13, layer:5] 004:apply-rope: 0.000002000 seconds
[token:13, layer:5] 005:compute-attention: 0.000004000 seconds
[token:13, layer:5] 006:attention-output: 0.000035000 seconds
[token:13, layer:5] 007:ffn-norm: 0.000000000 seconds
[token:13, layer:5] 008:ffn-up-projection: 0.000187000 seconds
[token:13, layer:5] 009:ffn-swiglu: 0.000001000 seconds
[token:13, layer:5] 010:ffn-down-projection: 0.000134000 seconds
[token:13, layer:5] 102:layer-compute-total: 0.000468000 seconds
[token:13] 011:final-projection: 0.003982000 seconds
[token:13] 103:forward-compute-total: 0.006851000 seconds
[token:14] 001:embedding-lookup: 0.000000000 seconds
[token:14, layer:0] 002:attention-norm: 0.000001000 seconds
[token:14, layer:0] 003:qkv-projection: 0.000114000 seconds
[token:14, layer:0] 004:apply-rope: 0.000001000 seconds
[token:14, layer:0] 005:compute-attention: 0.000003000 seconds
[token:14, layer:0] 006:attention-output: 0.000035000 seconds
[token:14, layer:0] 007:ffn-norm: 0.000000000 seconds
[token:14, layer:0] 008:ffn-up-projection: 0.000187000 seconds
[token:14, layer:0] 009:ffn-swiglu: 0.000001000 seconds
[token:14, layer:0] 010:ffn-down-projection: 0.000133000 seconds
[token:14, layer:0] 102:layer-compute-total: 0.000475000 seconds
[token:14, layer:1] 002:attention-norm: 0.000000000 seconds
[token:14, layer:1] 003:qkv-projection: 0.000107000 seconds
[token:14, layer:1] 004:apply-rope: 0.000001000 seconds
[token:14, layer:1] 005:compute-attention: 0.000002000 seconds
[token:14, layer:1] 006:attention-output: 0.000035000 seconds
[token:14, layer:1] 007:ffn-norm: 0.000000000 seconds
[token:14, layer:1] 008:ffn-up-projection: 0.000190000 seconds
[token:14, layer:1] 009:ffn-swiglu: 0.000001000 seconds
[token:14, layer:1] 010:ffn-down-projection: 0.000136000 seconds
[token:14, layer:1] 102:layer-compute-total: 0.000472000 seconds
[token:14, layer:2] 002:attention-norm: 0.000000000 seconds
[token:14, layer:2] 003:qkv-projection: 0.000107000 seconds
[token:14, layer:2] 004:apply-rope: 0.000001000 seconds
[token:14, layer:2] 005:compute-attention: 0.000002000 seconds
[token:14, layer:2] 006:attention-output: 0.000035000 seconds
[token:14, layer:2] 007:ffn-norm: 0.000001000 seconds
[token:14, layer:2] 008:ffn-up-projection: 0.000187000 seconds
[token:14, layer:2] 009:ffn-swiglu: 0.000001000 seconds
[token:14, layer:2] 010:ffn-down-projection: 0.000139000 seconds
[token:14, layer:2] 102:layer-compute-total: 0.000473000 seconds
[token:14, layer:3] 002:attention-norm: 0.000000000 seconds
[token:14, layer:3] 003:qkv-projection: 0.000109000 seconds
[token:14, layer:3] 004:apply-rope: 0.000001000 seconds
[token:14, layer:3] 005:compute-attention: 0.000003000 seconds
[token:14, layer:3] 006:attention-output: 0.000035000 seconds
[token:14, layer:3] 007:ffn-norm: 0.000001000 seconds
[token:14, layer:3] 008:ffn-up-projection: 0.000187000 seconds
[token:14, layer:3] 009:ffn-swiglu: 0.000001000 seconds
[token:14, layer:3] 010:ffn-down-projection: 0.000134000 seconds
[token:14, layer:3] 102:layer-compute-total: 0.000471000 seconds
[token:14, layer:4] 002:attention-norm: 0.000000000 seconds
[token:14, layer:4] 003:qkv-projection: 0.000107000 seconds
[token:14, layer:4] 004:apply-rope: 0.000001000 seconds
[token:14, layer:4] 005:compute-attention: 0.000002000 seconds
[token:14, layer:4] 006:attention-output: 0.000035000 seconds
[token:14, layer:4] 007:ffn-norm: 0.000000000 seconds
[token:14, layer:4] 008:ffn-up-projection: 0.000187000 seconds
[token:14, layer:4] 009:ffn-swiglu: 0.000001000 seconds
[token:14, layer:4] 010:ffn-down-projection: 0.000144000 seconds
[token:14, layer:4] 102:layer-compute-total: 0.000477000 seconds
[token:14, layer:5] 002:attention-norm: 0.000000000 seconds
[token:14, layer:5] 003:qkv-projection: 0.000114000 seconds
[token:14, layer:5] 004:apply-rope: 0.000002000 seconds
[token:14, layer:5] 005:compute-attention: 0.000002000 seconds
[token:14, layer:5] 006:attention-output: 0.000036000 seconds
[token:14, layer:5] 007:ffn-norm: 0.000000000 seconds
[token:14, layer:5] 008:ffn-up-projection: 0.000193000 seconds
[token:14, layer:5] 009:ffn-swiglu: 0.000001000 seconds
[token:14, layer:5] 010:ffn-down-projection: 0.000139000 seconds
[token:14, layer:5] 102:layer-compute-total: 0.000487000 seconds
[token:14] 011:final-projection: 0.004561000 seconds
[token:14] 103:forward-compute-total: 0.007416000 seconds
[token:15] 001:embedding-lookup: 0.000001000 seconds
[token:15, layer:0] 002:attention-norm: 0.000000000 seconds
[token:15, layer:0] 003:qkv-projection: 0.000112000 seconds
[token:15, layer:0] 004:apply-rope: 0.000001000 seconds
[token:15, layer:0] 005:compute-attention: 0.000004000 seconds
[token:15, layer:0] 006:attention-output: 0.000037000 seconds
[token:15, layer:0] 007:ffn-norm: 0.000001000 seconds
[token:15, layer:0] 008:ffn-up-projection: 0.000190000 seconds
[token:15, layer:0] 009:ffn-swiglu: 0.000001000 seconds
[token:15, layer:0] 010:ffn-down-projection: 0.000137000 seconds
[token:15, layer:0] 102:layer-compute-total: 0.000483000 seconds
[token:15, layer:1] 002:attention-norm: 0.000000000 seconds
[token:15, layer:1] 003:qkv-projection: 0.000111000 seconds
[token:15, layer:1] 004:apply-rope: 0.000001000 seconds
[token:15, layer:1] 005:compute-attention: 0.000004000 seconds
[token:15, layer:1] 006:attention-output: 0.000036000 seconds
[token:15, layer:1] 007:ffn-norm: 0.000000000 seconds
[token:15, layer:1] 008:ffn-up-projection: 0.000195000 seconds
[token:15, layer:1] 009:ffn-swiglu: 0.000001000 seconds
[token:15, layer:1] 010:ffn-down-projection: 0.000140000 seconds
[token:15, layer:1] 102:layer-compute-total: 0.000488000 seconds
[token:15, layer:2] 002:attention-norm: 0.000000000 seconds
[token:15, layer:2] 003:qkv-projection: 0.000114000 seconds
[token:15, layer:2] 004:apply-rope: 0.000002000 seconds
[token:15, layer:2] 005:compute-attention: 0.000004000 seconds
[token:15, layer:2] 006:attention-output: 0.000037000 seconds
[token:15, layer:2] 007:ffn-norm: 0.000000000 seconds
[token:15, layer:2] 008:ffn-up-projection: 0.000194000 seconds
[token:15, layer:2] 009:ffn-swiglu: 0.000001000 seconds
[token:15, layer:2] 010:ffn-down-projection: 0.000138000 seconds
[token:15, layer:2] 102:layer-compute-total: 0.000490000 seconds
[token:15, layer:3] 002:attention-norm: 0.000000000 seconds
[token:15, layer:3] 003:qkv-projection: 0.000107000 seconds
[token:15, layer:3] 004:apply-rope: 0.000001000 seconds
[token:15, layer:3] 005:compute-attention: 0.000004000 seconds
[token:15, layer:3] 006:attention-output: 0.000035000 seconds
[token:15, layer:3] 007:ffn-norm: 0.000000000 seconds
[token:15, layer:3] 008:ffn-up-projection: 0.000193000 seconds
[token:15, layer:3] 009:ffn-swiglu: 0.000001000 seconds
[token:15, layer:3] 010:ffn-down-projection: 0.000142000 seconds
[token:15, layer:3] 102:layer-compute-total: 0.000483000 seconds
[token:15, layer:4] 002:attention-norm: 0.000001000 seconds
[token:15, layer:4] 003:qkv-projection: 0.000108000 seconds
[token:15, layer:4] 004:apply-rope: 0.000001000 seconds
[token:15, layer:4] 005:compute-attention: 0.000004000 seconds
[token:15, layer:4] 006:attention-output: 0.000038000 seconds
[token:15, layer:4] 007:ffn-norm: 0.000000000 seconds
[token:15, layer:4] 008:ffn-up-projection: 0.000195000 seconds
[token:15, layer:4] 009:ffn-swiglu: 0.000001000 seconds
[token:15, layer:4] 010:ffn-down-projection: 0.000141000 seconds
[token:15, layer:4] 102:layer-compute-total: 0.000489000 seconds
[token:15, layer:5] 002:attention-norm: 0.000001000 seconds
[token:15, layer:5] 003:qkv-projection: 0.000106000 seconds
[token:15, layer:5] 004:apply-rope: 0.000001000 seconds
[token:15, layer:5] 005:compute-attention: 0.000004000 seconds
[token:15, layer:5] 006:attention-output: 0.000036000 seconds
[token:15, layer:5] 007:ffn-norm: 0.000001000 seconds
[token:15, layer:5] 008:ffn-up-projection: 0.000190000 seconds
[token:15, layer:5] 009:ffn-swiglu: 0.000001000 seconds
[token:15, layer:5] 010:ffn-down-projection: 0.000141000 seconds
[token:15, layer:5] 102:layer-compute-total: 0.000481000 seconds
[token:15] 011:final-projection: 0.004102000 seconds
[token:15] 103:forward-compute-total: 0.007017000 seconds
[token:16] 001:embedding-lookup: 0.000000000 seconds
[token:16, layer:0] 002:attention-norm: 0.000001000 seconds
[token:16, layer:0] 003:qkv-projection: 0.000109000 seconds
[token:16, layer:0] 004:apply-rope: 0.000002000 seconds
[token:16, layer:0] 005:compute-attention: 0.000004000 seconds
[token:16, layer:0] 006:attention-output: 0.000038000 seconds
[token:16, layer:0] 007:ffn-norm: 0.000001000 seconds
[token:16, layer:0] 008:ffn-up-projection: 0.000195000 seconds
[token:16, layer:0] 009:ffn-swiglu: 0.000001000 seconds
[token:16, layer:0] 010:ffn-down-projection: 0.000236000 seconds
[token:16, layer:0] 102:layer-compute-total: 0.000587000 seconds
[token:16, layer:1] 002:attention-norm: 0.000000000 seconds
[token:16, layer:1] 003:qkv-projection: 0.000107000 seconds
[token:16, layer:1] 004:apply-rope: 0.000002000 seconds
[token:16, layer:1] 005:compute-attention: 0.000004000 seconds
[token:16, layer:1] 006:attention-output: 0.000039000 seconds
[token:16, layer:1] 007:ffn-norm: 0.000001000 seconds
[token:16, layer:1] 008:ffn-up-projection: 0.000191000 seconds
[token:16, layer:1] 009:ffn-swiglu: 0.000001000 seconds
[token:16, layer:1] 010:ffn-down-projection: 0.000140000 seconds
[token:16, layer:1] 102:layer-compute-total: 0.000485000 seconds
[token:16, layer:2] 002:attention-norm: 0.000001000 seconds
[token:16, layer:2] 003:qkv-projection: 0.000109000 seconds
[token:16, layer:2] 004:apply-rope: 0.000001000 seconds
[token:16, layer:2] 005:compute-attention: 0.000003000 seconds
[token:16, layer:2] 006:attention-output: 0.000036000 seconds
[token:16, layer:2] 007:ffn-norm: 0.000000000 seconds
[token:16, layer:2] 008:ffn-up-projection: 0.000187000 seconds
[token:16, layer:2] 009:ffn-swiglu: 0.000001000 seconds
[token:16, layer:2] 010:ffn-down-projection: 0.000134000 seconds
[token:16, layer:2] 102:layer-compute-total: 0.000472000 seconds
[token:16, layer:3] 002:attention-norm: 0.000001000 seconds
[token:16, layer:3] 003:qkv-projection: 0.000109000 seconds
[token:16, layer:3] 004:apply-rope: 0.000001000 seconds
[token:16, layer:3] 005:compute-attention: 0.000003000 seconds
[token:16, layer:3] 006:attention-output: 0.000035000 seconds
[token:16, layer:3] 007:ffn-norm: 0.000000000 seconds
[token:16, layer:3] 008:ffn-up-projection: 0.000187000 seconds
[token:16, layer:3] 009:ffn-swiglu: 0.000001000 seconds
[token:16, layer:3] 010:ffn-down-projection: 0.000134000 seconds
[token:16, layer:3] 102:layer-compute-total: 0.000471000 seconds
[token:16, layer:4] 002:attention-norm: 0.000000000 seconds
[token:16, layer:4] 003:qkv-projection: 0.000106000 seconds
[token:16, layer:4] 004:apply-rope: 0.000002000 seconds
[token:16, layer:4] 005:compute-attention: 0.000003000 seconds
[token:16, layer:4] 006:attention-output: 0.000035000 seconds
[token:16, layer:4] 007:ffn-norm: 0.000000000 seconds
[token:16, layer:4] 008:ffn-up-projection: 0.000189000 seconds
[token:16, layer:4] 009:ffn-swiglu: 0.000001000 seconds
[token:16, layer:4] 010:ffn-down-projection: 0.000135000 seconds
[token:16, layer:4] 102:layer-compute-total: 0.000471000 seconds
[token:16, layer:5] 002:attention-norm: 0.000000000 seconds
[token:16, layer:5] 003:qkv-projection: 0.000105000 seconds
[token:16, layer:5] 004:apply-rope: 0.000002000 seconds
[token:16, layer:5] 005:compute-attention: 0.000004000 seconds
[token:16, layer:5] 006:attention-output: 0.000035000 seconds
[token:16, layer:5] 007:ffn-norm: 0.000000000 seconds
[token:16, layer:5] 008:ffn-up-projection: 0.000188000 seconds
[token:16, layer:5] 009:ffn-swiglu: 0.000001000 seconds
[token:16, layer:5] 010:ffn-down-projection: 0.000135000 seconds
[token:16, layer:5] 102:layer-compute-total: 0.000470000 seconds
[token:16] 011:final-projection: 0.004234000 seconds
[token:16] 103:forward-compute-total: 0.007190000 seconds
[token:17] 001:embedding-lookup: 0.000000000 seconds
[token:17, layer:0] 002:attention-norm: 0.000000000 seconds
[token:17, layer:0] 003:qkv-projection: 0.000109000 seconds
[token:17, layer:0] 004:apply-rope: 0.000002000 seconds
[token:17, layer:0] 005:compute-attention: 0.000005000 seconds
[token:17, layer:0] 006:attention-output: 0.000037000 seconds
[token:17, layer:0] 007:ffn-norm: 0.000001000 seconds
[token:17, layer:0] 008:ffn-up-projection: 0.000197000 seconds
[token:17, layer:0] 009:ffn-swiglu: 0.000002000 seconds
[token:17, layer:0] 010:ffn-down-projection: 0.000140000 seconds
[token:17, layer:0] 102:layer-compute-total: 0.000493000 seconds
[token:17, layer:1] 002:attention-norm: 0.000000000 seconds
[token:17, layer:1] 003:qkv-projection: 0.000110000 seconds
[token:17, layer:1] 004:apply-rope: 0.000001000 seconds
[token:17, layer:1] 005:compute-attention: 0.000004000 seconds
[token:17, layer:1] 006:attention-output: 0.000036000 seconds
[token:17, layer:1] 007:ffn-norm: 0.000001000 seconds
[token:17, layer:1] 008:ffn-up-projection: 0.000192000 seconds
[token:17, layer:1] 009:ffn-swiglu: 0.000001000 seconds
[token:17, layer:1] 010:ffn-down-projection: 0.000137000 seconds
[token:17, layer:1] 102:layer-compute-total: 0.000482000 seconds
[token:17, layer:2] 002:attention-norm: 0.000000000 seconds
[token:17, layer:2] 003:qkv-projection: 0.000108000 seconds
[token:17, layer:2] 004:apply-rope: 0.000001000 seconds
[token:17, layer:2] 005:compute-attention: 0.000004000 seconds
[token:17, layer:2] 006:attention-output: 0.000036000 seconds
[token:17, layer:2] 007:ffn-norm: 0.000000000 seconds
[token:17, layer:2] 008:ffn-up-projection: 0.000194000 seconds
[token:17, layer:2] 009:ffn-swiglu: 0.000001000 seconds
[token:17, layer:2] 010:ffn-down-projection: 0.000137000 seconds
[token:17, layer:2] 102:layer-compute-total: 0.000481000 seconds
[token:17, layer:3] 002:attention-norm: 0.000000000 seconds
[token:17, layer:3] 003:qkv-projection: 0.000105000 seconds
[token:17, layer:3] 004:apply-rope: 0.000001000 seconds
[token:17, layer:3] 005:compute-attention: 0.000004000 seconds
[token:17, layer:3] 006:attention-output: 0.000035000 seconds
[token:17, layer:3] 007:ffn-norm: 0.000000000 seconds
[token:17, layer:3] 008:ffn-up-projection: 0.000187000 seconds
[token:17, layer:3] 009:ffn-swiglu: 0.000001000 seconds
[token:17, layer:3] 010:ffn-down-projection: 0.000134000 seconds
[token:17, layer:3] 102:layer-compute-total: 0.000467000 seconds
[token:17, layer:4] 002:attention-norm: 0.000000000 seconds
[token:17, layer:4] 003:qkv-projection: 0.000105000 seconds
[token:17, layer:4] 004:apply-rope: 0.000001000 seconds
[token:17, layer:4] 005:compute-attention: 0.000004000 seconds
[token:17, layer:4] 006:attention-output: 0.000038000 seconds
[token:17, layer:4] 007:ffn-norm: 0.000001000 seconds
[token:17, layer:4] 008:ffn-up-projection: 0.000189000 seconds
[token:17, layer:4] 009:ffn-swiglu: 0.000001000 seconds
[token:17, layer:4] 010:ffn-down-projection: 0.000141000 seconds
[token:17, layer:4] 102:layer-compute-total: 0.000480000 seconds
[token:17, layer:5] 002:attention-norm: 0.000001000 seconds
[token:17, layer:5] 003:qkv-projection: 0.000110000 seconds
[token:17, layer:5] 004:apply-rope: 0.000001000 seconds
[token:17, layer:5] 005:compute-attention: 0.000004000 seconds
[token:17, layer:5] 006:attention-output: 0.000036000 seconds
[token:17, layer:5] 007:ffn-norm: 0.000000000 seconds
[token:17, layer:5] 008:ffn-up-projection: 0.000192000 seconds
[token:17, layer:5] 009:ffn-swiglu: 0.000002000 seconds
[token:17, layer:5] 010:ffn-down-projection: 0.000137000 seconds
[token:17, layer:5] 102:layer-compute-total: 0.000483000 seconds
[token:17] 011:final-projection: 0.003990000 seconds
[token:17] 103:forward-compute-total: 0.006876000 seconds
[token:18] 001:embedding-lookup: 0.000000000 seconds
[token:18, layer:0] 002:attention-norm: 0.000000000 seconds
[token:18, layer:0] 003:qkv-projection: 0.000112000 seconds
[token:18, layer:0] 004:apply-rope: 0.000001000 seconds
[token:18, layer:0] 005:compute-attention: 0.000004000 seconds
[token:18, layer:0] 006:attention-output: 0.000035000 seconds
[token:18, layer:0] 007:ffn-norm: 0.000000000 seconds
[token:18, layer:0] 008:ffn-up-projection: 0.000190000 seconds
[token:18, layer:0] 009:ffn-swiglu: 0.000001000 seconds
[token:18, layer:0] 010:ffn-down-projection: 0.000137000 seconds
[token:18, layer:0] 102:layer-compute-total: 0.000480000 seconds
[token:18, layer:1] 002:attention-norm: 0.000000000 seconds
[token:18, layer:1] 003:qkv-projection: 0.000105000 seconds
[token:18, layer:1] 004:apply-rope: 0.000002000 seconds
[token:18, layer:1] 005:compute-attention: 0.000003000 seconds
[token:18, layer:1] 006:attention-output: 0.000035000 seconds
[token:18, layer:1] 007:ffn-norm: 0.000000000 seconds
[token:18, layer:1] 008:ffn-up-projection: 0.000187000 seconds
[token:18, layer:1] 009:ffn-swiglu: 0.000001000 seconds
[token:18, layer:1] 010:ffn-down-projection: 0.000134000 seconds
[token:18, layer:1] 102:layer-compute-total: 0.000467000 seconds
[token:18, layer:2] 002:attention-norm: 0.000000000 seconds
[token:18, layer:2] 003:qkv-projection: 0.000105000 seconds
[token:18, layer:2] 004:apply-rope: 0.000001000 seconds
[token:18, layer:2] 005:compute-attention: 0.000003000 seconds
[token:18, layer:2] 006:attention-output: 0.000035000 seconds
[token:18, layer:2] 007:ffn-norm: 0.000000000 seconds
[token:18, layer:2] 008:ffn-up-projection: 0.000187000 seconds
[token:18, layer:2] 009:ffn-swiglu: 0.000001000 seconds
[token:18, layer:2] 010:ffn-down-projection: 0.000134000 seconds
[token:18, layer:2] 102:layer-compute-total: 0.000466000 seconds
[token:18, layer:3] 002:attention-norm: 0.000000000 seconds
[token:18, layer:3] 003:qkv-projection: 0.000105000 seconds
[token:18, layer:3] 004:apply-rope: 0.000001000 seconds
[token:18, layer:3] 005:compute-attention: 0.000004000 seconds
[token:18, layer:3] 006:attention-output: 0.000035000 seconds
[token:18, layer:3] 007:ffn-norm: 0.000001000 seconds
[token:18, layer:3] 008:ffn-up-projection: 0.000187000 seconds
[token:18, layer:3] 009:ffn-swiglu: 0.000001000 seconds
[token:18, layer:3] 010:ffn-down-projection: 0.000134000 seconds
[token:18, layer:3] 102:layer-compute-total: 0.000468000 seconds
[token:18, layer:4] 002:attention-norm: 0.000000000 seconds
[token:18, layer:4] 003:qkv-projection: 0.000105000 seconds
[token:18, layer:4] 004:apply-rope: 0.000001000 seconds
[token:18, layer:4] 005:compute-attention: 0.000003000 seconds
[token:18, layer:4] 006:attention-output: 0.000035000 seconds
[token:18, layer:4] 007:ffn-norm: 0.000000000 seconds
[token:18, layer:4] 008:ffn-up-projection: 0.000187000 seconds
[token:18, layer:4] 009:ffn-swiglu: 0.000001000 seconds
[token:18, layer:4] 010:ffn-down-projection: 0.000134000 seconds
[token:18, layer:4] 102:layer-compute-total: 0.000466000 seconds
[token:18, layer:5] 002:attention-norm: 0.000001000 seconds
[token:18, layer:5] 003:qkv-projection: 0.000108000 seconds
[token:18, layer:5] 004:apply-rope: 0.000001000 seconds
[token:18, layer:5] 005:compute-attention: 0.000003000 seconds
[token:18, layer:5] 006:attention-output: 0.000036000 seconds
[token:18, layer:5] 007:ffn-norm: 0.000000000 seconds
[token:18, layer:5] 008:ffn-up-projection: 0.000187000 seconds
[token:18, layer:5] 009:ffn-swiglu: 0.000001000 seconds
[token:18, layer:5] 010:ffn-down-projection: 0.000134000 seconds
[token:18, layer:5] 102:layer-compute-total: 0.000471000 seconds
[token:18] 011:final-projection: 0.009265000 seconds
[token:18] 103:forward-compute-total: 0.012083000 seconds
[token:19] 001:embedding-lookup: 0.000001000 seconds
[token:19, layer:0] 002:attention-norm: 0.000000000 seconds
[token:19, layer:0] 003:qkv-projection: 0.000258000 seconds
[token:19, layer:0] 004:apply-rope: 0.000006000 seconds
[token:19, layer:0] 005:compute-attention: 0.000014000 seconds
[token:19, layer:0] 006:attention-output: 0.000087000 seconds
[token:19, layer:0] 007:ffn-norm: 0.000001000 seconds
[token:19, layer:0] 008:ffn-up-projection: 0.000487000 seconds
[token:19, layer:0] 009:ffn-swiglu: 0.000003000 seconds
[token:19, layer:0] 010:ffn-down-projection: 0.000238000 seconds
[token:19, layer:0] 102:layer-compute-total: 0.001094000 seconds
[token:19, layer:1] 002:attention-norm: 0.000001000 seconds
[token:19, layer:1] 003:qkv-projection: 0.000256000 seconds
[token:19, layer:1] 004:apply-rope: 0.000006000 seconds
[token:19, layer:1] 005:compute-attention: 0.000013000 seconds
[token:19, layer:1] 006:attention-output: 0.000085000 seconds
[token:19, layer:1] 007:ffn-norm: 0.000001000 seconds
[token:19, layer:1] 008:ffn-up-projection: 0.000447000 seconds
[token:19, layer:1] 009:ffn-swiglu: 0.000003000 seconds
[token:19, layer:1] 010:ffn-down-projection: 0.000235000 seconds
[token:19, layer:1] 102:layer-compute-total: 0.001047000 seconds
[token:19, layer:2] 002:attention-norm: 0.000001000 seconds
[token:19, layer:2] 003:qkv-projection: 0.000252000 seconds
[token:19, layer:2] 004:apply-rope: 0.000005000 seconds
[token:19, layer:2] 005:compute-attention: 0.000011000 seconds
[token:19, layer:2] 006:attention-output: 0.000084000 seconds
[token:19, layer:2] 007:ffn-norm: 0.000001000 seconds
[token:19, layer:2] 008:ffn-up-projection: 0.000449000 seconds
[token:19, layer:2] 009:ffn-swiglu: 0.000002000 seconds
[token:19, layer:2] 010:ffn-down-projection: 0.000140000 seconds
[token:19, layer:2] 102:layer-compute-total: 0.000945000 seconds
[token:19, layer:3] 002:attention-norm: 0.000001000 seconds
[token:19, layer:3] 003:qkv-projection: 0.000201000 seconds
[token:19, layer:3] 004:apply-rope: 0.000002000 seconds
[token:19, layer:3] 005:compute-attention: 0.000005000 seconds
[token:19, layer:3] 006:attention-output: 0.000036000 seconds
[token:19, layer:3] 007:ffn-norm: 0.000000000 seconds
[token:19, layer:3] 008:ffn-up-projection: 0.000194000 seconds
[token:19, layer:3] 009:ffn-swiglu: 0.000001000 seconds
[token:19, layer:3] 010:ffn-down-projection: 0.000159000 seconds
[token:19, layer:3] 102:layer-compute-total: 0.000599000 seconds
[token:19, layer:4] 002:attention-norm: 0.000000000 seconds
[token:19, layer:4] 003:qkv-projection: 0.000538000 seconds
[token:19, layer:4] 004:apply-rope: 0.000002000 seconds
[token:19, layer:4] 005:compute-attention: 0.000005000 seconds
[token:19, layer:4] 006:attention-output: 0.000037000 seconds
[token:19, layer:4] 007:ffn-norm: 0.000000000 seconds
[token:19, layer:4] 008:ffn-up-projection: 0.000212000 seconds
[token:19, layer:4] 009:ffn-swiglu: 0.000001000 seconds
[token:19, layer:4] 010:ffn-down-projection: 0.000139000 seconds
[token:19, layer:4] 102:layer-compute-total: 0.000934000 seconds
[token:19, layer:5] 002:attention-norm: 0.000000000 seconds
[token:19, layer:5] 003:qkv-projection: 0.000112000 seconds
[token:19, layer:5] 004:apply-rope: 0.000002000 seconds
[token:19, layer:5] 005:compute-attention: 0.000005000 seconds
[token:19, layer:5] 006:attention-output: 0.000037000 seconds
[token:19, layer:5] 007:ffn-norm: 0.000000000 seconds
[token:19, layer:5] 008:ffn-up-projection: 0.000194000 seconds
[token:19, layer:5] 009:ffn-swiglu: 0.000002000 seconds
[token:19, layer:5] 010:ffn-down-projection: 0.000140000 seconds
[token:19, layer:5] 102:layer-compute-total: 0.000492000 seconds
[token:19] 011:final-projection: 0.004273000 seconds
[token:19] 103:forward-compute-total: 0.009385000 seconds
[token:20] 001:embedding-lookup: 0.000001000 seconds
[token:20, layer:0] 002:attention-norm: 0.000001000 seconds
[token:20, layer:0] 003:qkv-projection: 0.000110000 seconds
[token:20, layer:0] 004:apply-rope: 0.000002000 seconds
[token:20, layer:0] 005:compute-attention: 0.000005000 seconds
[token:20, layer:0] 006:attention-output: 0.000037000 seconds
[token:20, layer:0] 007:ffn-norm: 0.000000000 seconds
[token:20, layer:0] 008:ffn-up-projection: 0.000522000 seconds
[token:20, layer:0] 009:ffn-swiglu: 0.000001000 seconds
[token:20, layer:0] 010:ffn-down-projection: 0.000355000 seconds
[token:20, layer:0] 102:layer-compute-total: 0.001033000 seconds
[token:20, layer:1] 002:attention-norm: 0.000001000 seconds
[token:20, layer:1] 003:qkv-projection: 0.000129000 seconds
[token:20, layer:1] 004:apply-rope: 0.000002000 seconds
[token:20, layer:1] 005:compute-attention: 0.000006000 seconds
[token:20, layer:1] 006:attention-output: 0.000037000 seconds
[token:20, layer:1] 007:ffn-norm: 0.000000000 seconds
[token:20, layer:1] 008:ffn-up-projection: 0.000195000 seconds
[token:20, layer:1] 009:ffn-swiglu: 0.000002000 seconds
[token:20, layer:1] 010:ffn-down-projection: 0.000154000 seconds
[token:20, layer:1] 102:layer-compute-total: 0.000526000 seconds
[token:20, layer:2] 002:attention-norm: 0.000001000 seconds
[token:20, layer:2] 003:qkv-projection: 0.000117000 seconds
[token:20, layer:2] 004:apply-rope: 0.000002000 seconds
[token:20, layer:2] 005:compute-attention: 0.000006000 seconds
[token:20, layer:2] 006:attention-output: 0.000037000 seconds
[token:20, layer:2] 007:ffn-norm: 0.000000000 seconds
[token:20, layer:2] 008:ffn-up-projection: 0.000195000 seconds
[token:20, layer:2] 009:ffn-swiglu: 0.000001000 seconds
[token:20, layer:2] 010:ffn-down-projection: 0.000860000 seconds
[token:20, layer:2] 102:layer-compute-total: 0.001219000 seconds
[token:20, layer:3] 002:attention-norm: 0.000001000 seconds
[token:20, layer:3] 003:qkv-projection: 0.000149000 seconds
[token:20, layer:3] 004:apply-rope: 0.000002000 seconds
[token:20, layer:3] 005:compute-attention: 0.000006000 seconds
[token:20, layer:3] 006:attention-output: 0.000037000 seconds
[token:20, layer:3] 007:ffn-norm: 0.000000000 seconds
[token:20, layer:3] 008:ffn-up-projection: 0.000195000 seconds
[token:20, layer:3] 009:ffn-swiglu: 0.000001000 seconds
[token:20, layer:3] 010:ffn-down-projection: 0.000442000 seconds
[token:20, layer:3] 102:layer-compute-total: 0.000833000 seconds
[token:20, layer:4] 002:attention-norm: 0.000001000 seconds
[token:20, layer:4] 003:qkv-projection: 0.000110000 seconds
[token:20, layer:4] 004:apply-rope: 0.000002000 seconds
[token:20, layer:4] 005:compute-attention: 0.000006000 seconds
[token:20, layer:4] 006:attention-output: 0.000036000 seconds
[token:20, layer:4] 007:ffn-norm: 0.000000000 seconds
[token:20, layer:4] 008:ffn-up-projection: 0.000479000 seconds
[token:20, layer:4] 009:ffn-swiglu: 0.000004000 seconds
[token:20, layer:4] 010:ffn-down-projection: 0.000238000 seconds
[token:20, layer:4] 102:layer-compute-total: 0.000876000 seconds
[token:20, layer:5] 002:attention-norm: 0.000000000 seconds
[token:20, layer:5] 003:qkv-projection: 0.000254000 seconds
[token:20, layer:5] 004:apply-rope: 0.000006000 seconds
[token:20, layer:5] 005:compute-attention: 0.000014000 seconds
[token:20, layer:5] 006:attention-output: 0.000090000 seconds
[token:20, layer:5] 007:ffn-norm: 0.000000000 seconds
[token:20, layer:5] 008:ffn-up-projection: 0.000506000 seconds
[token:20, layer:5] 009:ffn-swiglu: 0.000004000 seconds
[token:20, layer:5] 010:ffn-down-projection: 0.000440000 seconds
[token:20, layer:5] 102:layer-compute-total: 0.001314000 seconds
[token:20] 011:final-projection: 0.004609000 seconds
[token:20] 103:forward-compute-total: 0.010411000 seconds
[token:21] 001:embedding-lookup: 0.000001000 seconds
[token:21, layer:0] 002:attention-norm: 0.000001000 seconds
[token:21, layer:0] 003:qkv-projection: 0.000112000 seconds
[token:21, layer:0] 004:apply-rope: 0.000002000 seconds
[token:21, layer:0] 005:compute-attention: 0.000005000 seconds
[token:21, layer:0] 006:attention-output: 0.000036000 seconds
[token:21, layer:0] 007:ffn-norm: 0.000000000 seconds
[token:21, layer:0] 008:ffn-up-projection: 0.000194000 seconds
[token:21, layer:0] 009:ffn-swiglu: 0.000001000 seconds
[token:21, layer:0] 010:ffn-down-projection: 0.000137000 seconds
[token:21, layer:0] 102:layer-compute-total: 0.000488000 seconds
[token:21, layer:1] 002:attention-norm: 0.000000000 seconds
[token:21, layer:1] 003:qkv-projection: 0.000108000 seconds
[token:21, layer:1] 004:apply-rope: 0.000001000 seconds
[token:21, layer:1] 005:compute-attention: 0.000005000 seconds
[token:21, layer:1] 006:attention-output: 0.000036000 seconds
[token:21, layer:1] 007:ffn-norm: 0.000000000 seconds
[token:21, layer:1] 008:ffn-up-projection: 0.000187000 seconds
[token:21, layer:1] 009:ffn-swiglu: 0.000002000 seconds
[token:21, layer:1] 010:ffn-down-projection: 0.000139000 seconds
[token:21, layer:1] 102:layer-compute-total: 0.000478000 seconds
[token:21, layer:2] 002:attention-norm: 0.000000000 seconds
[token:21, layer:2] 003:qkv-projection: 0.000111000 seconds
[token:21, layer:2] 004:apply-rope: 0.000001000 seconds
[token:21, layer:2] 005:compute-attention: 0.000006000 seconds
[token:21, layer:2] 006:attention-output: 0.000037000 seconds
[token:21, layer:2] 007:ffn-norm: 0.000000000 seconds
[token:21, layer:2] 008:ffn-up-projection: 0.000194000 seconds
[token:21, layer:2] 009:ffn-swiglu: 0.000001000 seconds
[token:21, layer:2] 010:ffn-down-projection: 0.000134000 seconds
[token:21, layer:2] 102:layer-compute-total: 0.000484000 seconds
[token:21, layer:3] 002:attention-norm: 0.000001000 seconds
[token:21, layer:3] 003:qkv-projection: 0.000106000 seconds
[token:21, layer:3] 004:apply-rope: 0.000001000 seconds
[token:21, layer:3] 005:compute-attention: 0.000005000 seconds
[token:21, layer:3] 006:attention-output: 0.000035000 seconds
[token:21, layer:3] 007:ffn-norm: 0.000001000 seconds
[token:21, layer:3] 008:ffn-up-projection: 0.000187000 seconds
[token:21, layer:3] 009:ffn-swiglu: 0.000001000 seconds
[token:21, layer:3] 010:ffn-down-projection: 0.000134000 seconds
[token:21, layer:3] 102:layer-compute-total: 0.000471000 seconds
[token:21, layer:4] 002:attention-norm: 0.000000000 seconds
[token:21, layer:4] 003:qkv-projection: 0.000108000 seconds
[token:21, layer:4] 004:apply-rope: 0.000001000 seconds
[token:21, layer:4] 005:compute-attention: 0.000006000 seconds
[token:21, layer:4] 006:attention-output: 0.000035000 seconds
[token:21, layer:4] 007:ffn-norm: 0.000000000 seconds
[token:21, layer:4] 008:ffn-up-projection: 0.000187000 seconds
[token:21, layer:4] 009:ffn-swiglu: 0.000001000 seconds
[token:21, layer:4] 010:ffn-down-projection: 0.000134000 seconds
[token:21, layer:4] 102:layer-compute-total: 0.000472000 seconds
[token:21, layer:5] 002:attention-norm: 0.000000000 seconds
[token:21, layer:5] 003:qkv-projection: 0.000107000 seconds
[token:21, layer:5] 004:apply-rope: 0.000001000 seconds
[token:21, layer:5] 005:compute-attention: 0.000005000 seconds
[token:21, layer:5] 006:attention-output: 0.000037000 seconds
[token:21, layer:5] 007:ffn-norm: 0.000000000 seconds
[token:21, layer:5] 008:ffn-up-projection: 0.000194000 seconds
[token:21, layer:5] 009:ffn-swiglu: 0.000001000 seconds
[token:21, layer:5] 010:ffn-down-projection: 0.000139000 seconds
[token:21, layer:5] 102:layer-compute-total: 0.000484000 seconds
[token:21] 011:final-projection: 0.004194000 seconds
[token:21] 103:forward-compute-total: 0.007072000 seconds
[token:22] 001:embedding-lookup: 0.000000000 seconds
[token:22, layer:0] 002:attention-norm: 0.000001000 seconds
[token:22, layer:0] 003:qkv-projection: 0.000112000 seconds
[token:22, layer:0] 004:apply-rope: 0.000002000 seconds
[token:22, layer:0] 005:compute-attention: 0.000006000 seconds
[token:22, layer:0] 006:attention-output: 0.000038000 seconds
[token:22, layer:0] 007:ffn-norm: 0.000000000 seconds
[token:22, layer:0] 008:ffn-up-projection: 0.000186000 seconds
[token:22, layer:0] 009:ffn-swiglu: 0.000001000 seconds
[token:22, layer:0] 010:ffn-down-projection: 0.000135000 seconds
[token:22, layer:0] 102:layer-compute-total: 0.000481000 seconds
[token:22, layer:1] 002:attention-norm: 0.000000000 seconds
[token:22, layer:1] 003:qkv-projection: 0.000109000 seconds
[token:22, layer:1] 004:apply-rope: 0.000001000 seconds
[token:22, layer:1] 005:compute-attention: 0.000006000 seconds
[token:22, layer:1] 006:attention-output: 0.000035000 seconds
[token:22, layer:1] 007:ffn-norm: 0.000001000 seconds
[token:22, layer:1] 008:ffn-up-projection: 0.000186000 seconds
[token:22, layer:1] 009:ffn-swiglu: 0.000001000 seconds
[token:22, layer:1] 010:ffn-down-projection: 0.000134000 seconds
[token:22, layer:1] 102:layer-compute-total: 0.000473000 seconds
[token:22, layer:2] 002:attention-norm: 0.000000000 seconds
[token:22, layer:2] 003:qkv-projection: 0.000105000 seconds
[token:22, layer:2] 004:apply-rope: 0.000001000 seconds
[token:22, layer:2] 005:compute-attention: 0.000006000 seconds
[token:22, layer:2] 006:attention-output: 0.000035000 seconds
[token:22, layer:2] 007:ffn-norm: 0.000000000 seconds
[token:22, layer:2] 008:ffn-up-projection: 0.000187000 seconds
[token:22, layer:2] 009:ffn-swiglu: 0.000001000 seconds
[token:22, layer:2] 010:ffn-down-projection: 0.000134000 seconds
[token:22, layer:2] 102:layer-compute-total: 0.000469000 seconds
[token:22, layer:3] 002:attention-norm: 0.000001000 seconds
[token:22, layer:3] 003:qkv-projection: 0.000111000 seconds
[token:22, layer:3] 004:apply-rope: 0.000001000 seconds
[token:22, layer:3] 005:compute-attention: 0.000006000 seconds
[token:22, layer:3] 006:attention-output: 0.000037000 seconds
[token:22, layer:3] 007:ffn-norm: 0.000000000 seconds
[token:22, layer:3] 008:ffn-up-projection: 0.000192000 seconds
[token:22, layer:3] 009:ffn-swiglu: 0.000001000 seconds
[token:22, layer:3] 010:ffn-down-projection: 0.000137000 seconds
[token:22, layer:3] 102:layer-compute-total: 0.000486000 seconds
[token:22, layer:4] 002:attention-norm: 0.000001000 seconds
[token:22, layer:4] 003:qkv-projection: 0.000112000 seconds
[token:22, layer:4] 004:apply-rope: 0.000001000 seconds
[token:22, layer:4] 005:compute-attention: 0.000006000 seconds
[token:22, layer:4] 006:attention-output: 0.000036000 seconds
[token:22, layer:4] 007:ffn-norm: 0.000001000 seconds
[token:22, layer:4] 008:ffn-up-projection: 0.000193000 seconds
[token:22, layer:4] 009:ffn-swiglu: 0.000001000 seconds
[token:22, layer:4] 010:ffn-down-projection: 0.000144000 seconds
[token:22, layer:4] 102:layer-compute-total: 0.000495000 seconds
[token:22, layer:5] 002:attention-norm: 0.000001000 seconds
[token:22, layer:5] 003:qkv-projection: 0.000112000 seconds
[token:22, layer:5] 004:apply-rope: 0.000001000 seconds
[token:22, layer:5] 005:compute-attention: 0.000005000 seconds
[token:22, layer:5] 006:attention-output: 0.000036000 seconds
[token:22, layer:5] 007:ffn-norm: 0.000001000 seconds
[token:22, layer:5] 008:ffn-up-projection: 0.000188000 seconds
[token:22, layer:5] 009:ffn-swiglu: 0.000001000 seconds
[token:22, layer:5] 010:ffn-down-projection: 0.000135000 seconds
[token:22, layer:5] 102:layer-compute-total: 0.000480000 seconds
[token:22] 011:final-projection: 0.003998000 seconds
[token:22] 103:forward-compute-total: 0.006882000 seconds
[token:23] 001:embedding-lookup: 0.000000000 seconds
[token:23, layer:0] 002:attention-norm: 0.000001000 seconds
[token:23, layer:0] 003:qkv-projection: 0.000109000 seconds
[token:23, layer:0] 004:apply-rope: 0.000002000 seconds
[token:23, layer:0] 005:compute-attention: 0.000004000 seconds
[token:23, layer:0] 006:attention-output: 0.000042000 seconds
[token:23, layer:0] 007:ffn-norm: 0.000000000 seconds
[token:23, layer:0] 008:ffn-up-projection: 0.000187000 seconds
[token:23, layer:0] 009:ffn-swiglu: 0.000001000 seconds
[token:23, layer:0] 010:ffn-down-projection: 0.000138000 seconds
[token:23, layer:0] 102:layer-compute-total: 0.000484000 seconds
[token:23, layer:1] 002:attention-norm: 0.000000000 seconds
[token:23, layer:1] 003:qkv-projection: 0.000107000 seconds
[token:23, layer:1] 004:apply-rope: 0.000002000 seconds
[token:23, layer:1] 005:compute-attention: 0.000006000 seconds
[token:23, layer:1] 006:attention-output: 0.000036000 seconds
[token:23, layer:1] 007:ffn-norm: 0.000000000 seconds
[token:23, layer:1] 008:ffn-up-projection: 0.000186000 seconds
[token:23, layer:1] 009:ffn-swiglu: 0.000001000 seconds
[token:23, layer:1] 010:ffn-down-projection: 0.000134000 seconds
[token:23, layer:1] 102:layer-compute-total: 0.000472000 seconds
[token:23, layer:2] 002:attention-norm: 0.000000000 seconds
[token:23, layer:2] 003:qkv-projection: 0.000105000 seconds
[token:23, layer:2] 004:apply-rope: 0.000001000 seconds
[token:23, layer:2] 005:compute-attention: 0.000004000 seconds
[token:23, layer:2] 006:attention-output: 0.000035000 seconds
[token:23, layer:2] 007:ffn-norm: 0.000001000 seconds
[token:23, layer:2] 008:ffn-up-projection: 0.000194000 seconds
[token:23, layer:2] 009:ffn-swiglu: 0.000001000 seconds
[token:23, layer:2] 010:ffn-down-projection: 0.000138000 seconds
[token:23, layer:2] 102:layer-compute-total: 0.000479000 seconds
[token:23, layer:3] 002:attention-norm: 0.000000000 seconds
[token:23, layer:3] 003:qkv-projection: 0.000105000 seconds
[token:23, layer:3] 004:apply-rope: 0.000001000 seconds
[token:23, layer:3] 005:compute-attention: 0.000005000 seconds
[token:23, layer:3] 006:attention-output: 0.000035000 seconds
[token:23, layer:3] 007:ffn-norm: 0.000000000 seconds
[token:23, layer:3] 008:ffn-up-projection: 0.000186000 seconds
[token:23, layer:3] 009:ffn-swiglu: 0.000001000 seconds
[token:23, layer:3] 010:ffn-down-projection: 0.000134000 seconds
[token:23, layer:3] 102:layer-compute-total: 0.000467000 seconds
[token:23, layer:4] 002:attention-norm: 0.000000000 seconds
[token:23, layer:4] 003:qkv-projection: 0.000106000 seconds
[token:23, layer:4] 004:apply-rope: 0.000001000 seconds
[token:23, layer:4] 005:compute-attention: 0.000004000 seconds
[token:23, layer:4] 006:attention-output: 0.000035000 seconds
[token:23, layer:4] 007:ffn-norm: 0.000001000 seconds
[token:23, layer:4] 008:ffn-up-projection: 0.000186000 seconds
[token:23, layer:4] 009:ffn-swiglu: 0.000001000 seconds
[token:23, layer:4] 010:ffn-down-projection: 0.000134000 seconds
[token:23, layer:4] 102:layer-compute-total: 0.000468000 seconds
[token:23, layer:5] 002:attention-norm: 0.000000000 seconds
[token:23, layer:5] 003:qkv-projection: 0.000105000 seconds
[token:23, layer:5] 004:apply-rope: 0.000002000 seconds
[token:23, layer:5] 005:compute-attention: 0.000004000 seconds
[token:23, layer:5] 006:attention-output: 0.000035000 seconds
[token:23, layer:5] 007:ffn-norm: 0.000000000 seconds
[token:23, layer:5] 008:ffn-up-projection: 0.000186000 seconds
[token:23, layer:5] 009:ffn-swiglu: 0.000001000 seconds
[token:23, layer:5] 010:ffn-down-projection: 0.000134000 seconds
[token:23, layer:5] 102:layer-compute-total: 0.000467000 seconds
[token:23] 011:final-projection: 0.004004000 seconds
[token:23] 103:forward-compute-total: 0.006841000 seconds
[token:24] 001:embedding-lookup: 0.000000000 seconds
[token:24, layer:0] 002:attention-norm: 0.000000000 seconds
[token:24, layer:0] 003:qkv-projection: 0.000109000 seconds
[token:24, layer:0] 004:apply-rope: 0.000002000 seconds
[token:24, layer:0] 005:compute-attention: 0.000005000 seconds
[token:24, layer:0] 006:attention-output: 0.000035000 seconds
[token:24, layer:0] 007:ffn-norm: 0.000000000 seconds
[token:24, layer:0] 008:ffn-up-projection: 0.000193000 seconds
[token:24, layer:0] 009:ffn-swiglu: 0.000001000 seconds
[token:24, layer:0] 010:ffn-down-projection: 0.000136000 seconds
[token:24, layer:0] 102:layer-compute-total: 0.000481000 seconds
[token:24, layer:1] 002:attention-norm: 0.000001000 seconds
[token:24, layer:1] 003:qkv-projection: 0.000109000 seconds
[token:24, layer:1] 004:apply-rope: 0.000001000 seconds
[token:24, layer:1] 005:compute-attention: 0.000004000 seconds
[token:24, layer:1] 006:attention-output: 0.000035000 seconds
[token:24, layer:1] 007:ffn-norm: 0.000000000 seconds
[token:24, layer:1] 008:ffn-up-projection: 0.000189000 seconds
[token:24, layer:1] 009:ffn-swiglu: 0.000001000 seconds
[token:24, layer:1] 010:ffn-down-projection: 0.000136000 seconds
[token:24, layer:1] 102:layer-compute-total: 0.000476000 seconds
[token:24, layer:2] 002:attention-norm: 0.000000000 seconds
[token:24, layer:2] 003:qkv-projection: 0.000107000 seconds
[token:24, layer:2] 004:apply-rope: 0.000001000 seconds
[token:24, layer:2] 005:compute-attention: 0.000004000 seconds
[token:24, layer:2] 006:attention-output: 0.000036000 seconds
[token:24, layer:2] 007:ffn-norm: 0.000001000 seconds
[token:24, layer:2] 008:ffn-up-projection: 0.000193000 seconds
[token:24, layer:2] 009:ffn-swiglu: 0.000001000 seconds
[token:24, layer:2] 010:ffn-down-projection: 0.000136000 seconds
[token:24, layer:2] 102:layer-compute-total: 0.000479000 seconds
[token:24, layer:3] 002:attention-norm: 0.000000000 seconds
[token:24, layer:3] 003:qkv-projection: 0.000137000 seconds
[token:24, layer:3] 004:apply-rope: 0.000001000 seconds
[token:24, layer:3] 005:compute-attention: 0.000005000 seconds
[token:24, layer:3] 006:attention-output: 0.000036000 seconds
[token:24, layer:3] 007:ffn-norm: 0.000000000 seconds
[token:24, layer:3] 008:ffn-up-projection: 0.000348000 seconds
[token:24, layer:3] 009:ffn-swiglu: 0.000001000 seconds
[token:24, layer:3] 010:ffn-down-projection: 0.000150000 seconds
[token:24, layer:3] 102:layer-compute-total: 0.000678000 seconds
[token:24, layer:4] 002:attention-norm: 0.000001000 seconds
[token:24, layer:4] 003:qkv-projection: 0.000109000 seconds
[token:24, layer:4] 004:apply-rope: 0.000001000 seconds
[token:24, layer:4] 005:compute-attention: 0.000005000 seconds
[token:24, layer:4] 006:attention-output: 0.000036000 seconds
[token:24, layer:4] 007:ffn-norm: 0.000000000 seconds
[token:24, layer:4] 008:ffn-up-projection: 0.000194000 seconds
[token:24, layer:4] 009:ffn-swiglu: 0.000001000 seconds
[token:24, layer:4] 010:ffn-down-projection: 0.000140000 seconds
[token:24, layer:4] 102:layer-compute-total: 0.000487000 seconds
[token:24, layer:5] 002:attention-norm: 0.000001000 seconds
[token:24, layer:5] 003:qkv-projection: 0.000106000 seconds
[token:24, layer:5] 004:apply-rope: 0.000001000 seconds
[token:24, layer:5] 005:compute-attention: 0.000006000 seconds
[token:24, layer:5] 006:attention-output: 0.000035000 seconds
[token:24, layer:5] 007:ffn-norm: 0.000000000 seconds
[token:24, layer:5] 008:ffn-up-projection: 0.000195000 seconds
[token:24, layer:5] 009:ffn-swiglu: 0.000001000 seconds
[token:24, layer:5] 010:ffn-down-projection: 0.000134000 seconds
[token:24, layer:5] 102:layer-compute-total: 0.000479000 seconds
[token:24] 011:final-projection: 0.003985000 seconds
[token:24] 103:forward-compute-total: 0.007065000 seconds
[token:25] 001:embedding-lookup: 0.000000000 seconds
[token:25, layer:0] 002:attention-norm: 0.000000000 seconds
[token:25, layer:0] 003:qkv-projection: 0.000112000 seconds
[token:25, layer:0] 004:apply-rope: 0.000001000 seconds
[token:25, layer:0] 005:compute-attention: 0.000006000 seconds
[token:25, layer:0] 006:attention-output: 0.000036000 seconds
[token:25, layer:0] 007:ffn-norm: 0.000001000 seconds
[token:25, layer:0] 008:ffn-up-projection: 0.000187000 seconds
[token:25, layer:0] 009:ffn-swiglu: 0.000001000 seconds
[token:25, layer:0] 010:ffn-down-projection: 0.000134000 seconds
[token:25, layer:0] 102:layer-compute-total: 0.000478000 seconds
[token:25, layer:1] 002:attention-norm: 0.000001000 seconds
[token:25, layer:1] 003:qkv-projection: 0.000106000 seconds
[token:25, layer:1] 004:apply-rope: 0.000001000 seconds
[token:25, layer:1] 005:compute-attention: 0.000005000 seconds
[token:25, layer:1] 006:attention-output: 0.000035000 seconds
[token:25, layer:1] 007:ffn-norm: 0.000001000 seconds
[token:25, layer:1] 008:ffn-up-projection: 0.000187000 seconds
[token:25, layer:1] 009:ffn-swiglu: 0.000001000 seconds
[token:25, layer:1] 010:ffn-down-projection: 0.000144000 seconds
[token:25, layer:1] 102:layer-compute-total: 0.000481000 seconds
[token:25, layer:2] 002:attention-norm: 0.000001000 seconds
[token:25, layer:2] 003:qkv-projection: 0.000108000 seconds
[token:25, layer:2] 004:apply-rope: 0.000001000 seconds
[token:25, layer:2] 005:compute-attention: 0.000006000 seconds
[token:25, layer:2] 006:attention-output: 0.000035000 seconds
[token:25, layer:2] 007:ffn-norm: 0.000001000 seconds
[token:25, layer:2] 008:ffn-up-projection: 0.000187000 seconds
[token:25, layer:2] 009:ffn-swiglu: 0.000001000 seconds
[token:25, layer:2] 010:ffn-down-projection: 0.000134000 seconds
[token:25, layer:2] 102:layer-compute-total: 0.000474000 seconds
[token:25, layer:3] 002:attention-norm: 0.000000000 seconds
[token:25, layer:3] 003:qkv-projection: 0.000108000 seconds
[token:25, layer:3] 004:apply-rope: 0.000001000 seconds
[token:25, layer:3] 005:compute-attention: 0.000006000 seconds
[token:25, layer:3] 006:attention-output: 0.000035000 seconds
[token:25, layer:3] 007:ffn-norm: 0.000000000 seconds
[token:25, layer:3] 008:ffn-up-projection: 0.000187000 seconds
[token:25, layer:3] 009:ffn-swiglu: 0.000001000 seconds
[token:25, layer:3] 010:ffn-down-projection: 0.000138000 seconds
[token:25, layer:3] 102:layer-compute-total: 0.000476000 seconds
[token:25, layer:4] 002:attention-norm: 0.000001000 seconds
[token:25, layer:4] 003:qkv-projection: 0.000106000 seconds
[token:25, layer:4] 004:apply-rope: 0.000001000 seconds
[token:25, layer:4] 005:compute-attention: 0.000005000 seconds
[token:25, layer:4] 006:attention-output: 0.000035000 seconds
[token:25, layer:4] 007:ffn-norm: 0.000000000 seconds
[token:25, layer:4] 008:ffn-up-projection: 0.000190000 seconds
[token:25, layer:4] 009:ffn-swiglu: 0.000001000 seconds
[token:25, layer:4] 010:ffn-down-projection: 0.000138000 seconds
[token:25, layer:4] 102:layer-compute-total: 0.000477000 seconds
[token:25, layer:5] 002:attention-norm: 0.000000000 seconds
[token:25, layer:5] 003:qkv-projection: 0.000105000 seconds
[token:25, layer:5] 004:apply-rope: 0.000002000 seconds
[token:25, layer:5] 005:compute-attention: 0.000004000 seconds
[token:25, layer:5] 006:attention-output: 0.000035000 seconds
[token:25, layer:5] 007:ffn-norm: 0.000000000 seconds
[token:25, layer:5] 008:ffn-up-projection: 0.000187000 seconds
[token:25, layer:5] 009:ffn-swiglu: 0.000001000 seconds
[token:25, layer:5] 010:ffn-down-projection: 0.000135000 seconds
[token:25, layer:5] 102:layer-compute-total: 0.000469000 seconds
[token:25] 011:final-projection: 0.004000000 seconds
[token:25] 103:forward-compute-total: 0.006855000 seconds
[token:26] 001:embedding-lookup: 0.000000000 seconds
[token:26, layer:0] 002:attention-norm: 0.000000000 seconds
[token:26, layer:0] 003:qkv-projection: 0.000112000 seconds
[token:26, layer:0] 004:apply-rope: 0.000001000 seconds
[token:26, layer:0] 005:compute-attention: 0.000004000 seconds
[token:26, layer:0] 006:attention-output: 0.000039000 seconds
[token:26, layer:0] 007:ffn-norm: 0.000000000 seconds
[token:26, layer:0] 008:ffn-up-projection: 0.000187000 seconds
[token:26, layer:0] 009:ffn-swiglu: 0.000001000 seconds
[token:26, layer:0] 010:ffn-down-projection: 0.000135000 seconds
[token:26, layer:0] 102:layer-compute-total: 0.000479000 seconds
[token:26, layer:1] 002:attention-norm: 0.000000000 seconds
[token:26, layer:1] 003:qkv-projection: 0.000111000 seconds
[token:26, layer:1] 004:apply-rope: 0.000001000 seconds
[token:26, layer:1] 005:compute-attention: 0.000005000 seconds
[token:26, layer:1] 006:attention-output: 0.000041000 seconds
[token:26, layer:1] 007:ffn-norm: 0.000000000 seconds
[token:26, layer:1] 008:ffn-up-projection: 0.000198000 seconds
[token:26, layer:1] 009:ffn-swiglu: 0.000001000 seconds
[token:26, layer:1] 010:ffn-down-projection: 0.000138000 seconds
[token:26, layer:1] 102:layer-compute-total: 0.000495000 seconds
[token:26, layer:2] 002:attention-norm: 0.000000000 seconds
[token:26, layer:2] 003:qkv-projection: 0.000107000 seconds
[token:26, layer:2] 004:apply-rope: 0.000002000 seconds
[token:26, layer:2] 005:compute-attention: 0.000005000 seconds
[token:26, layer:2] 006:attention-output: 0.000036000 seconds
[token:26, layer:2] 007:ffn-norm: 0.000000000 seconds
[token:26, layer:2] 008:ffn-up-projection: 0.000196000 seconds
[token:26, layer:2] 009:ffn-swiglu: 0.000001000 seconds
[token:26, layer:2] 010:ffn-down-projection: 0.000139000 seconds
[token:26, layer:2] 102:layer-compute-total: 0.000486000 seconds
[token:26, layer:3] 002:attention-norm: 0.000000000 seconds
[token:26, layer:3] 003:qkv-projection: 0.000127000 seconds
[token:26, layer:3] 004:apply-rope: 0.000002000 seconds
[token:26, layer:3] 005:compute-attention: 0.000005000 seconds
[token:26, layer:3] 006:attention-output: 0.000036000 seconds
[token:26, layer:3] 007:ffn-norm: 0.000001000 seconds
[token:26, layer:3] 008:ffn-up-projection: 0.000190000 seconds
[token:26, layer:3] 009:ffn-swiglu: 0.000001000 seconds
[token:26, layer:3] 010:ffn-down-projection: 0.000140000 seconds
[token:26, layer:3] 102:layer-compute-total: 0.000502000 seconds
[token:26, layer:4] 002:attention-norm: 0.000000000 seconds
[token:26, layer:4] 003:qkv-projection: 0.000110000 seconds
[token:26, layer:4] 004:apply-rope: 0.000001000 seconds
[token:26, layer:4] 005:compute-attention: 0.000005000 seconds
[token:26, layer:4] 006:attention-output: 0.000036000 seconds
[token:26, layer:4] 007:ffn-norm: 0.000000000 seconds
[token:26, layer:4] 008:ffn-up-projection: 0.000193000 seconds
[token:26, layer:4] 009:ffn-swiglu: 0.000001000 seconds
[token:26, layer:4] 010:ffn-down-projection: 0.000136000 seconds
[token:26, layer:4] 102:layer-compute-total: 0.000482000 seconds
[token:26, layer:5] 002:attention-norm: 0.000000000 seconds
[token:26, layer:5] 003:qkv-projection: 0.000107000 seconds
[token:26, layer:5] 004:apply-rope: 0.000002000 seconds
[token:26, layer:5] 005:compute-attention: 0.000005000 seconds
[token:26, layer:5] 006:attention-output: 0.000035000 seconds
[token:26, layer:5] 007:ffn-norm: 0.000000000 seconds
[token:26, layer:5] 008:ffn-up-projection: 0.000190000 seconds
[token:26, layer:5] 009:ffn-swiglu: 0.000001000 seconds
[token:26, layer:5] 010:ffn-down-projection: 0.000139000 seconds
[token:26, layer:5] 102:layer-compute-total: 0.000479000 seconds
[token:26] 011:final-projection: 0.004281000 seconds
[token:26] 103:forward-compute-total: 0.007204000 seconds
[token:27] 001:embedding-lookup: 0.000000000 seconds
[token:27, layer:0] 002:attention-norm: 0.000000000 seconds
[token:27, layer:0] 003:qkv-projection: 0.000111000 seconds
[token:27, layer:0] 004:apply-rope: 0.000001000 seconds
[token:27, layer:0] 005:compute-attention: 0.000007000 seconds
[token:27, layer:0] 006:attention-output: 0.000035000 seconds
[token:27, layer:0] 007:ffn-norm: 0.000001000 seconds
[token:27, layer:0] 008:ffn-up-projection: 0.000220000 seconds
[token:27, layer:0] 009:ffn-swiglu: 0.000001000 seconds
[token:27, layer:0] 010:ffn-down-projection: 0.000133000 seconds
[token:27, layer:0] 102:layer-compute-total: 0.000509000 seconds
[token:27, layer:1] 002:attention-norm: 0.000001000 seconds
[token:27, layer:1] 003:qkv-projection: 0.000106000 seconds
[token:27, layer:1] 004:apply-rope: 0.000001000 seconds
[token:27, layer:1] 005:compute-attention: 0.000008000 seconds
[token:27, layer:1] 006:attention-output: 0.000036000 seconds
[token:27, layer:1] 007:ffn-norm: 0.000000000 seconds
[token:27, layer:1] 008:ffn-up-projection: 0.000192000 seconds
[token:27, layer:1] 009:ffn-swiglu: 0.000001000 seconds
[token:27, layer:1] 010:ffn-down-projection: 0.000133000 seconds
[token:27, layer:1] 102:layer-compute-total: 0.000478000 seconds
[token:27, layer:2] 002:attention-norm: 0.000001000 seconds
[token:27, layer:2] 003:qkv-projection: 0.000105000 seconds
[token:27, layer:2] 004:apply-rope: 0.000001000 seconds
[token:27, layer:2] 005:compute-attention: 0.000008000 seconds
[token:27, layer:2] 006:attention-output: 0.000035000 seconds
[token:27, layer:2] 007:ffn-norm: 0.000000000 seconds
[token:27, layer:2] 008:ffn-up-projection: 0.000187000 seconds
[token:27, layer:2] 009:ffn-swiglu: 0.000001000 seconds
[token:27, layer:2] 010:ffn-down-projection: 0.000134000 seconds
[token:27, layer:2] 102:layer-compute-total: 0.000472000 seconds
[token:27, layer:3] 002:attention-norm: 0.000000000 seconds
[token:27, layer:3] 003:qkv-projection: 0.000105000 seconds
[token:27, layer:3] 004:apply-rope: 0.000002000 seconds
[token:27, layer:3] 005:compute-attention: 0.000008000 seconds
[token:27, layer:3] 006:attention-output: 0.000035000 seconds
[token:27, layer:3] 007:ffn-norm: 0.000000000 seconds
[token:27, layer:3] 008:ffn-up-projection: 0.000195000 seconds
[token:27, layer:3] 009:ffn-swiglu: 0.000001000 seconds
[token:27, layer:3] 010:ffn-down-projection: 0.000133000 seconds
[token:27, layer:3] 102:layer-compute-total: 0.000479000 seconds
[token:27, layer:4] 002:attention-norm: 0.000000000 seconds
[token:27, layer:4] 003:qkv-projection: 0.000110000 seconds
[token:27, layer:4] 004:apply-rope: 0.000002000 seconds
[token:27, layer:4] 005:compute-attention: 0.000008000 seconds
[token:27, layer:4] 006:attention-output: 0.000035000 seconds
[token:27, layer:4] 007:ffn-norm: 0.000001000 seconds
[token:27, layer:4] 008:ffn-up-projection: 0.000187000 seconds
[token:27, layer:4] 009:ffn-swiglu: 0.000001000 seconds
[token:27, layer:4] 010:ffn-down-projection: 0.000133000 seconds
[token:27, layer:4] 102:layer-compute-total: 0.000477000 seconds
[token:27, layer:5] 002:attention-norm: 0.000000000 seconds
[token:27, layer:5] 003:qkv-projection: 0.000106000 seconds
[token:27, layer:5] 004:apply-rope: 0.000001000 seconds
[token:27, layer:5] 005:compute-attention: 0.000008000 seconds
[token:27, layer:5] 006:attention-output: 0.000036000 seconds
[token:27, layer:5] 007:ffn-norm: 0.000000000 seconds
[token:27, layer:5] 008:ffn-up-projection: 0.000186000 seconds
[token:27, layer:5] 009:ffn-swiglu: 0.000001000 seconds
[token:27, layer:5] 010:ffn-down-projection: 0.000134000 seconds
[token:27, layer:5] 102:layer-compute-total: 0.000472000 seconds
[token:27] 011:final-projection: 0.003997000 seconds
[token:27] 103:forward-compute-total: 0.006884000 seconds
[token:28] 001:embedding-lookup: 0.000001000 seconds
[token:28, layer:0] 002:attention-norm: 0.000000000 seconds
[token:28, layer:0] 003:qkv-projection: 0.000116000 seconds
[token:28, layer:0] 004:apply-rope: 0.000002000 seconds
[token:28, layer:0] 005:compute-attention: 0.000006000 seconds
[token:28, layer:0] 006:attention-output: 0.000035000 seconds
[token:28, layer:0] 007:ffn-norm: 0.000000000 seconds
[token:28, layer:0] 008:ffn-up-projection: 0.000196000 seconds
[token:28, layer:0] 009:ffn-swiglu: 0.000001000 seconds
[token:28, layer:0] 010:ffn-down-projection: 0.000137000 seconds
[token:28, layer:0] 102:layer-compute-total: 0.000493000 seconds
[token:28, layer:1] 002:attention-norm: 0.000001000 seconds
[token:28, layer:1] 003:qkv-projection: 0.000112000 seconds
[token:28, layer:1] 004:apply-rope: 0.000001000 seconds
[token:28, layer:1] 005:compute-attention: 0.000004000 seconds
[token:28, layer:1] 006:attention-output: 0.000036000 seconds
[token:28, layer:1] 007:ffn-norm: 0.000000000 seconds
[token:28, layer:1] 008:ffn-up-projection: 0.000193000 seconds
[token:28, layer:1] 009:ffn-swiglu: 0.000001000 seconds
[token:28, layer:1] 010:ffn-down-projection: 0.000133000 seconds
[token:28, layer:1] 102:layer-compute-total: 0.000481000 seconds
[token:28, layer:2] 002:attention-norm: 0.000001000 seconds
[token:28, layer:2] 003:qkv-projection: 0.000108000 seconds
[token:28, layer:2] 004:apply-rope: 0.000002000 seconds
[token:28, layer:2] 005:compute-attention: 0.000005000 seconds
[token:28, layer:2] 006:attention-output: 0.000036000 seconds
[token:28, layer:2] 007:ffn-norm: 0.000000000 seconds
[token:28, layer:2] 008:ffn-up-projection: 0.000195000 seconds
[token:28, layer:2] 009:ffn-swiglu: 0.000001000 seconds
[token:28, layer:2] 010:ffn-down-projection: 0.000150000 seconds
[token:28, layer:2] 102:layer-compute-total: 0.000498000 seconds
[token:28, layer:3] 002:attention-norm: 0.000001000 seconds
[token:28, layer:3] 003:qkv-projection: 0.000107000 seconds
[token:28, layer:3] 004:apply-rope: 0.000002000 seconds
[token:28, layer:3] 005:compute-attention: 0.000004000 seconds
[token:28, layer:3] 006:attention-output: 0.000035000 seconds
[token:28, layer:3] 007:ffn-norm: 0.000001000 seconds
[token:28, layer:3] 008:ffn-up-projection: 0.000209000 seconds
[token:28, layer:3] 009:ffn-swiglu: 0.000001000 seconds
[token:28, layer:3] 010:ffn-down-projection: 0.000139000 seconds
[token:28, layer:3] 102:layer-compute-total: 0.000499000 seconds
[token:28, layer:4] 002:attention-norm: 0.000000000 seconds
[token:28, layer:4] 003:qkv-projection: 0.000110000 seconds
[token:28, layer:4] 004:apply-rope: 0.000002000 seconds
[token:28, layer:4] 005:compute-attention: 0.000005000 seconds
[token:28, layer:4] 006:attention-output: 0.000036000 seconds
[token:28, layer:4] 007:ffn-norm: 0.000000000 seconds
[token:28, layer:4] 008:ffn-up-projection: 0.000189000 seconds
[token:28, layer:4] 009:ffn-swiglu: 0.000001000 seconds
[token:28, layer:4] 010:ffn-down-projection: 0.000150000 seconds
[token:28, layer:4] 102:layer-compute-total: 0.000493000 seconds
[token:28, layer:5] 002:attention-norm: 0.000000000 seconds
[token:28, layer:5] 003:qkv-projection: 0.000109000 seconds
[token:28, layer:5] 004:apply-rope: 0.000001000 seconds
[token:28, layer:5] 005:compute-attention: 0.000004000 seconds
[token:28, layer:5] 006:attention-output: 0.000038000 seconds
[token:28, layer:5] 007:ffn-norm: 0.000000000 seconds
[token:28, layer:5] 008:ffn-up-projection: 0.000198000 seconds
[token:28, layer:5] 009:ffn-swiglu: 0.000001000 seconds
[token:28, layer:5] 010:ffn-down-projection: 0.000142000 seconds
[token:28, layer:5] 102:layer-compute-total: 0.000493000 seconds
[token:28] 011:final-projection: 0.004310000 seconds
[token:28] 103:forward-compute-total: 0.007268000 seconds
[token:29] 001:embedding-lookup: 0.000000000 seconds
[token:29, layer:0] 002:attention-norm: 0.000001000 seconds
[token:29, layer:0] 003:qkv-projection: 0.000116000 seconds
[token:29, layer:0] 004:apply-rope: 0.000002000 seconds
[token:29, layer:0] 005:compute-attention: 0.000008000 seconds
[token:29, layer:0] 006:attention-output: 0.000036000 seconds
[token:29, layer:0] 007:ffn-norm: 0.000000000 seconds
[token:29, layer:0] 008:ffn-up-projection: 0.000187000 seconds
[token:29, layer:0] 009:ffn-swiglu: 0.000001000 seconds
[token:29, layer:0] 010:ffn-down-projection: 0.000134000 seconds
[token:29, layer:0] 102:layer-compute-total: 0.000485000 seconds
[token:29, layer:1] 002:attention-norm: 0.000000000 seconds
[token:29, layer:1] 003:qkv-projection: 0.000113000 seconds
[token:29, layer:1] 004:apply-rope: 0.000001000 seconds
[token:29, layer:1] 005:compute-attention: 0.000007000 seconds
[token:29, layer:1] 006:attention-output: 0.000035000 seconds
[token:29, layer:1] 007:ffn-norm: 0.000001000 seconds
[token:29, layer:1] 008:ffn-up-projection: 0.000189000 seconds
[token:29, layer:1] 009:ffn-swiglu: 0.000001000 seconds
[token:29, layer:1] 010:ffn-down-projection: 0.000148000 seconds
[token:29, layer:1] 102:layer-compute-total: 0.000495000 seconds
[token:29, layer:2] 002:attention-norm: 0.000001000 seconds
[token:29, layer:2] 003:qkv-projection: 0.000111000 seconds
[token:29, layer:2] 004:apply-rope: 0.000002000 seconds
[token:29, layer:2] 005:compute-attention: 0.000008000 seconds
[token:29, layer:2] 006:attention-output: 0.000036000 seconds
[token:29, layer:2] 007:ffn-norm: 0.000001000 seconds
[token:29, layer:2] 008:ffn-up-projection: 0.000187000 seconds
[token:29, layer:2] 009:ffn-swiglu: 0.000001000 seconds
[token:29, layer:2] 010:ffn-down-projection: 0.000134000 seconds
[token:29, layer:2] 102:layer-compute-total: 0.000481000 seconds
[token:29, layer:3] 002:attention-norm: 0.000000000 seconds
[token:29, layer:3] 003:qkv-projection: 0.000105000 seconds
[token:29, layer:3] 004:apply-rope: 0.000002000 seconds
[token:29, layer:3] 005:compute-attention: 0.000008000 seconds
[token:29, layer:3] 006:attention-output: 0.000035000 seconds
[token:29, layer:3] 007:ffn-norm: 0.000000000 seconds
[token:29, layer:3] 008:ffn-up-projection: 0.000196000 seconds
[token:29, layer:3] 009:ffn-swiglu: 0.000001000 seconds
[token:29, layer:3] 010:ffn-down-projection: 0.000138000 seconds
[token:29, layer:3] 102:layer-compute-total: 0.000485000 seconds
[token:29, layer:4] 002:attention-norm: 0.000000000 seconds
[token:29, layer:4] 003:qkv-projection: 0.000110000 seconds
[token:29, layer:4] 004:apply-rope: 0.000001000 seconds
[token:29, layer:4] 005:compute-attention: 0.000007000 seconds
[token:29, layer:4] 006:attention-output: 0.000037000 seconds
[token:29, layer:4] 007:ffn-norm: 0.000000000 seconds
[token:29, layer:4] 008:ffn-up-projection: 0.000190000 seconds
[token:29, layer:4] 009:ffn-swiglu: 0.000001000 seconds
[token:29, layer:4] 010:ffn-down-projection: 0.000139000 seconds
[token:29, layer:4] 102:layer-compute-total: 0.000485000 seconds
[token:29, layer:5] 002:attention-norm: 0.000000000 seconds
[token:29, layer:5] 003:qkv-projection: 0.000107000 seconds
[token:29, layer:5] 004:apply-rope: 0.000001000 seconds
[token:29, layer:5] 005:compute-attention: 0.000008000 seconds
[token:29, layer:5] 006:attention-output: 0.000036000 seconds
[token:29, layer:5] 007:ffn-norm: 0.000000000 seconds
[token:29, layer:5] 008:ffn-up-projection: 0.000189000 seconds
[token:29, layer:5] 009:ffn-swiglu: 0.000001000 seconds
[token:29, layer:5] 010:ffn-down-projection: 0.000137000 seconds
[token:29, layer:5] 102:layer-compute-total: 0.000479000 seconds
[token:29] 011:final-projection: 0.004038000 seconds
[token:29] 103:forward-compute-total: 0.006948000 seconds
[token:30] 001:embedding-lookup: 0.000000000 seconds
[token:30, layer:0] 002:attention-norm: 0.000000000 seconds
[token:30, layer:0] 003:qkv-projection: 0.000107000 seconds
[token:30, layer:0] 004:apply-rope: 0.000002000 seconds
[token:30, layer:0] 005:compute-attention: 0.000005000 seconds
[token:30, layer:0] 006:attention-output: 0.000035000 seconds
[token:30, layer:0] 007:ffn-norm: 0.000000000 seconds
[token:30, layer:0] 008:ffn-up-projection: 0.000197000 seconds
[token:30, layer:0] 009:ffn-swiglu: 0.000001000 seconds
[token:30, layer:0] 010:ffn-down-projection: 0.000146000 seconds
[token:30, layer:0] 102:layer-compute-total: 0.000493000 seconds
[token:30, layer:1] 002:attention-norm: 0.000000000 seconds
[token:30, layer:1] 003:qkv-projection: 0.000111000 seconds
[token:30, layer:1] 004:apply-rope: 0.000002000 seconds
[token:30, layer:1] 005:compute-attention: 0.000007000 seconds
[token:30, layer:1] 006:attention-output: 0.000036000 seconds
[token:30, layer:1] 007:ffn-norm: 0.000000000 seconds
[token:30, layer:1] 008:ffn-up-projection: 0.000187000 seconds
[token:30, layer:1] 009:ffn-swiglu: 0.000002000 seconds
[token:30, layer:1] 010:ffn-down-projection: 0.000139000 seconds
[token:30, layer:1] 102:layer-compute-total: 0.000484000 seconds
[token:30, layer:2] 002:attention-norm: 0.000000000 seconds
[token:30, layer:2] 003:qkv-projection: 0.000117000 seconds
[token:30, layer:2] 004:apply-rope: 0.000001000 seconds
[token:30, layer:2] 005:compute-attention: 0.000005000 seconds
[token:30, layer:2] 006:attention-output: 0.000035000 seconds
[token:30, layer:2] 007:ffn-norm: 0.000001000 seconds
[token:30, layer:2] 008:ffn-up-projection: 0.000192000 seconds
[token:30, layer:2] 009:ffn-swiglu: 0.000001000 seconds
[token:30, layer:2] 010:ffn-down-projection: 0.000136000 seconds
[token:30, layer:2] 102:layer-compute-total: 0.000488000 seconds
[token:30, layer:3] 002:attention-norm: 0.000000000 seconds
[token:30, layer:3] 003:qkv-projection: 0.000110000 seconds
[token:30, layer:3] 004:apply-rope: 0.000002000 seconds
[token:30, layer:3] 005:compute-attention: 0.000005000 seconds
[token:30, layer:3] 006:attention-output: 0.000035000 seconds
[token:30, layer:3] 007:ffn-norm: 0.000001000 seconds
[token:30, layer:3] 008:ffn-up-projection: 0.000192000 seconds
[token:30, layer:3] 009:ffn-swiglu: 0.000001000 seconds
[token:30, layer:3] 010:ffn-down-projection: 0.000133000 seconds
[token:30, layer:3] 102:layer-compute-total: 0.000479000 seconds
[token:30, layer:4] 002:attention-norm: 0.000000000 seconds
[token:30, layer:4] 003:qkv-projection: 0.000105000 seconds
[token:30, layer:4] 004:apply-rope: 0.000001000 seconds
[token:30, layer:4] 005:compute-attention: 0.000005000 seconds
[token:30, layer:4] 006:attention-output: 0.000038000 seconds
[token:30, layer:4] 007:ffn-norm: 0.000000000 seconds
[token:30, layer:4] 008:ffn-up-projection: 0.000193000 seconds
[token:30, layer:4] 009:ffn-swiglu: 0.000001000 seconds
[token:30, layer:4] 010:ffn-down-projection: 0.000139000 seconds
[token:30, layer:4] 102:layer-compute-total: 0.000482000 seconds
[token:30, layer:5] 002:attention-norm: 0.000001000 seconds
[token:30, layer:5] 003:qkv-projection: 0.000105000 seconds
[token:30, layer:5] 004:apply-rope: 0.000002000 seconds
[token:30, layer:5] 005:compute-attention: 0.000005000 seconds
[token:30, layer:5] 006:attention-output: 0.000035000 seconds
[token:30, layer:5] 007:ffn-norm: 0.000000000 seconds
[token:30, layer:5] 008:ffn-up-projection: 0.000212000 seconds
[token:30, layer:5] 009:ffn-swiglu: 0.000001000 seconds
[token:30, layer:5] 010:ffn-down-projection: 0.000138000 seconds
[token:30, layer:5] 102:layer-compute-total: 0.000499000 seconds
[token:30] 011:final-projection: 0.004915000 seconds
[token:30] 103:forward-compute-total: 0.007840000 seconds
[token:31] 001:embedding-lookup: 0.000000000 seconds
[token:31, layer:0] 002:attention-norm: 0.000001000 seconds
[token:31, layer:0] 003:qkv-projection: 0.000110000 seconds
[token:31, layer:0] 004:apply-rope: 0.000002000 seconds
[token:31, layer:0] 005:compute-attention: 0.000009000 seconds
[token:31, layer:0] 006:attention-output: 0.000037000 seconds
[token:31, layer:0] 007:ffn-norm: 0.000001000 seconds
[token:31, layer:0] 008:ffn-up-projection: 0.000194000 seconds
[token:31, layer:0] 009:ffn-swiglu: 0.000001000 seconds
[token:31, layer:0] 010:ffn-down-projection: 0.000140000 seconds
[token:31, layer:0] 102:layer-compute-total: 0.000495000 seconds
[token:31, layer:1] 002:attention-norm: 0.000001000 seconds
[token:31, layer:1] 003:qkv-projection: 0.000109000 seconds
[token:31, layer:1] 004:apply-rope: 0.000001000 seconds
[token:31, layer:1] 005:compute-attention: 0.000007000 seconds
[token:31, layer:1] 006:attention-output: 0.000037000 seconds
[token:31, layer:1] 007:ffn-norm: 0.000001000 seconds
[token:31, layer:1] 008:ffn-up-projection: 0.000194000 seconds
[token:31, layer:1] 009:ffn-swiglu: 0.000001000 seconds
[token:31, layer:1] 010:ffn-down-projection: 0.000139000 seconds
[token:31, layer:1] 102:layer-compute-total: 0.000490000 seconds
[token:31, layer:2] 002:attention-norm: 0.000001000 seconds
[token:31, layer:2] 003:qkv-projection: 0.000110000 seconds
[token:31, layer:2] 004:apply-rope: 0.000001000 seconds
[token:31, layer:2] 005:compute-attention: 0.000007000 seconds
[token:31, layer:2] 006:attention-output: 0.000037000 seconds
[token:31, layer:2] 007:ffn-norm: 0.000000000 seconds
[token:31, layer:2] 008:ffn-up-projection: 0.000195000 seconds
[token:31, layer:2] 009:ffn-swiglu: 0.000001000 seconds
[token:31, layer:2] 010:ffn-down-projection: 0.000140000 seconds
[token:31, layer:2] 102:layer-compute-total: 0.000492000 seconds
[token:31, layer:3] 002:attention-norm: 0.000000000 seconds
[token:31, layer:3] 003:qkv-projection: 0.000109000 seconds
[token:31, layer:3] 004:apply-rope: 0.000002000 seconds
[token:31, layer:3] 005:compute-attention: 0.000007000 seconds
[token:31, layer:3] 006:attention-output: 0.000037000 seconds
[token:31, layer:3] 007:ffn-norm: 0.000000000 seconds
[token:31, layer:3] 008:ffn-up-projection: 0.000194000 seconds
[token:31, layer:3] 009:ffn-swiglu: 0.000001000 seconds
[token:31, layer:3] 010:ffn-down-projection: 0.000139000 seconds
[token:31, layer:3] 102:layer-compute-total: 0.000489000 seconds
[token:31, layer:4] 002:attention-norm: 0.000000000 seconds
[token:31, layer:4] 003:qkv-projection: 0.000109000 seconds
[token:31, layer:4] 004:apply-rope: 0.000001000 seconds
[token:31, layer:4] 005:compute-attention: 0.000008000 seconds
[token:31, layer:4] 006:attention-output: 0.000037000 seconds
[token:31, layer:4] 007:ffn-norm: 0.000000000 seconds
[token:31, layer:4] 008:ffn-up-projection: 0.000194000 seconds
[token:31, layer:4] 009:ffn-swiglu: 0.000002000 seconds
[token:31, layer:4] 010:ffn-down-projection: 0.000139000 seconds
[token:31, layer:4] 102:layer-compute-total: 0.000490000 seconds
[token:31, layer:5] 002:attention-norm: 0.000001000 seconds
[token:31, layer:5] 003:qkv-projection: 0.000110000 seconds
[token:31, layer:5] 004:apply-rope: 0.000001000 seconds
[token:31, layer:5] 005:compute-attention: 0.000008000 seconds
[token:31, layer:5] 006:attention-output: 0.000037000 seconds
[token:31, layer:5] 007:ffn-norm: 0.000000000 seconds
[token:31, layer:5] 008:ffn-up-projection: 0.000194000 seconds
[token:31, layer:5] 009:ffn-swiglu: 0.000001000 seconds
[token:31, layer:5] 010:ffn-down-projection: 0.000139000 seconds
[token:31, layer:5] 102:layer-compute-total: 0.000491000 seconds
[token:31] 011:final-projection: 0.004092000 seconds
[token:31] 103:forward-compute-total: 0.007039000 seconds
[token:32] 001:embedding-lookup: 0.000000000 seconds
[token:32, layer:0] 002:attention-norm: 0.000000000 seconds
[token:32, layer:0] 003:qkv-projection: 0.000109000 seconds
[token:32, layer:0] 004:apply-rope: 0.000002000 seconds
[token:32, layer:0] 005:compute-attention: 0.000008000 seconds
[token:32, layer:0] 006:attention-output: 0.000036000 seconds
[token:32, layer:0] 007:ffn-norm: 0.000000000 seconds
[token:32, layer:0] 008:ffn-up-projection: 0.000195000 seconds
[token:32, layer:0] 009:ffn-swiglu: 0.000001000 seconds
[token:32, layer:0] 010:ffn-down-projection: 0.000140000 seconds
[token:32, layer:0] 102:layer-compute-total: 0.000491000 seconds
[token:32, layer:1] 002:attention-norm: 0.000001000 seconds
[token:32, layer:1] 003:qkv-projection: 0.000110000 seconds
[token:32, layer:1] 004:apply-rope: 0.000001000 seconds
[token:32, layer:1] 005:compute-attention: 0.000008000 seconds
[token:32, layer:1] 006:attention-output: 0.000037000 seconds
[token:32, layer:1] 007:ffn-norm: 0.000000000 seconds
[token:32, layer:1] 008:ffn-up-projection: 0.000194000 seconds
[token:32, layer:1] 009:ffn-swiglu: 0.000001000 seconds
[token:32, layer:1] 010:ffn-down-projection: 0.000139000 seconds
[token:32, layer:1] 102:layer-compute-total: 0.000491000 seconds
[token:32, layer:2] 002:attention-norm: 0.000001000 seconds
[token:32, layer:2] 003:qkv-projection: 0.000110000 seconds
[token:32, layer:2] 004:apply-rope: 0.000001000 seconds
[token:32, layer:2] 005:compute-attention: 0.000008000 seconds
[token:32, layer:2] 006:attention-output: 0.000037000 seconds
[token:32, layer:2] 007:ffn-norm: 0.000000000 seconds
[token:32, layer:2] 008:ffn-up-projection: 0.000195000 seconds
[token:32, layer:2] 009:ffn-swiglu: 0.000001000 seconds
[token:32, layer:2] 010:ffn-down-projection: 0.000139000 seconds
[token:32, layer:2] 102:layer-compute-total: 0.000492000 seconds
[token:32, layer:3] 002:attention-norm: 0.000000000 seconds
[token:32, layer:3] 003:qkv-projection: 0.000110000 seconds
[token:32, layer:3] 004:apply-rope: 0.000001000 seconds
[token:32, layer:3] 005:compute-attention: 0.000008000 seconds
[token:32, layer:3] 006:attention-output: 0.000037000 seconds
[token:32, layer:3] 007:ffn-norm: 0.000000000 seconds
[token:32, layer:3] 008:ffn-up-projection: 0.000195000 seconds
[token:32, layer:3] 009:ffn-swiglu: 0.000001000 seconds
[token:32, layer:3] 010:ffn-down-projection: 0.000140000 seconds
[token:32, layer:3] 102:layer-compute-total: 0.000492000 seconds
[token:32, layer:4] 002:attention-norm: 0.000000000 seconds
[token:32, layer:4] 003:qkv-projection: 0.000110000 seconds
[token:32, layer:4] 004:apply-rope: 0.000002000 seconds
[token:32, layer:4] 005:compute-attention: 0.000007000 seconds
[token:32, layer:4] 006:attention-output: 0.000037000 seconds
[token:32, layer:4] 007:ffn-norm: 0.000000000 seconds
[token:32, layer:4] 008:ffn-up-projection: 0.000194000 seconds
[token:32, layer:4] 009:ffn-swiglu: 0.000001000 seconds
[token:32, layer:4] 010:ffn-down-projection: 0.000139000 seconds
[token:32, layer:4] 102:layer-compute-total: 0.000490000 seconds
[token:32, layer:5] 002:attention-norm: 0.000000000 seconds
[token:32, layer:5] 003:qkv-projection: 0.000110000 seconds
[token:32, layer:5] 004:apply-rope: 0.000002000 seconds
[token:32, layer:5] 005:compute-attention: 0.000007000 seconds
[token:32, layer:5] 006:attention-output: 0.000037000 seconds
[token:32, layer:5] 007:ffn-norm: 0.000000000 seconds
[token:32, layer:5] 008:ffn-up-projection: 0.000194000 seconds
[token:32, layer:5] 009:ffn-swiglu: 0.000001000 seconds
[token:32, layer:5] 010:ffn-down-projection: 0.000139000 seconds
[token:32, layer:5] 102:layer-compute-total: 0.000490000 seconds
[token:32] 011:final-projection: 0.004592000 seconds
[token:32] 103:forward-compute-total: 0.007538000 seconds
[token:33] 001:embedding-lookup: 0.000001000 seconds
[token:33, layer:0] 002:attention-norm: 0.000001000 seconds
[token:33, layer:0] 003:qkv-projection: 0.000110000 seconds
[token:33, layer:0] 004:apply-rope: 0.000002000 seconds
[token:33, layer:0] 005:compute-attention: 0.000009000 seconds
[token:33, layer:0] 006:attention-output: 0.000038000 seconds
[token:33, layer:0] 007:ffn-norm: 0.000001000 seconds
[token:33, layer:0] 008:ffn-up-projection: 0.000195000 seconds
[token:33, layer:0] 009:ffn-swiglu: 0.000001000 seconds
[token:33, layer:0] 010:ffn-down-projection: 0.000140000 seconds
[token:33, layer:0] 102:layer-compute-total: 0.000497000 seconds
[token:33, layer:1] 002:attention-norm: 0.000000000 seconds
[token:33, layer:1] 003:qkv-projection: 0.000109000 seconds
[token:33, layer:1] 004:apply-rope: 0.000001000 seconds
[token:33, layer:1] 005:compute-attention: 0.000008000 seconds
[token:33, layer:1] 006:attention-output: 0.000037000 seconds
[token:33, layer:1] 007:ffn-norm: 0.000000000 seconds
[token:33, layer:1] 008:ffn-up-projection: 0.000194000 seconds
[token:33, layer:1] 009:ffn-swiglu: 0.000001000 seconds
[token:33, layer:1] 010:ffn-down-projection: 0.000139000 seconds
[token:33, layer:1] 102:layer-compute-total: 0.000489000 seconds
[token:33, layer:2] 002:attention-norm: 0.000000000 seconds
[token:33, layer:2] 003:qkv-projection: 0.000110000 seconds
[token:33, layer:2] 004:apply-rope: 0.000002000 seconds
[token:33, layer:2] 005:compute-attention: 0.000008000 seconds
[token:33, layer:2] 006:attention-output: 0.000037000 seconds
[token:33, layer:2] 007:ffn-norm: 0.000000000 seconds
[token:33, layer:2] 008:ffn-up-projection: 0.000194000 seconds
[token:33, layer:2] 009:ffn-swiglu: 0.000001000 seconds
[token:33, layer:2] 010:ffn-down-projection: 0.000140000 seconds
[token:33, layer:2] 102:layer-compute-total: 0.000492000 seconds
[token:33, layer:3] 002:attention-norm: 0.000001000 seconds
[token:33, layer:3] 003:qkv-projection: 0.000110000 seconds
[token:33, layer:3] 004:apply-rope: 0.000001000 seconds
[token:33, layer:3] 005:compute-attention: 0.000008000 seconds
[token:33, layer:3] 006:attention-output: 0.000036000 seconds
[token:33, layer:3] 007:ffn-norm: 0.000000000 seconds
[token:33, layer:3] 008:ffn-up-projection: 0.000194000 seconds
[token:33, layer:3] 009:ffn-swiglu: 0.000001000 seconds
[token:33, layer:3] 010:ffn-down-projection: 0.000139000 seconds
[token:33, layer:3] 102:layer-compute-total: 0.000490000 seconds
[token:33, layer:4] 002:attention-norm: 0.000001000 seconds
[token:33, layer:4] 003:qkv-projection: 0.000110000 seconds
[token:33, layer:4] 004:apply-rope: 0.000001000 seconds
[token:33, layer:4] 005:compute-attention: 0.000008000 seconds
[token:33, layer:4] 006:attention-output: 0.000037000 seconds
[token:33, layer:4] 007:ffn-norm: 0.000000000 seconds
[token:33, layer:4] 008:ffn-up-projection: 0.000194000 seconds
[token:33, layer:4] 009:ffn-swiglu: 0.000001000 seconds
[token:33, layer:4] 010:ffn-down-projection: 0.000139000 seconds
[token:33, layer:4] 102:layer-compute-total: 0.000491000 seconds
[token:33, layer:5] 002:attention-norm: 0.000000000 seconds
[token:33, layer:5] 003:qkv-projection: 0.000110000 seconds
[token:33, layer:5] 004:apply-rope: 0.000001000 seconds
[token:33, layer:5] 005:compute-attention: 0.000008000 seconds
[token:33, layer:5] 006:attention-output: 0.000037000 seconds
[token:33, layer:5] 007:ffn-norm: 0.000000000 seconds
[token:33, layer:5] 008:ffn-up-projection: 0.000194000 seconds
[token:33, layer:5] 009:ffn-swiglu: 0.000001000 seconds
[token:33, layer:5] 010:ffn-down-projection: 0.000139000 seconds
[token:33, layer:5] 102:layer-compute-total: 0.000490000 seconds
[token:33] 011:final-projection: 0.004083000 seconds
[token:33] 103:forward-compute-total: 0.007033000 seconds
[token:34] 001:embedding-lookup: 0.000000000 seconds
[token:34, layer:0] 002:attention-norm: 0.000000000 seconds
[token:34, layer:0] 003:qkv-projection: 0.000110000 seconds
[token:34, layer:0] 004:apply-rope: 0.000001000 seconds
[token:34, layer:0] 005:compute-attention: 0.000009000 seconds
[token:34, layer:0] 006:attention-output: 0.000037000 seconds
[token:34, layer:0] 007:ffn-norm: 0.000001000 seconds
[token:34, layer:0] 008:ffn-up-projection: 0.000194000 seconds
[token:34, layer:0] 009:ffn-swiglu: 0.000002000 seconds
[token:34, layer:0] 010:ffn-down-projection: 0.000140000 seconds
[token:34, layer:0] 102:layer-compute-total: 0.000494000 seconds
[token:34, layer:1] 002:attention-norm: 0.000001000 seconds
[token:34, layer:1] 003:qkv-projection: 0.000110000 seconds
[token:34, layer:1] 004:apply-rope: 0.000001000 seconds
[token:34, layer:1] 005:compute-attention: 0.000008000 seconds
[token:34, layer:1] 006:attention-output: 0.000037000 seconds
[token:34, layer:1] 007:ffn-norm: 0.000000000 seconds
[token:34, layer:1] 008:ffn-up-projection: 0.000196000 seconds
[token:34, layer:1] 009:ffn-swiglu: 0.000001000 seconds
[token:34, layer:1] 010:ffn-down-projection: 0.000141000 seconds
[token:34, layer:1] 102:layer-compute-total: 0.000495000 seconds
[token:34, layer:2] 002:attention-norm: 0.000001000 seconds
[token:34, layer:2] 003:qkv-projection: 0.000111000 seconds
[token:34, layer:2] 004:apply-rope: 0.000001000 seconds
[token:34, layer:2] 005:compute-attention: 0.000009000 seconds
[token:34, layer:2] 006:attention-output: 0.000039000 seconds
[token:34, layer:2] 007:ffn-norm: 0.000000000 seconds
[token:34, layer:2] 008:ffn-up-projection: 0.000200000 seconds
[token:34, layer:2] 009:ffn-swiglu: 0.000002000 seconds
[token:34, layer:2] 010:ffn-down-projection: 0.000140000 seconds
[token:34, layer:2] 102:layer-compute-total: 0.000503000 seconds
[token:34, layer:3] 002:attention-norm: 0.000001000 seconds
[token:34, layer:3] 003:qkv-projection: 0.000110000 seconds
[token:34, layer:3] 004:apply-rope: 0.000001000 seconds
[token:34, layer:3] 005:compute-attention: 0.000009000 seconds
[token:34, layer:3] 006:attention-output: 0.000036000 seconds
[token:34, layer:3] 007:ffn-norm: 0.000000000 seconds
[token:34, layer:3] 008:ffn-up-projection: 0.000194000 seconds
[token:34, layer:3] 009:ffn-swiglu: 0.000002000 seconds
[token:34, layer:3] 010:ffn-down-projection: 0.000139000 seconds
[token:34, layer:3] 102:layer-compute-total: 0.000492000 seconds
[token:34, layer:4] 002:attention-norm: 0.000000000 seconds
[token:34, layer:4] 003:qkv-projection: 0.000110000 seconds
[token:34, layer:4] 004:apply-rope: 0.000002000 seconds
[token:34, layer:4] 005:compute-attention: 0.000008000 seconds
[token:34, layer:4] 006:attention-output: 0.000037000 seconds
[token:34, layer:4] 007:ffn-norm: 0.000000000 seconds
[token:34, layer:4] 008:ffn-up-projection: 0.000195000 seconds
[token:34, layer:4] 009:ffn-swiglu: 0.000001000 seconds
[token:34, layer:4] 010:ffn-down-projection: 0.000139000 seconds
[token:34, layer:4] 102:layer-compute-total: 0.000492000 seconds
[token:34, layer:5] 002:attention-norm: 0.000001000 seconds
[token:34, layer:5] 003:qkv-projection: 0.000109000 seconds
[token:34, layer:5] 004:apply-rope: 0.000001000 seconds
[token:34, layer:5] 005:compute-attention: 0.000008000 seconds
[token:34, layer:5] 006:attention-output: 0.000036000 seconds
[token:34, layer:5] 007:ffn-norm: 0.000000000 seconds
[token:34, layer:5] 008:ffn-up-projection: 0.000195000 seconds
[token:34, layer:5] 009:ffn-swiglu: 0.000001000 seconds
[token:34, layer:5] 010:ffn-down-projection: 0.000193000 seconds
[token:34, layer:5] 102:layer-compute-total: 0.000544000 seconds
[token:34] 011:final-projection: 0.004704000 seconds
[token:34] 103:forward-compute-total: 0.007724000 seconds
[token:35] 001:embedding-lookup: 0.000001000 seconds
[token:35, layer:0] 002:attention-norm: 0.000001000 seconds
[token:35, layer:0] 003:qkv-projection: 0.000129000 seconds
[token:35, layer:0] 004:apply-rope: 0.000002000 seconds
[token:35, layer:0] 005:compute-attention: 0.000012000 seconds
[token:35, layer:0] 006:attention-output: 0.000099000 seconds
[token:35, layer:0] 007:ffn-norm: 0.000000000 seconds
[token:35, layer:0] 008:ffn-up-projection: 0.000246000 seconds
[token:35, layer:0] 009:ffn-swiglu: 0.000001000 seconds
[token:35, layer:0] 010:ffn-down-projection: 0.000146000 seconds
[token:35, layer:0] 102:layer-compute-total: 0.000636000 seconds
[token:35, layer:1] 002:attention-norm: 0.000001000 seconds
[token:35, layer:1] 003:qkv-projection: 0.000110000 seconds
[token:35, layer:1] 004:apply-rope: 0.000002000 seconds
[token:35, layer:1] 005:compute-attention: 0.000013000 seconds
[token:35, layer:1] 006:attention-output: 0.000037000 seconds
[token:35, layer:1] 007:ffn-norm: 0.000000000 seconds
[token:35, layer:1] 008:ffn-up-projection: 0.000200000 seconds
[token:35, layer:1] 009:ffn-swiglu: 0.000001000 seconds
[token:35, layer:1] 010:ffn-down-projection: 0.000140000 seconds
[token:35, layer:1] 102:layer-compute-total: 0.000504000 seconds
[token:35, layer:2] 002:attention-norm: 0.000001000 seconds
[token:35, layer:2] 003:qkv-projection: 0.000110000 seconds
[token:35, layer:2] 004:apply-rope: 0.000001000 seconds
[token:35, layer:2] 005:compute-attention: 0.000068000 seconds
[token:35, layer:2] 006:attention-output: 0.000037000 seconds
[token:35, layer:2] 007:ffn-norm: 0.000000000 seconds
[token:35, layer:2] 008:ffn-up-projection: 0.000195000 seconds
[token:35, layer:2] 009:ffn-swiglu: 0.000002000 seconds
[token:35, layer:2] 010:ffn-down-projection: 0.000139000 seconds
[token:35, layer:2] 102:layer-compute-total: 0.000553000 seconds
[token:35, layer:3] 002:attention-norm: 0.000001000 seconds
[token:35, layer:3] 003:qkv-projection: 0.000110000 seconds
[token:35, layer:3] 004:apply-rope: 0.000002000 seconds
[token:35, layer:3] 005:compute-attention: 0.000010000 seconds
[token:35, layer:3] 006:attention-output: 0.000037000 seconds
[token:35, layer:3] 007:ffn-norm: 0.000000000 seconds
[token:35, layer:3] 008:ffn-up-projection: 0.000194000 seconds
[token:35, layer:3] 009:ffn-swiglu: 0.000001000 seconds
[token:35, layer:3] 010:ffn-down-projection: 0.000140000 seconds
[token:35, layer:3] 102:layer-compute-total: 0.000495000 seconds
[token:35, layer:4] 002:attention-norm: 0.000000000 seconds
[token:35, layer:4] 003:qkv-projection: 0.000110000 seconds
[token:35, layer:4] 004:apply-rope: 0.000001000 seconds
[token:35, layer:4] 005:compute-attention: 0.000009000 seconds
[token:35, layer:4] 006:attention-output: 0.000037000 seconds
[token:35, layer:4] 007:ffn-norm: 0.000000000 seconds
[token:35, layer:4] 008:ffn-up-projection: 0.000194000 seconds
[token:35, layer:4] 009:ffn-swiglu: 0.000002000 seconds
[token:35, layer:4] 010:ffn-down-projection: 0.000140000 seconds
[token:35, layer:4] 102:layer-compute-total: 0.000493000 seconds
[token:35, layer:5] 002:attention-norm: 0.000000000 seconds
[token:35, layer:5] 003:qkv-projection: 0.000110000 seconds
[token:35, layer:5] 004:apply-rope: 0.000001000 seconds
[token:35, layer:5] 005:compute-attention: 0.000009000 seconds
[token:35, layer:5] 006:attention-output: 0.000036000 seconds
[token:35, layer:5] 007:ffn-norm: 0.000000000 seconds
[token:35, layer:5] 008:ffn-up-projection: 0.000194000 seconds
[token:35, layer:5] 009:ffn-swiglu: 0.000001000 seconds
[token:35, layer:5] 010:ffn-down-projection: 0.000139000 seconds
[token:35, layer:5] 102:layer-compute-total: 0.000490000 seconds
[token:35] 011:final-projection: 0.004178000 seconds
[token:35] 103:forward-compute-total: 0.007350000 seconds
[token:36] 001:embedding-lookup: 0.000001000 seconds
[token:36, layer:0] 002:attention-norm: 0.000000000 seconds
[token:36, layer:0] 003:qkv-projection: 0.000130000 seconds
[token:36, layer:0] 004:apply-rope: 0.000002000 seconds
[token:36, layer:0] 005:compute-attention: 0.000009000 seconds
[token:36, layer:0] 006:attention-output: 0.000037000 seconds
[token:36, layer:0] 007:ffn-norm: 0.000000000 seconds
[token:36, layer:0] 008:ffn-up-projection: 0.000194000 seconds
[token:36, layer:0] 009:ffn-swiglu: 0.000001000 seconds
[token:36, layer:0] 010:ffn-down-projection: 0.000140000 seconds
[token:36, layer:0] 102:layer-compute-total: 0.000513000 seconds
[token:36, layer:1] 002:attention-norm: 0.000000000 seconds
[token:36, layer:1] 003:qkv-projection: 0.000109000 seconds
[token:36, layer:1] 004:apply-rope: 0.000001000 seconds
[token:36, layer:1] 005:compute-attention: 0.000009000 seconds
[token:36, layer:1] 006:attention-output: 0.000036000 seconds
[token:36, layer:1] 007:ffn-norm: 0.000001000 seconds
[token:36, layer:1] 008:ffn-up-projection: 0.000195000 seconds
[token:36, layer:1] 009:ffn-swiglu: 0.000002000 seconds
[token:36, layer:1] 010:ffn-down-projection: 0.000139000 seconds
[token:36, layer:1] 102:layer-compute-total: 0.000492000 seconds
[token:36, layer:2] 002:attention-norm: 0.000000000 seconds
[token:36, layer:2] 003:qkv-projection: 0.000110000 seconds
[token:36, layer:2] 004:apply-rope: 0.000001000 seconds
[token:36, layer:2] 005:compute-attention: 0.000008000 seconds
[token:36, layer:2] 006:attention-output: 0.000037000 seconds
[token:36, layer:2] 007:ffn-norm: 0.000000000 seconds
[token:36, layer:2] 008:ffn-up-projection: 0.000194000 seconds
[token:36, layer:2] 009:ffn-swiglu: 0.000001000 seconds
[token:36, layer:2] 010:ffn-down-projection: 0.000140000 seconds
[token:36, layer:2] 102:layer-compute-total: 0.000491000 seconds
[token:36, layer:3] 002:attention-norm: 0.000000000 seconds
[token:36, layer:3] 003:qkv-projection: 0.000110000 seconds
[token:36, layer:3] 004:apply-rope: 0.000001000 seconds
[token:36, layer:3] 005:compute-attention: 0.000009000 seconds
[token:36, layer:3] 006:attention-output: 0.000036000 seconds
[token:36, layer:3] 007:ffn-norm: 0.000000000 seconds
[token:36, layer:3] 008:ffn-up-projection: 0.000195000 seconds
[token:36, layer:3] 009:ffn-swiglu: 0.000001000 seconds
[token:36, layer:3] 010:ffn-down-projection: 0.000139000 seconds
[token:36, layer:3] 102:layer-compute-total: 0.000491000 seconds
[token:36, layer:4] 002:attention-norm: 0.000001000 seconds
[token:36, layer:4] 003:qkv-projection: 0.000110000 seconds
[token:36, layer:4] 004:apply-rope: 0.000001000 seconds
[token:36, layer:4] 005:compute-attention: 0.000010000 seconds
[token:36, layer:4] 006:attention-output: 0.000037000 seconds
[token:36, layer:4] 007:ffn-norm: 0.000000000 seconds
[token:36, layer:4] 008:ffn-up-projection: 0.000194000 seconds
[token:36, layer:4] 009:ffn-swiglu: 0.000001000 seconds
[token:36, layer:4] 010:ffn-down-projection: 0.000140000 seconds
[token:36, layer:4] 102:layer-compute-total: 0.000494000 seconds
[token:36, layer:5] 002:attention-norm: 0.000000000 seconds
[token:36, layer:5] 003:qkv-projection: 0.000109000 seconds
[token:36, layer:5] 004:apply-rope: 0.000002000 seconds
[token:36, layer:5] 005:compute-attention: 0.000008000 seconds
[token:36, layer:5] 006:attention-output: 0.000036000 seconds
[token:36, layer:5] 007:ffn-norm: 0.000000000 seconds
[token:36, layer:5] 008:ffn-up-projection: 0.000194000 seconds
[token:36, layer:5] 009:ffn-swiglu: 0.000001000 seconds
[token:36, layer:5] 010:ffn-down-projection: 0.000139000 seconds
[token:36, layer:5] 102:layer-compute-total: 0.000489000 seconds
[token:36] 011:final-projection: 0.004208000 seconds
[token:36] 103:forward-compute-total: 0.007179000 seconds
[token:37] 001:embedding-lookup: 0.000000000 seconds
[token:37, layer:0] 002:attention-norm: 0.000000000 seconds
[token:37, layer:0] 003:qkv-projection: 0.000295000 seconds
[token:37, layer:0] 004:apply-rope: 0.000002000 seconds
[token:37, layer:0] 005:compute-attention: 0.000023000 seconds
[token:37, layer:0] 006:attention-output: 0.000144000 seconds
[token:37, layer:0] 007:ffn-norm: 0.000001000 seconds
[token:37, layer:0] 008:ffn-up-projection: 0.000306000 seconds
[token:37, layer:0] 009:ffn-swiglu: 0.000001000 seconds
[token:37, layer:0] 010:ffn-down-projection: 0.000157000 seconds
[token:37, layer:0] 102:layer-compute-total: 0.000929000 seconds
[token:37, layer:1] 002:attention-norm: 0.000001000 seconds
[token:37, layer:1] 003:qkv-projection: 0.000114000 seconds
[token:37, layer:1] 004:apply-rope: 0.000002000 seconds
[token:37, layer:1] 005:compute-attention: 0.000018000 seconds
[token:37, layer:1] 006:attention-output: 0.000037000 seconds
[token:37, layer:1] 007:ffn-norm: 0.000000000 seconds
[token:37, layer:1] 008:ffn-up-projection: 0.000222000 seconds
[token:37, layer:1] 009:ffn-swiglu: 0.000002000 seconds
[token:37, layer:1] 010:ffn-down-projection: 0.000140000 seconds
[token:37, layer:1] 102:layer-compute-total: 0.000536000 seconds
[token:37, layer:2] 002:attention-norm: 0.000001000 seconds
[token:37, layer:2] 003:qkv-projection: 0.000110000 seconds
[token:37, layer:2] 004:apply-rope: 0.000001000 seconds
[token:37, layer:2] 005:compute-attention: 0.000013000 seconds
[token:37, layer:2] 006:attention-output: 0.000036000 seconds
[token:37, layer:2] 007:ffn-norm: 0.000000000 seconds
[token:37, layer:2] 008:ffn-up-projection: 0.000198000 seconds
[token:37, layer:2] 009:ffn-swiglu: 0.000002000 seconds
[token:37, layer:2] 010:ffn-down-projection: 0.000140000 seconds
[token:37, layer:2] 102:layer-compute-total: 0.000501000 seconds
[token:37, layer:3] 002:attention-norm: 0.000000000 seconds
[token:37, layer:3] 003:qkv-projection: 0.000111000 seconds
[token:37, layer:3] 004:apply-rope: 0.000002000 seconds
[token:37, layer:3] 005:compute-attention: 0.000010000 seconds
[token:37, layer:3] 006:attention-output: 0.000037000 seconds
[token:37, layer:3] 007:ffn-norm: 0.000001000 seconds
[token:37, layer:3] 008:ffn-up-projection: 0.000195000 seconds
[token:37, layer:3] 009:ffn-swiglu: 0.000001000 seconds
[token:37, layer:3] 010:ffn-down-projection: 0.000139000 seconds
[token:37, layer:3] 102:layer-compute-total: 0.000496000 seconds
[token:37, layer:4] 002:attention-norm: 0.000001000 seconds
[token:37, layer:4] 003:qkv-projection: 0.000110000 seconds
[token:37, layer:4] 004:apply-rope: 0.000002000 seconds
[token:37, layer:4] 005:compute-attention: 0.000009000 seconds
[token:37, layer:4] 006:attention-output: 0.000037000 seconds
[token:37, layer:4] 007:ffn-norm: 0.000000000 seconds
[token:37, layer:4] 008:ffn-up-projection: 0.000194000 seconds
[token:37, layer:4] 009:ffn-swiglu: 0.000002000 seconds
[token:37, layer:4] 010:ffn-down-projection: 0.000139000 seconds
[token:37, layer:4] 102:layer-compute-total: 0.000494000 seconds
[token:37, layer:5] 002:attention-norm: 0.000000000 seconds
[token:37, layer:5] 003:qkv-projection: 0.000109000 seconds
[token:37, layer:5] 004:apply-rope: 0.000001000 seconds
[token:37, layer:5] 005:compute-attention: 0.000008000 seconds
[token:37, layer:5] 006:attention-output: 0.000037000 seconds
[token:37, layer:5] 007:ffn-norm: 0.000000000 seconds
[token:37, layer:5] 008:ffn-up-projection: 0.000190000 seconds
[token:37, layer:5] 009:ffn-swiglu: 0.000002000 seconds
[token:37, layer:5] 010:ffn-down-projection: 0.000141000 seconds
[token:37, layer:5] 102:layer-compute-total: 0.000488000 seconds
[token:37] 011:final-projection: 0.004166000 seconds
[token:37] 103:forward-compute-total: 0.007610000 seconds
[token:38] 001:embedding-lookup: 0.000001000 seconds
[token:38, layer:0] 002:attention-norm: 0.000000000 seconds
[token:38, layer:0] 003:qkv-projection: 0.000112000 seconds
[token:38, layer:0] 004:apply-rope: 0.000001000 seconds
[token:38, layer:0] 005:compute-attention: 0.000010000 seconds
[token:38, layer:0] 006:attention-output: 0.000037000 seconds
[token:38, layer:0] 007:ffn-norm: 0.000000000 seconds
[token:38, layer:0] 008:ffn-up-projection: 0.000194000 seconds
[token:38, layer:0] 009:ffn-swiglu: 0.000001000 seconds
[token:38, layer:0] 010:ffn-down-projection: 0.000139000 seconds
[token:38, layer:0] 102:layer-compute-total: 0.000494000 seconds
[token:38, layer:1] 002:attention-norm: 0.000000000 seconds
[token:38, layer:1] 003:qkv-projection: 0.000112000 seconds
[token:38, layer:1] 004:apply-rope: 0.000001000 seconds
[token:38, layer:1] 005:compute-attention: 0.000010000 seconds
[token:38, layer:1] 006:attention-output: 0.000036000 seconds
[token:38, layer:1] 007:ffn-norm: 0.000000000 seconds
[token:38, layer:1] 008:ffn-up-projection: 0.000190000 seconds
[token:38, layer:1] 009:ffn-swiglu: 0.000001000 seconds
[token:38, layer:1] 010:ffn-down-projection: 0.000142000 seconds
[token:38, layer:1] 102:layer-compute-total: 0.000492000 seconds
[token:38, layer:2] 002:attention-norm: 0.000001000 seconds
[token:38, layer:2] 003:qkv-projection: 0.000112000 seconds
[token:38, layer:2] 004:apply-rope: 0.000001000 seconds
[token:38, layer:2] 005:compute-attention: 0.000010000 seconds
[token:38, layer:2] 006:attention-output: 0.000037000 seconds
[token:38, layer:2] 007:ffn-norm: 0.000000000 seconds
[token:38, layer:2] 008:ffn-up-projection: 0.000191000 seconds
[token:38, layer:2] 009:ffn-swiglu: 0.000001000 seconds
[token:38, layer:2] 010:ffn-down-projection: 0.000141000 seconds
[token:38, layer:2] 102:layer-compute-total: 0.000494000 seconds
[token:38, layer:3] 002:attention-norm: 0.000001000 seconds
[token:38, layer:3] 003:qkv-projection: 0.000109000 seconds
[token:38, layer:3] 004:apply-rope: 0.000002000 seconds
[token:38, layer:3] 005:compute-attention: 0.000008000 seconds
[token:38, layer:3] 006:attention-output: 0.000035000 seconds
[token:38, layer:3] 007:ffn-norm: 0.000000000 seconds
[token:38, layer:3] 008:ffn-up-projection: 0.000196000 seconds
[token:38, layer:3] 009:ffn-swiglu: 0.000001000 seconds
[token:38, layer:3] 010:ffn-down-projection: 0.000141000 seconds
[token:38, layer:3] 102:layer-compute-total: 0.000493000 seconds
[token:38, layer:4] 002:attention-norm: 0.000000000 seconds
[token:38, layer:4] 003:qkv-projection: 0.000110000 seconds
[token:38, layer:4] 004:apply-rope: 0.000002000 seconds
[token:38, layer:4] 005:compute-attention: 0.000009000 seconds
[token:38, layer:4] 006:attention-output: 0.000036000 seconds
[token:38, layer:4] 007:ffn-norm: 0.000000000 seconds
[token:38, layer:4] 008:ffn-up-projection: 0.000191000 seconds
[token:38, layer:4] 009:ffn-swiglu: 0.000001000 seconds
[token:38, layer:4] 010:ffn-down-projection: 0.000142000 seconds
[token:38, layer:4] 102:layer-compute-total: 0.000491000 seconds
[token:38, layer:5] 002:attention-norm: 0.000000000 seconds
[token:38, layer:5] 003:qkv-projection: 0.000111000 seconds
[token:38, layer:5] 004:apply-rope: 0.000001000 seconds
[token:38, layer:5] 005:compute-attention: 0.000007000 seconds
[token:38, layer:5] 006:attention-output: 0.000035000 seconds
[token:38, layer:5] 007:ffn-norm: 0.000000000 seconds
[token:38, layer:5] 008:ffn-up-projection: 0.000197000 seconds
[token:38, layer:5] 009:ffn-swiglu: 0.000001000 seconds
[token:38, layer:5] 010:ffn-down-projection: 0.000138000 seconds
[token:38, layer:5] 102:layer-compute-total: 0.000490000 seconds
[token:38] 011:final-projection: 0.004170000 seconds
[token:38] 103:forward-compute-total: 0.007125000 seconds
[token:39] 001:embedding-lookup: 0.000001000 seconds
[token:39, layer:0] 002:attention-norm: 0.000001000 seconds
[token:39, layer:0] 003:qkv-projection: 0.000109000 seconds
[token:39, layer:0] 004:apply-rope: 0.000001000 seconds
[token:39, layer:0] 005:compute-attention: 0.000008000 seconds
[token:39, layer:0] 006:attention-output: 0.000037000 seconds
[token:39, layer:0] 007:ffn-norm: 0.000000000 seconds
[token:39, layer:0] 008:ffn-up-projection: 0.000194000 seconds
[token:39, layer:0] 009:ffn-swiglu: 0.000001000 seconds
[token:39, layer:0] 010:ffn-down-projection: 0.000137000 seconds
[token:39, layer:0] 102:layer-compute-total: 0.000488000 seconds
[token:39, layer:1] 002:attention-norm: 0.000001000 seconds
[token:39, layer:1] 003:qkv-projection: 0.000107000 seconds
[token:39, layer:1] 004:apply-rope: 0.000001000 seconds
[token:39, layer:1] 005:compute-attention: 0.000009000 seconds
[token:39, layer:1] 006:attention-output: 0.000035000 seconds
[token:39, layer:1] 007:ffn-norm: 0.000000000 seconds
[token:39, layer:1] 008:ffn-up-projection: 0.000189000 seconds
[token:39, layer:1] 009:ffn-swiglu: 0.000002000 seconds
[token:39, layer:1] 010:ffn-down-projection: 0.000168000 seconds
[token:39, layer:1] 102:layer-compute-total: 0.000512000 seconds
[token:39, layer:2] 002:attention-norm: 0.000000000 seconds
[token:39, layer:2] 003:qkv-projection: 0.000192000 seconds
[token:39, layer:2] 004:apply-rope: 0.000002000 seconds
[token:39, layer:2] 005:compute-attention: 0.000010000 seconds
[token:39, layer:2] 006:attention-output: 0.000037000 seconds
[token:39, layer:2] 007:ffn-norm: 0.000001000 seconds
[token:39, layer:2] 008:ffn-up-projection: 0.000264000 seconds
[token:39, layer:2] 009:ffn-swiglu: 0.000002000 seconds
[token:39, layer:2] 010:ffn-down-projection: 0.000139000 seconds
[token:39, layer:2] 102:layer-compute-total: 0.000647000 seconds
[token:39, layer:3] 002:attention-norm: 0.000000000 seconds
[token:39, layer:3] 003:qkv-projection: 0.000109000 seconds
[token:39, layer:3] 004:apply-rope: 0.000002000 seconds
[token:39, layer:3] 005:compute-attention: 0.000010000 seconds
[token:39, layer:3] 006:attention-output: 0.000036000 seconds
[token:39, layer:3] 007:ffn-norm: 0.000001000 seconds
[token:39, layer:3] 008:ffn-up-projection: 0.000202000 seconds
[token:39, layer:3] 009:ffn-swiglu: 0.000001000 seconds
[token:39, layer:3] 010:ffn-down-projection: 0.000150000 seconds
[token:39, layer:3] 102:layer-compute-total: 0.000511000 seconds
[token:39, layer:4] 002:attention-norm: 0.000000000 seconds
[token:39, layer:4] 003:qkv-projection: 0.000111000 seconds
[token:39, layer:4] 004:apply-rope: 0.000002000 seconds
[token:39, layer:4] 005:compute-attention: 0.000011000 seconds
[token:39, layer:4] 006:attention-output: 0.000037000 seconds
[token:39, layer:4] 007:ffn-norm: 0.000000000 seconds
[token:39, layer:4] 008:ffn-up-projection: 0.000192000 seconds
[token:39, layer:4] 009:ffn-swiglu: 0.000001000 seconds
[token:39, layer:4] 010:ffn-down-projection: 0.000142000 seconds
[token:39, layer:4] 102:layer-compute-total: 0.000496000 seconds
[token:39, layer:5] 002:attention-norm: 0.000001000 seconds
[token:39, layer:5] 003:qkv-projection: 0.000109000 seconds
[token:39, layer:5] 004:apply-rope: 0.000002000 seconds
[token:39, layer:5] 005:compute-attention: 0.000009000 seconds
[token:39, layer:5] 006:attention-output: 0.000035000 seconds
[token:39, layer:5] 007:ffn-norm: 0.000000000 seconds
[token:39, layer:5] 008:ffn-up-projection: 0.000195000 seconds
[token:39, layer:5] 009:ffn-swiglu: 0.000001000 seconds
[token:39, layer:5] 010:ffn-down-projection: 0.000136000 seconds
[token:39, layer:5] 102:layer-compute-total: 0.000488000 seconds
[token:39] 011:final-projection: 0.004103000 seconds
[token:39] 103:forward-compute-total: 0.007246000 seconds
[token:40] 001:embedding-lookup: 0.000000000 seconds
[token:40, layer:0] 002:attention-norm: 0.000000000 seconds
[token:40, layer:0] 003:qkv-projection: 0.000110000 seconds
[token:40, layer:0] 004:apply-rope: 0.000002000 seconds
[token:40, layer:0] 005:compute-attention: 0.000008000 seconds
[token:40, layer:0] 006:attention-output: 0.000037000 seconds
[token:40, layer:0] 007:ffn-norm: 0.000000000 seconds
[token:40, layer:0] 008:ffn-up-projection: 0.000194000 seconds
[token:40, layer:0] 009:ffn-swiglu: 0.000001000 seconds
[token:40, layer:0] 010:ffn-down-projection: 0.000141000 seconds
[token:40, layer:0] 102:layer-compute-total: 0.000493000 seconds
[token:40, layer:1] 002:attention-norm: 0.000000000 seconds
[token:40, layer:1] 003:qkv-projection: 0.000110000 seconds
[token:40, layer:1] 004:apply-rope: 0.000001000 seconds
[token:40, layer:1] 005:compute-attention: 0.000010000 seconds
[token:40, layer:1] 006:attention-output: 0.000037000 seconds
[token:40, layer:1] 007:ffn-norm: 0.000001000 seconds
[token:40, layer:1] 008:ffn-up-projection: 0.000197000 seconds
[token:40, layer:1] 009:ffn-swiglu: 0.000001000 seconds
[token:40, layer:1] 010:ffn-down-projection: 0.000143000 seconds
[token:40, layer:1] 102:layer-compute-total: 0.000500000 seconds
[token:40, layer:2] 002:attention-norm: 0.000001000 seconds
[token:40, layer:2] 003:qkv-projection: 0.000109000 seconds
[token:40, layer:2] 004:apply-rope: 0.000002000 seconds
[token:40, layer:2] 005:compute-attention: 0.000009000 seconds
[token:40, layer:2] 006:attention-output: 0.000036000 seconds
[token:40, layer:2] 007:ffn-norm: 0.000000000 seconds
[token:40, layer:2] 008:ffn-up-projection: 0.000197000 seconds
[token:40, layer:2] 009:ffn-swiglu: 0.000001000 seconds
[token:40, layer:2] 010:ffn-down-projection: 0.000140000 seconds
[token:40, layer:2] 102:layer-compute-total: 0.000495000 seconds
[token:40, layer:3] 002:attention-norm: 0.000000000 seconds
[token:40, layer:3] 003:qkv-projection: 0.000109000 seconds
[token:40, layer:3] 004:apply-rope: 0.000001000 seconds
[token:40, layer:3] 005:compute-attention: 0.000008000 seconds
[token:40, layer:3] 006:attention-output: 0.000036000 seconds
[token:40, layer:3] 007:ffn-norm: 0.000000000 seconds
[token:40, layer:3] 008:ffn-up-projection: 0.000194000 seconds
[token:40, layer:3] 009:ffn-swiglu: 0.000001000 seconds
[token:40, layer:3] 010:ffn-down-projection: 0.000136000 seconds
[token:40, layer:3] 102:layer-compute-total: 0.000485000 seconds
[token:40, layer:4] 002:attention-norm: 0.000000000 seconds
[token:40, layer:4] 003:qkv-projection: 0.000110000 seconds
[token:40, layer:4] 004:apply-rope: 0.000001000 seconds
[token:40, layer:4] 005:compute-attention: 0.000008000 seconds
[token:40, layer:4] 006:attention-output: 0.000036000 seconds
[token:40, layer:4] 007:ffn-norm: 0.000000000 seconds
[token:40, layer:4] 008:ffn-up-projection: 0.000197000 seconds
[token:40, layer:4] 009:ffn-swiglu: 0.000001000 seconds
[token:40, layer:4] 010:ffn-down-projection: 0.000140000 seconds
[token:40, layer:4] 102:layer-compute-total: 0.000493000 seconds
[token:40, layer:5] 002:attention-norm: 0.000001000 seconds
[token:40, layer:5] 003:qkv-projection: 0.000109000 seconds
[token:40, layer:5] 004:apply-rope: 0.000002000 seconds
[token:40, layer:5] 005:compute-attention: 0.000008000 seconds
[token:40, layer:5] 006:attention-output: 0.000036000 seconds
[token:40, layer:5] 007:ffn-norm: 0.000000000 seconds
[token:40, layer:5] 008:ffn-up-projection: 0.000189000 seconds
[token:40, layer:5] 009:ffn-swiglu: 0.000001000 seconds
[token:40, layer:5] 010:ffn-down-projection: 0.000137000 seconds
[token:40, layer:5] 102:layer-compute-total: 0.000483000 seconds
[token:40] 011:final-projection: 0.004048000 seconds
[token:40] 103:forward-compute-total: 0.006997000 seconds
[token:41] 001:embedding-lookup: 0.000001000 seconds
[token:41, layer:0] 002:attention-norm: 0.000000000 seconds
[token:41, layer:0] 003:qkv-projection: 0.000117000 seconds
[token:41, layer:0] 004:apply-rope: 0.000002000 seconds
[token:41, layer:0] 005:compute-attention: 0.000008000 seconds
[token:41, layer:0] 006:attention-output: 0.000045000 seconds
[token:41, layer:0] 007:ffn-norm: 0.000000000 seconds
[token:41, layer:0] 008:ffn-up-projection: 0.000194000 seconds
[token:41, layer:0] 009:ffn-swiglu: 0.000001000 seconds
[token:41, layer:0] 010:ffn-down-projection: 0.000139000 seconds
[token:41, layer:0] 102:layer-compute-total: 0.000506000 seconds
[token:41, layer:1] 002:attention-norm: 0.000000000 seconds
[token:41, layer:1] 003:qkv-projection: 0.000109000 seconds
[token:41, layer:1] 004:apply-rope: 0.000001000 seconds
[token:41, layer:1] 005:compute-attention: 0.000008000 seconds
[token:41, layer:1] 006:attention-output: 0.000037000 seconds
[token:41, layer:1] 007:ffn-norm: 0.000000000 seconds
[token:41, layer:1] 008:ffn-up-projection: 0.000194000 seconds
[token:41, layer:1] 009:ffn-swiglu: 0.000001000 seconds
[token:41, layer:1] 010:ffn-down-projection: 0.000139000 seconds
[token:41, layer:1] 102:layer-compute-total: 0.000489000 seconds
[token:41, layer:2] 002:attention-norm: 0.000001000 seconds
[token:41, layer:2] 003:qkv-projection: 0.000110000 seconds
[token:41, layer:2] 004:apply-rope: 0.000001000 seconds
[token:41, layer:2] 005:compute-attention: 0.000008000 seconds
[token:41, layer:2] 006:attention-output: 0.000037000 seconds
[token:41, layer:2] 007:ffn-norm: 0.000000000 seconds
[token:41, layer:2] 008:ffn-up-projection: 0.000197000 seconds
[token:41, layer:2] 009:ffn-swiglu: 0.000001000 seconds
[token:41, layer:2] 010:ffn-down-projection: 0.000139000 seconds
[token:41, layer:2] 102:layer-compute-total: 0.000494000 seconds
[token:41, layer:3] 002:attention-norm: 0.000001000 seconds
[token:41, layer:3] 003:qkv-projection: 0.000111000 seconds
[token:41, layer:3] 004:apply-rope: 0.000001000 seconds
[token:41, layer:3] 005:compute-attention: 0.000008000 seconds
[token:41, layer:3] 006:attention-output: 0.000037000 seconds
[token:41, layer:3] 007:ffn-norm: 0.000000000 seconds
[token:41, layer:3] 008:ffn-up-projection: 0.000194000 seconds
[token:41, layer:3] 009:ffn-swiglu: 0.000001000 seconds
[token:41, layer:3] 010:ffn-down-projection: 0.000157000 seconds
[token:41, layer:3] 102:layer-compute-total: 0.000510000 seconds
[token:41, layer:4] 002:attention-norm: 0.000001000 seconds
[token:41, layer:4] 003:qkv-projection: 0.000119000 seconds
[token:41, layer:4] 004:apply-rope: 0.000002000 seconds
[token:41, layer:4] 005:compute-attention: 0.000013000 seconds
[token:41, layer:4] 006:attention-output: 0.000037000 seconds
[token:41, layer:4] 007:ffn-norm: 0.000000000 seconds
[token:41, layer:4] 008:ffn-up-projection: 0.000241000 seconds
[token:41, layer:4] 009:ffn-swiglu: 0.000001000 seconds
[token:41, layer:4] 010:ffn-down-projection: 0.000156000 seconds
[token:41, layer:4] 102:layer-compute-total: 0.000570000 seconds
[token:41, layer:5] 002:attention-norm: 0.000000000 seconds
[token:41, layer:5] 003:qkv-projection: 0.000110000 seconds
[token:41, layer:5] 004:apply-rope: 0.000001000 seconds
[token:41, layer:5] 005:compute-attention: 0.000009000 seconds
[token:41, layer:5] 006:attention-output: 0.000037000 seconds
[token:41, layer:5] 007:ffn-norm: 0.000001000 seconds
[token:41, layer:5] 008:ffn-up-projection: 0.000194000 seconds
[token:41, layer:5] 009:ffn-swiglu: 0.000001000 seconds
[token:41, layer:5] 010:ffn-down-projection: 0.000139000 seconds
[token:41, layer:5] 102:layer-compute-total: 0.000492000 seconds
[token:41] 011:final-projection: 0.004016000 seconds
[token:41] 103:forward-compute-total: 0.007078000 seconds
[token:42] 001:embedding-lookup: 0.000001000 seconds
[token:42, layer:0] 002:attention-norm: 0.000000000 seconds
[token:42, layer:0] 003:qkv-projection: 0.000121000 seconds
[token:42, layer:0] 004:apply-rope: 0.000002000 seconds
[token:42, layer:0] 005:compute-attention: 0.000010000 seconds
[token:42, layer:0] 006:attention-output: 0.000036000 seconds
[token:42, layer:0] 007:ffn-norm: 0.000000000 seconds
[token:42, layer:0] 008:ffn-up-projection: 0.000203000 seconds
[token:42, layer:0] 009:ffn-swiglu: 0.000001000 seconds
[token:42, layer:0] 010:ffn-down-projection: 0.000137000 seconds
[token:42, layer:0] 102:layer-compute-total: 0.000510000 seconds
[token:42, layer:1] 002:attention-norm: 0.000000000 seconds
[token:42, layer:1] 003:qkv-projection: 0.000120000 seconds
[token:42, layer:1] 004:apply-rope: 0.000002000 seconds
[token:42, layer:1] 005:compute-attention: 0.000010000 seconds
[token:42, layer:1] 006:attention-output: 0.000036000 seconds
[token:42, layer:1] 007:ffn-norm: 0.000000000 seconds
[token:42, layer:1] 008:ffn-up-projection: 0.000191000 seconds
[token:42, layer:1] 009:ffn-swiglu: 0.000001000 seconds
[token:42, layer:1] 010:ffn-down-projection: 0.000150000 seconds
[token:42, layer:1] 102:layer-compute-total: 0.000510000 seconds
[token:42, layer:2] 002:attention-norm: 0.000000000 seconds
[token:42, layer:2] 003:qkv-projection: 0.000111000 seconds
[token:42, layer:2] 004:apply-rope: 0.000002000 seconds
[token:42, layer:2] 005:compute-attention: 0.000011000 seconds
[token:42, layer:2] 006:attention-output: 0.000035000 seconds
[token:42, layer:2] 007:ffn-norm: 0.000001000 seconds
[token:42, layer:2] 008:ffn-up-projection: 0.000200000 seconds
[token:42, layer:2] 009:ffn-swiglu: 0.000001000 seconds
[token:42, layer:2] 010:ffn-down-projection: 0.000136000 seconds
[token:42, layer:2] 102:layer-compute-total: 0.000497000 seconds
[token:42, layer:3] 002:attention-norm: 0.000000000 seconds
[token:42, layer:3] 003:qkv-projection: 0.000112000 seconds
[token:42, layer:3] 004:apply-rope: 0.000001000 seconds
[token:42, layer:3] 005:compute-attention: 0.000010000 seconds
[token:42, layer:3] 006:attention-output: 0.000035000 seconds
[token:42, layer:3] 007:ffn-norm: 0.000000000 seconds
[token:42, layer:3] 008:ffn-up-projection: 0.000197000 seconds
[token:42, layer:3] 009:ffn-swiglu: 0.000002000 seconds
[token:42, layer:3] 010:ffn-down-projection: 0.000135000 seconds
[token:42, layer:3] 102:layer-compute-total: 0.000492000 seconds
[token:42, layer:4] 002:attention-norm: 0.000000000 seconds
[token:42, layer:4] 003:qkv-projection: 0.000118000 seconds
[token:42, layer:4] 004:apply-rope: 0.000001000 seconds
[token:42, layer:4] 005:compute-attention: 0.000009000 seconds
[token:42, layer:4] 006:attention-output: 0.000036000 seconds
[token:42, layer:4] 007:ffn-norm: 0.000000000 seconds
[token:42, layer:4] 008:ffn-up-projection: 0.000192000 seconds
[token:42, layer:4] 009:ffn-swiglu: 0.000001000 seconds
[token:42, layer:4] 010:ffn-down-projection: 0.000134000 seconds
[token:42, layer:4] 102:layer-compute-total: 0.000491000 seconds
[token:42, layer:5] 002:attention-norm: 0.000001000 seconds
[token:42, layer:5] 003:qkv-projection: 0.000110000 seconds
[token:42, layer:5] 004:apply-rope: 0.000002000 seconds
[token:42, layer:5] 005:compute-attention: 0.000007000 seconds
[token:42, layer:5] 006:attention-output: 0.000040000 seconds
[token:42, layer:5] 007:ffn-norm: 0.000001000 seconds
[token:42, layer:5] 008:ffn-up-projection: 0.000192000 seconds
[token:42, layer:5] 009:ffn-swiglu: 0.000001000 seconds
[token:42, layer:5] 010:ffn-down-projection: 0.000137000 seconds
[token:42, layer:5] 102:layer-compute-total: 0.000491000 seconds
[token:42] 011:final-projection: 0.004049000 seconds
[token:42] 103:forward-compute-total: 0.007041000 seconds
[token:43] 001:embedding-lookup: 0.000000000 seconds
[token:43, layer:0] 002:attention-norm: 0.000001000 seconds
[token:43, layer:0] 003:qkv-projection: 0.000114000 seconds
[token:43, layer:0] 004:apply-rope: 0.000002000 seconds
[token:43, layer:0] 005:compute-attention: 0.000008000 seconds
[token:43, layer:0] 006:attention-output: 0.000035000 seconds
[token:43, layer:0] 007:ffn-norm: 0.000000000 seconds
[token:43, layer:0] 008:ffn-up-projection: 0.000195000 seconds
[token:43, layer:0] 009:ffn-swiglu: 0.000002000 seconds
[token:43, layer:0] 010:ffn-down-projection: 0.000139000 seconds
[token:43, layer:0] 102:layer-compute-total: 0.000496000 seconds
[token:43, layer:1] 002:attention-norm: 0.000000000 seconds
[token:43, layer:1] 003:qkv-projection: 0.000116000 seconds
[token:43, layer:1] 004:apply-rope: 0.000002000 seconds
[token:43, layer:1] 005:compute-attention: 0.000008000 seconds
[token:43, layer:1] 006:attention-output: 0.000037000 seconds
[token:43, layer:1] 007:ffn-norm: 0.000000000 seconds
[token:43, layer:1] 008:ffn-up-projection: 0.000193000 seconds
[token:43, layer:1] 009:ffn-swiglu: 0.000001000 seconds
[token:43, layer:1] 010:ffn-down-projection: 0.000140000 seconds
[token:43, layer:1] 102:layer-compute-total: 0.000497000 seconds
[token:43, layer:2] 002:attention-norm: 0.000000000 seconds
[token:43, layer:2] 003:qkv-projection: 0.000109000 seconds
[token:43, layer:2] 004:apply-rope: 0.000001000 seconds
[token:43, layer:2] 005:compute-attention: 0.000007000 seconds
[token:43, layer:2] 006:attention-output: 0.000039000 seconds
[token:43, layer:2] 007:ffn-norm: 0.000001000 seconds
[token:43, layer:2] 008:ffn-up-projection: 0.000192000 seconds
[token:43, layer:2] 009:ffn-swiglu: 0.000001000 seconds
[token:43, layer:2] 010:ffn-down-projection: 0.000137000 seconds
[token:43, layer:2] 102:layer-compute-total: 0.000487000 seconds
[token:43, layer:3] 002:attention-norm: 0.000000000 seconds
[token:43, layer:3] 003:qkv-projection: 0.000123000 seconds
[token:43, layer:3] 004:apply-rope: 0.000002000 seconds
[token:43, layer:3] 005:compute-attention: 0.000009000 seconds
[token:43, layer:3] 006:attention-output: 0.000036000 seconds
[token:43, layer:3] 007:ffn-norm: 0.000001000 seconds
[token:43, layer:3] 008:ffn-up-projection: 0.000197000 seconds
[token:43, layer:3] 009:ffn-swiglu: 0.000001000 seconds
[token:43, layer:3] 010:ffn-down-projection: 0.000141000 seconds
[token:43, layer:3] 102:layer-compute-total: 0.000510000 seconds
[token:43, layer:4] 002:attention-norm: 0.000001000 seconds
[token:43, layer:4] 003:qkv-projection: 0.000118000 seconds
[token:43, layer:4] 004:apply-rope: 0.000001000 seconds
[token:43, layer:4] 005:compute-attention: 0.000011000 seconds
[token:43, layer:4] 006:attention-output: 0.000036000 seconds
[token:43, layer:4] 007:ffn-norm: 0.000001000 seconds
[token:43, layer:4] 008:ffn-up-projection: 0.000199000 seconds
[token:43, layer:4] 009:ffn-swiglu: 0.000001000 seconds
[token:43, layer:4] 010:ffn-down-projection: 0.000139000 seconds
[token:43, layer:4] 102:layer-compute-total: 0.000507000 seconds
[token:43, layer:5] 002:attention-norm: 0.000000000 seconds
[token:43, layer:5] 003:qkv-projection: 0.000110000 seconds
[token:43, layer:5] 004:apply-rope: 0.000002000 seconds
[token:43, layer:5] 005:compute-attention: 0.000009000 seconds
[token:43, layer:5] 006:attention-output: 0.000038000 seconds
[token:43, layer:5] 007:ffn-norm: 0.000000000 seconds
[token:43, layer:5] 008:ffn-up-projection: 0.000194000 seconds
[token:43, layer:5] 009:ffn-swiglu: 0.000001000 seconds
[token:43, layer:5] 010:ffn-down-projection: 0.000139000 seconds
[token:43, layer:5] 102:layer-compute-total: 0.000493000 seconds
[token:43] 011:final-projection: 0.004341000 seconds
[token:43] 103:forward-compute-total: 0.007331000 seconds
[token:44] 001:embedding-lookup: 0.000000000 seconds
[token:44, layer:0] 002:attention-norm: 0.000001000 seconds
[token:44, layer:0] 003:qkv-projection: 0.000110000 seconds
[token:44, layer:0] 004:apply-rope: 0.000001000 seconds
[token:44, layer:0] 005:compute-attention: 0.000012000 seconds
[token:44, layer:0] 006:attention-output: 0.000036000 seconds
[token:44, layer:0] 007:ffn-norm: 0.000000000 seconds
[token:44, layer:0] 008:ffn-up-projection: 0.000194000 seconds
[token:44, layer:0] 009:ffn-swiglu: 0.000001000 seconds
[token:44, layer:0] 010:ffn-down-projection: 0.000140000 seconds
[token:44, layer:0] 102:layer-compute-total: 0.000495000 seconds
[token:44, layer:1] 002:attention-norm: 0.000001000 seconds
[token:44, layer:1] 003:qkv-projection: 0.000110000 seconds
[token:44, layer:1] 004:apply-rope: 0.000002000 seconds
[token:44, layer:1] 005:compute-attention: 0.000011000 seconds
[token:44, layer:1] 006:attention-output: 0.000037000 seconds
[token:44, layer:1] 007:ffn-norm: 0.000000000 seconds
[token:44, layer:1] 008:ffn-up-projection: 0.000194000 seconds
[token:44, layer:1] 009:ffn-swiglu: 0.000001000 seconds
[token:44, layer:1] 010:ffn-down-projection: 0.000139000 seconds
[token:44, layer:1] 102:layer-compute-total: 0.000495000 seconds
[token:44, layer:2] 002:attention-norm: 0.000000000 seconds
[token:44, layer:2] 003:qkv-projection: 0.000109000 seconds
[token:44, layer:2] 004:apply-rope: 0.000001000 seconds
[token:44, layer:2] 005:compute-attention: 0.000011000 seconds
[token:44, layer:2] 006:attention-output: 0.000036000 seconds
[token:44, layer:2] 007:ffn-norm: 0.000000000 seconds
[token:44, layer:2] 008:ffn-up-projection: 0.000190000 seconds
[token:44, layer:2] 009:ffn-swiglu: 0.000001000 seconds
[token:44, layer:2] 010:ffn-down-projection: 0.000140000 seconds
[token:44, layer:2] 102:layer-compute-total: 0.000488000 seconds
[token:44, layer:3] 002:attention-norm: 0.000000000 seconds
[token:44, layer:3] 003:qkv-projection: 0.000109000 seconds
[token:44, layer:3] 004:apply-rope: 0.000001000 seconds
[token:44, layer:3] 005:compute-attention: 0.000011000 seconds
[token:44, layer:3] 006:attention-output: 0.000036000 seconds
[token:44, layer:3] 007:ffn-norm: 0.000001000 seconds
[token:44, layer:3] 008:ffn-up-projection: 0.000189000 seconds
[token:44, layer:3] 009:ffn-swiglu: 0.000001000 seconds
[token:44, layer:3] 010:ffn-down-projection: 0.000137000 seconds
[token:44, layer:3] 102:layer-compute-total: 0.000485000 seconds
[token:44, layer:4] 002:attention-norm: 0.000000000 seconds
[token:44, layer:4] 003:qkv-projection: 0.000107000 seconds
[token:44, layer:4] 004:apply-rope: 0.000001000 seconds
[token:44, layer:4] 005:compute-attention: 0.000011000 seconds
[token:44, layer:4] 006:attention-output: 0.000036000 seconds
[token:44, layer:4] 007:ffn-norm: 0.000000000 seconds
[token:44, layer:4] 008:ffn-up-projection: 0.000190000 seconds
[token:44, layer:4] 009:ffn-swiglu: 0.000001000 seconds
[token:44, layer:4] 010:ffn-down-projection: 0.000141000 seconds
[token:44, layer:4] 102:layer-compute-total: 0.000487000 seconds
[token:44, layer:5] 002:attention-norm: 0.000000000 seconds
[token:44, layer:5] 003:qkv-projection: 0.000109000 seconds
[token:44, layer:5] 004:apply-rope: 0.000001000 seconds
[token:44, layer:5] 005:compute-attention: 0.000012000 seconds
[token:44, layer:5] 006:attention-output: 0.000037000 seconds
[token:44, layer:5] 007:ffn-norm: 0.000000000 seconds
[token:44, layer:5] 008:ffn-up-projection: 0.000194000 seconds
[token:44, layer:5] 009:ffn-swiglu: 0.000001000 seconds
[token:44, layer:5] 010:ffn-down-projection: 0.000139000 seconds
[token:44, layer:5] 102:layer-compute-total: 0.000493000 seconds
[token:44] 011:final-projection: 0.004046000 seconds
[token:44] 103:forward-compute-total: 0.006989000 seconds
[token:45] 001:embedding-lookup: 0.000000000 seconds
[token:45, layer:0] 002:attention-norm: 0.000000000 seconds
[token:45, layer:0] 003:qkv-projection: 0.000110000 seconds
[token:45, layer:0] 004:apply-rope: 0.000004000 seconds
[token:45, layer:0] 005:compute-attention: 0.000008000 seconds
[token:45, layer:0] 006:attention-output: 0.000037000 seconds
[token:45, layer:0] 007:ffn-norm: 0.000000000 seconds
[token:45, layer:0] 008:ffn-up-projection: 0.000191000 seconds
[token:45, layer:0] 009:ffn-swiglu: 0.000001000 seconds
[token:45, layer:0] 010:ffn-down-projection: 0.000136000 seconds
[token:45, layer:0] 102:layer-compute-total: 0.000487000 seconds
[token:45, layer:1] 002:attention-norm: 0.000000000 seconds
[token:45, layer:1] 003:qkv-projection: 0.000107000 seconds
[token:45, layer:1] 004:apply-rope: 0.000002000 seconds
[token:45, layer:1] 005:compute-attention: 0.000007000 seconds
[token:45, layer:1] 006:attention-output: 0.000035000 seconds
[token:45, layer:1] 007:ffn-norm: 0.000000000 seconds
[token:45, layer:1] 008:ffn-up-projection: 0.000190000 seconds
[token:45, layer:1] 009:ffn-swiglu: 0.000001000 seconds
[token:45, layer:1] 010:ffn-down-projection: 0.000136000 seconds
[token:45, layer:1] 102:layer-compute-total: 0.000478000 seconds
[token:45, layer:2] 002:attention-norm: 0.000000000 seconds
[token:45, layer:2] 003:qkv-projection: 0.000107000 seconds
[token:45, layer:2] 004:apply-rope: 0.000002000 seconds
[token:45, layer:2] 005:compute-attention: 0.000008000 seconds
[token:45, layer:2] 006:attention-output: 0.000035000 seconds
[token:45, layer:2] 007:ffn-norm: 0.000000000 seconds
[token:45, layer:2] 008:ffn-up-projection: 0.000190000 seconds
[token:45, layer:2] 009:ffn-swiglu: 0.000001000 seconds
[token:45, layer:2] 010:ffn-down-projection: 0.000136000 seconds
[token:45, layer:2] 102:layer-compute-total: 0.000479000 seconds
[token:45, layer:3] 002:attention-norm: 0.000000000 seconds
[token:45, layer:3] 003:qkv-projection: 0.000107000 seconds
[token:45, layer:3] 004:apply-rope: 0.000002000 seconds
[token:45, layer:3] 005:compute-attention: 0.000007000 seconds
[token:45, layer:3] 006:attention-output: 0.000035000 seconds
[token:45, layer:3] 007:ffn-norm: 0.000001000 seconds
[token:45, layer:3] 008:ffn-up-projection: 0.000200000 seconds
[token:45, layer:3] 009:ffn-swiglu: 0.000001000 seconds
[token:45, layer:3] 010:ffn-down-projection: 0.000138000 seconds
[token:45, layer:3] 102:layer-compute-total: 0.000491000 seconds
[token:45, layer:4] 002:attention-norm: 0.000000000 seconds
[token:45, layer:4] 003:qkv-projection: 0.000109000 seconds
[token:45, layer:4] 004:apply-rope: 0.000002000 seconds
[token:45, layer:4] 005:compute-attention: 0.000009000 seconds
[token:45, layer:4] 006:attention-output: 0.000037000 seconds
[token:45, layer:4] 007:ffn-norm: 0.000000000 seconds
[token:45, layer:4] 008:ffn-up-projection: 0.000195000 seconds
[token:45, layer:4] 009:ffn-swiglu: 0.000001000 seconds
[token:45, layer:4] 010:ffn-down-projection: 0.000143000 seconds
[token:45, layer:4] 102:layer-compute-total: 0.000496000 seconds
[token:45, layer:5] 002:attention-norm: 0.000000000 seconds
[token:45, layer:5] 003:qkv-projection: 0.000109000 seconds
[token:45, layer:5] 004:apply-rope: 0.000002000 seconds
[token:45, layer:5] 005:compute-attention: 0.000008000 seconds
[token:45, layer:5] 006:attention-output: 0.000037000 seconds
[token:45, layer:5] 007:ffn-norm: 0.000000000 seconds
[token:45, layer:5] 008:ffn-up-projection: 0.000197000 seconds
[token:45, layer:5] 009:ffn-swiglu: 0.000001000 seconds
[token:45, layer:5] 010:ffn-down-projection: 0.000139000 seconds
[token:45, layer:5] 102:layer-compute-total: 0.000493000 seconds
[token:45] 011:final-projection: 0.004299000 seconds
[token:45] 103:forward-compute-total: 0.007223000 seconds
[token:46] 001:embedding-lookup: 0.000000000 seconds
[token:46, layer:0] 002:attention-norm: 0.000000000 seconds
[token:46, layer:0] 003:qkv-projection: 0.000110000 seconds
[token:46, layer:0] 004:apply-rope: 0.000002000 seconds
[token:46, layer:0] 005:compute-attention: 0.000013000 seconds
[token:46, layer:0] 006:attention-output: 0.000037000 seconds
[token:46, layer:0] 007:ffn-norm: 0.000001000 seconds
[token:46, layer:0] 008:ffn-up-projection: 0.000195000 seconds
[token:46, layer:0] 009:ffn-swiglu: 0.000001000 seconds
[token:46, layer:0] 010:ffn-down-projection: 0.000140000 seconds
[token:46, layer:0] 102:layer-compute-total: 0.000499000 seconds
[token:46, layer:1] 002:attention-norm: 0.000000000 seconds
[token:46, layer:1] 003:qkv-projection: 0.000107000 seconds
[token:46, layer:1] 004:apply-rope: 0.000001000 seconds
[token:46, layer:1] 005:compute-attention: 0.000013000 seconds
[token:46, layer:1] 006:attention-output: 0.000036000 seconds
[token:46, layer:1] 007:ffn-norm: 0.000000000 seconds
[token:46, layer:1] 008:ffn-up-projection: 0.000190000 seconds
[token:46, layer:1] 009:ffn-swiglu: 0.000001000 seconds
[token:46, layer:1] 010:ffn-down-projection: 0.000137000 seconds
[token:46, layer:1] 102:layer-compute-total: 0.000485000 seconds
[token:46, layer:2] 002:attention-norm: 0.000000000 seconds
[token:46, layer:2] 003:qkv-projection: 0.000107000 seconds
[token:46, layer:2] 004:apply-rope: 0.000001000 seconds
[token:46, layer:2] 005:compute-attention: 0.000011000 seconds
[token:46, layer:2] 006:attention-output: 0.000036000 seconds
[token:46, layer:2] 007:ffn-norm: 0.000000000 seconds
[token:46, layer:2] 008:ffn-up-projection: 0.000190000 seconds
[token:46, layer:2] 009:ffn-swiglu: 0.000001000 seconds
[token:46, layer:2] 010:ffn-down-projection: 0.000143000 seconds
[token:46, layer:2] 102:layer-compute-total: 0.000489000 seconds
[token:46, layer:3] 002:attention-norm: 0.000000000 seconds
[token:46, layer:3] 003:qkv-projection: 0.000112000 seconds
[token:46, layer:3] 004:apply-rope: 0.000001000 seconds
[token:46, layer:3] 005:compute-attention: 0.000012000 seconds
[token:46, layer:3] 006:attention-output: 0.000036000 seconds
[token:46, layer:3] 007:ffn-norm: 0.000001000 seconds
[token:46, layer:3] 008:ffn-up-projection: 0.000196000 seconds
[token:46, layer:3] 009:ffn-swiglu: 0.000001000 seconds
[token:46, layer:3] 010:ffn-down-projection: 0.000139000 seconds
[token:46, layer:3] 102:layer-compute-total: 0.000498000 seconds
[token:46, layer:4] 002:attention-norm: 0.000000000 seconds
[token:46, layer:4] 003:qkv-projection: 0.000110000 seconds
[token:46, layer:4] 004:apply-rope: 0.000001000 seconds
[token:46, layer:4] 005:compute-attention: 0.000011000 seconds
[token:46, layer:4] 006:attention-output: 0.000037000 seconds
[token:46, layer:4] 007:ffn-norm: 0.000001000 seconds
[token:46, layer:4] 008:ffn-up-projection: 0.000195000 seconds
[token:46, layer:4] 009:ffn-swiglu: 0.000001000 seconds
[token:46, layer:4] 010:ffn-down-projection: 0.000140000 seconds
[token:46, layer:4] 102:layer-compute-total: 0.000496000 seconds
[token:46, layer:5] 002:attention-norm: 0.000000000 seconds
[token:46, layer:5] 003:qkv-projection: 0.000110000 seconds
[token:46, layer:5] 004:apply-rope: 0.000001000 seconds
[token:46, layer:5] 005:compute-attention: 0.000012000 seconds
[token:46, layer:5] 006:attention-output: 0.000036000 seconds
[token:46, layer:5] 007:ffn-norm: 0.000000000 seconds
[token:46, layer:5] 008:ffn-up-projection: 0.000196000 seconds
[token:46, layer:5] 009:ffn-swiglu: 0.000001000 seconds
[token:46, layer:5] 010:ffn-down-projection: 0.000139000 seconds
[token:46, layer:5] 102:layer-compute-total: 0.000495000 seconds
[token:46] 011:final-projection: 0.004067000 seconds
[token:46] 103:forward-compute-total: 0.007029000 seconds
[token:47] 001:embedding-lookup: 0.000000000 seconds
[token:47, layer:0] 002:attention-norm: 0.000000000 seconds
[token:47, layer:0] 003:qkv-projection: 0.000110000 seconds
[token:47, layer:0] 004:apply-rope: 0.000001000 seconds
[token:47, layer:0] 005:compute-attention: 0.000009000 seconds
[token:47, layer:0] 006:attention-output: 0.000036000 seconds
[token:47, layer:0] 007:ffn-norm: 0.000000000 seconds
[token:47, layer:0] 008:ffn-up-projection: 0.000193000 seconds
[token:47, layer:0] 009:ffn-swiglu: 0.000001000 seconds
[token:47, layer:0] 010:ffn-down-projection: 0.000140000 seconds
[token:47, layer:0] 102:layer-compute-total: 0.000490000 seconds
[token:47, layer:1] 002:attention-norm: 0.000000000 seconds
[token:47, layer:1] 003:qkv-projection: 0.000110000 seconds
[token:47, layer:1] 004:apply-rope: 0.000001000 seconds
[token:47, layer:1] 005:compute-attention: 0.000009000 seconds
[token:47, layer:1] 006:attention-output: 0.000036000 seconds
[token:47, layer:1] 007:ffn-norm: 0.000000000 seconds
[token:47, layer:1] 008:ffn-up-projection: 0.000194000 seconds
[token:47, layer:1] 009:ffn-swiglu: 0.000001000 seconds
[token:47, layer:1] 010:ffn-down-projection: 0.000139000 seconds
[token:47, layer:1] 102:layer-compute-total: 0.000490000 seconds
[token:47, layer:2] 002:attention-norm: 0.000000000 seconds
[token:47, layer:2] 003:qkv-projection: 0.000110000 seconds
[token:47, layer:2] 004:apply-rope: 0.000001000 seconds
[token:47, layer:2] 005:compute-attention: 0.000009000 seconds
[token:47, layer:2] 006:attention-output: 0.000037000 seconds
[token:47, layer:2] 007:ffn-norm: 0.000000000 seconds
[token:47, layer:2] 008:ffn-up-projection: 0.000196000 seconds
[token:47, layer:2] 009:ffn-swiglu: 0.000001000 seconds
[token:47, layer:2] 010:ffn-down-projection: 0.000139000 seconds
[token:47, layer:2] 102:layer-compute-total: 0.000493000 seconds
[token:47, layer:3] 002:attention-norm: 0.000000000 seconds
[token:47, layer:3] 003:qkv-projection: 0.000110000 seconds
[token:47, layer:3] 004:apply-rope: 0.000002000 seconds
[token:47, layer:3] 005:compute-attention: 0.000009000 seconds
[token:47, layer:3] 006:attention-output: 0.000037000 seconds
[token:47, layer:3] 007:ffn-norm: 0.000001000 seconds
[token:47, layer:3] 008:ffn-up-projection: 0.000194000 seconds
[token:47, layer:3] 009:ffn-swiglu: 0.000001000 seconds
[token:47, layer:3] 010:ffn-down-projection: 0.000137000 seconds
[token:47, layer:3] 102:layer-compute-total: 0.000491000 seconds
[token:47, layer:4] 002:attention-norm: 0.000001000 seconds
[token:47, layer:4] 003:qkv-projection: 0.000111000 seconds
[token:47, layer:4] 004:apply-rope: 0.000001000 seconds
[token:47, layer:4] 005:compute-attention: 0.000009000 seconds
[token:47, layer:4] 006:attention-output: 0.000039000 seconds
[token:47, layer:4] 007:ffn-norm: 0.000000000 seconds
[token:47, layer:4] 008:ffn-up-projection: 0.000194000 seconds
[token:47, layer:4] 009:ffn-swiglu: 0.000001000 seconds
[token:47, layer:4] 010:ffn-down-projection: 0.000139000 seconds
[token:47, layer:4] 102:layer-compute-total: 0.000495000 seconds
[token:47, layer:5] 002:attention-norm: 0.000001000 seconds
[token:47, layer:5] 003:qkv-projection: 0.000109000 seconds
[token:47, layer:5] 004:apply-rope: 0.000001000 seconds
[token:47, layer:5] 005:compute-attention: 0.000008000 seconds
[token:47, layer:5] 006:attention-output: 0.000037000 seconds
[token:47, layer:5] 007:ffn-norm: 0.000000000 seconds
[token:47, layer:5] 008:ffn-up-projection: 0.000194000 seconds
[token:47, layer:5] 009:ffn-swiglu: 0.000001000 seconds
[token:47, layer:5] 010:ffn-down-projection: 0.000139000 seconds
[token:47, layer:5] 102:layer-compute-total: 0.000490000 seconds
[token:47] 011:final-projection: 0.004641000 seconds
[token:47] 103:forward-compute-total: 0.007590000 seconds
[token:48] 001:embedding-lookup: 0.000000000 seconds
[token:48, layer:0] 002:attention-norm: 0.000001000 seconds
[token:48, layer:0] 003:qkv-projection: 0.000110000 seconds
[token:48, layer:0] 004:apply-rope: 0.000002000 seconds
[token:48, layer:0] 005:compute-attention: 0.000013000 seconds
[token:48, layer:0] 006:attention-output: 0.000037000 seconds
[token:48, layer:0] 007:ffn-norm: 0.000001000 seconds
[token:48, layer:0] 008:ffn-up-projection: 0.000195000 seconds
[token:48, layer:0] 009:ffn-swiglu: 0.000001000 seconds
[token:48, layer:0] 010:ffn-down-projection: 0.000140000 seconds
[token:48, layer:0] 102:layer-compute-total: 0.000500000 seconds
[token:48, layer:1] 002:attention-norm: 0.000000000 seconds
[token:48, layer:1] 003:qkv-projection: 0.000110000 seconds
[token:48, layer:1] 004:apply-rope: 0.000001000 seconds
[token:48, layer:1] 005:compute-attention: 0.000011000 seconds
[token:48, layer:1] 006:attention-output: 0.000041000 seconds
[token:48, layer:1] 007:ffn-norm: 0.000000000 seconds
[token:48, layer:1] 008:ffn-up-projection: 0.000195000 seconds
[token:48, layer:1] 009:ffn-swiglu: 0.000001000 seconds
[token:48, layer:1] 010:ffn-down-projection: 0.000140000 seconds
[token:48, layer:1] 102:layer-compute-total: 0.000499000 seconds
[token:48, layer:2] 002:attention-norm: 0.000000000 seconds
[token:48, layer:2] 003:qkv-projection: 0.000109000 seconds
[token:48, layer:2] 004:apply-rope: 0.000001000 seconds
[token:48, layer:2] 005:compute-attention: 0.000012000 seconds
[token:48, layer:2] 006:attention-output: 0.000037000 seconds
[token:48, layer:2] 007:ffn-norm: 0.000001000 seconds
[token:48, layer:2] 008:ffn-up-projection: 0.000194000 seconds
[token:48, layer:2] 009:ffn-swiglu: 0.000001000 seconds
[token:48, layer:2] 010:ffn-down-projection: 0.000139000 seconds
[token:48, layer:2] 102:layer-compute-total: 0.000494000 seconds
[token:48, layer:3] 002:attention-norm: 0.000000000 seconds
[token:48, layer:3] 003:qkv-projection: 0.000110000 seconds
[token:48, layer:3] 004:apply-rope: 0.000001000 seconds
[token:48, layer:3] 005:compute-attention: 0.000011000 seconds
[token:48, layer:3] 006:attention-output: 0.000037000 seconds
[token:48, layer:3] 007:ffn-norm: 0.000000000 seconds
[token:48, layer:3] 008:ffn-up-projection: 0.000194000 seconds
[token:48, layer:3] 009:ffn-swiglu: 0.000001000 seconds
[token:48, layer:3] 010:ffn-down-projection: 0.000139000 seconds
[token:48, layer:3] 102:layer-compute-total: 0.000493000 seconds
[token:48, layer:4] 002:attention-norm: 0.000001000 seconds
[token:48, layer:4] 003:qkv-projection: 0.000110000 seconds
[token:48, layer:4] 004:apply-rope: 0.000001000 seconds
[token:48, layer:4] 005:compute-attention: 0.000011000 seconds
[token:48, layer:4] 006:attention-output: 0.000036000 seconds
[token:48, layer:4] 007:ffn-norm: 0.000000000 seconds
[token:48, layer:4] 008:ffn-up-projection: 0.000195000 seconds
[token:48, layer:4] 009:ffn-swiglu: 0.000001000 seconds
[token:48, layer:4] 010:ffn-down-projection: 0.000140000 seconds
[token:48, layer:4] 102:layer-compute-total: 0.000495000 seconds
[token:48, layer:5] 002:attention-norm: 0.000000000 seconds
[token:48, layer:5] 003:qkv-projection: 0.000109000 seconds
[token:48, layer:5] 004:apply-rope: 0.000001000 seconds
[token:48, layer:5] 005:compute-attention: 0.000011000 seconds
[token:48, layer:5] 006:attention-output: 0.000036000 seconds
[token:48, layer:5] 007:ffn-norm: 0.000000000 seconds
[token:48, layer:5] 008:ffn-up-projection: 0.000199000 seconds
[token:48, layer:5] 009:ffn-swiglu: 0.000001000 seconds
[token:48, layer:5] 010:ffn-down-projection: 0.000140000 seconds
[token:48, layer:5] 102:layer-compute-total: 0.000497000 seconds
[token:48] 011:final-projection: 0.004186000 seconds
[token:48] 103:forward-compute-total: 0.007164000 seconds
[token:49] 001:embedding-lookup: 0.000000000 seconds
[token:49, layer:0] 002:attention-norm: 0.000000000 seconds
[token:49, layer:0] 003:qkv-projection: 0.000111000 seconds
[token:49, layer:0] 004:apply-rope: 0.000001000 seconds
[token:49, layer:0] 005:compute-attention: 0.000012000 seconds
[token:49, layer:0] 006:attention-output: 0.000037000 seconds
[token:49, layer:0] 007:ffn-norm: 0.000000000 seconds
[token:49, layer:0] 008:ffn-up-projection: 0.000194000 seconds
[token:49, layer:0] 009:ffn-swiglu: 0.000001000 seconds
[token:49, layer:0] 010:ffn-down-projection: 0.000140000 seconds
[token:49, layer:0] 102:layer-compute-total: 0.000496000 seconds
[token:49, layer:1] 002:attention-norm: 0.000000000 seconds
[token:49, layer:1] 003:qkv-projection: 0.000112000 seconds
[token:49, layer:1] 004:apply-rope: 0.000001000 seconds
[token:49, layer:1] 005:compute-attention: 0.000012000 seconds
[token:49, layer:1] 006:attention-output: 0.000036000 seconds
[token:49, layer:1] 007:ffn-norm: 0.000000000 seconds
[token:49, layer:1] 008:ffn-up-projection: 0.000194000 seconds
[token:49, layer:1] 009:ffn-swiglu: 0.000001000 seconds
[token:49, layer:1] 010:ffn-down-projection: 0.000140000 seconds
[token:49, layer:1] 102:layer-compute-total: 0.000496000 seconds
[token:49, layer:2] 002:attention-norm: 0.000000000 seconds
[token:49, layer:2] 003:qkv-projection: 0.000110000 seconds
[token:49, layer:2] 004:apply-rope: 0.000001000 seconds
[token:49, layer:2] 005:compute-attention: 0.000011000 seconds
[token:49, layer:2] 006:attention-output: 0.000037000 seconds
[token:49, layer:2] 007:ffn-norm: 0.000000000 seconds
[token:49, layer:2] 008:ffn-up-projection: 0.000194000 seconds
[token:49, layer:2] 009:ffn-swiglu: 0.000001000 seconds
[token:49, layer:2] 010:ffn-down-projection: 0.000143000 seconds
[token:49, layer:2] 102:layer-compute-total: 0.000497000 seconds
[token:49, layer:3] 002:attention-norm: 0.000000000 seconds
[token:49, layer:3] 003:qkv-projection: 0.000111000 seconds
[token:49, layer:3] 004:apply-rope: 0.000002000 seconds
[token:49, layer:3] 005:compute-attention: 0.000012000 seconds
[token:49, layer:3] 006:attention-output: 0.000036000 seconds
[token:49, layer:3] 007:ffn-norm: 0.000001000 seconds
[token:49, layer:3] 008:ffn-up-projection: 0.000194000 seconds
[token:49, layer:3] 009:ffn-swiglu: 0.000002000 seconds
[token:49, layer:3] 010:ffn-down-projection: 0.000139000 seconds
[token:49, layer:3] 102:layer-compute-total: 0.000497000 seconds
[token:49, layer:4] 002:attention-norm: 0.000000000 seconds
[token:49, layer:4] 003:qkv-projection: 0.000111000 seconds
[token:49, layer:4] 004:apply-rope: 0.000001000 seconds
[token:49, layer:4] 005:compute-attention: 0.000011000 seconds
[token:49, layer:4] 006:attention-output: 0.000037000 seconds
[token:49, layer:4] 007:ffn-norm: 0.000001000 seconds
[token:49, layer:4] 008:ffn-up-projection: 0.000198000 seconds
[token:49, layer:4] 009:ffn-swiglu: 0.000001000 seconds
[token:49, layer:4] 010:ffn-down-projection: 0.000139000 seconds
[token:49, layer:4] 102:layer-compute-total: 0.000499000 seconds
[token:49, layer:5] 002:attention-norm: 0.000000000 seconds
[token:49, layer:5] 003:qkv-projection: 0.000111000 seconds
[token:49, layer:5] 004:apply-rope: 0.000002000 seconds
[token:49, layer:5] 005:compute-attention: 0.000010000 seconds
[token:49, layer:5] 006:attention-output: 0.000036000 seconds
[token:49, layer:5] 007:ffn-norm: 0.000000000 seconds
[token:49, layer:5] 008:ffn-up-projection: 0.000199000 seconds
[token:49, layer:5] 009:ffn-swiglu: 0.000001000 seconds
[token:49, layer:5] 010:ffn-down-projection: 0.000140000 seconds
[token:49, layer:5] 102:layer-compute-total: 0.000499000 seconds
[token:49] 011:final-projection: 0.004421000 seconds
[token:49] 103:forward-compute-total: 0.007405000 seconds
[token:50] 001:embedding-lookup: 0.000000000 seconds
[token:50, layer:0] 002:attention-norm: 0.000000000 seconds
[token:50, layer:0] 003:qkv-projection: 0.000123000 seconds
[token:50, layer:0] 004:apply-rope: 0.000002000 seconds
[token:50, layer:0] 005:compute-attention: 0.000014000 seconds
[token:50, layer:0] 006:attention-output: 0.000038000 seconds
[token:50, layer:0] 007:ffn-norm: 0.000000000 seconds
[token:50, layer:0] 008:ffn-up-projection: 0.000198000 seconds
[token:50, layer:0] 009:ffn-swiglu: 0.000001000 seconds
[token:50, layer:0] 010:ffn-down-projection: 0.000144000 seconds
[token:50, layer:0] 102:layer-compute-total: 0.000520000 seconds
[token:50, layer:1] 002:attention-norm: 0.000000000 seconds
[token:50, layer:1] 003:qkv-projection: 0.000110000 seconds
[token:50, layer:1] 004:apply-rope: 0.000001000 seconds
[token:50, layer:1] 005:compute-attention: 0.000014000 seconds
[token:50, layer:1] 006:attention-output: 0.000037000 seconds
[token:50, layer:1] 007:ffn-norm: 0.000001000 seconds
[token:50, layer:1] 008:ffn-up-projection: 0.000196000 seconds
[token:50, layer:1] 009:ffn-swiglu: 0.000001000 seconds
[token:50, layer:1] 010:ffn-down-projection: 0.000139000 seconds
[token:50, layer:1] 102:layer-compute-total: 0.000499000 seconds
[token:50, layer:2] 002:attention-norm: 0.000000000 seconds
[token:50, layer:2] 003:qkv-projection: 0.000110000 seconds
[token:50, layer:2] 004:apply-rope: 0.000001000 seconds
[token:50, layer:2] 005:compute-attention: 0.000012000 seconds
[token:50, layer:2] 006:attention-output: 0.000036000 seconds
[token:50, layer:2] 007:ffn-norm: 0.000001000 seconds
[token:50, layer:2] 008:ffn-up-projection: 0.000195000 seconds
[token:50, layer:2] 009:ffn-swiglu: 0.000001000 seconds
[token:50, layer:2] 010:ffn-down-projection: 0.000139000 seconds
[token:50, layer:2] 102:layer-compute-total: 0.000495000 seconds
[token:50, layer:3] 002:attention-norm: 0.000001000 seconds
[token:50, layer:3] 003:qkv-projection: 0.000110000 seconds
[token:50, layer:3] 004:apply-rope: 0.000001000 seconds
[token:50, layer:3] 005:compute-attention: 0.000012000 seconds
[token:50, layer:3] 006:attention-output: 0.000036000 seconds
[token:50, layer:3] 007:ffn-norm: 0.000000000 seconds
[token:50, layer:3] 008:ffn-up-projection: 0.000194000 seconds
[token:50, layer:3] 009:ffn-swiglu: 0.000002000 seconds
[token:50, layer:3] 010:ffn-down-projection: 0.000140000 seconds
[token:50, layer:3] 102:layer-compute-total: 0.000496000 seconds
[token:50, layer:4] 002:attention-norm: 0.000001000 seconds
[token:50, layer:4] 003:qkv-projection: 0.000110000 seconds
[token:50, layer:4] 004:apply-rope: 0.000002000 seconds
[token:50, layer:4] 005:compute-attention: 0.000013000 seconds
[token:50, layer:4] 006:attention-output: 0.000037000 seconds
[token:50, layer:4] 007:ffn-norm: 0.000000000 seconds
[token:50, layer:4] 008:ffn-up-projection: 0.000194000 seconds
[token:50, layer:4] 009:ffn-swiglu: 0.000001000 seconds
[token:50, layer:4] 010:ffn-down-projection: 0.000144000 seconds
[token:50, layer:4] 102:layer-compute-total: 0.000502000 seconds
[token:50, layer:5] 002:attention-norm: 0.000000000 seconds
[token:50, layer:5] 003:qkv-projection: 0.000110000 seconds
[token:50, layer:5] 004:apply-rope: 0.000002000 seconds
[token:50, layer:5] 005:compute-attention: 0.000012000 seconds
[token:50, layer:5] 006:attention-output: 0.000037000 seconds
[token:50, layer:5] 007:ffn-norm: 0.000001000 seconds
[token:50, layer:5] 008:ffn-up-projection: 0.000200000 seconds
[token:50, layer:5] 009:ffn-swiglu: 0.000002000 seconds
[token:50, layer:5] 010:ffn-down-projection: 0.000139000 seconds
[token:50, layer:5] 102:layer-compute-total: 0.000503000 seconds
[token:50] 011:final-projection: 0.004215000 seconds
[token:50] 103:forward-compute-total: 0.007230000 seconds
[token:51] 001:embedding-lookup: 0.000000000 seconds
[token:51, layer:0] 002:attention-norm: 0.000001000 seconds
[token:51, layer:0] 003:qkv-projection: 0.000110000 seconds
[token:51, layer:0] 004:apply-rope: 0.000002000 seconds
[token:51, layer:0] 005:compute-attention: 0.000012000 seconds
[token:51, layer:0] 006:attention-output: 0.000037000 seconds
[token:51, layer:0] 007:ffn-norm: 0.000000000 seconds
[token:51, layer:0] 008:ffn-up-projection: 0.000194000 seconds
[token:51, layer:0] 009:ffn-swiglu: 0.000002000 seconds
[token:51, layer:0] 010:ffn-down-projection: 0.000143000 seconds
[token:51, layer:0] 102:layer-compute-total: 0.000501000 seconds
[token:51, layer:1] 002:attention-norm: 0.000001000 seconds
[token:51, layer:1] 003:qkv-projection: 0.000110000 seconds
[token:51, layer:1] 004:apply-rope: 0.000001000 seconds
[token:51, layer:1] 005:compute-attention: 0.000011000 seconds
[token:51, layer:1] 006:attention-output: 0.000037000 seconds
[token:51, layer:1] 007:ffn-norm: 0.000000000 seconds
[token:51, layer:1] 008:ffn-up-projection: 0.000195000 seconds
[token:51, layer:1] 009:ffn-swiglu: 0.000001000 seconds
[token:51, layer:1] 010:ffn-down-projection: 0.000139000 seconds
[token:51, layer:1] 102:layer-compute-total: 0.000495000 seconds
[token:51, layer:2] 002:attention-norm: 0.000001000 seconds
[token:51, layer:2] 003:qkv-projection: 0.000114000 seconds
[token:51, layer:2] 004:apply-rope: 0.000001000 seconds
[token:51, layer:2] 005:compute-attention: 0.000017000 seconds
[token:51, layer:2] 006:attention-output: 0.000037000 seconds
[token:51, layer:2] 007:ffn-norm: 0.000000000 seconds
[token:51, layer:2] 008:ffn-up-projection: 0.000194000 seconds
[token:51, layer:2] 009:ffn-swiglu: 0.000001000 seconds
[token:51, layer:2] 010:ffn-down-projection: 0.000139000 seconds
[token:51, layer:2] 102:layer-compute-total: 0.000504000 seconds
[token:51, layer:3] 002:attention-norm: 0.000000000 seconds
[token:51, layer:3] 003:qkv-projection: 0.000110000 seconds
[token:51, layer:3] 004:apply-rope: 0.000002000 seconds
[token:51, layer:3] 005:compute-attention: 0.000012000 seconds
[token:51, layer:3] 006:attention-output: 0.000037000 seconds
[token:51, layer:3] 007:ffn-norm: 0.000000000 seconds
[token:51, layer:3] 008:ffn-up-projection: 0.000194000 seconds
[token:51, layer:3] 009:ffn-swiglu: 0.000001000 seconds
[token:51, layer:3] 010:ffn-down-projection: 0.000139000 seconds
[token:51, layer:3] 102:layer-compute-total: 0.000495000 seconds
[token:51, layer:4] 002:attention-norm: 0.000000000 seconds
[token:51, layer:4] 003:qkv-projection: 0.000110000 seconds
[token:51, layer:4] 004:apply-rope: 0.000001000 seconds
[token:51, layer:4] 005:compute-attention: 0.000012000 seconds
[token:51, layer:4] 006:attention-output: 0.000037000 seconds
[token:51, layer:4] 007:ffn-norm: 0.000000000 seconds
[token:51, layer:4] 008:ffn-up-projection: 0.000194000 seconds
[token:51, layer:4] 009:ffn-swiglu: 0.000001000 seconds
[token:51, layer:4] 010:ffn-down-projection: 0.000139000 seconds
[token:51, layer:4] 102:layer-compute-total: 0.000494000 seconds
[token:51, layer:5] 002:attention-norm: 0.000000000 seconds
[token:51, layer:5] 003:qkv-projection: 0.000111000 seconds
[token:51, layer:5] 004:apply-rope: 0.000002000 seconds
[token:51, layer:5] 005:compute-attention: 0.000011000 seconds
[token:51, layer:5] 006:attention-output: 0.000036000 seconds
[token:51, layer:5] 007:ffn-norm: 0.000000000 seconds
[token:51, layer:5] 008:ffn-up-projection: 0.000194000 seconds
[token:51, layer:5] 009:ffn-swiglu: 0.000001000 seconds
[token:51, layer:5] 010:ffn-down-projection: 0.000139000 seconds
[token:51, layer:5] 102:layer-compute-total: 0.000494000 seconds
[token:51] 011:final-projection: 0.004234000 seconds
[token:51] 103:forward-compute-total: 0.007217000 seconds
[token:52] 001:embedding-lookup: 0.000001000 seconds
[token:52, layer:0] 002:attention-norm: 0.000000000 seconds
[token:52, layer:0] 003:qkv-projection: 0.000111000 seconds
[token:52, layer:0] 004:apply-rope: 0.000002000 seconds
[token:52, layer:0] 005:compute-attention: 0.000012000 seconds
[token:52, layer:0] 006:attention-output: 0.000037000 seconds
[token:52, layer:0] 007:ffn-norm: 0.000000000 seconds
[token:52, layer:0] 008:ffn-up-projection: 0.000355000 seconds
[token:52, layer:0] 009:ffn-swiglu: 0.000004000 seconds
[token:52, layer:0] 010:ffn-down-projection: 0.000244000 seconds
[token:52, layer:0] 102:layer-compute-total: 0.000765000 seconds
[token:52, layer:1] 002:attention-norm: 0.000000000 seconds
[token:52, layer:1] 003:qkv-projection: 0.000120000 seconds
[token:52, layer:1] 004:apply-rope: 0.000002000 seconds
[token:52, layer:1] 005:compute-attention: 0.000064000 seconds
[token:52, layer:1] 006:attention-output: 0.000037000 seconds
[token:52, layer:1] 007:ffn-norm: 0.000000000 seconds
[token:52, layer:1] 008:ffn-up-projection: 0.000214000 seconds
[token:52, layer:1] 009:ffn-swiglu: 0.000004000 seconds
[token:52, layer:1] 010:ffn-down-projection: 0.000167000 seconds
[token:52, layer:1] 102:layer-compute-total: 0.000608000 seconds
[token:52, layer:2] 002:attention-norm: 0.000000000 seconds
[token:52, layer:2] 003:qkv-projection: 0.000110000 seconds
[token:52, layer:2] 004:apply-rope: 0.000002000 seconds
[token:52, layer:2] 005:compute-attention: 0.000044000 seconds
[token:52, layer:2] 006:attention-output: 0.000087000 seconds
[token:52, layer:2] 007:ffn-norm: 0.000000000 seconds
[token:52, layer:2] 008:ffn-up-projection: 0.000202000 seconds
[token:52, layer:2] 009:ffn-swiglu: 0.000001000 seconds
[token:52, layer:2] 010:ffn-down-projection: 0.000140000 seconds
[token:52, layer:2] 102:layer-compute-total: 0.000586000 seconds
[token:52, layer:3] 002:attention-norm: 0.000001000 seconds
[token:52, layer:3] 003:qkv-projection: 0.000110000 seconds
[token:52, layer:3] 004:apply-rope: 0.000001000 seconds
[token:52, layer:3] 005:compute-attention: 0.000013000 seconds
[token:52, layer:3] 006:attention-output: 0.000036000 seconds
[token:52, layer:3] 007:ffn-norm: 0.000001000 seconds
[token:52, layer:3] 008:ffn-up-projection: 0.000202000 seconds
[token:52, layer:3] 009:ffn-swiglu: 0.000001000 seconds
[token:52, layer:3] 010:ffn-down-projection: 0.000226000 seconds
[token:52, layer:3] 102:layer-compute-total: 0.000591000 seconds
[token:52, layer:4] 002:attention-norm: 0.000001000 seconds
[token:52, layer:4] 003:qkv-projection: 0.000110000 seconds
[token:52, layer:4] 004:apply-rope: 0.000001000 seconds
[token:52, layer:4] 005:compute-attention: 0.000012000 seconds
[token:52, layer:4] 006:attention-output: 0.000037000 seconds
[token:52, layer:4] 007:ffn-norm: 0.000000000 seconds
[token:52, layer:4] 008:ffn-up-projection: 0.000194000 seconds
[token:52, layer:4] 009:ffn-swiglu: 0.000001000 seconds
[token:52, layer:4] 010:ffn-down-projection: 0.000139000 seconds
[token:52, layer:4] 102:layer-compute-total: 0.000495000 seconds
[token:52, layer:5] 002:attention-norm: 0.000000000 seconds
[token:52, layer:5] 003:qkv-projection: 0.000109000 seconds
[token:52, layer:5] 004:apply-rope: 0.000002000 seconds
[token:52, layer:5] 005:compute-attention: 0.000012000 seconds
[token:52, layer:5] 006:attention-output: 0.000036000 seconds
[token:52, layer:5] 007:ffn-norm: 0.000001000 seconds
[token:52, layer:5] 008:ffn-up-projection: 0.000195000 seconds
[token:52, layer:5] 009:ffn-swiglu: 0.000001000 seconds
[token:52, layer:5] 010:ffn-down-projection: 0.000139000 seconds
[token:52, layer:5] 102:layer-compute-total: 0.000495000 seconds
[token:52] 011:final-projection: 0.004084000 seconds
[token:52] 103:forward-compute-total: 0.007625000 seconds
[token:53] 001:embedding-lookup: 0.000000000 seconds
[token:53, layer:0] 002:attention-norm: 0.000001000 seconds
[token:53, layer:0] 003:qkv-projection: 0.000109000 seconds
[token:53, layer:0] 004:apply-rope: 0.000002000 seconds
[token:53, layer:0] 005:compute-attention: 0.000013000 seconds
[token:53, layer:0] 006:attention-output: 0.000037000 seconds
[token:53, layer:0] 007:ffn-norm: 0.000000000 seconds
[token:53, layer:0] 008:ffn-up-projection: 0.000194000 seconds
[token:53, layer:0] 009:ffn-swiglu: 0.000001000 seconds
[token:53, layer:0] 010:ffn-down-projection: 0.000140000 seconds
[token:53, layer:0] 102:layer-compute-total: 0.000497000 seconds
[token:53, layer:1] 002:attention-norm: 0.000000000 seconds
[token:53, layer:1] 003:qkv-projection: 0.000109000 seconds
[token:53, layer:1] 004:apply-rope: 0.000001000 seconds
[token:53, layer:1] 005:compute-attention: 0.000013000 seconds
[token:53, layer:1] 006:attention-output: 0.000037000 seconds
[token:53, layer:1] 007:ffn-norm: 0.000000000 seconds
[token:53, layer:1] 008:ffn-up-projection: 0.000195000 seconds
[token:53, layer:1] 009:ffn-swiglu: 0.000001000 seconds
[token:53, layer:1] 010:ffn-down-projection: 0.000139000 seconds
[token:53, layer:1] 102:layer-compute-total: 0.000495000 seconds
[token:53, layer:2] 002:attention-norm: 0.000000000 seconds
[token:53, layer:2] 003:qkv-projection: 0.000109000 seconds
[token:53, layer:2] 004:apply-rope: 0.000002000 seconds
[token:53, layer:2] 005:compute-attention: 0.000012000 seconds
[token:53, layer:2] 006:attention-output: 0.000036000 seconds
[token:53, layer:2] 007:ffn-norm: 0.000001000 seconds
[token:53, layer:2] 008:ffn-up-projection: 0.000195000 seconds
[token:53, layer:2] 009:ffn-swiglu: 0.000001000 seconds
[token:53, layer:2] 010:ffn-down-projection: 0.000140000 seconds
[token:53, layer:2] 102:layer-compute-total: 0.000496000 seconds
[token:53, layer:3] 002:attention-norm: 0.000000000 seconds
[token:53, layer:3] 003:qkv-projection: 0.000110000 seconds
[token:53, layer:3] 004:apply-rope: 0.000002000 seconds
[token:53, layer:3] 005:compute-attention: 0.000011000 seconds
[token:53, layer:3] 006:attention-output: 0.000036000 seconds
[token:53, layer:3] 007:ffn-norm: 0.000001000 seconds
[token:53, layer:3] 008:ffn-up-projection: 0.000195000 seconds
[token:53, layer:3] 009:ffn-swiglu: 0.000001000 seconds
[token:53, layer:3] 010:ffn-down-projection: 0.000139000 seconds
[token:53, layer:3] 102:layer-compute-total: 0.000495000 seconds
[token:53, layer:4] 002:attention-norm: 0.000001000 seconds
[token:53, layer:4] 003:qkv-projection: 0.000110000 seconds
[token:53, layer:4] 004:apply-rope: 0.000002000 seconds
[token:53, layer:4] 005:compute-attention: 0.000010000 seconds
[token:53, layer:4] 006:attention-output: 0.000036000 seconds
[token:53, layer:4] 007:ffn-norm: 0.000000000 seconds
[token:53, layer:4] 008:ffn-up-projection: 0.000194000 seconds
[token:53, layer:4] 009:ffn-swiglu: 0.000001000 seconds
[token:53, layer:4] 010:ffn-down-projection: 0.000139000 seconds
[token:53, layer:4] 102:layer-compute-total: 0.000493000 seconds
[token:53, layer:5] 002:attention-norm: 0.000001000 seconds
[token:53, layer:5] 003:qkv-projection: 0.000109000 seconds
[token:53, layer:5] 004:apply-rope: 0.000001000 seconds
[token:53, layer:5] 005:compute-attention: 0.000010000 seconds
[token:53, layer:5] 006:attention-output: 0.000037000 seconds
[token:53, layer:5] 007:ffn-norm: 0.000000000 seconds
[token:53, layer:5] 008:ffn-up-projection: 0.000194000 seconds
[token:53, layer:5] 009:ffn-swiglu: 0.000001000 seconds
[token:53, layer:5] 010:ffn-down-projection: 0.000142000 seconds
[token:53, layer:5] 102:layer-compute-total: 0.000495000 seconds
[token:53] 011:final-projection: 0.004173000 seconds
[token:53] 103:forward-compute-total: 0.007144000 seconds
[token:54] 001:embedding-lookup: 0.000000000 seconds
[token:54, layer:0] 002:attention-norm: 0.000000000 seconds
[token:54, layer:0] 003:qkv-projection: 0.000110000 seconds
[token:54, layer:0] 004:apply-rope: 0.000002000 seconds
[token:54, layer:0] 005:compute-attention: 0.000010000 seconds
[token:54, layer:0] 006:attention-output: 0.000037000 seconds
[token:54, layer:0] 007:ffn-norm: 0.000000000 seconds
[token:54, layer:0] 008:ffn-up-projection: 0.000195000 seconds
[token:54, layer:0] 009:ffn-swiglu: 0.000001000 seconds
[token:54, layer:0] 010:ffn-down-projection: 0.000140000 seconds
[token:54, layer:0] 102:layer-compute-total: 0.000495000 seconds
[token:54, layer:1] 002:attention-norm: 0.000000000 seconds
[token:54, layer:1] 003:qkv-projection: 0.000141000 seconds
[token:54, layer:1] 004:apply-rope: 0.000001000 seconds
[token:54, layer:1] 005:compute-attention: 0.000011000 seconds
[token:54, layer:1] 006:attention-output: 0.000037000 seconds
[token:54, layer:1] 007:ffn-norm: 0.000000000 seconds
[token:54, layer:1] 008:ffn-up-projection: 0.000194000 seconds
[token:54, layer:1] 009:ffn-swiglu: 0.000001000 seconds
[token:54, layer:1] 010:ffn-down-projection: 0.000139000 seconds
[token:54, layer:1] 102:layer-compute-total: 0.000524000 seconds
[token:54, layer:2] 002:attention-norm: 0.000000000 seconds
[token:54, layer:2] 003:qkv-projection: 0.000109000 seconds
[token:54, layer:2] 004:apply-rope: 0.000001000 seconds
[token:54, layer:2] 005:compute-attention: 0.000011000 seconds
[token:54, layer:2] 006:attention-output: 0.000036000 seconds
[token:54, layer:2] 007:ffn-norm: 0.000001000 seconds
[token:54, layer:2] 008:ffn-up-projection: 0.000216000 seconds
[token:54, layer:2] 009:ffn-swiglu: 0.000001000 seconds
[token:54, layer:2] 010:ffn-down-projection: 0.000254000 seconds
[token:54, layer:2] 102:layer-compute-total: 0.000629000 seconds
[token:54, layer:3] 002:attention-norm: 0.000000000 seconds
[token:54, layer:3] 003:qkv-projection: 0.000128000 seconds
[token:54, layer:3] 004:apply-rope: 0.000002000 seconds
[token:54, layer:3] 005:compute-attention: 0.000011000 seconds
[token:54, layer:3] 006:attention-output: 0.000042000 seconds
[token:54, layer:3] 007:ffn-norm: 0.000000000 seconds
[token:54, layer:3] 008:ffn-up-projection: 0.000194000 seconds
[token:54, layer:3] 009:ffn-swiglu: 0.000001000 seconds
[token:54, layer:3] 010:ffn-down-projection: 0.000156000 seconds
[token:54, layer:3] 102:layer-compute-total: 0.000534000 seconds
[token:54, layer:4] 002:attention-norm: 0.000001000 seconds
[token:54, layer:4] 003:qkv-projection: 0.000111000 seconds
[token:54, layer:4] 004:apply-rope: 0.000001000 seconds
[token:54, layer:4] 005:compute-attention: 0.000015000 seconds
[token:54, layer:4] 006:attention-output: 0.000037000 seconds
[token:54, layer:4] 007:ffn-norm: 0.000001000 seconds
[token:54, layer:4] 008:ffn-up-projection: 0.000195000 seconds
[token:54, layer:4] 009:ffn-swiglu: 0.000001000 seconds
[token:54, layer:4] 010:ffn-down-projection: 0.000139000 seconds
[token:54, layer:4] 102:layer-compute-total: 0.000501000 seconds
[token:54, layer:5] 002:attention-norm: 0.000001000 seconds
[token:54, layer:5] 003:qkv-projection: 0.000110000 seconds
[token:54, layer:5] 004:apply-rope: 0.000001000 seconds
[token:54, layer:5] 005:compute-attention: 0.000015000 seconds
[token:54, layer:5] 006:attention-output: 0.000037000 seconds
[token:54, layer:5] 007:ffn-norm: 0.000000000 seconds
[token:54, layer:5] 008:ffn-up-projection: 0.000194000 seconds
[token:54, layer:5] 009:ffn-swiglu: 0.000001000 seconds
[token:54, layer:5] 010:ffn-down-projection: 0.000139000 seconds
[token:54, layer:5] 102:layer-compute-total: 0.000498000 seconds
[token:54] 011:final-projection: 0.004059000 seconds
[token:54] 103:forward-compute-total: 0.007240000 seconds
[token:55] 001:embedding-lookup: 0.000001000 seconds
[token:55, layer:0] 002:attention-norm: 0.000000000 seconds
[token:55, layer:0] 003:qkv-projection: 0.000110000 seconds
[token:55, layer:0] 004:apply-rope: 0.000001000 seconds
[token:55, layer:0] 005:compute-attention: 0.000012000 seconds
[token:55, layer:0] 006:attention-output: 0.000037000 seconds
[token:55, layer:0] 007:ffn-norm: 0.000000000 seconds
[token:55, layer:0] 008:ffn-up-projection: 0.000194000 seconds
[token:55, layer:0] 009:ffn-swiglu: 0.000001000 seconds
[token:55, layer:0] 010:ffn-down-projection: 0.000140000 seconds
[token:55, layer:0] 102:layer-compute-total: 0.000495000 seconds
[token:55, layer:1] 002:attention-norm: 0.000000000 seconds
[token:55, layer:1] 003:qkv-projection: 0.000107000 seconds
[token:55, layer:1] 004:apply-rope: 0.000002000 seconds
[token:55, layer:1] 005:compute-attention: 0.000013000 seconds
[token:55, layer:1] 006:attention-output: 0.000036000 seconds
[token:55, layer:1] 007:ffn-norm: 0.000001000 seconds
[token:55, layer:1] 008:ffn-up-projection: 0.000190000 seconds
[token:55, layer:1] 009:ffn-swiglu: 0.000001000 seconds
[token:55, layer:1] 010:ffn-down-projection: 0.000136000 seconds
[token:55, layer:1] 102:layer-compute-total: 0.000486000 seconds
[token:55, layer:2] 002:attention-norm: 0.000000000 seconds
[token:55, layer:2] 003:qkv-projection: 0.000112000 seconds
[token:55, layer:2] 004:apply-rope: 0.000002000 seconds
[token:55, layer:2] 005:compute-attention: 0.000012000 seconds
[token:55, layer:2] 006:attention-output: 0.000037000 seconds
[token:55, layer:2] 007:ffn-norm: 0.000000000 seconds
[token:55, layer:2] 008:ffn-up-projection: 0.000194000 seconds
[token:55, layer:2] 009:ffn-swiglu: 0.000001000 seconds
[token:55, layer:2] 010:ffn-down-projection: 0.000139000 seconds
[token:55, layer:2] 102:layer-compute-total: 0.000497000 seconds
[token:55, layer:3] 002:attention-norm: 0.000000000 seconds
[token:55, layer:3] 003:qkv-projection: 0.000110000 seconds
[token:55, layer:3] 004:apply-rope: 0.000001000 seconds
[token:55, layer:3] 005:compute-attention: 0.000013000 seconds
[token:55, layer:3] 006:attention-output: 0.000036000 seconds
[token:55, layer:3] 007:ffn-norm: 0.000000000 seconds
[token:55, layer:3] 008:ffn-up-projection: 0.000194000 seconds
[token:55, layer:3] 009:ffn-swiglu: 0.000001000 seconds
[token:55, layer:3] 010:ffn-down-projection: 0.000139000 seconds
[token:55, layer:3] 102:layer-compute-total: 0.000494000 seconds
[token:55, layer:4] 002:attention-norm: 0.000001000 seconds
[token:55, layer:4] 003:qkv-projection: 0.000110000 seconds
[token:55, layer:4] 004:apply-rope: 0.000001000 seconds
[token:55, layer:4] 005:compute-attention: 0.000011000 seconds
[token:55, layer:4] 006:attention-output: 0.000037000 seconds
[token:55, layer:4] 007:ffn-norm: 0.000001000 seconds
[token:55, layer:4] 008:ffn-up-projection: 0.000194000 seconds
[token:55, layer:4] 009:ffn-swiglu: 0.000002000 seconds
[token:55, layer:4] 010:ffn-down-projection: 0.000140000 seconds
[token:55, layer:4] 102:layer-compute-total: 0.000497000 seconds
[token:55, layer:5] 002:attention-norm: 0.000001000 seconds
[token:55, layer:5] 003:qkv-projection: 0.000109000 seconds
[token:55, layer:5] 004:apply-rope: 0.000001000 seconds
[token:55, layer:5] 005:compute-attention: 0.000010000 seconds
[token:55, layer:5] 006:attention-output: 0.000036000 seconds
[token:55, layer:5] 007:ffn-norm: 0.000000000 seconds
[token:55, layer:5] 008:ffn-up-projection: 0.000195000 seconds
[token:55, layer:5] 009:ffn-swiglu: 0.000001000 seconds
[token:55, layer:5] 010:ffn-down-projection: 0.000139000 seconds
[token:55, layer:5] 102:layer-compute-total: 0.000492000 seconds
[token:55] 011:final-projection: 0.004088000 seconds
[token:55] 103:forward-compute-total: 0.007050000 seconds
[token:56] 001:embedding-lookup: 0.000000000 seconds
[token:56, layer:0] 002:attention-norm: 0.000000000 seconds
[token:56, layer:0] 003:qkv-projection: 0.000114000 seconds
[token:56, layer:0] 004:apply-rope: 0.000002000 seconds
[token:56, layer:0] 005:compute-attention: 0.000011000 seconds
[token:56, layer:0] 006:attention-output: 0.000037000 seconds
[token:56, layer:0] 007:ffn-norm: 0.000001000 seconds
[token:56, layer:0] 008:ffn-up-projection: 0.000229000 seconds
[token:56, layer:0] 009:ffn-swiglu: 0.000002000 seconds
[token:56, layer:0] 010:ffn-down-projection: 0.000140000 seconds
[token:56, layer:0] 102:layer-compute-total: 0.000536000 seconds
[token:56, layer:1] 002:attention-norm: 0.000001000 seconds
[token:56, layer:1] 003:qkv-projection: 0.000112000 seconds
[token:56, layer:1] 004:apply-rope: 0.000002000 seconds
[token:56, layer:1] 005:compute-attention: 0.000012000 seconds
[token:56, layer:1] 006:attention-output: 0.000037000 seconds
[token:56, layer:1] 007:ffn-norm: 0.000001000 seconds
[token:56, layer:1] 008:ffn-up-projection: 0.000194000 seconds
[token:56, layer:1] 009:ffn-swiglu: 0.000001000 seconds
[token:56, layer:1] 010:ffn-down-projection: 0.000139000 seconds
[token:56, layer:1] 102:layer-compute-total: 0.000499000 seconds
[token:56, layer:2] 002:attention-norm: 0.000000000 seconds
[token:56, layer:2] 003:qkv-projection: 0.000113000 seconds
[token:56, layer:2] 004:apply-rope: 0.000001000 seconds
[token:56, layer:2] 005:compute-attention: 0.000012000 seconds
[token:56, layer:2] 006:attention-output: 0.000037000 seconds
[token:56, layer:2] 007:ffn-norm: 0.000001000 seconds
[token:56, layer:2] 008:ffn-up-projection: 0.000195000 seconds
[token:56, layer:2] 009:ffn-swiglu: 0.000001000 seconds
[token:56, layer:2] 010:ffn-down-projection: 0.000139000 seconds
[token:56, layer:2] 102:layer-compute-total: 0.000499000 seconds
[token:56, layer:3] 002:attention-norm: 0.000000000 seconds
[token:56, layer:3] 003:qkv-projection: 0.000112000 seconds
[token:56, layer:3] 004:apply-rope: 0.000001000 seconds
[token:56, layer:3] 005:compute-attention: 0.000012000 seconds
[token:56, layer:3] 006:attention-output: 0.000036000 seconds
[token:56, layer:3] 007:ffn-norm: 0.000000000 seconds
[token:56, layer:3] 008:ffn-up-projection: 0.000273000 seconds
[token:56, layer:3] 009:ffn-swiglu: 0.000001000 seconds
[token:56, layer:3] 010:ffn-down-projection: 0.000140000 seconds
[token:56, layer:3] 102:layer-compute-total: 0.000575000 seconds
[token:56, layer:4] 002:attention-norm: 0.000001000 seconds
[token:56, layer:4] 003:qkv-projection: 0.000113000 seconds
[token:56, layer:4] 004:apply-rope: 0.000001000 seconds
[token:56, layer:4] 005:compute-attention: 0.000015000 seconds
[token:56, layer:4] 006:attention-output: 0.000036000 seconds
[token:56, layer:4] 007:ffn-norm: 0.000000000 seconds
[token:56, layer:4] 008:ffn-up-projection: 0.000194000 seconds
[token:56, layer:4] 009:ffn-swiglu: 0.000002000 seconds
[token:56, layer:4] 010:ffn-down-projection: 0.000159000 seconds
[token:56, layer:4] 102:layer-compute-total: 0.000521000 seconds
[token:56, layer:5] 002:attention-norm: 0.000001000 seconds
[token:56, layer:5] 003:qkv-projection: 0.000162000 seconds
[token:56, layer:5] 004:apply-rope: 0.000001000 seconds
[token:56, layer:5] 005:compute-attention: 0.000014000 seconds
[token:56, layer:5] 006:attention-output: 0.000037000 seconds
[token:56, layer:5] 007:ffn-norm: 0.000001000 seconds
[token:56, layer:5] 008:ffn-up-projection: 0.000194000 seconds
[token:56, layer:5] 009:ffn-swiglu: 0.000001000 seconds
[token:56, layer:5] 010:ffn-down-projection: 0.000140000 seconds
[token:56, layer:5] 102:layer-compute-total: 0.000551000 seconds
[token:56] 011:final-projection: 0.004055000 seconds
[token:56] 103:forward-compute-total: 0.007236000 seconds
[token:57] 001:embedding-lookup: 0.000001000 seconds
[token:57, layer:0] 002:attention-norm: 0.000000000 seconds
[token:57, layer:0] 003:qkv-projection: 0.000110000 seconds
[token:57, layer:0] 004:apply-rope: 0.000002000 seconds
[token:57, layer:0] 005:compute-attention: 0.000013000 seconds
[token:57, layer:0] 006:attention-output: 0.000037000 seconds
[token:57, layer:0] 007:ffn-norm: 0.000001000 seconds
[token:57, layer:0] 008:ffn-up-projection: 0.000195000 seconds
[token:57, layer:0] 009:ffn-swiglu: 0.000001000 seconds
[token:57, layer:0] 010:ffn-down-projection: 0.000140000 seconds
[token:57, layer:0] 102:layer-compute-total: 0.000499000 seconds
[token:57, layer:1] 002:attention-norm: 0.000000000 seconds
[token:57, layer:1] 003:qkv-projection: 0.000109000 seconds
[token:57, layer:1] 004:apply-rope: 0.000001000 seconds
[token:57, layer:1] 005:compute-attention: 0.000012000 seconds
[token:57, layer:1] 006:attention-output: 0.000037000 seconds
[token:57, layer:1] 007:ffn-norm: 0.000001000 seconds
[token:57, layer:1] 008:ffn-up-projection: 0.000194000 seconds
[token:57, layer:1] 009:ffn-swiglu: 0.000001000 seconds
[token:57, layer:1] 010:ffn-down-projection: 0.000140000 seconds
[token:57, layer:1] 102:layer-compute-total: 0.000495000 seconds
[token:57, layer:2] 002:attention-norm: 0.000001000 seconds
[token:57, layer:2] 003:qkv-projection: 0.000110000 seconds
[token:57, layer:2] 004:apply-rope: 0.000001000 seconds
[token:57, layer:2] 005:compute-attention: 0.000012000 seconds
[token:57, layer:2] 006:attention-output: 0.000036000 seconds
[token:57, layer:2] 007:ffn-norm: 0.000001000 seconds
[token:57, layer:2] 008:ffn-up-projection: 0.000194000 seconds
[token:57, layer:2] 009:ffn-swiglu: 0.000001000 seconds
[token:57, layer:2] 010:ffn-down-projection: 0.000136000 seconds
[token:57, layer:2] 102:layer-compute-total: 0.000492000 seconds
[token:57, layer:3] 002:attention-norm: 0.000000000 seconds
[token:57, layer:3] 003:qkv-projection: 0.000107000 seconds
[token:57, layer:3] 004:apply-rope: 0.000001000 seconds
[token:57, layer:3] 005:compute-attention: 0.000011000 seconds
[token:57, layer:3] 006:attention-output: 0.000036000 seconds
[token:57, layer:3] 007:ffn-norm: 0.000001000 seconds
[token:57, layer:3] 008:ffn-up-projection: 0.000190000 seconds
[token:57, layer:3] 009:ffn-swiglu: 0.000001000 seconds
[token:57, layer:3] 010:ffn-down-projection: 0.000137000 seconds
[token:57, layer:3] 102:layer-compute-total: 0.000484000 seconds
[token:57, layer:4] 002:attention-norm: 0.000000000 seconds
[token:57, layer:4] 003:qkv-projection: 0.000107000 seconds
[token:57, layer:4] 004:apply-rope: 0.000001000 seconds
[token:57, layer:4] 005:compute-attention: 0.000011000 seconds
[token:57, layer:4] 006:attention-output: 0.000035000 seconds
[token:57, layer:4] 007:ffn-norm: 0.000001000 seconds
[token:57, layer:4] 008:ffn-up-projection: 0.000195000 seconds
[token:57, layer:4] 009:ffn-swiglu: 0.000001000 seconds
[token:57, layer:4] 010:ffn-down-projection: 0.000139000 seconds
[token:57, layer:4] 102:layer-compute-total: 0.000490000 seconds
[token:57, layer:5] 002:attention-norm: 0.000000000 seconds
[token:57, layer:5] 003:qkv-projection: 0.000109000 seconds
[token:57, layer:5] 004:apply-rope: 0.000001000 seconds
[token:57, layer:5] 005:compute-attention: 0.000011000 seconds
[token:57, layer:5] 006:attention-output: 0.000036000 seconds
[token:57, layer:5] 007:ffn-norm: 0.000000000 seconds
[token:57, layer:5] 008:ffn-up-projection: 0.000194000 seconds
[token:57, layer:5] 009:ffn-swiglu: 0.000001000 seconds
[token:57, layer:5] 010:ffn-down-projection: 0.000178000 seconds
[token:57, layer:5] 102:layer-compute-total: 0.000530000 seconds
[token:57] 011:final-projection: 0.004559000 seconds
[token:57] 103:forward-compute-total: 0.007550000 seconds
[token:58] 001:embedding-lookup: 0.000000000 seconds
[token:58, layer:0] 002:attention-norm: 0.000000000 seconds
[token:58, layer:0] 003:qkv-projection: 0.000114000 seconds
[token:58, layer:0] 004:apply-rope: 0.000002000 seconds
[token:58, layer:0] 005:compute-attention: 0.000014000 seconds
[token:58, layer:0] 006:attention-output: 0.000037000 seconds
[token:58, layer:0] 007:ffn-norm: 0.000001000 seconds
[token:58, layer:0] 008:ffn-up-projection: 0.000194000 seconds
[token:58, layer:0] 009:ffn-swiglu: 0.000002000 seconds
[token:58, layer:0] 010:ffn-down-projection: 0.000139000 seconds
[token:58, layer:0] 102:layer-compute-total: 0.000503000 seconds
[token:58, layer:1] 002:attention-norm: 0.000000000 seconds
[token:58, layer:1] 003:qkv-projection: 0.000109000 seconds
[token:58, layer:1] 004:apply-rope: 0.000001000 seconds
[token:58, layer:1] 005:compute-attention: 0.000014000 seconds
[token:58, layer:1] 006:attention-output: 0.000036000 seconds
[token:58, layer:1] 007:ffn-norm: 0.000000000 seconds
[token:58, layer:1] 008:ffn-up-projection: 0.000194000 seconds
[token:58, layer:1] 009:ffn-swiglu: 0.000001000 seconds
[token:58, layer:1] 010:ffn-down-projection: 0.000139000 seconds
[token:58, layer:1] 102:layer-compute-total: 0.000494000 seconds
[token:58, layer:2] 002:attention-norm: 0.000001000 seconds
[token:58, layer:2] 003:qkv-projection: 0.000110000 seconds
[token:58, layer:2] 004:apply-rope: 0.000001000 seconds
[token:58, layer:2] 005:compute-attention: 0.000013000 seconds
[token:58, layer:2] 006:attention-output: 0.000037000 seconds
[token:58, layer:2] 007:ffn-norm: 0.000000000 seconds
[token:58, layer:2] 008:ffn-up-projection: 0.000201000 seconds
[token:58, layer:2] 009:ffn-swiglu: 0.000001000 seconds
[token:58, layer:2] 010:ffn-down-projection: 0.000157000 seconds
[token:58, layer:2] 102:layer-compute-total: 0.000521000 seconds
[token:58, layer:3] 002:attention-norm: 0.000000000 seconds
[token:58, layer:3] 003:qkv-projection: 0.000110000 seconds
[token:58, layer:3] 004:apply-rope: 0.000002000 seconds
[token:58, layer:3] 005:compute-attention: 0.000013000 seconds
[token:58, layer:3] 006:attention-output: 0.000037000 seconds
[token:58, layer:3] 007:ffn-norm: 0.000000000 seconds
[token:58, layer:3] 008:ffn-up-projection: 0.000194000 seconds
[token:58, layer:3] 009:ffn-swiglu: 0.000001000 seconds
[token:58, layer:3] 010:ffn-down-projection: 0.000139000 seconds
[token:58, layer:3] 102:layer-compute-total: 0.000496000 seconds
[token:58, layer:4] 002:attention-norm: 0.000000000 seconds
[token:58, layer:4] 003:qkv-projection: 0.000110000 seconds
[token:58, layer:4] 004:apply-rope: 0.000002000 seconds
[token:58, layer:4] 005:compute-attention: 0.000014000 seconds
[token:58, layer:4] 006:attention-output: 0.000037000 seconds
[token:58, layer:4] 007:ffn-norm: 0.000000000 seconds
[token:58, layer:4] 008:ffn-up-projection: 0.000194000 seconds
[token:58, layer:4] 009:ffn-swiglu: 0.000001000 seconds
[token:58, layer:4] 010:ffn-down-projection: 0.000140000 seconds
[token:58, layer:4] 102:layer-compute-total: 0.000498000 seconds
[token:58, layer:5] 002:attention-norm: 0.000000000 seconds
[token:58, layer:5] 003:qkv-projection: 0.000110000 seconds
[token:58, layer:5] 004:apply-rope: 0.000001000 seconds
[token:58, layer:5] 005:compute-attention: 0.000013000 seconds
[token:58, layer:5] 006:attention-output: 0.000036000 seconds
[token:58, layer:5] 007:ffn-norm: 0.000000000 seconds
[token:58, layer:5] 008:ffn-up-projection: 0.000194000 seconds
[token:58, layer:5] 009:ffn-swiglu: 0.000001000 seconds
[token:58, layer:5] 010:ffn-down-projection: 0.000140000 seconds
[token:58, layer:5] 102:layer-compute-total: 0.000495000 seconds
[token:58] 011:final-projection: 0.004810000 seconds
[token:58] 103:forward-compute-total: 0.007817000 seconds
[token:59] 001:embedding-lookup: 0.000000000 seconds
[token:59, layer:0] 002:attention-norm: 0.000001000 seconds
[token:59, layer:0] 003:qkv-projection: 0.000121000 seconds
[token:59, layer:0] 004:apply-rope: 0.000002000 seconds
[token:59, layer:0] 005:compute-attention: 0.000014000 seconds
[token:59, layer:0] 006:attention-output: 0.000037000 seconds
[token:59, layer:0] 007:ffn-norm: 0.000001000 seconds
[token:59, layer:0] 008:ffn-up-projection: 0.000194000 seconds
[token:59, layer:0] 009:ffn-swiglu: 0.000001000 seconds
[token:59, layer:0] 010:ffn-down-projection: 0.000140000 seconds
[token:59, layer:0] 102:layer-compute-total: 0.000511000 seconds
[token:59, layer:1] 002:attention-norm: 0.000000000 seconds
[token:59, layer:1] 003:qkv-projection: 0.000109000 seconds
[token:59, layer:1] 004:apply-rope: 0.000002000 seconds
[token:59, layer:1] 005:compute-attention: 0.000015000 seconds
[token:59, layer:1] 006:attention-output: 0.000037000 seconds
[token:59, layer:1] 007:ffn-norm: 0.000001000 seconds
[token:59, layer:1] 008:ffn-up-projection: 0.000196000 seconds
[token:59, layer:1] 009:ffn-swiglu: 0.000001000 seconds
[token:59, layer:1] 010:ffn-down-projection: 0.000139000 seconds
[token:59, layer:1] 102:layer-compute-total: 0.000500000 seconds
[token:59, layer:2] 002:attention-norm: 0.000000000 seconds
[token:59, layer:2] 003:qkv-projection: 0.000114000 seconds
[token:59, layer:2] 004:apply-rope: 0.000001000 seconds
[token:59, layer:2] 005:compute-attention: 0.000014000 seconds
[token:59, layer:2] 006:attention-output: 0.000036000 seconds
[token:59, layer:2] 007:ffn-norm: 0.000001000 seconds
[token:59, layer:2] 008:ffn-up-projection: 0.000195000 seconds
[token:59, layer:2] 009:ffn-swiglu: 0.000001000 seconds
[token:59, layer:2] 010:ffn-down-projection: 0.000139000 seconds
[token:59, layer:2] 102:layer-compute-total: 0.000501000 seconds
[token:59, layer:3] 002:attention-norm: 0.000000000 seconds
[token:59, layer:3] 003:qkv-projection: 0.000111000 seconds
[token:59, layer:3] 004:apply-rope: 0.000001000 seconds
[token:59, layer:3] 005:compute-attention: 0.000014000 seconds
[token:59, layer:3] 006:attention-output: 0.000036000 seconds
[token:59, layer:3] 007:ffn-norm: 0.000000000 seconds
[token:59, layer:3] 008:ffn-up-projection: 0.000190000 seconds
[token:59, layer:3] 009:ffn-swiglu: 0.000001000 seconds
[token:59, layer:3] 010:ffn-down-projection: 0.000136000 seconds
[token:59, layer:3] 102:layer-compute-total: 0.000489000 seconds
[token:59, layer:4] 002:attention-norm: 0.000000000 seconds
[token:59, layer:4] 003:qkv-projection: 0.000113000 seconds
[token:59, layer:4] 004:apply-rope: 0.000001000 seconds
[token:59, layer:4] 005:compute-attention: 0.000014000 seconds
[token:59, layer:4] 006:attention-output: 0.000036000 seconds
[token:59, layer:4] 007:ffn-norm: 0.000001000 seconds
[token:59, layer:4] 008:ffn-up-projection: 0.000195000 seconds
[token:59, layer:4] 009:ffn-swiglu: 0.000001000 seconds
[token:59, layer:4] 010:ffn-down-projection: 0.000140000 seconds
[token:59, layer:4] 102:layer-compute-total: 0.000501000 seconds
[token:59, layer:5] 002:attention-norm: 0.000001000 seconds
[token:59, layer:5] 003:qkv-projection: 0.000111000 seconds
[token:59, layer:5] 004:apply-rope: 0.000001000 seconds
[token:59, layer:5] 005:compute-attention: 0.000014000 seconds
[token:59, layer:5] 006:attention-output: 0.000036000 seconds
[token:59, layer:5] 007:ffn-norm: 0.000000000 seconds
[token:59, layer:5] 008:ffn-up-projection: 0.000194000 seconds
[token:59, layer:5] 009:ffn-swiglu: 0.000001000 seconds
[token:59, layer:5] 010:ffn-down-projection: 0.000139000 seconds
[token:59, layer:5] 102:layer-compute-total: 0.000497000 seconds
[token:59] 011:final-projection: 0.004088000 seconds
[token:59] 103:forward-compute-total: 0.007087000 seconds
[token:60] 001:embedding-lookup: 0.000000000 seconds
[token:60, layer:0] 002:attention-norm: 0.000000000 seconds
[token:60, layer:0] 003:qkv-projection: 0.000110000 seconds
[token:60, layer:0] 004:apply-rope: 0.000002000 seconds
[token:60, layer:0] 005:compute-attention: 0.000013000 seconds
[token:60, layer:0] 006:attention-output: 0.000037000 seconds
[token:60, layer:0] 007:ffn-norm: 0.000000000 seconds
[token:60, layer:0] 008:ffn-up-projection: 0.000194000 seconds
[token:60, layer:0] 009:ffn-swiglu: 0.000001000 seconds
[token:60, layer:0] 010:ffn-down-projection: 0.000140000 seconds
[token:60, layer:0] 102:layer-compute-total: 0.000497000 seconds
[token:60, layer:1] 002:attention-norm: 0.000000000 seconds
[token:60, layer:1] 003:qkv-projection: 0.000112000 seconds
[token:60, layer:1] 004:apply-rope: 0.000001000 seconds
[token:60, layer:1] 005:compute-attention: 0.000012000 seconds
[token:60, layer:1] 006:attention-output: 0.000037000 seconds
[token:60, layer:1] 007:ffn-norm: 0.000000000 seconds
[token:60, layer:1] 008:ffn-up-projection: 0.000196000 seconds
[token:60, layer:1] 009:ffn-swiglu: 0.000001000 seconds
[token:60, layer:1] 010:ffn-down-projection: 0.000140000 seconds
[token:60, layer:1] 102:layer-compute-total: 0.000499000 seconds
[token:60, layer:2] 002:attention-norm: 0.000001000 seconds
[token:60, layer:2] 003:qkv-projection: 0.000110000 seconds
[token:60, layer:2] 004:apply-rope: 0.000002000 seconds
[token:60, layer:2] 005:compute-attention: 0.000012000 seconds
[token:60, layer:2] 006:attention-output: 0.000036000 seconds
[token:60, layer:2] 007:ffn-norm: 0.000001000 seconds
[token:60, layer:2] 008:ffn-up-projection: 0.000195000 seconds
[token:60, layer:2] 009:ffn-swiglu: 0.000001000 seconds
[token:60, layer:2] 010:ffn-down-projection: 0.000140000 seconds
[token:60, layer:2] 102:layer-compute-total: 0.000498000 seconds
[token:60, layer:3] 002:attention-norm: 0.000001000 seconds
[token:60, layer:3] 003:qkv-projection: 0.000109000 seconds
[token:60, layer:3] 004:apply-rope: 0.000001000 seconds
[token:60, layer:3] 005:compute-attention: 0.000012000 seconds
[token:60, layer:3] 006:attention-output: 0.000037000 seconds
[token:60, layer:3] 007:ffn-norm: 0.000000000 seconds
[token:60, layer:3] 008:ffn-up-projection: 0.000195000 seconds
[token:60, layer:3] 009:ffn-swiglu: 0.000001000 seconds
[token:60, layer:3] 010:ffn-down-projection: 0.000150000 seconds
[token:60, layer:3] 102:layer-compute-total: 0.000506000 seconds
[token:60, layer:4] 002:attention-norm: 0.000000000 seconds
[token:60, layer:4] 003:qkv-projection: 0.000110000 seconds
[token:60, layer:4] 004:apply-rope: 0.000002000 seconds
[token:60, layer:4] 005:compute-attention: 0.000012000 seconds
[token:60, layer:4] 006:attention-output: 0.000044000 seconds
[token:60, layer:4] 007:ffn-norm: 0.000000000 seconds
[token:60, layer:4] 008:ffn-up-projection: 0.000195000 seconds
[token:60, layer:4] 009:ffn-swiglu: 0.000001000 seconds
[token:60, layer:4] 010:ffn-down-projection: 0.000139000 seconds
[token:60, layer:4] 102:layer-compute-total: 0.000503000 seconds
[token:60, layer:5] 002:attention-norm: 0.000001000 seconds
[token:60, layer:5] 003:qkv-projection: 0.000110000 seconds
[token:60, layer:5] 004:apply-rope: 0.000001000 seconds
[token:60, layer:5] 005:compute-attention: 0.000012000 seconds
[token:60, layer:5] 006:attention-output: 0.000036000 seconds
[token:60, layer:5] 007:ffn-norm: 0.000000000 seconds
[token:60, layer:5] 008:ffn-up-projection: 0.000194000 seconds
[token:60, layer:5] 009:ffn-swiglu: 0.000001000 seconds
[token:60, layer:5] 010:ffn-down-projection: 0.000140000 seconds
[token:60, layer:5] 102:layer-compute-total: 0.000495000 seconds
[token:60] 011:final-projection: 0.004392000 seconds
[token:60] 103:forward-compute-total: 0.007390000 seconds
[token:61] 001:embedding-lookup: 0.000000000 seconds
[token:61, layer:0] 002:attention-norm: 0.000000000 seconds
[token:61, layer:0] 003:qkv-projection: 0.000170000 seconds
[token:61, layer:0] 004:apply-rope: 0.000002000 seconds
[token:61, layer:0] 005:compute-attention: 0.000016000 seconds
[token:61, layer:0] 006:attention-output: 0.000038000 seconds
[token:61, layer:0] 007:ffn-norm: 0.000001000 seconds
[token:61, layer:0] 008:ffn-up-projection: 0.000226000 seconds
[token:61, layer:0] 009:ffn-swiglu: 0.000013000 seconds
[token:61, layer:0] 010:ffn-down-projection: 0.000213000 seconds
[token:61, layer:0] 102:layer-compute-total: 0.000679000 seconds
[token:61, layer:1] 002:attention-norm: 0.000000000 seconds
[token:61, layer:1] 003:qkv-projection: 0.000266000 seconds
[token:61, layer:1] 004:apply-rope: 0.000001000 seconds
[token:61, layer:1] 005:compute-attention: 0.000056000 seconds
[token:61, layer:1] 006:attention-output: 0.000168000 seconds
[token:61, layer:1] 007:ffn-norm: 0.000001000 seconds
[token:61, layer:1] 008:ffn-up-projection: 0.000324000 seconds
[token:61, layer:1] 009:ffn-swiglu: 0.000001000 seconds
[token:61, layer:1] 010:ffn-down-projection: 0.000244000 seconds
[token:61, layer:1] 102:layer-compute-total: 0.001061000 seconds
[token:61, layer:2] 002:attention-norm: 0.000001000 seconds
[token:61, layer:2] 003:qkv-projection: 0.000273000 seconds
[token:61, layer:2] 004:apply-rope: 0.000001000 seconds
[token:61, layer:2] 005:compute-attention: 0.000018000 seconds
[token:61, layer:2] 006:attention-output: 0.000106000 seconds
[token:61, layer:2] 007:ffn-norm: 0.000000000 seconds
[token:61, layer:2] 008:ffn-up-projection: 0.000273000 seconds
[token:61, layer:2] 009:ffn-swiglu: 0.000001000 seconds
[token:61, layer:2] 010:ffn-down-projection: 0.000140000 seconds
[token:61, layer:2] 102:layer-compute-total: 0.000813000 seconds
[token:61, layer:3] 002:attention-norm: 0.000000000 seconds
[token:61, layer:3] 003:qkv-projection: 0.000115000 seconds
[token:61, layer:3] 004:apply-rope: 0.000001000 seconds
[token:61, layer:3] 005:compute-attention: 0.000015000 seconds
[token:61, layer:3] 006:attention-output: 0.000036000 seconds
[token:61, layer:3] 007:ffn-norm: 0.000001000 seconds
[token:61, layer:3] 008:ffn-up-projection: 0.000194000 seconds
[token:61, layer:3] 009:ffn-swiglu: 0.000002000 seconds
[token:61, layer:3] 010:ffn-down-projection: 0.000140000 seconds
[token:61, layer:3] 102:layer-compute-total: 0.000504000 seconds
[token:61, layer:4] 002:attention-norm: 0.000000000 seconds
[token:61, layer:4] 003:qkv-projection: 0.000110000 seconds
[token:61, layer:4] 004:apply-rope: 0.000001000 seconds
[token:61, layer:4] 005:compute-attention: 0.000014000 seconds
[token:61, layer:4] 006:attention-output: 0.000037000 seconds
[token:61, layer:4] 007:ffn-norm: 0.000001000 seconds
[token:61, layer:4] 008:ffn-up-projection: 0.000194000 seconds
[token:61, layer:4] 009:ffn-swiglu: 0.000001000 seconds
[token:61, layer:4] 010:ffn-down-projection: 0.000139000 seconds
[token:61, layer:4] 102:layer-compute-total: 0.000497000 seconds
[token:61, layer:5] 002:attention-norm: 0.000000000 seconds
[token:61, layer:5] 003:qkv-projection: 0.000110000 seconds
[token:61, layer:5] 004:apply-rope: 0.000001000 seconds
[token:61, layer:5] 005:compute-attention: 0.000014000 seconds
[token:61, layer:5] 006:attention-output: 0.000037000 seconds
[token:61, layer:5] 007:ffn-norm: 0.000001000 seconds
[token:61, layer:5] 008:ffn-up-projection: 0.000194000 seconds
[token:61, layer:5] 009:ffn-swiglu: 0.000001000 seconds
[token:61, layer:5] 010:ffn-down-projection: 0.000139000 seconds
[token:61, layer:5] 102:layer-compute-total: 0.000497000 seconds
[token:61] 011:final-projection: 0.004055000 seconds
[token:61] 103:forward-compute-total: 0.008106000 seconds
[token:62] 001:embedding-lookup: 0.000000000 seconds
[token:62, layer:0] 002:attention-norm: 0.000000000 seconds
[token:62, layer:0] 003:qkv-projection: 0.000109000 seconds
[token:62, layer:0] 004:apply-rope: 0.000001000 seconds
[token:62, layer:0] 005:compute-attention: 0.000015000 seconds
[token:62, layer:0] 006:attention-output: 0.000036000 seconds
[token:62, layer:0] 007:ffn-norm: 0.000000000 seconds
[token:62, layer:0] 008:ffn-up-projection: 0.000194000 seconds
[token:62, layer:0] 009:ffn-swiglu: 0.000001000 seconds
[token:62, layer:0] 010:ffn-down-projection: 0.000141000 seconds
[token:62, layer:0] 102:layer-compute-total: 0.000497000 seconds
[token:62, layer:1] 002:attention-norm: 0.000000000 seconds
[token:62, layer:1] 003:qkv-projection: 0.000109000 seconds
[token:62, layer:1] 004:apply-rope: 0.000002000 seconds
[token:62, layer:1] 005:compute-attention: 0.000014000 seconds
[token:62, layer:1] 006:attention-output: 0.000036000 seconds
[token:62, layer:1] 007:ffn-norm: 0.000000000 seconds
[token:62, layer:1] 008:ffn-up-projection: 0.000194000 seconds
[token:62, layer:1] 009:ffn-swiglu: 0.000002000 seconds
[token:62, layer:1] 010:ffn-down-projection: 0.000139000 seconds
[token:62, layer:1] 102:layer-compute-total: 0.000496000 seconds
[token:62, layer:2] 002:attention-norm: 0.000000000 seconds
[token:62, layer:2] 003:qkv-projection: 0.000107000 seconds
[token:62, layer:2] 004:apply-rope: 0.000001000 seconds
[token:62, layer:2] 005:compute-attention: 0.000014000 seconds
[token:62, layer:2] 006:attention-output: 0.000036000 seconds
[token:62, layer:2] 007:ffn-norm: 0.000000000 seconds
[token:62, layer:2] 008:ffn-up-projection: 0.000196000 seconds
[token:62, layer:2] 009:ffn-swiglu: 0.000001000 seconds
[token:62, layer:2] 010:ffn-down-projection: 0.000139000 seconds
[token:62, layer:2] 102:layer-compute-total: 0.000494000 seconds
[token:62, layer:3] 002:attention-norm: 0.000000000 seconds
[token:62, layer:3] 003:qkv-projection: 0.000109000 seconds
[token:62, layer:3] 004:apply-rope: 0.000001000 seconds
[token:62, layer:3] 005:compute-attention: 0.000012000 seconds
[token:62, layer:3] 006:attention-output: 0.000036000 seconds
[token:62, layer:3] 007:ffn-norm: 0.000000000 seconds
[token:62, layer:3] 008:ffn-up-projection: 0.000198000 seconds
[token:62, layer:3] 009:ffn-swiglu: 0.000002000 seconds
[token:62, layer:3] 010:ffn-down-projection: 0.000165000 seconds
[token:62, layer:3] 102:layer-compute-total: 0.000523000 seconds
[token:62, layer:4] 002:attention-norm: 0.000001000 seconds
[token:62, layer:4] 003:qkv-projection: 0.000110000 seconds
[token:62, layer:4] 004:apply-rope: 0.000001000 seconds
[token:62, layer:4] 005:compute-attention: 0.000012000 seconds
[token:62, layer:4] 006:attention-output: 0.000037000 seconds
[token:62, layer:4] 007:ffn-norm: 0.000000000 seconds
[token:62, layer:4] 008:ffn-up-projection: 0.000195000 seconds
[token:62, layer:4] 009:ffn-swiglu: 0.000002000 seconds
[token:62, layer:4] 010:ffn-down-projection: 0.000146000 seconds
[token:62, layer:4] 102:layer-compute-total: 0.000504000 seconds
[token:62, layer:5] 002:attention-norm: 0.000000000 seconds
[token:62, layer:5] 003:qkv-projection: 0.000159000 seconds
[token:62, layer:5] 004:apply-rope: 0.000002000 seconds
[token:62, layer:5] 005:compute-attention: 0.000020000 seconds
[token:62, layer:5] 006:attention-output: 0.000037000 seconds
[token:62, layer:5] 007:ffn-norm: 0.000001000 seconds
[token:62, layer:5] 008:ffn-up-projection: 0.000195000 seconds
[token:62, layer:5] 009:ffn-swiglu: 0.000002000 seconds
[token:62, layer:5] 010:ffn-down-projection: 0.000138000 seconds
[token:62, layer:5] 102:layer-compute-total: 0.000554000 seconds
[token:62] 011:final-projection: 0.004279000 seconds
[token:62] 103:forward-compute-total: 0.007347000 seconds
[token:63] 001:embedding-lookup: 0.000000000 seconds
[token:63, layer:0] 002:attention-norm: 0.000000000 seconds
[token:63, layer:0] 003:qkv-projection: 0.000110000 seconds
[token:63, layer:0] 004:apply-rope: 0.000002000 seconds
[token:63, layer:0] 005:compute-attention: 0.000015000 seconds
[token:63, layer:0] 006:attention-output: 0.000037000 seconds
[token:63, layer:0] 007:ffn-norm: 0.000001000 seconds
[token:63, layer:0] 008:ffn-up-projection: 0.000194000 seconds
[token:63, layer:0] 009:ffn-swiglu: 0.000001000 seconds
[token:63, layer:0] 010:ffn-down-projection: 0.000138000 seconds
[token:63, layer:0] 102:layer-compute-total: 0.000498000 seconds
[token:63, layer:1] 002:attention-norm: 0.000000000 seconds
[token:63, layer:1] 003:qkv-projection: 0.000111000 seconds
[token:63, layer:1] 004:apply-rope: 0.000001000 seconds
[token:63, layer:1] 005:compute-attention: 0.000015000 seconds
[token:63, layer:1] 006:attention-output: 0.000036000 seconds
[token:63, layer:1] 007:ffn-norm: 0.000001000 seconds
[token:63, layer:1] 008:ffn-up-projection: 0.000195000 seconds
[token:63, layer:1] 009:ffn-swiglu: 0.000001000 seconds
[token:63, layer:1] 010:ffn-down-projection: 0.000139000 seconds
[token:63, layer:1] 102:layer-compute-total: 0.000499000 seconds
[token:63, layer:2] 002:attention-norm: 0.000000000 seconds
[token:63, layer:2] 003:qkv-projection: 0.000110000 seconds
[token:63, layer:2] 004:apply-rope: 0.000001000 seconds
[token:63, layer:2] 005:compute-attention: 0.000015000 seconds
[token:63, layer:2] 006:attention-output: 0.000036000 seconds
[token:63, layer:2] 007:ffn-norm: 0.000001000 seconds
[token:63, layer:2] 008:ffn-up-projection: 0.000194000 seconds
[token:63, layer:2] 009:ffn-swiglu: 0.000001000 seconds
[token:63, layer:2] 010:ffn-down-projection: 0.000139000 seconds
[token:63, layer:2] 102:layer-compute-total: 0.000497000 seconds
[token:63, layer:3] 002:attention-norm: 0.000000000 seconds
[token:63, layer:3] 003:qkv-projection: 0.000109000 seconds
[token:63, layer:3] 004:apply-rope: 0.000001000 seconds
[token:63, layer:3] 005:compute-attention: 0.000014000 seconds
[token:63, layer:3] 006:attention-output: 0.000036000 seconds
[token:63, layer:3] 007:ffn-norm: 0.000000000 seconds
[token:63, layer:3] 008:ffn-up-projection: 0.000194000 seconds
[token:63, layer:3] 009:ffn-swiglu: 0.000001000 seconds
[token:63, layer:3] 010:ffn-down-projection: 0.000140000 seconds
[token:63, layer:3] 102:layer-compute-total: 0.000495000 seconds
[token:63, layer:4] 002:attention-norm: 0.000000000 seconds
[token:63, layer:4] 003:qkv-projection: 0.000110000 seconds
[token:63, layer:4] 004:apply-rope: 0.000001000 seconds
[token:63, layer:4] 005:compute-attention: 0.000014000 seconds
[token:63, layer:4] 006:attention-output: 0.000037000 seconds
[token:63, layer:4] 007:ffn-norm: 0.000001000 seconds
[token:63, layer:4] 008:ffn-up-projection: 0.000194000 seconds
[token:63, layer:4] 009:ffn-swiglu: 0.000001000 seconds
[token:63, layer:4] 010:ffn-down-projection: 0.000140000 seconds
[token:63, layer:4] 102:layer-compute-total: 0.000498000 seconds
[token:63, layer:5] 002:attention-norm: 0.000001000 seconds
[token:63, layer:5] 003:qkv-projection: 0.000109000 seconds
[token:63, layer:5] 004:apply-rope: 0.000002000 seconds
[token:63, layer:5] 005:compute-attention: 0.000014000 seconds
[token:63, layer:5] 006:attention-output: 0.000036000 seconds
[token:63, layer:5] 007:ffn-norm: 0.000001000 seconds
[token:63, layer:5] 008:ffn-up-projection: 0.000195000 seconds
[token:63, layer:5] 009:ffn-swiglu: 0.000001000 seconds
[token:63, layer:5] 010:ffn-down-projection: 0.000140000 seconds
[token:63, layer:5] 102:layer-compute-total: 0.000499000 seconds
[token:63] 011:final-projection: 0.004087000 seconds
[token:63] 103:forward-compute-total: 0.007073000 seconds
[token:64] 001:embedding-lookup: 0.000000000 seconds
[token:64, layer:0] 002:attention-norm: 0.000000000 seconds
[token:64, layer:0] 003:qkv-projection: 0.000110000 seconds
[token:64, layer:0] 004:apply-rope: 0.000001000 seconds
[token:64, layer:0] 005:compute-attention: 0.000013000 seconds
[token:64, layer:0] 006:attention-output: 0.000036000 seconds
[token:64, layer:0] 007:ffn-norm: 0.000000000 seconds
[token:64, layer:0] 008:ffn-up-projection: 0.000194000 seconds
[token:64, layer:0] 009:ffn-swiglu: 0.000001000 seconds
[token:64, layer:0] 010:ffn-down-projection: 0.000140000 seconds
[token:64, layer:0] 102:layer-compute-total: 0.000495000 seconds
[token:64, layer:1] 002:attention-norm: 0.000000000 seconds
[token:64, layer:1] 003:qkv-projection: 0.000110000 seconds
[token:64, layer:1] 004:apply-rope: 0.000001000 seconds
[token:64, layer:1] 005:compute-attention: 0.000013000 seconds
[token:64, layer:1] 006:attention-output: 0.000037000 seconds
[token:64, layer:1] 007:ffn-norm: 0.000000000 seconds
[token:64, layer:1] 008:ffn-up-projection: 0.000194000 seconds
[token:64, layer:1] 009:ffn-swiglu: 0.000001000 seconds
[token:64, layer:1] 010:ffn-down-projection: 0.000139000 seconds
[token:64, layer:1] 102:layer-compute-total: 0.000495000 seconds
[token:64, layer:2] 002:attention-norm: 0.000000000 seconds
[token:64, layer:2] 003:qkv-projection: 0.000109000 seconds
[token:64, layer:2] 004:apply-rope: 0.000001000 seconds
[token:64, layer:2] 005:compute-attention: 0.000012000 seconds
[token:64, layer:2] 006:attention-output: 0.000036000 seconds
[token:64, layer:2] 007:ffn-norm: 0.000000000 seconds
[token:64, layer:2] 008:ffn-up-projection: 0.000194000 seconds
[token:64, layer:2] 009:ffn-swiglu: 0.000001000 seconds
[token:64, layer:2] 010:ffn-down-projection: 0.000139000 seconds
[token:64, layer:2] 102:layer-compute-total: 0.000492000 seconds
[token:64, layer:3] 002:attention-norm: 0.000001000 seconds
[token:64, layer:3] 003:qkv-projection: 0.000109000 seconds
[token:64, layer:3] 004:apply-rope: 0.000002000 seconds
[token:64, layer:3] 005:compute-attention: 0.000012000 seconds
[token:64, layer:3] 006:attention-output: 0.000037000 seconds
[token:64, layer:3] 007:ffn-norm: 0.000000000 seconds
[token:64, layer:3] 008:ffn-up-projection: 0.000194000 seconds
[token:64, layer:3] 009:ffn-swiglu: 0.000001000 seconds
[token:64, layer:3] 010:ffn-down-projection: 0.000140000 seconds
[token:64, layer:3] 102:layer-compute-total: 0.000496000 seconds
[token:64, layer:4] 002:attention-norm: 0.000001000 seconds
[token:64, layer:4] 003:qkv-projection: 0.000110000 seconds
[token:64, layer:4] 004:apply-rope: 0.000001000 seconds
[token:64, layer:4] 005:compute-attention: 0.000012000 seconds
[token:64, layer:4] 006:attention-output: 0.000037000 seconds
[token:64, layer:4] 007:ffn-norm: 0.000000000 seconds
[token:64, layer:4] 008:ffn-up-projection: 0.000195000 seconds
[token:64, layer:4] 009:ffn-swiglu: 0.000001000 seconds
[token:64, layer:4] 010:ffn-down-projection: 0.000139000 seconds
[token:64, layer:4] 102:layer-compute-total: 0.000496000 seconds
[token:64, layer:5] 002:attention-norm: 0.000001000 seconds
[token:64, layer:5] 003:qkv-projection: 0.000109000 seconds
[token:64, layer:5] 004:apply-rope: 0.000001000 seconds
[token:64, layer:5] 005:compute-attention: 0.000011000 seconds
[token:64, layer:5] 006:attention-output: 0.000037000 seconds
[token:64, layer:5] 007:ffn-norm: 0.000001000 seconds
[token:64, layer:5] 008:ffn-up-projection: 0.000193000 seconds
[token:64, layer:5] 009:ffn-swiglu: 0.000001000 seconds
[token:64, layer:5] 010:ffn-down-projection: 0.000139000 seconds
[token:64, layer:5] 102:layer-compute-total: 0.000493000 seconds
[token:64] 011:final-projection: 0.004469000 seconds
[token:64] 103:forward-compute-total: 0.007436000 seconds
[token:65] 001:embedding-lookup: 0.000001000 seconds
[token:65, layer:0] 002:attention-norm: 0.000001000 seconds
[token:65, layer:0] 003:qkv-projection: 0.000110000 seconds
[token:65, layer:0] 004:apply-rope: 0.000002000 seconds
[token:65, layer:0] 005:compute-attention: 0.000015000 seconds
[token:65, layer:0] 006:attention-output: 0.000036000 seconds
[token:65, layer:0] 007:ffn-norm: 0.000000000 seconds
[token:65, layer:0] 008:ffn-up-projection: 0.000199000 seconds
[token:65, layer:0] 009:ffn-swiglu: 0.000001000 seconds
[token:65, layer:0] 010:ffn-down-projection: 0.000138000 seconds
[token:65, layer:0] 102:layer-compute-total: 0.000502000 seconds
[token:65, layer:1] 002:attention-norm: 0.000001000 seconds
[token:65, layer:1] 003:qkv-projection: 0.000110000 seconds
[token:65, layer:1] 004:apply-rope: 0.000002000 seconds
[token:65, layer:1] 005:compute-attention: 0.000015000 seconds
[token:65, layer:1] 006:attention-output: 0.000036000 seconds
[token:65, layer:1] 007:ffn-norm: 0.000001000 seconds
[token:65, layer:1] 008:ffn-up-projection: 0.000194000 seconds
[token:65, layer:1] 009:ffn-swiglu: 0.000001000 seconds
[token:65, layer:1] 010:ffn-down-projection: 0.000139000 seconds
[token:65, layer:1] 102:layer-compute-total: 0.000499000 seconds
[token:65, layer:2] 002:attention-norm: 0.000000000 seconds
[token:65, layer:2] 003:qkv-projection: 0.000109000 seconds
[token:65, layer:2] 004:apply-rope: 0.000001000 seconds
[token:65, layer:2] 005:compute-attention: 0.000015000 seconds
[token:65, layer:2] 006:attention-output: 0.000037000 seconds
[token:65, layer:2] 007:ffn-norm: 0.000001000 seconds
[token:65, layer:2] 008:ffn-up-projection: 0.000194000 seconds
[token:65, layer:2] 009:ffn-swiglu: 0.000001000 seconds
[token:65, layer:2] 010:ffn-down-projection: 0.000139000 seconds
[token:65, layer:2] 102:layer-compute-total: 0.000497000 seconds
[token:65, layer:3] 002:attention-norm: 0.000001000 seconds
[token:65, layer:3] 003:qkv-projection: 0.000109000 seconds
[token:65, layer:3] 004:apply-rope: 0.000002000 seconds
[token:65, layer:3] 005:compute-attention: 0.000014000 seconds
[token:65, layer:3] 006:attention-output: 0.000037000 seconds
[token:65, layer:3] 007:ffn-norm: 0.000000000 seconds
[token:65, layer:3] 008:ffn-up-projection: 0.000194000 seconds
[token:65, layer:3] 009:ffn-swiglu: 0.000001000 seconds
[token:65, layer:3] 010:ffn-down-projection: 0.000141000 seconds
[token:65, layer:3] 102:layer-compute-total: 0.000499000 seconds
[token:65, layer:4] 002:attention-norm: 0.000000000 seconds
[token:65, layer:4] 003:qkv-projection: 0.000110000 seconds
[token:65, layer:4] 004:apply-rope: 0.000001000 seconds
[token:65, layer:4] 005:compute-attention: 0.000015000 seconds
[token:65, layer:4] 006:attention-output: 0.000037000 seconds
[token:65, layer:4] 007:ffn-norm: 0.000000000 seconds
[token:65, layer:4] 008:ffn-up-projection: 0.000194000 seconds
[token:65, layer:4] 009:ffn-swiglu: 0.000001000 seconds
[token:65, layer:4] 010:ffn-down-projection: 0.000139000 seconds
[token:65, layer:4] 102:layer-compute-total: 0.000497000 seconds
[token:65, layer:5] 002:attention-norm: 0.000000000 seconds
[token:65, layer:5] 003:qkv-projection: 0.000109000 seconds
[token:65, layer:5] 004:apply-rope: 0.000001000 seconds
[token:65, layer:5] 005:compute-attention: 0.000014000 seconds
[token:65, layer:5] 006:attention-output: 0.000036000 seconds
[token:65, layer:5] 007:ffn-norm: 0.000001000 seconds
[token:65, layer:5] 008:ffn-up-projection: 0.000194000 seconds
[token:65, layer:5] 009:ffn-swiglu: 0.000001000 seconds
[token:65, layer:5] 010:ffn-down-projection: 0.000139000 seconds
[token:65, layer:5] 102:layer-compute-total: 0.000495000 seconds
[token:65] 011:final-projection: 0.004058000 seconds
[token:65] 103:forward-compute-total: 0.007048000 seconds
[token:66] 001:embedding-lookup: 0.000000000 seconds
[token:66, layer:0] 002:attention-norm: 0.000000000 seconds
[token:66, layer:0] 003:qkv-projection: 0.000110000 seconds
[token:66, layer:0] 004:apply-rope: 0.000002000 seconds
[token:66, layer:0] 005:compute-attention: 0.000014000 seconds
[token:66, layer:0] 006:attention-output: 0.000036000 seconds
[token:66, layer:0] 007:ffn-norm: 0.000001000 seconds
[token:66, layer:0] 008:ffn-up-projection: 0.000194000 seconds
[token:66, layer:0] 009:ffn-swiglu: 0.000001000 seconds
[token:66, layer:0] 010:ffn-down-projection: 0.000140000 seconds
[token:66, layer:0] 102:layer-compute-total: 0.000498000 seconds
[token:66, layer:1] 002:attention-norm: 0.000001000 seconds
[token:66, layer:1] 003:qkv-projection: 0.000109000 seconds
[token:66, layer:1] 004:apply-rope: 0.000001000 seconds
[token:66, layer:1] 005:compute-attention: 0.000014000 seconds
[token:66, layer:1] 006:attention-output: 0.000036000 seconds
[token:66, layer:1] 007:ffn-norm: 0.000001000 seconds
[token:66, layer:1] 008:ffn-up-projection: 0.000194000 seconds
[token:66, layer:1] 009:ffn-swiglu: 0.000001000 seconds
[token:66, layer:1] 010:ffn-down-projection: 0.000139000 seconds
[token:66, layer:1] 102:layer-compute-total: 0.000496000 seconds
[token:66, layer:2] 002:attention-norm: 0.000000000 seconds
[token:66, layer:2] 003:qkv-projection: 0.000110000 seconds
[token:66, layer:2] 004:apply-rope: 0.000001000 seconds
[token:66, layer:2] 005:compute-attention: 0.000014000 seconds
[token:66, layer:2] 006:attention-output: 0.000037000 seconds
[token:66, layer:2] 007:ffn-norm: 0.000001000 seconds
[token:66, layer:2] 008:ffn-up-projection: 0.000195000 seconds
[token:66, layer:2] 009:ffn-swiglu: 0.000001000 seconds
[token:66, layer:2] 010:ffn-down-projection: 0.000140000 seconds
[token:66, layer:2] 102:layer-compute-total: 0.000499000 seconds
[token:66, layer:3] 002:attention-norm: 0.000000000 seconds
[token:66, layer:3] 003:qkv-projection: 0.000109000 seconds
[token:66, layer:3] 004:apply-rope: 0.000001000 seconds
[token:66, layer:3] 005:compute-attention: 0.000012000 seconds
[token:66, layer:3] 006:attention-output: 0.000037000 seconds
[token:66, layer:3] 007:ffn-norm: 0.000000000 seconds
[token:66, layer:3] 008:ffn-up-projection: 0.000194000 seconds
[token:66, layer:3] 009:ffn-swiglu: 0.000001000 seconds
[token:66, layer:3] 010:ffn-down-projection: 0.000140000 seconds
[token:66, layer:3] 102:layer-compute-total: 0.000494000 seconds
[token:66, layer:4] 002:attention-norm: 0.000000000 seconds
[token:66, layer:4] 003:qkv-projection: 0.000109000 seconds
[token:66, layer:4] 004:apply-rope: 0.000001000 seconds
[token:66, layer:4] 005:compute-attention: 0.000013000 seconds
[token:66, layer:4] 006:attention-output: 0.000037000 seconds
[token:66, layer:4] 007:ffn-norm: 0.000001000 seconds
[token:66, layer:4] 008:ffn-up-projection: 0.000193000 seconds
[token:66, layer:4] 009:ffn-swiglu: 0.000001000 seconds
[token:66, layer:4] 010:ffn-down-projection: 0.000139000 seconds
[token:66, layer:4] 102:layer-compute-total: 0.000494000 seconds
[token:66, layer:5] 002:attention-norm: 0.000000000 seconds
[token:66, layer:5] 003:qkv-projection: 0.000109000 seconds
[token:66, layer:5] 004:apply-rope: 0.000001000 seconds
[token:66, layer:5] 005:compute-attention: 0.000012000 seconds
[token:66, layer:5] 006:attention-output: 0.000036000 seconds
[token:66, layer:5] 007:ffn-norm: 0.000000000 seconds
[token:66, layer:5] 008:ffn-up-projection: 0.000194000 seconds
[token:66, layer:5] 009:ffn-swiglu: 0.000001000 seconds
[token:66, layer:5] 010:ffn-down-projection: 0.000139000 seconds
[token:66, layer:5] 102:layer-compute-total: 0.000492000 seconds
[token:66] 011:final-projection: 0.004194000 seconds
[token:66] 103:forward-compute-total: 0.007167000 seconds
[token:67] 001:embedding-lookup: 0.000001000 seconds
[token:67, layer:0] 002:attention-norm: 0.000001000 seconds
[token:67, layer:0] 003:qkv-projection: 0.000109000 seconds
[token:67, layer:0] 004:apply-rope: 0.000002000 seconds
[token:67, layer:0] 005:compute-attention: 0.000013000 seconds
[token:67, layer:0] 006:attention-output: 0.000037000 seconds
[token:67, layer:0] 007:ffn-norm: 0.000000000 seconds
[token:67, layer:0] 008:ffn-up-projection: 0.000233000 seconds
[token:67, layer:0] 009:ffn-swiglu: 0.000002000 seconds
[token:67, layer:0] 010:ffn-down-projection: 0.000152000 seconds
[token:67, layer:0] 102:layer-compute-total: 0.000549000 seconds
[token:67, layer:1] 002:attention-norm: 0.000001000 seconds
[token:67, layer:1] 003:qkv-projection: 0.000170000 seconds
[token:67, layer:1] 004:apply-rope: 0.000002000 seconds
[token:67, layer:1] 005:compute-attention: 0.000015000 seconds
[token:67, layer:1] 006:attention-output: 0.000101000 seconds
[token:67, layer:1] 007:ffn-norm: 0.000001000 seconds
[token:67, layer:1] 008:ffn-up-projection: 0.000213000 seconds
[token:67, layer:1] 009:ffn-swiglu: 0.000001000 seconds
[token:67, layer:1] 010:ffn-down-projection: 0.000139000 seconds
[token:67, layer:1] 102:layer-compute-total: 0.000643000 seconds
[token:67, layer:2] 002:attention-norm: 0.000001000 seconds
[token:67, layer:2] 003:qkv-projection: 0.000110000 seconds
[token:67, layer:2] 004:apply-rope: 0.000001000 seconds
[token:67, layer:2] 005:compute-attention: 0.000016000 seconds
[token:67, layer:2] 006:attention-output: 0.000037000 seconds
[token:67, layer:2] 007:ffn-norm: 0.000001000 seconds
[token:67, layer:2] 008:ffn-up-projection: 0.000215000 seconds
[token:67, layer:2] 009:ffn-swiglu: 0.000001000 seconds
[token:67, layer:2] 010:ffn-down-projection: 0.000140000 seconds
[token:67, layer:2] 102:layer-compute-total: 0.000522000 seconds
[token:67, layer:3] 002:attention-norm: 0.000001000 seconds
[token:67, layer:3] 003:qkv-projection: 0.000110000 seconds
[token:67, layer:3] 004:apply-rope: 0.000001000 seconds
[token:67, layer:3] 005:compute-attention: 0.000017000 seconds
[token:67, layer:3] 006:attention-output: 0.000037000 seconds
[token:67, layer:3] 007:ffn-norm: 0.000001000 seconds
[token:67, layer:3] 008:ffn-up-projection: 0.000195000 seconds
[token:67, layer:3] 009:ffn-swiglu: 0.000001000 seconds
[token:67, layer:3] 010:ffn-down-projection: 0.000139000 seconds
[token:67, layer:3] 102:layer-compute-total: 0.000502000 seconds
[token:67, layer:4] 002:attention-norm: 0.000001000 seconds
[token:67, layer:4] 003:qkv-projection: 0.000110000 seconds
[token:67, layer:4] 004:apply-rope: 0.000002000 seconds
[token:67, layer:4] 005:compute-attention: 0.000015000 seconds
[token:67, layer:4] 006:attention-output: 0.000036000 seconds
[token:67, layer:4] 007:ffn-norm: 0.000000000 seconds
[token:67, layer:4] 008:ffn-up-projection: 0.000195000 seconds
[token:67, layer:4] 009:ffn-swiglu: 0.000001000 seconds
[token:67, layer:4] 010:ffn-down-projection: 0.000140000 seconds
[token:67, layer:4] 102:layer-compute-total: 0.000500000 seconds
[token:67, layer:5] 002:attention-norm: 0.000000000 seconds
[token:67, layer:5] 003:qkv-projection: 0.000109000 seconds
[token:67, layer:5] 004:apply-rope: 0.000001000 seconds
[token:67, layer:5] 005:compute-attention: 0.000014000 seconds
[token:67, layer:5] 006:attention-output: 0.000037000 seconds
[token:67, layer:5] 007:ffn-norm: 0.000000000 seconds
[token:67, layer:5] 008:ffn-up-projection: 0.000194000 seconds
[token:67, layer:5] 009:ffn-swiglu: 0.000001000 seconds
[token:67, layer:5] 010:ffn-down-projection: 0.000139000 seconds
[token:67, layer:5] 102:layer-compute-total: 0.000495000 seconds
[token:67] 011:final-projection: 0.004161000 seconds
[token:67] 103:forward-compute-total: 0.007373000 seconds
[token:68] 001:embedding-lookup: 0.000001000 seconds
[token:68, layer:0] 002:attention-norm: 0.000000000 seconds
[token:68, layer:0] 003:qkv-projection: 0.000110000 seconds
[token:68, layer:0] 004:apply-rope: 0.000001000 seconds
[token:68, layer:0] 005:compute-attention: 0.000017000 seconds
[token:68, layer:0] 006:attention-output: 0.000037000 seconds
[token:68, layer:0] 007:ffn-norm: 0.000000000 seconds
[token:68, layer:0] 008:ffn-up-projection: 0.000194000 seconds
[token:68, layer:0] 009:ffn-swiglu: 0.000002000 seconds
[token:68, layer:0] 010:ffn-down-projection: 0.000140000 seconds
[token:68, layer:0] 102:layer-compute-total: 0.000501000 seconds
[token:68, layer:1] 002:attention-norm: 0.000001000 seconds
[token:68, layer:1] 003:qkv-projection: 0.000109000 seconds
[token:68, layer:1] 004:apply-rope: 0.000001000 seconds
[token:68, layer:1] 005:compute-attention: 0.000015000 seconds
[token:68, layer:1] 006:attention-output: 0.000037000 seconds
[token:68, layer:1] 007:ffn-norm: 0.000000000 seconds
[token:68, layer:1] 008:ffn-up-projection: 0.000194000 seconds
[token:68, layer:1] 009:ffn-swiglu: 0.000002000 seconds
[token:68, layer:1] 010:ffn-down-projection: 0.000140000 seconds
[token:68, layer:1] 102:layer-compute-total: 0.000499000 seconds
[token:68, layer:2] 002:attention-norm: 0.000000000 seconds
[token:68, layer:2] 003:qkv-projection: 0.000110000 seconds
[token:68, layer:2] 004:apply-rope: 0.000002000 seconds
[token:68, layer:2] 005:compute-attention: 0.000015000 seconds
[token:68, layer:2] 006:attention-output: 0.000037000 seconds
[token:68, layer:2] 007:ffn-norm: 0.000000000 seconds
[token:68, layer:2] 008:ffn-up-projection: 0.000194000 seconds
[token:68, layer:2] 009:ffn-swiglu: 0.000001000 seconds
[token:68, layer:2] 010:ffn-down-projection: 0.000139000 seconds
[token:68, layer:2] 102:layer-compute-total: 0.000498000 seconds
[token:68, layer:3] 002:attention-norm: 0.000001000 seconds
[token:68, layer:3] 003:qkv-projection: 0.000109000 seconds
[token:68, layer:3] 004:apply-rope: 0.000001000 seconds
[token:68, layer:3] 005:compute-attention: 0.000014000 seconds
[token:68, layer:3] 006:attention-output: 0.000037000 seconds
[token:68, layer:3] 007:ffn-norm: 0.000000000 seconds
[token:68, layer:3] 008:ffn-up-projection: 0.000194000 seconds
[token:68, layer:3] 009:ffn-swiglu: 0.000001000 seconds
[token:68, layer:3] 010:ffn-down-projection: 0.000140000 seconds
[token:68, layer:3] 102:layer-compute-total: 0.000497000 seconds
[token:68, layer:4] 002:attention-norm: 0.000000000 seconds
[token:68, layer:4] 003:qkv-projection: 0.000110000 seconds
[token:68, layer:4] 004:apply-rope: 0.000001000 seconds
[token:68, layer:4] 005:compute-attention: 0.000014000 seconds
[token:68, layer:4] 006:attention-output: 0.000036000 seconds
[token:68, layer:4] 007:ffn-norm: 0.000000000 seconds
[token:68, layer:4] 008:ffn-up-projection: 0.000195000 seconds
[token:68, layer:4] 009:ffn-swiglu: 0.000001000 seconds
[token:68, layer:4] 010:ffn-down-projection: 0.000139000 seconds
[token:68, layer:4] 102:layer-compute-total: 0.000496000 seconds
[token:68, layer:5] 002:attention-norm: 0.000000000 seconds
[token:68, layer:5] 003:qkv-projection: 0.000109000 seconds
[token:68, layer:5] 004:apply-rope: 0.000001000 seconds
[token:68, layer:5] 005:compute-attention: 0.000014000 seconds
[token:68, layer:5] 006:attention-output: 0.000036000 seconds
[token:68, layer:5] 007:ffn-norm: 0.000000000 seconds
[token:68, layer:5] 008:ffn-up-projection: 0.000198000 seconds
[token:68, layer:5] 009:ffn-swiglu: 0.000002000 seconds
[token:68, layer:5] 010:ffn-down-projection: 0.000140000 seconds
[token:68, layer:5] 102:layer-compute-total: 0.000500000 seconds
[token:68] 011:final-projection: 0.004126000 seconds
[token:68] 103:forward-compute-total: 0.007118000 seconds
[token:69] 001:embedding-lookup: 0.000001000 seconds
[token:69, layer:0] 002:attention-norm: 0.000001000 seconds
[token:69, layer:0] 003:qkv-projection: 0.000109000 seconds
[token:69, layer:0] 004:apply-rope: 0.000001000 seconds
[token:69, layer:0] 005:compute-attention: 0.000014000 seconds
[token:69, layer:0] 006:attention-output: 0.000037000 seconds
[token:69, layer:0] 007:ffn-norm: 0.000000000 seconds
[token:69, layer:0] 008:ffn-up-projection: 0.000194000 seconds
[token:69, layer:0] 009:ffn-swiglu: 0.000001000 seconds
[token:69, layer:0] 010:ffn-down-projection: 0.000140000 seconds
[token:69, layer:0] 102:layer-compute-total: 0.000497000 seconds
[token:69, layer:1] 002:attention-norm: 0.000001000 seconds
[token:69, layer:1] 003:qkv-projection: 0.000109000 seconds
[token:69, layer:1] 004:apply-rope: 0.000002000 seconds
[token:69, layer:1] 005:compute-attention: 0.000014000 seconds
[token:69, layer:1] 006:attention-output: 0.000036000 seconds
[token:69, layer:1] 007:ffn-norm: 0.000000000 seconds
[token:69, layer:1] 008:ffn-up-projection: 0.000194000 seconds
[token:69, layer:1] 009:ffn-swiglu: 0.000001000 seconds
[token:69, layer:1] 010:ffn-down-projection: 0.000139000 seconds
[token:69, layer:1] 102:layer-compute-total: 0.000496000 seconds
[token:69, layer:2] 002:attention-norm: 0.000001000 seconds
[token:69, layer:2] 003:qkv-projection: 0.000109000 seconds
[token:69, layer:2] 004:apply-rope: 0.000002000 seconds
[token:69, layer:2] 005:compute-attention: 0.000017000 seconds
[token:69, layer:2] 006:attention-output: 0.000046000 seconds
[token:69, layer:2] 007:ffn-norm: 0.000001000 seconds
[token:69, layer:2] 008:ffn-up-projection: 0.000310000 seconds
[token:69, layer:2] 009:ffn-swiglu: 0.000001000 seconds
[token:69, layer:2] 010:ffn-down-projection: 0.000151000 seconds
[token:69, layer:2] 102:layer-compute-total: 0.000638000 seconds
[token:69, layer:3] 002:attention-norm: 0.000000000 seconds
[token:69, layer:3] 003:qkv-projection: 0.000110000 seconds
[token:69, layer:3] 004:apply-rope: 0.000002000 seconds
[token:69, layer:3] 005:compute-attention: 0.000016000 seconds
[token:69, layer:3] 006:attention-output: 0.000037000 seconds
[token:69, layer:3] 007:ffn-norm: 0.000001000 seconds
[token:69, layer:3] 008:ffn-up-projection: 0.000195000 seconds
[token:69, layer:3] 009:ffn-swiglu: 0.000001000 seconds
[token:69, layer:3] 010:ffn-down-projection: 0.000155000 seconds
[token:69, layer:3] 102:layer-compute-total: 0.000517000 seconds
[token:69, layer:4] 002:attention-norm: 0.000001000 seconds
[token:69, layer:4] 003:qkv-projection: 0.000110000 seconds
[token:69, layer:4] 004:apply-rope: 0.000001000 seconds
[token:69, layer:4] 005:compute-attention: 0.000018000 seconds
[token:69, layer:4] 006:attention-output: 0.000037000 seconds
[token:69, layer:4] 007:ffn-norm: 0.000000000 seconds
[token:69, layer:4] 008:ffn-up-projection: 0.000195000 seconds
[token:69, layer:4] 009:ffn-swiglu: 0.000001000 seconds
[token:69, layer:4] 010:ffn-down-projection: 0.000139000 seconds
[token:69, layer:4] 102:layer-compute-total: 0.000502000 seconds
[token:69, layer:5] 002:attention-norm: 0.000001000 seconds
[token:69, layer:5] 003:qkv-projection: 0.000109000 seconds
[token:69, layer:5] 004:apply-rope: 0.000001000 seconds
[token:69, layer:5] 005:compute-attention: 0.000016000 seconds
[token:69, layer:5] 006:attention-output: 0.000036000 seconds
[token:69, layer:5] 007:ffn-norm: 0.000001000 seconds
[token:69, layer:5] 008:ffn-up-projection: 0.000195000 seconds
[token:69, layer:5] 009:ffn-swiglu: 0.000002000 seconds
[token:69, layer:5] 010:ffn-down-projection: 0.000139000 seconds
[token:69, layer:5] 102:layer-compute-total: 0.000500000 seconds
[token:69] 011:final-projection: 0.004053000 seconds
[token:69] 103:forward-compute-total: 0.007204000 seconds
[token:70] 001:embedding-lookup: 0.000000000 seconds
[token:70, layer:0] 002:attention-norm: 0.000000000 seconds
[token:70, layer:0] 003:qkv-projection: 0.000111000 seconds
[token:70, layer:0] 004:apply-rope: 0.000001000 seconds
[token:70, layer:0] 005:compute-attention: 0.000016000 seconds
[token:70, layer:0] 006:attention-output: 0.000037000 seconds
[token:70, layer:0] 007:ffn-norm: 0.000001000 seconds
[token:70, layer:0] 008:ffn-up-projection: 0.000194000 seconds
[token:70, layer:0] 009:ffn-swiglu: 0.000001000 seconds
[token:70, layer:0] 010:ffn-down-projection: 0.000138000 seconds
[token:70, layer:0] 102:layer-compute-total: 0.000499000 seconds
[token:70, layer:1] 002:attention-norm: 0.000000000 seconds
[token:70, layer:1] 003:qkv-projection: 0.000110000 seconds
[token:70, layer:1] 004:apply-rope: 0.000001000 seconds
[token:70, layer:1] 005:compute-attention: 0.000016000 seconds
[token:70, layer:1] 006:attention-output: 0.000037000 seconds
[token:70, layer:1] 007:ffn-norm: 0.000000000 seconds
[token:70, layer:1] 008:ffn-up-projection: 0.000194000 seconds
[token:70, layer:1] 009:ffn-swiglu: 0.000002000 seconds
[token:70, layer:1] 010:ffn-down-projection: 0.000138000 seconds
[token:70, layer:1] 102:layer-compute-total: 0.000498000 seconds
[token:70, layer:2] 002:attention-norm: 0.000001000 seconds
[token:70, layer:2] 003:qkv-projection: 0.000110000 seconds
[token:70, layer:2] 004:apply-rope: 0.000002000 seconds
[token:70, layer:2] 005:compute-attention: 0.000015000 seconds
[token:70, layer:2] 006:attention-output: 0.000037000 seconds
[token:70, layer:2] 007:ffn-norm: 0.000000000 seconds
[token:70, layer:2] 008:ffn-up-projection: 0.000194000 seconds
[token:70, layer:2] 009:ffn-swiglu: 0.000001000 seconds
[token:70, layer:2] 010:ffn-down-projection: 0.000139000 seconds
[token:70, layer:2] 102:layer-compute-total: 0.000499000 seconds
[token:70, layer:3] 002:attention-norm: 0.000000000 seconds
[token:70, layer:3] 003:qkv-projection: 0.000110000 seconds
[token:70, layer:3] 004:apply-rope: 0.000001000 seconds
[token:70, layer:3] 005:compute-attention: 0.000015000 seconds
[token:70, layer:3] 006:attention-output: 0.000038000 seconds
[token:70, layer:3] 007:ffn-norm: 0.000000000 seconds
[token:70, layer:3] 008:ffn-up-projection: 0.000194000 seconds
[token:70, layer:3] 009:ffn-swiglu: 0.000001000 seconds
[token:70, layer:3] 010:ffn-down-projection: 0.000139000 seconds
[token:70, layer:3] 102:layer-compute-total: 0.000498000 seconds
[token:70, layer:4] 002:attention-norm: 0.000001000 seconds
[token:70, layer:4] 003:qkv-projection: 0.000111000 seconds
[token:70, layer:4] 004:apply-rope: 0.000001000 seconds
[token:70, layer:4] 005:compute-attention: 0.000014000 seconds
[token:70, layer:4] 006:attention-output: 0.000037000 seconds
[token:70, layer:4] 007:ffn-norm: 0.000001000 seconds
[token:70, layer:4] 008:ffn-up-projection: 0.000194000 seconds
[token:70, layer:4] 009:ffn-swiglu: 0.000001000 seconds
[token:70, layer:4] 010:ffn-down-projection: 0.000139000 seconds
[token:70, layer:4] 102:layer-compute-total: 0.000499000 seconds
[token:70, layer:5] 002:attention-norm: 0.000000000 seconds
[token:70, layer:5] 003:qkv-projection: 0.000110000 seconds
[token:70, layer:5] 004:apply-rope: 0.000002000 seconds
[token:70, layer:5] 005:compute-attention: 0.000014000 seconds
[token:70, layer:5] 006:attention-output: 0.000037000 seconds
[token:70, layer:5] 007:ffn-norm: 0.000000000 seconds
[token:70, layer:5] 008:ffn-up-projection: 0.000194000 seconds
[token:70, layer:5] 009:ffn-swiglu: 0.000001000 seconds
[token:70, layer:5] 010:ffn-down-projection: 0.000139000 seconds
[token:70, layer:5] 102:layer-compute-total: 0.000497000 seconds
[token:70] 011:final-projection: 0.004069000 seconds
[token:70] 103:forward-compute-total: 0.007059000 seconds
[token:71] 001:embedding-lookup: 0.000000000 seconds
[token:71, layer:0] 002:attention-norm: 0.000000000 seconds
[token:71, layer:0] 003:qkv-projection: 0.000142000 seconds
[token:71, layer:0] 004:apply-rope: 0.000002000 seconds
[token:71, layer:0] 005:compute-attention: 0.000015000 seconds
[token:71, layer:0] 006:attention-output: 0.000037000 seconds
[token:71, layer:0] 007:ffn-norm: 0.000001000 seconds
[token:71, layer:0] 008:ffn-up-projection: 0.000198000 seconds
[token:71, layer:0] 009:ffn-swiglu: 0.000001000 seconds
[token:71, layer:0] 010:ffn-down-projection: 0.000140000 seconds
[token:71, layer:0] 102:layer-compute-total: 0.000536000 seconds
[token:71, layer:1] 002:attention-norm: 0.000000000 seconds
[token:71, layer:1] 003:qkv-projection: 0.000112000 seconds
[token:71, layer:1] 004:apply-rope: 0.000002000 seconds
[token:71, layer:1] 005:compute-attention: 0.000015000 seconds
[token:71, layer:1] 006:attention-output: 0.000036000 seconds
[token:71, layer:1] 007:ffn-norm: 0.000000000 seconds
[token:71, layer:1] 008:ffn-up-projection: 0.000228000 seconds
[token:71, layer:1] 009:ffn-swiglu: 0.000001000 seconds
[token:71, layer:1] 010:ffn-down-projection: 0.000145000 seconds
[token:71, layer:1] 102:layer-compute-total: 0.000539000 seconds
[token:71, layer:2] 002:attention-norm: 0.000000000 seconds
[token:71, layer:2] 003:qkv-projection: 0.000112000 seconds
[token:71, layer:2] 004:apply-rope: 0.000001000 seconds
[token:71, layer:2] 005:compute-attention: 0.000016000 seconds
[token:71, layer:2] 006:attention-output: 0.000036000 seconds
[token:71, layer:2] 007:ffn-norm: 0.000001000 seconds
[token:71, layer:2] 008:ffn-up-projection: 0.000194000 seconds
[token:71, layer:2] 009:ffn-swiglu: 0.000001000 seconds
[token:71, layer:2] 010:ffn-down-projection: 0.000140000 seconds
[token:71, layer:2] 102:layer-compute-total: 0.000501000 seconds
[token:71, layer:3] 002:attention-norm: 0.000000000 seconds
[token:71, layer:3] 003:qkv-projection: 0.000112000 seconds
[token:71, layer:3] 004:apply-rope: 0.000001000 seconds
[token:71, layer:3] 005:compute-attention: 0.000015000 seconds
[token:71, layer:3] 006:attention-output: 0.000037000 seconds
[token:71, layer:3] 007:ffn-norm: 0.000000000 seconds
[token:71, layer:3] 008:ffn-up-projection: 0.000194000 seconds
[token:71, layer:3] 009:ffn-swiglu: 0.000001000 seconds
[token:71, layer:3] 010:ffn-down-projection: 0.000139000 seconds
[token:71, layer:3] 102:layer-compute-total: 0.000499000 seconds
[token:71, layer:4] 002:attention-norm: 0.000000000 seconds
[token:71, layer:4] 003:qkv-projection: 0.000113000 seconds
[token:71, layer:4] 004:apply-rope: 0.000001000 seconds
[token:71, layer:4] 005:compute-attention: 0.000016000 seconds
[token:71, layer:4] 006:attention-output: 0.000037000 seconds
[token:71, layer:4] 007:ffn-norm: 0.000000000 seconds
[token:71, layer:4] 008:ffn-up-projection: 0.000195000 seconds
[token:71, layer:4] 009:ffn-swiglu: 0.000001000 seconds
[token:71, layer:4] 010:ffn-down-projection: 0.000144000 seconds
[token:71, layer:4] 102:layer-compute-total: 0.000507000 seconds
[token:71, layer:5] 002:attention-norm: 0.000001000 seconds
[token:71, layer:5] 003:qkv-projection: 0.000127000 seconds
[token:71, layer:5] 004:apply-rope: 0.000008000 seconds
[token:71, layer:5] 005:compute-attention: 0.000067000 seconds
[token:71, layer:5] 006:attention-output: 0.000037000 seconds
[token:71, layer:5] 007:ffn-norm: 0.000000000 seconds
[token:71, layer:5] 008:ffn-up-projection: 0.000288000 seconds
[token:71, layer:5] 009:ffn-swiglu: 0.000001000 seconds
[token:71, layer:5] 010:ffn-down-projection: 0.000140000 seconds
[token:71, layer:5] 102:layer-compute-total: 0.000669000 seconds
[token:71] 011:final-projection: 0.004191000 seconds
[token:71] 103:forward-compute-total: 0.007442000 seconds
[token:72] 001:embedding-lookup: 0.000001000 seconds
[token:72, layer:0] 002:attention-norm: 0.000001000 seconds
[token:72, layer:0] 003:qkv-projection: 0.000110000 seconds
[token:72, layer:0] 004:apply-rope: 0.000002000 seconds
[token:72, layer:0] 005:compute-attention: 0.000016000 seconds
[token:72, layer:0] 006:attention-output: 0.000037000 seconds
[token:72, layer:0] 007:ffn-norm: 0.000000000 seconds
[token:72, layer:0] 008:ffn-up-projection: 0.000194000 seconds
[token:72, layer:0] 009:ffn-swiglu: 0.000001000 seconds
[token:72, layer:0] 010:ffn-down-projection: 0.000139000 seconds
[token:72, layer:0] 102:layer-compute-total: 0.000500000 seconds
[token:72, layer:1] 002:attention-norm: 0.000000000 seconds
[token:72, layer:1] 003:qkv-projection: 0.000109000 seconds
[token:72, layer:1] 004:apply-rope: 0.000001000 seconds
[token:72, layer:1] 005:compute-attention: 0.000018000 seconds
[token:72, layer:1] 006:attention-output: 0.000052000 seconds
[token:72, layer:1] 007:ffn-norm: 0.000000000 seconds
[token:72, layer:1] 008:ffn-up-projection: 0.000194000 seconds
[token:72, layer:1] 009:ffn-swiglu: 0.000001000 seconds
[token:72, layer:1] 010:ffn-down-projection: 0.000140000 seconds
[token:72, layer:1] 102:layer-compute-total: 0.000515000 seconds
[token:72, layer:2] 002:attention-norm: 0.000001000 seconds
[token:72, layer:2] 003:qkv-projection: 0.000111000 seconds
[token:72, layer:2] 004:apply-rope: 0.000001000 seconds
[token:72, layer:2] 005:compute-attention: 0.000019000 seconds
[token:72, layer:2] 006:attention-output: 0.000036000 seconds
[token:72, layer:2] 007:ffn-norm: 0.000001000 seconds
[token:72, layer:2] 008:ffn-up-projection: 0.000194000 seconds
[token:72, layer:2] 009:ffn-swiglu: 0.000001000 seconds
[token:72, layer:2] 010:ffn-down-projection: 0.000140000 seconds
[token:72, layer:2] 102:layer-compute-total: 0.000504000 seconds
[token:72, layer:3] 002:attention-norm: 0.000000000 seconds
[token:72, layer:3] 003:qkv-projection: 0.000109000 seconds
[token:72, layer:3] 004:apply-rope: 0.000001000 seconds
[token:72, layer:3] 005:compute-attention: 0.000016000 seconds
[token:72, layer:3] 006:attention-output: 0.000037000 seconds
[token:72, layer:3] 007:ffn-norm: 0.000000000 seconds
[token:72, layer:3] 008:ffn-up-projection: 0.000194000 seconds
[token:72, layer:3] 009:ffn-swiglu: 0.000001000 seconds
[token:72, layer:3] 010:ffn-down-projection: 0.000139000 seconds
[token:72, layer:3] 102:layer-compute-total: 0.000497000 seconds
[token:72, layer:4] 002:attention-norm: 0.000000000 seconds
[token:72, layer:4] 003:qkv-projection: 0.000110000 seconds
[token:72, layer:4] 004:apply-rope: 0.000001000 seconds
[token:72, layer:4] 005:compute-attention: 0.000017000 seconds
[token:72, layer:4] 006:attention-output: 0.000037000 seconds
[token:72, layer:4] 007:ffn-norm: 0.000000000 seconds
[token:72, layer:4] 008:ffn-up-projection: 0.000194000 seconds
[token:72, layer:4] 009:ffn-swiglu: 0.000001000 seconds
[token:72, layer:4] 010:ffn-down-projection: 0.000139000 seconds
[token:72, layer:4] 102:layer-compute-total: 0.000499000 seconds
[token:72, layer:5] 002:attention-norm: 0.000000000 seconds
[token:72, layer:5] 003:qkv-projection: 0.000109000 seconds
[token:72, layer:5] 004:apply-rope: 0.000001000 seconds
[token:72, layer:5] 005:compute-attention: 0.000020000 seconds
[token:72, layer:5] 006:attention-output: 0.000036000 seconds
[token:72, layer:5] 007:ffn-norm: 0.000001000 seconds
[token:72, layer:5] 008:ffn-up-projection: 0.000194000 seconds
[token:72, layer:5] 009:ffn-swiglu: 0.000002000 seconds
[token:72, layer:5] 010:ffn-down-projection: 0.000140000 seconds
[token:72, layer:5] 102:layer-compute-total: 0.000503000 seconds
[token:72] 011:final-projection: 0.004053000 seconds
[token:72] 103:forward-compute-total: 0.007072000 seconds
[token:73] 001:embedding-lookup: 0.000000000 seconds
[token:73, layer:0] 002:attention-norm: 0.000001000 seconds
[token:73, layer:0] 003:qkv-projection: 0.000109000 seconds
[token:73, layer:0] 004:apply-rope: 0.000002000 seconds
[token:73, layer:0] 005:compute-attention: 0.000016000 seconds
[token:73, layer:0] 006:attention-output: 0.000037000 seconds
[token:73, layer:0] 007:ffn-norm: 0.000001000 seconds
[token:73, layer:0] 008:ffn-up-projection: 0.000194000 seconds
[token:73, layer:0] 009:ffn-swiglu: 0.000001000 seconds
[token:73, layer:0] 010:ffn-down-projection: 0.000139000 seconds
[token:73, layer:0] 102:layer-compute-total: 0.000500000 seconds
[token:73, layer:1] 002:attention-norm: 0.000001000 seconds
[token:73, layer:1] 003:qkv-projection: 0.000109000 seconds
[token:73, layer:1] 004:apply-rope: 0.000001000 seconds
[token:73, layer:1] 005:compute-attention: 0.000017000 seconds
[token:73, layer:1] 006:attention-output: 0.000036000 seconds
[token:73, layer:1] 007:ffn-norm: 0.000000000 seconds
[token:73, layer:1] 008:ffn-up-projection: 0.000195000 seconds
[token:73, layer:1] 009:ffn-swiglu: 0.000001000 seconds
[token:73, layer:1] 010:ffn-down-projection: 0.000139000 seconds
[token:73, layer:1] 102:layer-compute-total: 0.000499000 seconds
[token:73, layer:2] 002:attention-norm: 0.000000000 seconds
[token:73, layer:2] 003:qkv-projection: 0.000110000 seconds
[token:73, layer:2] 004:apply-rope: 0.000002000 seconds
[token:73, layer:2] 005:compute-attention: 0.000018000 seconds
[token:73, layer:2] 006:attention-output: 0.000036000 seconds
[token:73, layer:2] 007:ffn-norm: 0.000000000 seconds
[token:73, layer:2] 008:ffn-up-projection: 0.000195000 seconds
[token:73, layer:2] 009:ffn-swiglu: 0.000001000 seconds
[token:73, layer:2] 010:ffn-down-projection: 0.000139000 seconds
[token:73, layer:2] 102:layer-compute-total: 0.000501000 seconds
[token:73, layer:3] 002:attention-norm: 0.000001000 seconds
[token:73, layer:3] 003:qkv-projection: 0.000110000 seconds
[token:73, layer:3] 004:apply-rope: 0.000001000 seconds
[token:73, layer:3] 005:compute-attention: 0.000016000 seconds
[token:73, layer:3] 006:attention-output: 0.000036000 seconds
[token:73, layer:3] 007:ffn-norm: 0.000001000 seconds
[token:73, layer:3] 008:ffn-up-projection: 0.000195000 seconds
[token:73, layer:3] 009:ffn-swiglu: 0.000001000 seconds
[token:73, layer:3] 010:ffn-down-projection: 0.000139000 seconds
[token:73, layer:3] 102:layer-compute-total: 0.000500000 seconds
[token:73, layer:4] 002:attention-norm: 0.000000000 seconds
[token:73, layer:4] 003:qkv-projection: 0.000109000 seconds
[token:73, layer:4] 004:apply-rope: 0.000001000 seconds
[token:73, layer:4] 005:compute-attention: 0.000015000 seconds
[token:73, layer:4] 006:attention-output: 0.000036000 seconds
[token:73, layer:4] 007:ffn-norm: 0.000000000 seconds
[token:73, layer:4] 008:ffn-up-projection: 0.000194000 seconds
[token:73, layer:4] 009:ffn-swiglu: 0.000001000 seconds
[token:73, layer:4] 010:ffn-down-projection: 0.000140000 seconds
[token:73, layer:4] 102:layer-compute-total: 0.000496000 seconds
[token:73, layer:5] 002:attention-norm: 0.000000000 seconds
[token:73, layer:5] 003:qkv-projection: 0.000110000 seconds
[token:73, layer:5] 004:apply-rope: 0.000001000 seconds
[token:73, layer:5] 005:compute-attention: 0.000014000 seconds
[token:73, layer:5] 006:attention-output: 0.000036000 seconds
[token:73, layer:5] 007:ffn-norm: 0.000000000 seconds
[token:73, layer:5] 008:ffn-up-projection: 0.000195000 seconds
[token:73, layer:5] 009:ffn-swiglu: 0.000001000 seconds
[token:73, layer:5] 010:ffn-down-projection: 0.000200000 seconds
[token:73, layer:5] 102:layer-compute-total: 0.000557000 seconds
[token:73] 011:final-projection: 0.004241000 seconds
[token:73] 103:forward-compute-total: 0.007294000 seconds
[token:74] 001:embedding-lookup: 0.000000000 seconds
[token:74, layer:0] 002:attention-norm: 0.000000000 seconds
[token:74, layer:0] 003:qkv-projection: 0.000110000 seconds
[token:74, layer:0] 004:apply-rope: 0.000001000 seconds
[token:74, layer:0] 005:compute-attention: 0.000017000 seconds
[token:74, layer:0] 006:attention-output: 0.000037000 seconds
[token:74, layer:0] 007:ffn-norm: 0.000000000 seconds
[token:74, layer:0] 008:ffn-up-projection: 0.000195000 seconds
[token:74, layer:0] 009:ffn-swiglu: 0.000001000 seconds
[token:74, layer:0] 010:ffn-down-projection: 0.000140000 seconds
[token:74, layer:0] 102:layer-compute-total: 0.000501000 seconds
[token:74, layer:1] 002:attention-norm: 0.000001000 seconds
[token:74, layer:1] 003:qkv-projection: 0.000109000 seconds
[token:74, layer:1] 004:apply-rope: 0.000001000 seconds
[token:74, layer:1] 005:compute-attention: 0.000017000 seconds
[token:74, layer:1] 006:attention-output: 0.000036000 seconds
[token:74, layer:1] 007:ffn-norm: 0.000000000 seconds
[token:74, layer:1] 008:ffn-up-projection: 0.000194000 seconds
[token:74, layer:1] 009:ffn-swiglu: 0.000001000 seconds
[token:74, layer:1] 010:ffn-down-projection: 0.000140000 seconds
[token:74, layer:1] 102:layer-compute-total: 0.000499000 seconds
[token:74, layer:2] 002:attention-norm: 0.000001000 seconds
[token:74, layer:2] 003:qkv-projection: 0.000110000 seconds
[token:74, layer:2] 004:apply-rope: 0.000002000 seconds
[token:74, layer:2] 005:compute-attention: 0.000018000 seconds
[token:74, layer:2] 006:attention-output: 0.000036000 seconds
[token:74, layer:2] 007:ffn-norm: 0.000000000 seconds
[token:74, layer:2] 008:ffn-up-projection: 0.000194000 seconds
[token:74, layer:2] 009:ffn-swiglu: 0.000001000 seconds
[token:74, layer:2] 010:ffn-down-projection: 0.000139000 seconds
[token:74, layer:2] 102:layer-compute-total: 0.000501000 seconds
[token:74, layer:3] 002:attention-norm: 0.000000000 seconds
[token:74, layer:3] 003:qkv-projection: 0.000110000 seconds
[token:74, layer:3] 004:apply-rope: 0.000001000 seconds
[token:74, layer:3] 005:compute-attention: 0.000016000 seconds
[token:74, layer:3] 006:attention-output: 0.000036000 seconds
[token:74, layer:3] 007:ffn-norm: 0.000000000 seconds
[token:74, layer:3] 008:ffn-up-projection: 0.000195000 seconds
[token:74, layer:3] 009:ffn-swiglu: 0.000001000 seconds
[token:74, layer:3] 010:ffn-down-projection: 0.000139000 seconds
[token:74, layer:3] 102:layer-compute-total: 0.000498000 seconds
[token:74, layer:4] 002:attention-norm: 0.000000000 seconds
[token:74, layer:4] 003:qkv-projection: 0.000111000 seconds
[token:74, layer:4] 004:apply-rope: 0.000001000 seconds
[token:74, layer:4] 005:compute-attention: 0.000017000 seconds
[token:74, layer:4] 006:attention-output: 0.000037000 seconds
[token:74, layer:4] 007:ffn-norm: 0.000001000 seconds
[token:74, layer:4] 008:ffn-up-projection: 0.000195000 seconds
[token:74, layer:4] 009:ffn-swiglu: 0.000001000 seconds
[token:74, layer:4] 010:ffn-down-projection: 0.000148000 seconds
[token:74, layer:4] 102:layer-compute-total: 0.000511000 seconds
[token:74, layer:5] 002:attention-norm: 0.000001000 seconds
[token:74, layer:5] 003:qkv-projection: 0.000110000 seconds
[token:74, layer:5] 004:apply-rope: 0.000001000 seconds
[token:74, layer:5] 005:compute-attention: 0.000018000 seconds
[token:74, layer:5] 006:attention-output: 0.000037000 seconds
[token:74, layer:5] 007:ffn-norm: 0.000000000 seconds
[token:74, layer:5] 008:ffn-up-projection: 0.000344000 seconds
[token:74, layer:5] 009:ffn-swiglu: 0.000001000 seconds
[token:74, layer:5] 010:ffn-down-projection: 0.000502000 seconds
[token:74, layer:5] 102:layer-compute-total: 0.001014000 seconds
[token:74] 011:final-projection: 0.004212000 seconds
[token:74] 103:forward-compute-total: 0.007736000 seconds
[token:75] 001:embedding-lookup: 0.000000000 seconds
[token:75, layer:0] 002:attention-norm: 0.000000000 seconds
[token:75, layer:0] 003:qkv-projection: 0.000110000 seconds
[token:75, layer:0] 004:apply-rope: 0.000002000 seconds
[token:75, layer:0] 005:compute-attention: 0.000018000 seconds
[token:75, layer:0] 006:attention-output: 0.000037000 seconds
[token:75, layer:0] 007:ffn-norm: 0.000001000 seconds
[token:75, layer:0] 008:ffn-up-projection: 0.000195000 seconds
[token:75, layer:0] 009:ffn-swiglu: 0.000001000 seconds
[token:75, layer:0] 010:ffn-down-projection: 0.000140000 seconds
[token:75, layer:0] 102:layer-compute-total: 0.000504000 seconds
[token:75, layer:1] 002:attention-norm: 0.000000000 seconds
[token:75, layer:1] 003:qkv-projection: 0.000109000 seconds
[token:75, layer:1] 004:apply-rope: 0.000001000 seconds
[token:75, layer:1] 005:compute-attention: 0.000018000 seconds
[token:75, layer:1] 006:attention-output: 0.000037000 seconds
[token:75, layer:1] 007:ffn-norm: 0.000001000 seconds
[token:75, layer:1] 008:ffn-up-projection: 0.000194000 seconds
[token:75, layer:1] 009:ffn-swiglu: 0.000002000 seconds
[token:75, layer:1] 010:ffn-down-projection: 0.000181000 seconds
[token:75, layer:1] 102:layer-compute-total: 0.000543000 seconds
[token:75, layer:2] 002:attention-norm: 0.000000000 seconds
[token:75, layer:2] 003:qkv-projection: 0.000110000 seconds
[token:75, layer:2] 004:apply-rope: 0.000001000 seconds
[token:75, layer:2] 005:compute-attention: 0.000018000 seconds
[token:75, layer:2] 006:attention-output: 0.000037000 seconds
[token:75, layer:2] 007:ffn-norm: 0.000000000 seconds
[token:75, layer:2] 008:ffn-up-projection: 0.000263000 seconds
[token:75, layer:2] 009:ffn-swiglu: 0.000002000 seconds
[token:75, layer:2] 010:ffn-down-projection: 0.000140000 seconds
[token:75, layer:2] 102:layer-compute-total: 0.000571000 seconds
[token:75, layer:3] 002:attention-norm: 0.000000000 seconds
[token:75, layer:3] 003:qkv-projection: 0.000110000 seconds
[token:75, layer:3] 004:apply-rope: 0.000001000 seconds
[token:75, layer:3] 005:compute-attention: 0.000080000 seconds
[token:75, layer:3] 006:attention-output: 0.000072000 seconds
[token:75, layer:3] 007:ffn-norm: 0.000003000 seconds
[token:75, layer:3] 008:ffn-up-projection: 0.000202000 seconds
[token:75, layer:3] 009:ffn-swiglu: 0.000001000 seconds
[token:75, layer:3] 010:ffn-down-projection: 0.000183000 seconds
[token:75, layer:3] 102:layer-compute-total: 0.000652000 seconds
[token:75, layer:4] 002:attention-norm: 0.000001000 seconds
[token:75, layer:4] 003:qkv-projection: 0.000110000 seconds
[token:75, layer:4] 004:apply-rope: 0.000002000 seconds
[token:75, layer:4] 005:compute-attention: 0.000018000 seconds
[token:75, layer:4] 006:attention-output: 0.000038000 seconds
[token:75, layer:4] 007:ffn-norm: 0.000000000 seconds
[token:75, layer:4] 008:ffn-up-projection: 0.000222000 seconds
[token:75, layer:4] 009:ffn-swiglu: 0.000001000 seconds
[token:75, layer:4] 010:ffn-down-projection: 0.000274000 seconds
[token:75, layer:4] 102:layer-compute-total: 0.000666000 seconds
[token:75, layer:5] 002:attention-norm: 0.000000000 seconds
[token:75, layer:5] 003:qkv-projection: 0.000251000 seconds
[token:75, layer:5] 004:apply-rope: 0.000007000 seconds
[token:75, layer:5] 005:compute-attention: 0.000046000 seconds
[token:75, layer:5] 006:attention-output: 0.000084000 seconds
[token:75, layer:5] 007:ffn-norm: 0.000001000 seconds
[token:75, layer:5] 008:ffn-up-projection: 0.000288000 seconds
[token:75, layer:5] 009:ffn-swiglu: 0.000004000 seconds
[token:75, layer:5] 010:ffn-down-projection: 0.000280000 seconds
[token:75, layer:5] 102:layer-compute-total: 0.000961000 seconds
[token:75] 011:final-projection: 0.004897000 seconds
[token:75] 103:forward-compute-total: 0.008794000 seconds
[token:76] 001:embedding-lookup: 0.000001000 seconds
[token:76, layer:0] 002:attention-norm: 0.000000000 seconds
[token:76, layer:0] 003:qkv-projection: 0.000109000 seconds
[token:76, layer:0] 004:apply-rope: 0.000002000 seconds
[token:76, layer:0] 005:compute-attention: 0.000019000 seconds
[token:76, layer:0] 006:attention-output: 0.000036000 seconds
[token:76, layer:0] 007:ffn-norm: 0.000000000 seconds
[token:76, layer:0] 008:ffn-up-projection: 0.000195000 seconds
[token:76, layer:0] 009:ffn-swiglu: 0.000002000 seconds
[token:76, layer:0] 010:ffn-down-projection: 0.000140000 seconds
[token:76, layer:0] 102:layer-compute-total: 0.000503000 seconds
[token:76, layer:1] 002:attention-norm: 0.000000000 seconds
[token:76, layer:1] 003:qkv-projection: 0.000110000 seconds
[token:76, layer:1] 004:apply-rope: 0.000001000 seconds
[token:76, layer:1] 005:compute-attention: 0.000019000 seconds
[token:76, layer:1] 006:attention-output: 0.000037000 seconds
[token:76, layer:1] 007:ffn-norm: 0.000001000 seconds
[token:76, layer:1] 008:ffn-up-projection: 0.000194000 seconds
[token:76, layer:1] 009:ffn-swiglu: 0.000001000 seconds
[token:76, layer:1] 010:ffn-down-projection: 0.000139000 seconds
[token:76, layer:1] 102:layer-compute-total: 0.000502000 seconds
[token:76, layer:2] 002:attention-norm: 0.000000000 seconds
[token:76, layer:2] 003:qkv-projection: 0.000110000 seconds
[token:76, layer:2] 004:apply-rope: 0.000001000 seconds
[token:76, layer:2] 005:compute-attention: 0.000019000 seconds
[token:76, layer:2] 006:attention-output: 0.000036000 seconds
[token:76, layer:2] 007:ffn-norm: 0.000001000 seconds
[token:76, layer:2] 008:ffn-up-projection: 0.000195000 seconds
[token:76, layer:2] 009:ffn-swiglu: 0.000001000 seconds
[token:76, layer:2] 010:ffn-down-projection: 0.000140000 seconds
[token:76, layer:2] 102:layer-compute-total: 0.000503000 seconds
[token:76, layer:3] 002:attention-norm: 0.000000000 seconds
[token:76, layer:3] 003:qkv-projection: 0.000110000 seconds
[token:76, layer:3] 004:apply-rope: 0.000001000 seconds
[token:76, layer:3] 005:compute-attention: 0.000020000 seconds
[token:76, layer:3] 006:attention-output: 0.000037000 seconds
[token:76, layer:3] 007:ffn-norm: 0.000000000 seconds
[token:76, layer:3] 008:ffn-up-projection: 0.000194000 seconds
[token:76, layer:3] 009:ffn-swiglu: 0.000001000 seconds
[token:76, layer:3] 010:ffn-down-projection: 0.000139000 seconds
[token:76, layer:3] 102:layer-compute-total: 0.000502000 seconds
[token:76, layer:4] 002:attention-norm: 0.000001000 seconds
[token:76, layer:4] 003:qkv-projection: 0.000118000 seconds
[token:76, layer:4] 004:apply-rope: 0.000001000 seconds
[token:76, layer:4] 005:compute-attention: 0.000020000 seconds
[token:76, layer:4] 006:attention-output: 0.000036000 seconds
[token:76, layer:4] 007:ffn-norm: 0.000000000 seconds
[token:76, layer:4] 008:ffn-up-projection: 0.000194000 seconds
[token:76, layer:4] 009:ffn-swiglu: 0.000001000 seconds
[token:76, layer:4] 010:ffn-down-projection: 0.000139000 seconds
[token:76, layer:4] 102:layer-compute-total: 0.000510000 seconds
[token:76, layer:5] 002:attention-norm: 0.000000000 seconds
[token:76, layer:5] 003:qkv-projection: 0.000110000 seconds
[token:76, layer:5] 004:apply-rope: 0.000001000 seconds
[token:76, layer:5] 005:compute-attention: 0.000018000 seconds
[token:76, layer:5] 006:attention-output: 0.000036000 seconds
[token:76, layer:5] 007:ffn-norm: 0.000000000 seconds
[token:76, layer:5] 008:ffn-up-projection: 0.000194000 seconds
[token:76, layer:5] 009:ffn-swiglu: 0.000002000 seconds
[token:76, layer:5] 010:ffn-down-projection: 0.000139000 seconds
[token:76, layer:5] 102:layer-compute-total: 0.000500000 seconds
[token:76] 011:final-projection: 0.004051000 seconds
[token:76] 103:forward-compute-total: 0.007072000 seconds
[token:77] 001:embedding-lookup: 0.000000000 seconds
[token:77, layer:0] 002:attention-norm: 0.000000000 seconds
[token:77, layer:0] 003:qkv-projection: 0.000110000 seconds
[token:77, layer:0] 004:apply-rope: 0.000002000 seconds
[token:77, layer:0] 005:compute-attention: 0.000021000 seconds
[token:77, layer:0] 006:attention-output: 0.000037000 seconds
[token:77, layer:0] 007:ffn-norm: 0.000001000 seconds
[token:77, layer:0] 008:ffn-up-projection: 0.000195000 seconds
[token:77, layer:0] 009:ffn-swiglu: 0.000001000 seconds
[token:77, layer:0] 010:ffn-down-projection: 0.000162000 seconds
[token:77, layer:0] 102:layer-compute-total: 0.000529000 seconds
[token:77, layer:1] 002:attention-norm: 0.000000000 seconds
[token:77, layer:1] 003:qkv-projection: 0.000110000 seconds
[token:77, layer:1] 004:apply-rope: 0.000001000 seconds
[token:77, layer:1] 005:compute-attention: 0.000020000 seconds
[token:77, layer:1] 006:attention-output: 0.000036000 seconds
[token:77, layer:1] 007:ffn-norm: 0.000001000 seconds
[token:77, layer:1] 008:ffn-up-projection: 0.000195000 seconds
[token:77, layer:1] 009:ffn-swiglu: 0.000001000 seconds
[token:77, layer:1] 010:ffn-down-projection: 0.000139000 seconds
[token:77, layer:1] 102:layer-compute-total: 0.000503000 seconds
[token:77, layer:2] 002:attention-norm: 0.000000000 seconds
[token:77, layer:2] 003:qkv-projection: 0.000110000 seconds
[token:77, layer:2] 004:apply-rope: 0.000002000 seconds
[token:77, layer:2] 005:compute-attention: 0.000020000 seconds
[token:77, layer:2] 006:attention-output: 0.000037000 seconds
[token:77, layer:2] 007:ffn-norm: 0.000001000 seconds
[token:77, layer:2] 008:ffn-up-projection: 0.000195000 seconds
[token:77, layer:2] 009:ffn-swiglu: 0.000001000 seconds
[token:77, layer:2] 010:ffn-down-projection: 0.000140000 seconds
[token:77, layer:2] 102:layer-compute-total: 0.000506000 seconds
[token:77, layer:3] 002:attention-norm: 0.000000000 seconds
[token:77, layer:3] 003:qkv-projection: 0.000109000 seconds
[token:77, layer:3] 004:apply-rope: 0.000002000 seconds
[token:77, layer:3] 005:compute-attention: 0.000018000 seconds
[token:77, layer:3] 006:attention-output: 0.000036000 seconds
[token:77, layer:3] 007:ffn-norm: 0.000000000 seconds
[token:77, layer:3] 008:ffn-up-projection: 0.000194000 seconds
[token:77, layer:3] 009:ffn-swiglu: 0.000001000 seconds
[token:77, layer:3] 010:ffn-down-projection: 0.000139000 seconds
[token:77, layer:3] 102:layer-compute-total: 0.000499000 seconds
[token:77, layer:4] 002:attention-norm: 0.000000000 seconds
[token:77, layer:4] 003:qkv-projection: 0.000110000 seconds
[token:77, layer:4] 004:apply-rope: 0.000001000 seconds
[token:77, layer:4] 005:compute-attention: 0.000019000 seconds
[token:77, layer:4] 006:attention-output: 0.000037000 seconds
[token:77, layer:4] 007:ffn-norm: 0.000000000 seconds
[token:77, layer:4] 008:ffn-up-projection: 0.000195000 seconds
[token:77, layer:4] 009:ffn-swiglu: 0.000002000 seconds
[token:77, layer:4] 010:ffn-down-projection: 0.000140000 seconds
[token:77, layer:4] 102:layer-compute-total: 0.000504000 seconds
[token:77, layer:5] 002:attention-norm: 0.000001000 seconds
[token:77, layer:5] 003:qkv-projection: 0.000109000 seconds
[token:77, layer:5] 004:apply-rope: 0.000001000 seconds
[token:77, layer:5] 005:compute-attention: 0.000018000 seconds
[token:77, layer:5] 006:attention-output: 0.000036000 seconds
[token:77, layer:5] 007:ffn-norm: 0.000000000 seconds
[token:77, layer:5] 008:ffn-up-projection: 0.000194000 seconds
[token:77, layer:5] 009:ffn-swiglu: 0.000001000 seconds
[token:77, layer:5] 010:ffn-down-projection: 0.000140000 seconds
[token:77, layer:5] 102:layer-compute-total: 0.000500000 seconds
[token:77] 011:final-projection: 0.004587000 seconds
[token:77] 103:forward-compute-total: 0.007628000 seconds
[token:78] 001:embedding-lookup: 0.000000000 seconds
[token:78, layer:0] 002:attention-norm: 0.000000000 seconds
[token:78, layer:0] 003:qkv-projection: 0.000112000 seconds
[token:78, layer:0] 004:apply-rope: 0.000002000 seconds
[token:78, layer:0] 005:compute-attention: 0.000019000 seconds
[token:78, layer:0] 006:attention-output: 0.000037000 seconds
[token:78, layer:0] 007:ffn-norm: 0.000000000 seconds
[token:78, layer:0] 008:ffn-up-projection: 0.000194000 seconds
[token:78, layer:0] 009:ffn-swiglu: 0.000001000 seconds
[token:78, layer:0] 010:ffn-down-projection: 0.000140000 seconds
[token:78, layer:0] 102:layer-compute-total: 0.000505000 seconds
[token:78, layer:1] 002:attention-norm: 0.000001000 seconds
[token:78, layer:1] 003:qkv-projection: 0.000111000 seconds
[token:78, layer:1] 004:apply-rope: 0.000001000 seconds
[token:78, layer:1] 005:compute-attention: 0.000019000 seconds
[token:78, layer:1] 006:attention-output: 0.000037000 seconds
[token:78, layer:1] 007:ffn-norm: 0.000000000 seconds
[token:78, layer:1] 008:ffn-up-projection: 0.000203000 seconds
[token:78, layer:1] 009:ffn-swiglu: 0.000001000 seconds
[token:78, layer:1] 010:ffn-down-projection: 0.000139000 seconds
[token:78, layer:1] 102:layer-compute-total: 0.000512000 seconds
[token:78, layer:2] 002:attention-norm: 0.000001000 seconds
[token:78, layer:2] 003:qkv-projection: 0.000111000 seconds
[token:78, layer:2] 004:apply-rope: 0.000001000 seconds
[token:78, layer:2] 005:compute-attention: 0.000018000 seconds
[token:78, layer:2] 006:attention-output: 0.000038000 seconds
[token:78, layer:2] 007:ffn-norm: 0.000000000 seconds
[token:78, layer:2] 008:ffn-up-projection: 0.000194000 seconds
[token:78, layer:2] 009:ffn-swiglu: 0.000002000 seconds
[token:78, layer:2] 010:ffn-down-projection: 0.000140000 seconds
[token:78, layer:2] 102:layer-compute-total: 0.000505000 seconds
[token:78, layer:3] 002:attention-norm: 0.000001000 seconds
[token:78, layer:3] 003:qkv-projection: 0.000112000 seconds
[token:78, layer:3] 004:apply-rope: 0.000001000 seconds
[token:78, layer:3] 005:compute-attention: 0.000018000 seconds
[token:78, layer:3] 006:attention-output: 0.000036000 seconds
[token:78, layer:3] 007:ffn-norm: 0.000000000 seconds
[token:78, layer:3] 008:ffn-up-projection: 0.000194000 seconds
[token:78, layer:3] 009:ffn-swiglu: 0.000002000 seconds
[token:78, layer:3] 010:ffn-down-projection: 0.000139000 seconds
[token:78, layer:3] 102:layer-compute-total: 0.000503000 seconds
[token:78, layer:4] 002:attention-norm: 0.000001000 seconds
[token:78, layer:4] 003:qkv-projection: 0.000112000 seconds
[token:78, layer:4] 004:apply-rope: 0.000001000 seconds
[token:78, layer:4] 005:compute-attention: 0.000018000 seconds
[token:78, layer:4] 006:attention-output: 0.000036000 seconds
[token:78, layer:4] 007:ffn-norm: 0.000000000 seconds
[token:78, layer:4] 008:ffn-up-projection: 0.000194000 seconds
[token:78, layer:4] 009:ffn-swiglu: 0.000001000 seconds
[token:78, layer:4] 010:ffn-down-projection: 0.000139000 seconds
[token:78, layer:4] 102:layer-compute-total: 0.000502000 seconds
[token:78, layer:5] 002:attention-norm: 0.000000000 seconds
[token:78, layer:5] 003:qkv-projection: 0.000109000 seconds
[token:78, layer:5] 004:apply-rope: 0.000002000 seconds
[token:78, layer:5] 005:compute-attention: 0.000018000 seconds
[token:78, layer:5] 006:attention-output: 0.000037000 seconds
[token:78, layer:5] 007:ffn-norm: 0.000000000 seconds
[token:78, layer:5] 008:ffn-up-projection: 0.000194000 seconds
[token:78, layer:5] 009:ffn-swiglu: 0.000001000 seconds
[token:78, layer:5] 010:ffn-down-projection: 0.000139000 seconds
[token:78, layer:5] 102:layer-compute-total: 0.000500000 seconds
[token:78] 011:final-projection: 0.004100000 seconds
[token:78] 103:forward-compute-total: 0.007127000 seconds
[token:79] 001:embedding-lookup: 0.000000000 seconds
[token:79, layer:0] 002:attention-norm: 0.000001000 seconds
[token:79, layer:0] 003:qkv-projection: 0.000110000 seconds
[token:79, layer:0] 004:apply-rope: 0.000002000 seconds
[token:79, layer:0] 005:compute-attention: 0.000019000 seconds
[token:79, layer:0] 006:attention-output: 0.000036000 seconds
[token:79, layer:0] 007:ffn-norm: 0.000000000 seconds
[token:79, layer:0] 008:ffn-up-projection: 0.000194000 seconds
[token:79, layer:0] 009:ffn-swiglu: 0.000001000 seconds
[token:79, layer:0] 010:ffn-down-projection: 0.000140000 seconds
[token:79, layer:0] 102:layer-compute-total: 0.000503000 seconds
[token:79, layer:1] 002:attention-norm: 0.000000000 seconds
[token:79, layer:1] 003:qkv-projection: 0.000109000 seconds
[token:79, layer:1] 004:apply-rope: 0.000001000 seconds
[token:79, layer:1] 005:compute-attention: 0.000017000 seconds
[token:79, layer:1] 006:attention-output: 0.000037000 seconds
[token:79, layer:1] 007:ffn-norm: 0.000000000 seconds
[token:79, layer:1] 008:ffn-up-projection: 0.000194000 seconds
[token:79, layer:1] 009:ffn-swiglu: 0.000001000 seconds
[token:79, layer:1] 010:ffn-down-projection: 0.000140000 seconds
[token:79, layer:1] 102:layer-compute-total: 0.000499000 seconds
[token:79, layer:2] 002:attention-norm: 0.000000000 seconds
[token:79, layer:2] 003:qkv-projection: 0.000110000 seconds
[token:79, layer:2] 004:apply-rope: 0.000002000 seconds
[token:79, layer:2] 005:compute-attention: 0.000017000 seconds
[token:79, layer:2] 006:attention-output: 0.000036000 seconds
[token:79, layer:2] 007:ffn-norm: 0.000000000 seconds
[token:79, layer:2] 008:ffn-up-projection: 0.000194000 seconds
[token:79, layer:2] 009:ffn-swiglu: 0.000001000 seconds
[token:79, layer:2] 010:ffn-down-projection: 0.000152000 seconds
[token:79, layer:2] 102:layer-compute-total: 0.000512000 seconds
[token:79, layer:3] 002:attention-norm: 0.000000000 seconds
[token:79, layer:3] 003:qkv-projection: 0.000109000 seconds
[token:79, layer:3] 004:apply-rope: 0.000001000 seconds
[token:79, layer:3] 005:compute-attention: 0.000019000 seconds
[token:79, layer:3] 006:attention-output: 0.000036000 seconds
[token:79, layer:3] 007:ffn-norm: 0.000001000 seconds
[token:79, layer:3] 008:ffn-up-projection: 0.000194000 seconds
[token:79, layer:3] 009:ffn-swiglu: 0.000002000 seconds
[token:79, layer:3] 010:ffn-down-projection: 0.000139000 seconds
[token:79, layer:3] 102:layer-compute-total: 0.000501000 seconds
[token:79, layer:4] 002:attention-norm: 0.000000000 seconds
[token:79, layer:4] 003:qkv-projection: 0.000111000 seconds
[token:79, layer:4] 004:apply-rope: 0.000002000 seconds
[token:79, layer:4] 005:compute-attention: 0.000019000 seconds
[token:79, layer:4] 006:attention-output: 0.000037000 seconds
[token:79, layer:4] 007:ffn-norm: 0.000000000 seconds
[token:79, layer:4] 008:ffn-up-projection: 0.000195000 seconds
[token:79, layer:4] 009:ffn-swiglu: 0.000001000 seconds
[token:79, layer:4] 010:ffn-down-projection: 0.000139000 seconds
[token:79, layer:4] 102:layer-compute-total: 0.000504000 seconds
[token:79, layer:5] 002:attention-norm: 0.000000000 seconds
[token:79, layer:5] 003:qkv-projection: 0.000111000 seconds
[token:79, layer:5] 004:apply-rope: 0.000001000 seconds
[token:79, layer:5] 005:compute-attention: 0.000018000 seconds
[token:79, layer:5] 006:attention-output: 0.000037000 seconds
[token:79, layer:5] 007:ffn-norm: 0.000000000 seconds
[token:79, layer:5] 008:ffn-up-projection: 0.000194000 seconds
[token:79, layer:5] 009:ffn-swiglu: 0.000001000 seconds
[token:79, layer:5] 010:ffn-down-projection: 0.000139000 seconds
[token:79, layer:5] 102:layer-compute-total: 0.000501000 seconds
[token:79] 011:final-projection: 0.004586000 seconds
[token:79] 103:forward-compute-total: 0.007606000 seconds
[token:80] 001:embedding-lookup: 0.000000000 seconds
[token:80, layer:0] 002:attention-norm: 0.000000000 seconds
[token:80, layer:0] 003:qkv-projection: 0.000109000 seconds
[token:80, layer:0] 004:apply-rope: 0.000002000 seconds
[token:80, layer:0] 005:compute-attention: 0.000018000 seconds
[token:80, layer:0] 006:attention-output: 0.000039000 seconds
[token:80, layer:0] 007:ffn-norm: 0.000000000 seconds
[token:80, layer:0] 008:ffn-up-projection: 0.000195000 seconds
[token:80, layer:0] 009:ffn-swiglu: 0.000002000 seconds
[token:80, layer:0] 010:ffn-down-projection: 0.000145000 seconds
[token:80, layer:0] 102:layer-compute-total: 0.000510000 seconds
[token:80, layer:1] 002:attention-norm: 0.000000000 seconds
[token:80, layer:1] 003:qkv-projection: 0.000111000 seconds
[token:80, layer:1] 004:apply-rope: 0.000001000 seconds
[token:80, layer:1] 005:compute-attention: 0.000020000 seconds
[token:80, layer:1] 006:attention-output: 0.000038000 seconds
[token:80, layer:1] 007:ffn-norm: 0.000000000 seconds
[token:80, layer:1] 008:ffn-up-projection: 0.000199000 seconds
[token:80, layer:1] 009:ffn-swiglu: 0.000001000 seconds
[token:80, layer:1] 010:ffn-down-projection: 0.000143000 seconds
[token:80, layer:1] 102:layer-compute-total: 0.000513000 seconds
[token:80, layer:2] 002:attention-norm: 0.000001000 seconds
[token:80, layer:2] 003:qkv-projection: 0.000110000 seconds
[token:80, layer:2] 004:apply-rope: 0.000002000 seconds
[token:80, layer:2] 005:compute-attention: 0.000020000 seconds
[token:80, layer:2] 006:attention-output: 0.000036000 seconds
[token:80, layer:2] 007:ffn-norm: 0.000000000 seconds
[token:80, layer:2] 008:ffn-up-projection: 0.000212000 seconds
[token:80, layer:2] 009:ffn-swiglu: 0.000001000 seconds
[token:80, layer:2] 010:ffn-down-projection: 0.000143000 seconds
[token:80, layer:2] 102:layer-compute-total: 0.000525000 seconds
[token:80, layer:3] 002:attention-norm: 0.000001000 seconds
[token:80, layer:3] 003:qkv-projection: 0.000133000 seconds
[token:80, layer:3] 004:apply-rope: 0.000002000 seconds
[token:80, layer:3] 005:compute-attention: 0.000020000 seconds
[token:80, layer:3] 006:attention-output: 0.000040000 seconds
[token:80, layer:3] 007:ffn-norm: 0.000001000 seconds
[token:80, layer:3] 008:ffn-up-projection: 0.000213000 seconds
[token:80, layer:3] 009:ffn-swiglu: 0.000001000 seconds
[token:80, layer:3] 010:ffn-down-projection: 0.000144000 seconds
[token:80, layer:3] 102:layer-compute-total: 0.000555000 seconds
[token:80, layer:4] 002:attention-norm: 0.000001000 seconds
[token:80, layer:4] 003:qkv-projection: 0.000115000 seconds
[token:80, layer:4] 004:apply-rope: 0.000001000 seconds
[token:80, layer:4] 005:compute-attention: 0.000021000 seconds
[token:80, layer:4] 006:attention-output: 0.000036000 seconds
[token:80, layer:4] 007:ffn-norm: 0.000000000 seconds
[token:80, layer:4] 008:ffn-up-projection: 0.000204000 seconds
[token:80, layer:4] 009:ffn-swiglu: 0.000002000 seconds
[token:80, layer:4] 010:ffn-down-projection: 0.000140000 seconds
[token:80, layer:4] 102:layer-compute-total: 0.000520000 seconds
[token:80, layer:5] 002:attention-norm: 0.000001000 seconds
[token:80, layer:5] 003:qkv-projection: 0.000111000 seconds
[token:80, layer:5] 004:apply-rope: 0.000001000 seconds
[token:80, layer:5] 005:compute-attention: 0.000018000 seconds
[token:80, layer:5] 006:attention-output: 0.000042000 seconds
[token:80, layer:5] 007:ffn-norm: 0.000001000 seconds
[token:80, layer:5] 008:ffn-up-projection: 0.000200000 seconds
[token:80, layer:5] 009:ffn-swiglu: 0.000001000 seconds
[token:80, layer:5] 010:ffn-down-projection: 0.000152000 seconds
[token:80, layer:5] 102:layer-compute-total: 0.000527000 seconds
[token:80] 011:final-projection: 0.004156000 seconds
[token:80] 103:forward-compute-total: 0.007306000 seconds
[token:81] 001:embedding-lookup: 0.000000000 seconds
[token:81, layer:0] 002:attention-norm: 0.000000000 seconds
[token:81, layer:0] 003:qkv-projection: 0.000107000 seconds
[token:81, layer:0] 004:apply-rope: 0.000002000 seconds
[token:81, layer:0] 005:compute-attention: 0.000019000 seconds
[token:81, layer:0] 006:attention-output: 0.000039000 seconds
[token:81, layer:0] 007:ffn-norm: 0.000001000 seconds
[token:81, layer:0] 008:ffn-up-projection: 0.000193000 seconds
[token:81, layer:0] 009:ffn-swiglu: 0.000001000 seconds
[token:81, layer:0] 010:ffn-down-projection: 0.000145000 seconds
[token:81, layer:0] 102:layer-compute-total: 0.000507000 seconds
[token:81, layer:1] 002:attention-norm: 0.000001000 seconds
[token:81, layer:1] 003:qkv-projection: 0.000111000 seconds
[token:81, layer:1] 004:apply-rope: 0.000001000 seconds
[token:81, layer:1] 005:compute-attention: 0.000018000 seconds
[token:81, layer:1] 006:attention-output: 0.000037000 seconds
[token:81, layer:1] 007:ffn-norm: 0.000001000 seconds
[token:81, layer:1] 008:ffn-up-projection: 0.000194000 seconds
[token:81, layer:1] 009:ffn-swiglu: 0.000001000 seconds
[token:81, layer:1] 010:ffn-down-projection: 0.000141000 seconds
[token:81, layer:1] 102:layer-compute-total: 0.000505000 seconds
[token:81, layer:2] 002:attention-norm: 0.000000000 seconds
[token:81, layer:2] 003:qkv-projection: 0.000110000 seconds
[token:81, layer:2] 004:apply-rope: 0.000002000 seconds
[token:81, layer:2] 005:compute-attention: 0.000019000 seconds
[token:81, layer:2] 006:attention-output: 0.000036000 seconds
[token:81, layer:2] 007:ffn-norm: 0.000001000 seconds
[token:81, layer:2] 008:ffn-up-projection: 0.000194000 seconds
[token:81, layer:2] 009:ffn-swiglu: 0.000001000 seconds
[token:81, layer:2] 010:ffn-down-projection: 0.000139000 seconds
[token:81, layer:2] 102:layer-compute-total: 0.000502000 seconds
[token:81, layer:3] 002:attention-norm: 0.000000000 seconds
[token:81, layer:3] 003:qkv-projection: 0.000108000 seconds
[token:81, layer:3] 004:apply-rope: 0.000001000 seconds
[token:81, layer:3] 005:compute-attention: 0.000019000 seconds
[token:81, layer:3] 006:attention-output: 0.000037000 seconds
[token:81, layer:3] 007:ffn-norm: 0.000001000 seconds
[token:81, layer:3] 008:ffn-up-projection: 0.000194000 seconds
[token:81, layer:3] 009:ffn-swiglu: 0.000001000 seconds
[token:81, layer:3] 010:ffn-down-projection: 0.000140000 seconds
[token:81, layer:3] 102:layer-compute-total: 0.000501000 seconds
[token:81, layer:4] 002:attention-norm: 0.000000000 seconds
[token:81, layer:4] 003:qkv-projection: 0.000130000 seconds
[token:81, layer:4] 004:apply-rope: 0.000002000 seconds
[token:81, layer:4] 005:compute-attention: 0.000019000 seconds
[token:81, layer:4] 006:attention-output: 0.000066000 seconds
[token:81, layer:4] 007:ffn-norm: 0.000000000 seconds
[token:81, layer:4] 008:ffn-up-projection: 0.000202000 seconds
[token:81, layer:4] 009:ffn-swiglu: 0.000001000 seconds
[token:81, layer:4] 010:ffn-down-projection: 0.000143000 seconds
[token:81, layer:4] 102:layer-compute-total: 0.000563000 seconds
[token:81, layer:5] 002:attention-norm: 0.000000000 seconds
[token:81, layer:5] 003:qkv-projection: 0.000182000 seconds
[token:81, layer:5] 004:apply-rope: 0.000002000 seconds
[token:81, layer:5] 005:compute-attention: 0.000020000 seconds
[token:81, layer:5] 006:attention-output: 0.000036000 seconds
[token:81, layer:5] 007:ffn-norm: 0.000000000 seconds
[token:81, layer:5] 008:ffn-up-projection: 0.000195000 seconds
[token:81, layer:5] 009:ffn-swiglu: 0.000002000 seconds
[token:81, layer:5] 010:ffn-down-projection: 0.000140000 seconds
[token:81, layer:5] 102:layer-compute-total: 0.000577000 seconds
[token:81] 011:final-projection: 0.004213000 seconds
[token:81] 103:forward-compute-total: 0.007368000 seconds
[token:82] 001:embedding-lookup: 0.000001000 seconds
[token:82, layer:0] 002:attention-norm: 0.000000000 seconds
[token:82, layer:0] 003:qkv-projection: 0.000110000 seconds
[token:82, layer:0] 004:apply-rope: 0.000002000 seconds
[token:82, layer:0] 005:compute-attention: 0.000020000 seconds
[token:82, layer:0] 006:attention-output: 0.000037000 seconds
[token:82, layer:0] 007:ffn-norm: 0.000001000 seconds
[token:82, layer:0] 008:ffn-up-projection: 0.000225000 seconds
[token:82, layer:0] 009:ffn-swiglu: 0.000001000 seconds
[token:82, layer:0] 010:ffn-down-projection: 0.000139000 seconds
[token:82, layer:0] 102:layer-compute-total: 0.000535000 seconds
[token:82, layer:1] 002:attention-norm: 0.000000000 seconds
[token:82, layer:1] 003:qkv-projection: 0.000109000 seconds
[token:82, layer:1] 004:apply-rope: 0.000002000 seconds
[token:82, layer:1] 005:compute-attention: 0.000019000 seconds
[token:82, layer:1] 006:attention-output: 0.000037000 seconds
[token:82, layer:1] 007:ffn-norm: 0.000000000 seconds
[token:82, layer:1] 008:ffn-up-projection: 0.000191000 seconds
[token:82, layer:1] 009:ffn-swiglu: 0.000001000 seconds
[token:82, layer:1] 010:ffn-down-projection: 0.000136000 seconds
[token:82, layer:1] 102:layer-compute-total: 0.000495000 seconds
[token:82, layer:2] 002:attention-norm: 0.000000000 seconds
[token:82, layer:2] 003:qkv-projection: 0.000107000 seconds
[token:82, layer:2] 004:apply-rope: 0.000001000 seconds
[token:82, layer:2] 005:compute-attention: 0.000019000 seconds
[token:82, layer:2] 006:attention-output: 0.000035000 seconds
[token:82, layer:2] 007:ffn-norm: 0.000000000 seconds
[token:82, layer:2] 008:ffn-up-projection: 0.000193000 seconds
[token:82, layer:2] 009:ffn-swiglu: 0.000001000 seconds
[token:82, layer:2] 010:ffn-down-projection: 0.000139000 seconds
[token:82, layer:2] 102:layer-compute-total: 0.000495000 seconds
[token:82, layer:3] 002:attention-norm: 0.000000000 seconds
[token:82, layer:3] 003:qkv-projection: 0.000110000 seconds
[token:82, layer:3] 004:apply-rope: 0.000001000 seconds
[token:82, layer:3] 005:compute-attention: 0.000018000 seconds
[token:82, layer:3] 006:attention-output: 0.000037000 seconds
[token:82, layer:3] 007:ffn-norm: 0.000001000 seconds
[token:82, layer:3] 008:ffn-up-projection: 0.000194000 seconds
[token:82, layer:3] 009:ffn-swiglu: 0.000001000 seconds
[token:82, layer:3] 010:ffn-down-projection: 0.000139000 seconds
[token:82, layer:3] 102:layer-compute-total: 0.000501000 seconds
[token:82, layer:4] 002:attention-norm: 0.000000000 seconds
[token:82, layer:4] 003:qkv-projection: 0.000111000 seconds
[token:82, layer:4] 004:apply-rope: 0.000001000 seconds
[token:82, layer:4] 005:compute-attention: 0.000018000 seconds
[token:82, layer:4] 006:attention-output: 0.000036000 seconds
[token:82, layer:4] 007:ffn-norm: 0.000001000 seconds
[token:82, layer:4] 008:ffn-up-projection: 0.000194000 seconds
[token:82, layer:4] 009:ffn-swiglu: 0.000001000 seconds
[token:82, layer:4] 010:ffn-down-projection: 0.000139000 seconds
[token:82, layer:4] 102:layer-compute-total: 0.000501000 seconds
[token:82, layer:5] 002:attention-norm: 0.000000000 seconds
[token:82, layer:5] 003:qkv-projection: 0.000110000 seconds
[token:82, layer:5] 004:apply-rope: 0.000001000 seconds
[token:82, layer:5] 005:compute-attention: 0.000018000 seconds
[token:82, layer:5] 006:attention-output: 0.000048000 seconds
[token:82, layer:5] 007:ffn-norm: 0.000001000 seconds
[token:82, layer:5] 008:ffn-up-projection: 0.000194000 seconds
[token:82, layer:5] 009:ffn-swiglu: 0.000001000 seconds
[token:82, layer:5] 010:ffn-down-projection: 0.000138000 seconds
[token:82, layer:5] 102:layer-compute-total: 0.000511000 seconds
[token:82] 011:final-projection: 0.003989000 seconds
[token:82] 103:forward-compute-total: 0.007028000 seconds
[token:83] 001:embedding-lookup: 0.000000000 seconds
[token:83, layer:0] 002:attention-norm: 0.000001000 seconds
[token:83, layer:0] 003:qkv-projection: 0.000110000 seconds
[token:83, layer:0] 004:apply-rope: 0.000002000 seconds
[token:83, layer:0] 005:compute-attention: 0.000016000 seconds
[token:83, layer:0] 006:attention-output: 0.000037000 seconds
[token:83, layer:0] 007:ffn-norm: 0.000000000 seconds
[token:83, layer:0] 008:ffn-up-projection: 0.000194000 seconds
[token:83, layer:0] 009:ffn-swiglu: 0.000002000 seconds
[token:83, layer:0] 010:ffn-down-projection: 0.000137000 seconds
[token:83, layer:0] 102:layer-compute-total: 0.000499000 seconds
[token:83, layer:1] 002:attention-norm: 0.000000000 seconds
[token:83, layer:1] 003:qkv-projection: 0.000105000 seconds
[token:83, layer:1] 004:apply-rope: 0.000001000 seconds
[token:83, layer:1] 005:compute-attention: 0.000015000 seconds
[token:83, layer:1] 006:attention-output: 0.000035000 seconds
[token:83, layer:1] 007:ffn-norm: 0.000000000 seconds
[token:83, layer:1] 008:ffn-up-projection: 0.000187000 seconds
[token:83, layer:1] 009:ffn-swiglu: 0.000001000 seconds
[token:83, layer:1] 010:ffn-down-projection: 0.000134000 seconds
[token:83, layer:1] 102:layer-compute-total: 0.000478000 seconds
[token:83, layer:2] 002:attention-norm: 0.000001000 seconds
[token:83, layer:2] 003:qkv-projection: 0.000106000 seconds
[token:83, layer:2] 004:apply-rope: 0.000001000 seconds
[token:83, layer:2] 005:compute-attention: 0.000015000 seconds
[token:83, layer:2] 006:attention-output: 0.000036000 seconds
[token:83, layer:2] 007:ffn-norm: 0.000001000 seconds
[token:83, layer:2] 008:ffn-up-projection: 0.000188000 seconds
[token:83, layer:2] 009:ffn-swiglu: 0.000001000 seconds
[token:83, layer:2] 010:ffn-down-projection: 0.000134000 seconds
[token:83, layer:2] 102:layer-compute-total: 0.000483000 seconds
[token:83, layer:3] 002:attention-norm: 0.000000000 seconds
[token:83, layer:3] 003:qkv-projection: 0.000108000 seconds
[token:83, layer:3] 004:apply-rope: 0.000001000 seconds
[token:83, layer:3] 005:compute-attention: 0.000015000 seconds
[token:83, layer:3] 006:attention-output: 0.000035000 seconds
[token:83, layer:3] 007:ffn-norm: 0.000001000 seconds
[token:83, layer:3] 008:ffn-up-projection: 0.000187000 seconds
[token:83, layer:3] 009:ffn-swiglu: 0.000001000 seconds
[token:83, layer:3] 010:ffn-down-projection: 0.000134000 seconds
[token:83, layer:3] 102:layer-compute-total: 0.000482000 seconds
[token:83, layer:4] 002:attention-norm: 0.000000000 seconds
[token:83, layer:4] 003:qkv-projection: 0.000105000 seconds
[token:83, layer:4] 004:apply-rope: 0.000001000 seconds
[token:83, layer:4] 005:compute-attention: 0.000015000 seconds
[token:83, layer:4] 006:attention-output: 0.000035000 seconds
[token:83, layer:4] 007:ffn-norm: 0.000001000 seconds
[token:83, layer:4] 008:ffn-up-projection: 0.000187000 seconds
[token:83, layer:4] 009:ffn-swiglu: 0.000001000 seconds
[token:83, layer:4] 010:ffn-down-projection: 0.000135000 seconds
[token:83, layer:4] 102:layer-compute-total: 0.000480000 seconds
[token:83, layer:5] 002:attention-norm: 0.000001000 seconds
[token:83, layer:5] 003:qkv-projection: 0.000105000 seconds
[token:83, layer:5] 004:apply-rope: 0.000001000 seconds
[token:83, layer:5] 005:compute-attention: 0.000014000 seconds
[token:83, layer:5] 006:attention-output: 0.000035000 seconds
[token:83, layer:5] 007:ffn-norm: 0.000000000 seconds
[token:83, layer:5] 008:ffn-up-projection: 0.000190000 seconds
[token:83, layer:5] 009:ffn-swiglu: 0.000001000 seconds
[token:83, layer:5] 010:ffn-down-projection: 0.000134000 seconds
[token:83, layer:5] 102:layer-compute-total: 0.000481000 seconds
[token:83] 011:final-projection: 0.004364000 seconds
[token:83] 103:forward-compute-total: 0.007267000 seconds
[token:84] 001:embedding-lookup: 0.000001000 seconds
[token:84, layer:0] 002:attention-norm: 0.000001000 seconds
[token:84, layer:0] 003:qkv-projection: 0.000114000 seconds
[token:84, layer:0] 004:apply-rope: 0.000002000 seconds
[token:84, layer:0] 005:compute-attention: 0.000022000 seconds
[token:84, layer:0] 006:attention-output: 0.000035000 seconds
[token:84, layer:0] 007:ffn-norm: 0.000001000 seconds
[token:84, layer:0] 008:ffn-up-projection: 0.000192000 seconds
[token:84, layer:0] 009:ffn-swiglu: 0.000001000 seconds
[token:84, layer:0] 010:ffn-down-projection: 0.000135000 seconds
[token:84, layer:0] 102:layer-compute-total: 0.000503000 seconds
[token:84, layer:1] 002:attention-norm: 0.000001000 seconds
[token:84, layer:1] 003:qkv-projection: 0.000105000 seconds
[token:84, layer:1] 004:apply-rope: 0.000001000 seconds
[token:84, layer:1] 005:compute-attention: 0.000019000 seconds
[token:84, layer:1] 006:attention-output: 0.000035000 seconds
[token:84, layer:1] 007:ffn-norm: 0.000000000 seconds
[token:84, layer:1] 008:ffn-up-projection: 0.000187000 seconds
[token:84, layer:1] 009:ffn-swiglu: 0.000001000 seconds
[token:84, layer:1] 010:ffn-down-projection: 0.000133000 seconds
[token:84, layer:1] 102:layer-compute-total: 0.000482000 seconds
[token:84, layer:2] 002:attention-norm: 0.000000000 seconds
[token:84, layer:2] 003:qkv-projection: 0.000105000 seconds
[token:84, layer:2] 004:apply-rope: 0.000001000 seconds
[token:84, layer:2] 005:compute-attention: 0.000019000 seconds
[token:84, layer:2] 006:attention-output: 0.000035000 seconds
[token:84, layer:2] 007:ffn-norm: 0.000000000 seconds
[token:84, layer:2] 008:ffn-up-projection: 0.000187000 seconds
[token:84, layer:2] 009:ffn-swiglu: 0.000001000 seconds
[token:84, layer:2] 010:ffn-down-projection: 0.000133000 seconds
[token:84, layer:2] 102:layer-compute-total: 0.000481000 seconds
[token:84, layer:3] 002:attention-norm: 0.000001000 seconds
[token:84, layer:3] 003:qkv-projection: 0.000105000 seconds
[token:84, layer:3] 004:apply-rope: 0.000001000 seconds
[token:84, layer:3] 005:compute-attention: 0.000018000 seconds
[token:84, layer:3] 006:attention-output: 0.000035000 seconds
[token:84, layer:3] 007:ffn-norm: 0.000001000 seconds
[token:84, layer:3] 008:ffn-up-projection: 0.000187000 seconds
[token:84, layer:3] 009:ffn-swiglu: 0.000001000 seconds
[token:84, layer:3] 010:ffn-down-projection: 0.000134000 seconds
[token:84, layer:3] 102:layer-compute-total: 0.000483000 seconds
[token:84, layer:4] 002:attention-norm: 0.000000000 seconds
[token:84, layer:4] 003:qkv-projection: 0.000106000 seconds
[token:84, layer:4] 004:apply-rope: 0.000001000 seconds
[token:84, layer:4] 005:compute-attention: 0.000018000 seconds
[token:84, layer:4] 006:attention-output: 0.000035000 seconds
[token:84, layer:4] 007:ffn-norm: 0.000000000 seconds
[token:84, layer:4] 008:ffn-up-projection: 0.000187000 seconds
[token:84, layer:4] 009:ffn-swiglu: 0.000001000 seconds
[token:84, layer:4] 010:ffn-down-projection: 0.000133000 seconds
[token:84, layer:4] 102:layer-compute-total: 0.000481000 seconds
[token:84, layer:5] 002:attention-norm: 0.000000000 seconds
[token:84, layer:5] 003:qkv-projection: 0.000105000 seconds
[token:84, layer:5] 004:apply-rope: 0.000001000 seconds
[token:84, layer:5] 005:compute-attention: 0.000017000 seconds
[token:84, layer:5] 006:attention-output: 0.000035000 seconds
[token:84, layer:5] 007:ffn-norm: 0.000000000 seconds
[token:84, layer:5] 008:ffn-up-projection: 0.000187000 seconds
[token:84, layer:5] 009:ffn-swiglu: 0.000001000 seconds
[token:84, layer:5] 010:ffn-down-projection: 0.000133000 seconds
[token:84, layer:5] 102:layer-compute-total: 0.000479000 seconds
[token:84] 011:final-projection: 0.004123000 seconds
[token:84] 103:forward-compute-total: 0.007033000 seconds
[token:85] 001:embedding-lookup: 0.000000000 seconds
[token:85, layer:0] 002:attention-norm: 0.000001000 seconds
[token:85, layer:0] 003:qkv-projection: 0.000114000 seconds
[token:85, layer:0] 004:apply-rope: 0.000002000 seconds
[token:85, layer:0] 005:compute-attention: 0.000022000 seconds
[token:85, layer:0] 006:attention-output: 0.000040000 seconds
[token:85, layer:0] 007:ffn-norm: 0.000001000 seconds
[token:85, layer:0] 008:ffn-up-projection: 0.000193000 seconds
[token:85, layer:0] 009:ffn-swiglu: 0.000001000 seconds
[token:85, layer:0] 010:ffn-down-projection: 0.000135000 seconds
[token:85, layer:0] 102:layer-compute-total: 0.000509000 seconds
[token:85, layer:1] 002:attention-norm: 0.000000000 seconds
[token:85, layer:1] 003:qkv-projection: 0.000108000 seconds
[token:85, layer:1] 004:apply-rope: 0.000001000 seconds
[token:85, layer:1] 005:compute-attention: 0.000019000 seconds
[token:85, layer:1] 006:attention-output: 0.000035000 seconds
[token:85, layer:1] 007:ffn-norm: 0.000001000 seconds
[token:85, layer:1] 008:ffn-up-projection: 0.000198000 seconds
[token:85, layer:1] 009:ffn-swiglu: 0.000001000 seconds
[token:85, layer:1] 010:ffn-down-projection: 0.000134000 seconds
[token:85, layer:1] 102:layer-compute-total: 0.000497000 seconds
[token:85, layer:2] 002:attention-norm: 0.000000000 seconds
[token:85, layer:2] 003:qkv-projection: 0.000108000 seconds
[token:85, layer:2] 004:apply-rope: 0.000001000 seconds
[token:85, layer:2] 005:compute-attention: 0.000019000 seconds
[token:85, layer:2] 006:attention-output: 0.000036000 seconds
[token:85, layer:2] 007:ffn-norm: 0.000000000 seconds
[token:85, layer:2] 008:ffn-up-projection: 0.000187000 seconds
[token:85, layer:2] 009:ffn-swiglu: 0.000001000 seconds
[token:85, layer:2] 010:ffn-down-projection: 0.000134000 seconds
[token:85, layer:2] 102:layer-compute-total: 0.000486000 seconds
[token:85, layer:3] 002:attention-norm: 0.000000000 seconds
[token:85, layer:3] 003:qkv-projection: 0.000107000 seconds
[token:85, layer:3] 004:apply-rope: 0.000001000 seconds
[token:85, layer:3] 005:compute-attention: 0.000021000 seconds
[token:85, layer:3] 006:attention-output: 0.000036000 seconds
[token:85, layer:3] 007:ffn-norm: 0.000000000 seconds
[token:85, layer:3] 008:ffn-up-projection: 0.000187000 seconds
[token:85, layer:3] 009:ffn-swiglu: 0.000001000 seconds
[token:85, layer:3] 010:ffn-down-projection: 0.000137000 seconds
[token:85, layer:3] 102:layer-compute-total: 0.000490000 seconds
[token:85, layer:4] 002:attention-norm: 0.000001000 seconds
[token:85, layer:4] 003:qkv-projection: 0.000113000 seconds
[token:85, layer:4] 004:apply-rope: 0.000001000 seconds
[token:85, layer:4] 005:compute-attention: 0.000020000 seconds
[token:85, layer:4] 006:attention-output: 0.000038000 seconds
[token:85, layer:4] 007:ffn-norm: 0.000000000 seconds
[token:85, layer:4] 008:ffn-up-projection: 0.000195000 seconds
[token:85, layer:4] 009:ffn-swiglu: 0.000001000 seconds
[token:85, layer:4] 010:ffn-down-projection: 0.000138000 seconds
[token:85, layer:4] 102:layer-compute-total: 0.000507000 seconds
[token:85, layer:5] 002:attention-norm: 0.000001000 seconds
[token:85, layer:5] 003:qkv-projection: 0.000115000 seconds
[token:85, layer:5] 004:apply-rope: 0.000001000 seconds
[token:85, layer:5] 005:compute-attention: 0.000018000 seconds
[token:85, layer:5] 006:attention-output: 0.000035000 seconds
[token:85, layer:5] 007:ffn-norm: 0.000001000 seconds
[token:85, layer:5] 008:ffn-up-projection: 0.000186000 seconds
[token:85, layer:5] 009:ffn-swiglu: 0.000001000 seconds
[token:85, layer:5] 010:ffn-down-projection: 0.000137000 seconds
[token:85, layer:5] 102:layer-compute-total: 0.000495000 seconds
[token:85] 011:final-projection: 0.004013000 seconds
[token:85] 103:forward-compute-total: 0.006997000 seconds
[token:86] 001:embedding-lookup: 0.000001000 seconds
[token:86, layer:0] 002:attention-norm: 0.000000000 seconds
[token:86, layer:0] 003:qkv-projection: 0.000135000 seconds
[token:86, layer:0] 004:apply-rope: 0.000002000 seconds
[token:86, layer:0] 005:compute-attention: 0.000018000 seconds
[token:86, layer:0] 006:attention-output: 0.000052000 seconds
[token:86, layer:0] 007:ffn-norm: 0.000000000 seconds
[token:86, layer:0] 008:ffn-up-projection: 0.000414000 seconds
[token:86, layer:0] 009:ffn-swiglu: 0.000001000 seconds
[token:86, layer:0] 010:ffn-down-projection: 0.000140000 seconds
[token:86, layer:0] 102:layer-compute-total: 0.000762000 seconds
[token:86, layer:1] 002:attention-norm: 0.000000000 seconds
[token:86, layer:1] 003:qkv-projection: 0.000116000 seconds
[token:86, layer:1] 004:apply-rope: 0.000002000 seconds
[token:86, layer:1] 005:compute-attention: 0.000024000 seconds
[token:86, layer:1] 006:attention-output: 0.000036000 seconds
[token:86, layer:1] 007:ffn-norm: 0.000000000 seconds
[token:86, layer:1] 008:ffn-up-projection: 0.000191000 seconds
[token:86, layer:1] 009:ffn-swiglu: 0.000001000 seconds
[token:86, layer:1] 010:ffn-down-projection: 0.000145000 seconds
[token:86, layer:1] 102:layer-compute-total: 0.000515000 seconds
[token:86, layer:2] 002:attention-norm: 0.000000000 seconds
[token:86, layer:2] 003:qkv-projection: 0.000112000 seconds
[token:86, layer:2] 004:apply-rope: 0.000002000 seconds
[token:86, layer:2] 005:compute-attention: 0.000024000 seconds
[token:86, layer:2] 006:attention-output: 0.000037000 seconds
[token:86, layer:2] 007:ffn-norm: 0.000000000 seconds
[token:86, layer:2] 008:ffn-up-projection: 0.000187000 seconds
[token:86, layer:2] 009:ffn-swiglu: 0.000001000 seconds
[token:86, layer:2] 010:ffn-down-projection: 0.000136000 seconds
[token:86, layer:2] 102:layer-compute-total: 0.000499000 seconds
[token:86, layer:3] 002:attention-norm: 0.000000000 seconds
[token:86, layer:3] 003:qkv-projection: 0.000106000 seconds
[token:86, layer:3] 004:apply-rope: 0.000001000 seconds
[token:86, layer:3] 005:compute-attention: 0.000025000 seconds
[token:86, layer:3] 006:attention-output: 0.000035000 seconds
[token:86, layer:3] 007:ffn-norm: 0.000000000 seconds
[token:86, layer:3] 008:ffn-up-projection: 0.000187000 seconds
[token:86, layer:3] 009:ffn-swiglu: 0.000001000 seconds
[token:86, layer:3] 010:ffn-down-projection: 0.000134000 seconds
[token:86, layer:3] 102:layer-compute-total: 0.000489000 seconds
[token:86, layer:4] 002:attention-norm: 0.000001000 seconds
[token:86, layer:4] 003:qkv-projection: 0.000106000 seconds
[token:86, layer:4] 004:apply-rope: 0.000002000 seconds
[token:86, layer:4] 005:compute-attention: 0.000019000 seconds
[token:86, layer:4] 006:attention-output: 0.000035000 seconds
[token:86, layer:4] 007:ffn-norm: 0.000000000 seconds
[token:86, layer:4] 008:ffn-up-projection: 0.000187000 seconds
[token:86, layer:4] 009:ffn-swiglu: 0.000001000 seconds
[token:86, layer:4] 010:ffn-down-projection: 0.000134000 seconds
[token:86, layer:4] 102:layer-compute-total: 0.000485000 seconds
[token:86, layer:5] 002:attention-norm: 0.000000000 seconds
[token:86, layer:5] 003:qkv-projection: 0.000105000 seconds
[token:86, layer:5] 004:apply-rope: 0.000001000 seconds
[token:86, layer:5] 005:compute-attention: 0.000022000 seconds
[token:86, layer:5] 006:attention-output: 0.000035000 seconds
[token:86, layer:5] 007:ffn-norm: 0.000000000 seconds
[token:86, layer:5] 008:ffn-up-projection: 0.000191000 seconds
[token:86, layer:5] 009:ffn-swiglu: 0.000001000 seconds
[token:86, layer:5] 010:ffn-down-projection: 0.000133000 seconds
[token:86, layer:5] 102:layer-compute-total: 0.000488000 seconds
[token:86] 011:final-projection: 0.004053000 seconds
[token:86] 103:forward-compute-total: 0.007292000 seconds
[token:87] 001:embedding-lookup: 0.000001000 seconds
[token:87, layer:0] 002:attention-norm: 0.000000000 seconds
[token:87, layer:0] 003:qkv-projection: 0.000115000 seconds
[token:87, layer:0] 004:apply-rope: 0.000001000 seconds
[token:87, layer:0] 005:compute-attention: 0.000019000 seconds
[token:87, layer:0] 006:attention-output: 0.000036000 seconds
[token:87, layer:0] 007:ffn-norm: 0.000000000 seconds
[token:87, layer:0] 008:ffn-up-projection: 0.000187000 seconds
[token:87, layer:0] 009:ffn-swiglu: 0.000001000 seconds
[token:87, layer:0] 010:ffn-down-projection: 0.000134000 seconds
[token:87, layer:0] 102:layer-compute-total: 0.000493000 seconds
[token:87, layer:1] 002:attention-norm: 0.000001000 seconds
[token:87, layer:1] 003:qkv-projection: 0.000105000 seconds
[token:87, layer:1] 004:apply-rope: 0.000001000 seconds
[token:87, layer:1] 005:compute-attention: 0.000019000 seconds
[token:87, layer:1] 006:attention-output: 0.000036000 seconds
[token:87, layer:1] 007:ffn-norm: 0.000001000 seconds
[token:87, layer:1] 008:ffn-up-projection: 0.000187000 seconds
[token:87, layer:1] 009:ffn-swiglu: 0.000001000 seconds
[token:87, layer:1] 010:ffn-down-projection: 0.000136000 seconds
[token:87, layer:1] 102:layer-compute-total: 0.000487000 seconds
[token:87, layer:2] 002:attention-norm: 0.000001000 seconds
[token:87, layer:2] 003:qkv-projection: 0.000107000 seconds
[token:87, layer:2] 004:apply-rope: 0.000001000 seconds
[token:87, layer:2] 005:compute-attention: 0.000018000 seconds
[token:87, layer:2] 006:attention-output: 0.000035000 seconds
[token:87, layer:2] 007:ffn-norm: 0.000000000 seconds
[token:87, layer:2] 008:ffn-up-projection: 0.000187000 seconds
[token:87, layer:2] 009:ffn-swiglu: 0.000001000 seconds
[token:87, layer:2] 010:ffn-down-projection: 0.000132000 seconds
[token:87, layer:2] 102:layer-compute-total: 0.000482000 seconds
[token:87, layer:3] 002:attention-norm: 0.000000000 seconds
[token:87, layer:3] 003:qkv-projection: 0.000105000 seconds
[token:87, layer:3] 004:apply-rope: 0.000002000 seconds
[token:87, layer:3] 005:compute-attention: 0.000017000 seconds
[token:87, layer:3] 006:attention-output: 0.000035000 seconds
[token:87, layer:3] 007:ffn-norm: 0.000001000 seconds
[token:87, layer:3] 008:ffn-up-projection: 0.000187000 seconds
[token:87, layer:3] 009:ffn-swiglu: 0.000001000 seconds
[token:87, layer:3] 010:ffn-down-projection: 0.000139000 seconds
[token:87, layer:3] 102:layer-compute-total: 0.000487000 seconds
[token:87, layer:4] 002:attention-norm: 0.000000000 seconds
[token:87, layer:4] 003:qkv-projection: 0.000110000 seconds
[token:87, layer:4] 004:apply-rope: 0.000001000 seconds
[token:87, layer:4] 005:compute-attention: 0.000018000 seconds
[token:87, layer:4] 006:attention-output: 0.000040000 seconds
[token:87, layer:4] 007:ffn-norm: 0.000000000 seconds
[token:87, layer:4] 008:ffn-up-projection: 0.000192000 seconds
[token:87, layer:4] 009:ffn-swiglu: 0.000001000 seconds
[token:87, layer:4] 010:ffn-down-projection: 0.000133000 seconds
[token:87, layer:4] 102:layer-compute-total: 0.000495000 seconds
[token:87, layer:5] 002:attention-norm: 0.000000000 seconds
[token:87, layer:5] 003:qkv-projection: 0.000116000 seconds
[token:87, layer:5] 004:apply-rope: 0.000001000 seconds
[token:87, layer:5] 005:compute-attention: 0.000017000 seconds
[token:87, layer:5] 006:attention-output: 0.000035000 seconds
[token:87, layer:5] 007:ffn-norm: 0.000000000 seconds
[token:87, layer:5] 008:ffn-up-projection: 0.000192000 seconds
[token:87, layer:5] 009:ffn-swiglu: 0.000001000 seconds
[token:87, layer:5] 010:ffn-down-projection: 0.000143000 seconds
[token:87, layer:5] 102:layer-compute-total: 0.000505000 seconds
[token:87] 011:final-projection: 0.004079000 seconds
[token:87] 103:forward-compute-total: 0.007029000 seconds
[token:88] 001:embedding-lookup: 0.000000000 seconds
[token:88, layer:0] 002:attention-norm: 0.000000000 seconds
[token:88, layer:0] 003:qkv-projection: 0.000115000 seconds
[token:88, layer:0] 004:apply-rope: 0.000002000 seconds
[token:88, layer:0] 005:compute-attention: 0.000015000 seconds
[token:88, layer:0] 006:attention-output: 0.000040000 seconds
[token:88, layer:0] 007:ffn-norm: 0.000000000 seconds
[token:88, layer:0] 008:ffn-up-projection: 0.000245000 seconds
[token:88, layer:0] 009:ffn-swiglu: 0.000003000 seconds
[token:88, layer:0] 010:ffn-down-projection: 0.000241000 seconds
[token:88, layer:0] 102:layer-compute-total: 0.000661000 seconds
[token:88, layer:1] 002:attention-norm: 0.000001000 seconds
[token:88, layer:1] 003:qkv-projection: 0.000221000 seconds
[token:88, layer:1] 004:apply-rope: 0.000001000 seconds
[token:88, layer:1] 005:compute-attention: 0.000022000 seconds
[token:88, layer:1] 006:attention-output: 0.000082000 seconds
[token:88, layer:1] 007:ffn-norm: 0.000000000 seconds
[token:88, layer:1] 008:ffn-up-projection: 0.000302000 seconds
[token:88, layer:1] 009:ffn-swiglu: 0.000002000 seconds
[token:88, layer:1] 010:ffn-down-projection: 0.000149000 seconds
[token:88, layer:1] 102:layer-compute-total: 0.000780000 seconds
[token:88, layer:2] 002:attention-norm: 0.000001000 seconds
[token:88, layer:2] 003:qkv-projection: 0.000112000 seconds
[token:88, layer:2] 004:apply-rope: 0.000002000 seconds
[token:88, layer:2] 005:compute-attention: 0.000024000 seconds
[token:88, layer:2] 006:attention-output: 0.000036000 seconds
[token:88, layer:2] 007:ffn-norm: 0.000000000 seconds
[token:88, layer:2] 008:ffn-up-projection: 0.000195000 seconds
[token:88, layer:2] 009:ffn-swiglu: 0.000001000 seconds
[token:88, layer:2] 010:ffn-down-projection: 0.000140000 seconds
[token:88, layer:2] 102:layer-compute-total: 0.000511000 seconds
[token:88, layer:3] 002:attention-norm: 0.000000000 seconds
[token:88, layer:3] 003:qkv-projection: 0.000111000 seconds
[token:88, layer:3] 004:apply-rope: 0.000001000 seconds
[token:88, layer:3] 005:compute-attention: 0.000022000 seconds
[token:88, layer:3] 006:attention-output: 0.000036000 seconds
[token:88, layer:3] 007:ffn-norm: 0.000000000 seconds
[token:88, layer:3] 008:ffn-up-projection: 0.000195000 seconds
[token:88, layer:3] 009:ffn-swiglu: 0.000001000 seconds
[token:88, layer:3] 010:ffn-down-projection: 0.000134000 seconds
[token:88, layer:3] 102:layer-compute-total: 0.000500000 seconds
[token:88, layer:4] 002:attention-norm: 0.000000000 seconds
[token:88, layer:4] 003:qkv-projection: 0.000116000 seconds
[token:88, layer:4] 004:apply-rope: 0.000001000 seconds
[token:88, layer:4] 005:compute-attention: 0.000022000 seconds
[token:88, layer:4] 006:attention-output: 0.000036000 seconds
[token:88, layer:4] 007:ffn-norm: 0.000000000 seconds
[token:88, layer:4] 008:ffn-up-projection: 0.000196000 seconds
[token:88, layer:4] 009:ffn-swiglu: 0.000001000 seconds
[token:88, layer:4] 010:ffn-down-projection: 0.000139000 seconds
[token:88, layer:4] 102:layer-compute-total: 0.000511000 seconds
[token:88, layer:5] 002:attention-norm: 0.000000000 seconds
[token:88, layer:5] 003:qkv-projection: 0.000111000 seconds
[token:88, layer:5] 004:apply-rope: 0.000001000 seconds
[token:88, layer:5] 005:compute-attention: 0.000021000 seconds
[token:88, layer:5] 006:attention-output: 0.000037000 seconds
[token:88, layer:5] 007:ffn-norm: 0.000001000 seconds
[token:88, layer:5] 008:ffn-up-projection: 0.000194000 seconds
[token:88, layer:5] 009:ffn-swiglu: 0.000001000 seconds
[token:88, layer:5] 010:ffn-down-projection: 0.000139000 seconds
[token:88, layer:5] 102:layer-compute-total: 0.000505000 seconds
[token:88] 011:final-projection: 0.004228000 seconds
[token:88] 103:forward-compute-total: 0.007696000 seconds
[token:89] 001:embedding-lookup: 0.000001000 seconds
[token:89, layer:0] 002:attention-norm: 0.000000000 seconds
[token:89, layer:0] 003:qkv-projection: 0.000122000 seconds
[token:89, layer:0] 004:apply-rope: 0.000002000 seconds
[token:89, layer:0] 005:compute-attention: 0.000027000 seconds
[token:89, layer:0] 006:attention-output: 0.000037000 seconds
[token:89, layer:0] 007:ffn-norm: 0.000001000 seconds
[token:89, layer:0] 008:ffn-up-projection: 0.000194000 seconds
[token:89, layer:0] 009:ffn-swiglu: 0.000001000 seconds
[token:89, layer:0] 010:ffn-down-projection: 0.000141000 seconds
[token:89, layer:0] 102:layer-compute-total: 0.000525000 seconds
[token:89, layer:1] 002:attention-norm: 0.000000000 seconds
[token:89, layer:1] 003:qkv-projection: 0.000109000 seconds
[token:89, layer:1] 004:apply-rope: 0.000001000 seconds
[token:89, layer:1] 005:compute-attention: 0.000021000 seconds
[token:89, layer:1] 006:attention-output: 0.000037000 seconds
[token:89, layer:1] 007:ffn-norm: 0.000001000 seconds
[token:89, layer:1] 008:ffn-up-projection: 0.000189000 seconds
[token:89, layer:1] 009:ffn-swiglu: 0.000001000 seconds
[token:89, layer:1] 010:ffn-down-projection: 0.000135000 seconds
[token:89, layer:1] 102:layer-compute-total: 0.000494000 seconds
[token:89, layer:2] 002:attention-norm: 0.000000000 seconds
[token:89, layer:2] 003:qkv-projection: 0.000110000 seconds
[token:89, layer:2] 004:apply-rope: 0.000001000 seconds
[token:89, layer:2] 005:compute-attention: 0.000022000 seconds
[token:89, layer:2] 006:attention-output: 0.000035000 seconds
[token:89, layer:2] 007:ffn-norm: 0.000000000 seconds
[token:89, layer:2] 008:ffn-up-projection: 0.000188000 seconds
[token:89, layer:2] 009:ffn-swiglu: 0.000001000 seconds
[token:89, layer:2] 010:ffn-down-projection: 0.000134000 seconds
[token:89, layer:2] 102:layer-compute-total: 0.000491000 seconds
[token:89, layer:3] 002:attention-norm: 0.000000000 seconds
[token:89, layer:3] 003:qkv-projection: 0.000105000 seconds
[token:89, layer:3] 004:apply-rope: 0.000001000 seconds
[token:89, layer:3] 005:compute-attention: 0.000021000 seconds
[token:89, layer:3] 006:attention-output: 0.000036000 seconds
[token:89, layer:3] 007:ffn-norm: 0.000001000 seconds
[token:89, layer:3] 008:ffn-up-projection: 0.000189000 seconds
[token:89, layer:3] 009:ffn-swiglu: 0.000001000 seconds
[token:89, layer:3] 010:ffn-down-projection: 0.000134000 seconds
[token:89, layer:3] 102:layer-compute-total: 0.000488000 seconds
[token:89, layer:4] 002:attention-norm: 0.000000000 seconds
[token:89, layer:4] 003:qkv-projection: 0.000110000 seconds
[token:89, layer:4] 004:apply-rope: 0.000001000 seconds
[token:89, layer:4] 005:compute-attention: 0.000023000 seconds
[token:89, layer:4] 006:attention-output: 0.000037000 seconds
[token:89, layer:4] 007:ffn-norm: 0.000000000 seconds
[token:89, layer:4] 008:ffn-up-projection: 0.000195000 seconds
[token:89, layer:4] 009:ffn-swiglu: 0.000001000 seconds
[token:89, layer:4] 010:ffn-down-projection: 0.000139000 seconds
[token:89, layer:4] 102:layer-compute-total: 0.000506000 seconds
[token:89, layer:5] 002:attention-norm: 0.000000000 seconds
[token:89, layer:5] 003:qkv-projection: 0.000108000 seconds
[token:89, layer:5] 004:apply-rope: 0.000001000 seconds
[token:89, layer:5] 005:compute-attention: 0.000021000 seconds
[token:89, layer:5] 006:attention-output: 0.000036000 seconds
[token:89, layer:5] 007:ffn-norm: 0.000000000 seconds
[token:89, layer:5] 008:ffn-up-projection: 0.000190000 seconds
[token:89, layer:5] 009:ffn-swiglu: 0.000001000 seconds
[token:89, layer:5] 010:ffn-down-projection: 0.000140000 seconds
[token:89, layer:5] 102:layer-compute-total: 0.000497000 seconds
[token:89] 011:final-projection: 0.004797000 seconds
[token:89] 103:forward-compute-total: 0.007799000 seconds
[token:90] 001:embedding-lookup: 0.000000000 seconds
[token:90, layer:0] 002:attention-norm: 0.000001000 seconds
[token:90, layer:0] 003:qkv-projection: 0.000178000 seconds
[token:90, layer:0] 004:apply-rope: 0.000006000 seconds
[token:90, layer:0] 005:compute-attention: 0.000061000 seconds
[token:90, layer:0] 006:attention-output: 0.000054000 seconds
[token:90, layer:0] 007:ffn-norm: 0.000001000 seconds
[token:90, layer:0] 008:ffn-up-projection: 0.000264000 seconds
[token:90, layer:0] 009:ffn-swiglu: 0.000004000 seconds
[token:90, layer:0] 010:ffn-down-projection: 0.000270000 seconds
[token:90, layer:0] 102:layer-compute-total: 0.000839000 seconds
[token:90, layer:1] 002:attention-norm: 0.000001000 seconds
[token:90, layer:1] 003:qkv-projection: 0.000232000 seconds
[token:90, layer:1] 004:apply-rope: 0.000002000 seconds
[token:90, layer:1] 005:compute-attention: 0.000099000 seconds
[token:90, layer:1] 006:attention-output: 0.000037000 seconds
[token:90, layer:1] 007:ffn-norm: 0.000000000 seconds
[token:90, layer:1] 008:ffn-up-projection: 0.000398000 seconds
[token:90, layer:1] 009:ffn-swiglu: 0.000003000 seconds
[token:90, layer:1] 010:ffn-down-projection: 0.000242000 seconds
[token:90, layer:1] 102:layer-compute-total: 0.001014000 seconds
[token:90, layer:2] 002:attention-norm: 0.000001000 seconds
[token:90, layer:2] 003:qkv-projection: 0.000134000 seconds
[token:90, layer:2] 004:apply-rope: 0.000002000 seconds
[token:90, layer:2] 005:compute-attention: 0.000023000 seconds
[token:90, layer:2] 006:attention-output: 0.000036000 seconds
[token:90, layer:2] 007:ffn-norm: 0.000001000 seconds
[token:90, layer:2] 008:ffn-up-projection: 0.000198000 seconds
[token:90, layer:2] 009:ffn-swiglu: 0.000001000 seconds
[token:90, layer:2] 010:ffn-down-projection: 0.000139000 seconds
[token:90, layer:2] 102:layer-compute-total: 0.000535000 seconds
[token:90, layer:3] 002:attention-norm: 0.000000000 seconds
[token:90, layer:3] 003:qkv-projection: 0.000117000 seconds
[token:90, layer:3] 004:apply-rope: 0.000001000 seconds
[token:90, layer:3] 005:compute-attention: 0.000023000 seconds
[token:90, layer:3] 006:attention-output: 0.000037000 seconds
[token:90, layer:3] 007:ffn-norm: 0.000001000 seconds
[token:90, layer:3] 008:ffn-up-projection: 0.000341000 seconds
[token:90, layer:3] 009:ffn-swiglu: 0.000001000 seconds
[token:90, layer:3] 010:ffn-down-projection: 0.000153000 seconds
[token:90, layer:3] 102:layer-compute-total: 0.000674000 seconds
[token:90, layer:4] 002:attention-norm: 0.000000000 seconds
[token:90, layer:4] 003:qkv-projection: 0.000171000 seconds
[token:90, layer:4] 004:apply-rope: 0.000002000 seconds
[token:90, layer:4] 005:compute-attention: 0.000023000 seconds
[token:90, layer:4] 006:attention-output: 0.000089000 seconds
[token:90, layer:4] 007:ffn-norm: 0.000000000 seconds
[token:90, layer:4] 008:ffn-up-projection: 0.000208000 seconds
[token:90, layer:4] 009:ffn-swiglu: 0.000001000 seconds
[token:90, layer:4] 010:ffn-down-projection: 0.000263000 seconds
[token:90, layer:4] 102:layer-compute-total: 0.000757000 seconds
[token:90, layer:5] 002:attention-norm: 0.000001000 seconds
[token:90, layer:5] 003:qkv-projection: 0.000147000 seconds
[token:90, layer:5] 004:apply-rope: 0.000001000 seconds
[token:90, layer:5] 005:compute-attention: 0.000022000 seconds
[token:90, layer:5] 006:attention-output: 0.000036000 seconds
[token:90, layer:5] 007:ffn-norm: 0.000000000 seconds
[token:90, layer:5] 008:ffn-up-projection: 0.000194000 seconds
[token:90, layer:5] 009:ffn-swiglu: 0.000001000 seconds
[token:90, layer:5] 010:ffn-down-projection: 0.000140000 seconds
[token:90, layer:5] 102:layer-compute-total: 0.000542000 seconds
[token:90] 011:final-projection: 0.004303000 seconds
[token:90] 103:forward-compute-total: 0.008664000 seconds
[token:91] 001:embedding-lookup: 0.000000000 seconds
[token:91, layer:0] 002:attention-norm: 0.000001000 seconds
[token:91, layer:0] 003:qkv-projection: 0.000109000 seconds
[token:91, layer:0] 004:apply-rope: 0.000002000 seconds
[token:91, layer:0] 005:compute-attention: 0.000021000 seconds
[token:91, layer:0] 006:attention-output: 0.000037000 seconds
[token:91, layer:0] 007:ffn-norm: 0.000001000 seconds
[token:91, layer:0] 008:ffn-up-projection: 0.000195000 seconds
[token:91, layer:0] 009:ffn-swiglu: 0.000002000 seconds
[token:91, layer:0] 010:ffn-down-projection: 0.000140000 seconds
[token:91, layer:0] 102:layer-compute-total: 0.000508000 seconds
[token:91, layer:1] 002:attention-norm: 0.000000000 seconds
[token:91, layer:1] 003:qkv-projection: 0.000110000 seconds
[token:91, layer:1] 004:apply-rope: 0.000002000 seconds
[token:91, layer:1] 005:compute-attention: 0.000021000 seconds
[token:91, layer:1] 006:attention-output: 0.000037000 seconds
[token:91, layer:1] 007:ffn-norm: 0.000000000 seconds
[token:91, layer:1] 008:ffn-up-projection: 0.000195000 seconds
[token:91, layer:1] 009:ffn-swiglu: 0.000001000 seconds
[token:91, layer:1] 010:ffn-down-projection: 0.000140000 seconds
[token:91, layer:1] 102:layer-compute-total: 0.000506000 seconds
[token:91, layer:2] 002:attention-norm: 0.000000000 seconds
[token:91, layer:2] 003:qkv-projection: 0.000110000 seconds
[token:91, layer:2] 004:apply-rope: 0.000001000 seconds
[token:91, layer:2] 005:compute-attention: 0.000021000 seconds
[token:91, layer:2] 006:attention-output: 0.000037000 seconds
[token:91, layer:2] 007:ffn-norm: 0.000000000 seconds
[token:91, layer:2] 008:ffn-up-projection: 0.000194000 seconds
[token:91, layer:2] 009:ffn-swiglu: 0.000001000 seconds
[token:91, layer:2] 010:ffn-down-projection: 0.000140000 seconds
[token:91, layer:2] 102:layer-compute-total: 0.000504000 seconds
[token:91, layer:3] 002:attention-norm: 0.000000000 seconds
[token:91, layer:3] 003:qkv-projection: 0.000109000 seconds
[token:91, layer:3] 004:apply-rope: 0.000001000 seconds
[token:91, layer:3] 005:compute-attention: 0.000021000 seconds
[token:91, layer:3] 006:attention-output: 0.000037000 seconds
[token:91, layer:3] 007:ffn-norm: 0.000000000 seconds
[token:91, layer:3] 008:ffn-up-projection: 0.000195000 seconds
[token:91, layer:3] 009:ffn-swiglu: 0.000001000 seconds
[token:91, layer:3] 010:ffn-down-projection: 0.000141000 seconds
[token:91, layer:3] 102:layer-compute-total: 0.000505000 seconds
[token:91, layer:4] 002:attention-norm: 0.000000000 seconds
[token:91, layer:4] 003:qkv-projection: 0.000113000 seconds
[token:91, layer:4] 004:apply-rope: 0.000001000 seconds
[token:91, layer:4] 005:compute-attention: 0.000021000 seconds
[token:91, layer:4] 006:attention-output: 0.000037000 seconds
[token:91, layer:4] 007:ffn-norm: 0.000000000 seconds
[token:91, layer:4] 008:ffn-up-projection: 0.000194000 seconds
[token:91, layer:4] 009:ffn-swiglu: 0.000001000 seconds
[token:91, layer:4] 010:ffn-down-projection: 0.000140000 seconds
[token:91, layer:4] 102:layer-compute-total: 0.000507000 seconds
[token:91, layer:5] 002:attention-norm: 0.000000000 seconds
[token:91, layer:5] 003:qkv-projection: 0.000110000 seconds
[token:91, layer:5] 004:apply-rope: 0.000001000 seconds
[token:91, layer:5] 005:compute-attention: 0.000020000 seconds
[token:91, layer:5] 006:attention-output: 0.000036000 seconds
[token:91, layer:5] 007:ffn-norm: 0.000001000 seconds
[token:91, layer:5] 008:ffn-up-projection: 0.000191000 seconds
[token:91, layer:5] 009:ffn-swiglu: 0.000001000 seconds
[token:91, layer:5] 010:ffn-down-projection: 0.000140000 seconds
[token:91, layer:5] 102:layer-compute-total: 0.000500000 seconds
[token:91] 011:final-projection: 0.004143000 seconds
[token:91] 103:forward-compute-total: 0.007173000 seconds
[token:92] 001:embedding-lookup: 0.000001000 seconds
[token:92, layer:0] 002:attention-norm: 0.000000000 seconds
[token:92, layer:0] 003:qkv-projection: 0.000109000 seconds
[token:92, layer:0] 004:apply-rope: 0.000002000 seconds
[token:92, layer:0] 005:compute-attention: 0.000022000 seconds
[token:92, layer:0] 006:attention-output: 0.000036000 seconds
[token:92, layer:0] 007:ffn-norm: 0.000001000 seconds
[token:92, layer:0] 008:ffn-up-projection: 0.000195000 seconds
[token:92, layer:0] 009:ffn-swiglu: 0.000001000 seconds
[token:92, layer:0] 010:ffn-down-projection: 0.000139000 seconds
[token:92, layer:0] 102:layer-compute-total: 0.000505000 seconds
[token:92, layer:1] 002:attention-norm: 0.000001000 seconds
[token:92, layer:1] 003:qkv-projection: 0.000109000 seconds
[token:92, layer:1] 004:apply-rope: 0.000001000 seconds
[token:92, layer:1] 005:compute-attention: 0.000021000 seconds
[token:92, layer:1] 006:attention-output: 0.000037000 seconds
[token:92, layer:1] 007:ffn-norm: 0.000000000 seconds
[token:92, layer:1] 008:ffn-up-projection: 0.000194000 seconds
[token:92, layer:1] 009:ffn-swiglu: 0.000001000 seconds
[token:92, layer:1] 010:ffn-down-projection: 0.000139000 seconds
[token:92, layer:1] 102:layer-compute-total: 0.000503000 seconds
[token:92, layer:2] 002:attention-norm: 0.000000000 seconds
[token:92, layer:2] 003:qkv-projection: 0.000110000 seconds
[token:92, layer:2] 004:apply-rope: 0.000001000 seconds
[token:92, layer:2] 005:compute-attention: 0.000020000 seconds
[token:92, layer:2] 006:attention-output: 0.000036000 seconds
[token:92, layer:2] 007:ffn-norm: 0.000000000 seconds
[token:92, layer:2] 008:ffn-up-projection: 0.000194000 seconds
[token:92, layer:2] 009:ffn-swiglu: 0.000001000 seconds
[token:92, layer:2] 010:ffn-down-projection: 0.000140000 seconds
[token:92, layer:2] 102:layer-compute-total: 0.000502000 seconds
[token:92, layer:3] 002:attention-norm: 0.000000000 seconds
[token:92, layer:3] 003:qkv-projection: 0.000109000 seconds
[token:92, layer:3] 004:apply-rope: 0.000002000 seconds
[token:92, layer:3] 005:compute-attention: 0.000020000 seconds
[token:92, layer:3] 006:attention-output: 0.000037000 seconds
[token:92, layer:3] 007:ffn-norm: 0.000000000 seconds
[token:92, layer:3] 008:ffn-up-projection: 0.000194000 seconds
[token:92, layer:3] 009:ffn-swiglu: 0.000001000 seconds
[token:92, layer:3] 010:ffn-down-projection: 0.000139000 seconds
[token:92, layer:3] 102:layer-compute-total: 0.000502000 seconds
[token:92, layer:4] 002:attention-norm: 0.000000000 seconds
[token:92, layer:4] 003:qkv-projection: 0.000109000 seconds
[token:92, layer:4] 004:apply-rope: 0.000002000 seconds
[token:92, layer:4] 005:compute-attention: 0.000019000 seconds
[token:92, layer:4] 006:attention-output: 0.000041000 seconds
[token:92, layer:4] 007:ffn-norm: 0.000001000 seconds
[token:92, layer:4] 008:ffn-up-projection: 0.000195000 seconds
[token:92, layer:4] 009:ffn-swiglu: 0.000002000 seconds
[token:92, layer:4] 010:ffn-down-projection: 0.000139000 seconds
[token:92, layer:4] 102:layer-compute-total: 0.000508000 seconds
[token:92, layer:5] 002:attention-norm: 0.000000000 seconds
[token:92, layer:5] 003:qkv-projection: 0.000111000 seconds
[token:92, layer:5] 004:apply-rope: 0.000001000 seconds
[token:92, layer:5] 005:compute-attention: 0.000020000 seconds
[token:92, layer:5] 006:attention-output: 0.000037000 seconds
[token:92, layer:5] 007:ffn-norm: 0.000001000 seconds
[token:92, layer:5] 008:ffn-up-projection: 0.000194000 seconds
[token:92, layer:5] 009:ffn-swiglu: 0.000001000 seconds
[token:92, layer:5] 010:ffn-down-projection: 0.000139000 seconds
[token:92, layer:5] 102:layer-compute-total: 0.000504000 seconds
[token:92] 011:final-projection: 0.004072000 seconds
[token:92] 103:forward-compute-total: 0.007097000 seconds
[token:93] 001:embedding-lookup: 0.000000000 seconds
[token:93, layer:0] 002:attention-norm: 0.000000000 seconds
[token:93, layer:0] 003:qkv-projection: 0.000115000 seconds
[token:93, layer:0] 004:apply-rope: 0.000002000 seconds
[token:93, layer:0] 005:compute-attention: 0.000021000 seconds
[token:93, layer:0] 006:attention-output: 0.000037000 seconds
[token:93, layer:0] 007:ffn-norm: 0.000001000 seconds
[token:93, layer:0] 008:ffn-up-projection: 0.000194000 seconds
[token:93, layer:0] 009:ffn-swiglu: 0.000001000 seconds
[token:93, layer:0] 010:ffn-down-projection: 0.000140000 seconds
[token:93, layer:0] 102:layer-compute-total: 0.000511000 seconds
[token:93, layer:1] 002:attention-norm: 0.000000000 seconds
[token:93, layer:1] 003:qkv-projection: 0.000109000 seconds
[token:93, layer:1] 004:apply-rope: 0.000001000 seconds
[token:93, layer:1] 005:compute-attention: 0.000021000 seconds
[token:93, layer:1] 006:attention-output: 0.000036000 seconds
[token:93, layer:1] 007:ffn-norm: 0.000000000 seconds
[token:93, layer:1] 008:ffn-up-projection: 0.000194000 seconds
[token:93, layer:1] 009:ffn-swiglu: 0.000001000 seconds
[token:93, layer:1] 010:ffn-down-projection: 0.000139000 seconds
[token:93, layer:1] 102:layer-compute-total: 0.000501000 seconds
[token:93, layer:2] 002:attention-norm: 0.000000000 seconds
[token:93, layer:2] 003:qkv-projection: 0.000109000 seconds
[token:93, layer:2] 004:apply-rope: 0.000002000 seconds
[token:93, layer:2] 005:compute-attention: 0.000019000 seconds
[token:93, layer:2] 006:attention-output: 0.000037000 seconds
[token:93, layer:2] 007:ffn-norm: 0.000000000 seconds
[token:93, layer:2] 008:ffn-up-projection: 0.000194000 seconds
[token:93, layer:2] 009:ffn-swiglu: 0.000001000 seconds
[token:93, layer:2] 010:ffn-down-projection: 0.000139000 seconds
[token:93, layer:2] 102:layer-compute-total: 0.000501000 seconds
[token:93, layer:3] 002:attention-norm: 0.000001000 seconds
[token:93, layer:3] 003:qkv-projection: 0.000109000 seconds
[token:93, layer:3] 004:apply-rope: 0.000001000 seconds
[token:93, layer:3] 005:compute-attention: 0.000021000 seconds
[token:93, layer:3] 006:attention-output: 0.000037000 seconds
[token:93, layer:3] 007:ffn-norm: 0.000000000 seconds
[token:93, layer:3] 008:ffn-up-projection: 0.000194000 seconds
[token:93, layer:3] 009:ffn-swiglu: 0.000002000 seconds
[token:93, layer:3] 010:ffn-down-projection: 0.000140000 seconds
[token:93, layer:3] 102:layer-compute-total: 0.000505000 seconds
[token:93, layer:4] 002:attention-norm: 0.000000000 seconds
[token:93, layer:4] 003:qkv-projection: 0.000110000 seconds
[token:93, layer:4] 004:apply-rope: 0.000001000 seconds
[token:93, layer:4] 005:compute-attention: 0.000024000 seconds
[token:93, layer:4] 006:attention-output: 0.000037000 seconds
[token:93, layer:4] 007:ffn-norm: 0.000000000 seconds
[token:93, layer:4] 008:ffn-up-projection: 0.000195000 seconds
[token:93, layer:4] 009:ffn-swiglu: 0.000001000 seconds
[token:93, layer:4] 010:ffn-down-projection: 0.000139000 seconds
[token:93, layer:4] 102:layer-compute-total: 0.000507000 seconds
[token:93, layer:5] 002:attention-norm: 0.000001000 seconds
[token:93, layer:5] 003:qkv-projection: 0.000110000 seconds
[token:93, layer:5] 004:apply-rope: 0.000001000 seconds
[token:93, layer:5] 005:compute-attention: 0.000020000 seconds
[token:93, layer:5] 006:attention-output: 0.000036000 seconds
[token:93, layer:5] 007:ffn-norm: 0.000000000 seconds
[token:93, layer:5] 008:ffn-up-projection: 0.000194000 seconds
[token:93, layer:5] 009:ffn-swiglu: 0.000001000 seconds
[token:93, layer:5] 010:ffn-down-projection: 0.000140000 seconds
[token:93, layer:5] 102:layer-compute-total: 0.000503000 seconds
[token:93] 011:final-projection: 0.004096000 seconds
[token:93] 103:forward-compute-total: 0.007124000 seconds
[token:94] 001:embedding-lookup: 0.000000000 seconds
[token:94, layer:0] 002:attention-norm: 0.000001000 seconds
[token:94, layer:0] 003:qkv-projection: 0.000109000 seconds
[token:94, layer:0] 004:apply-rope: 0.000002000 seconds
[token:94, layer:0] 005:compute-attention: 0.000019000 seconds
[token:94, layer:0] 006:attention-output: 0.000037000 seconds
[token:94, layer:0] 007:ffn-norm: 0.000000000 seconds
[token:94, layer:0] 008:ffn-up-projection: 0.000194000 seconds
[token:94, layer:0] 009:ffn-swiglu: 0.000001000 seconds
[token:94, layer:0] 010:ffn-down-projection: 0.000140000 seconds
[token:94, layer:0] 102:layer-compute-total: 0.000503000 seconds
[token:94, layer:1] 002:attention-norm: 0.000000000 seconds
[token:94, layer:1] 003:qkv-projection: 0.000110000 seconds
[token:94, layer:1] 004:apply-rope: 0.000001000 seconds
[token:94, layer:1] 005:compute-attention: 0.000020000 seconds
[token:94, layer:1] 006:attention-output: 0.000036000 seconds
[token:94, layer:1] 007:ffn-norm: 0.000000000 seconds
[token:94, layer:1] 008:ffn-up-projection: 0.000192000 seconds
[token:94, layer:1] 009:ffn-swiglu: 0.000001000 seconds
[token:94, layer:1] 010:ffn-down-projection: 0.000140000 seconds
[token:94, layer:1] 102:layer-compute-total: 0.000500000 seconds
[token:94, layer:2] 002:attention-norm: 0.000001000 seconds
[token:94, layer:2] 003:qkv-projection: 0.000110000 seconds
[token:94, layer:2] 004:apply-rope: 0.000002000 seconds
[token:94, layer:2] 005:compute-attention: 0.000021000 seconds
[token:94, layer:2] 006:attention-output: 0.000036000 seconds
[token:94, layer:2] 007:ffn-norm: 0.000000000 seconds
[token:94, layer:2] 008:ffn-up-projection: 0.000194000 seconds
[token:94, layer:2] 009:ffn-swiglu: 0.000001000 seconds
[token:94, layer:2] 010:ffn-down-projection: 0.000136000 seconds
[token:94, layer:2] 102:layer-compute-total: 0.000501000 seconds
[token:94, layer:3] 002:attention-norm: 0.000001000 seconds
[token:94, layer:3] 003:qkv-projection: 0.000107000 seconds
[token:94, layer:3] 004:apply-rope: 0.000001000 seconds
[token:94, layer:3] 005:compute-attention: 0.000021000 seconds
[token:94, layer:3] 006:attention-output: 0.000035000 seconds
[token:94, layer:3] 007:ffn-norm: 0.000000000 seconds
[token:94, layer:3] 008:ffn-up-projection: 0.000195000 seconds
[token:94, layer:3] 009:ffn-swiglu: 0.000001000 seconds
[token:94, layer:3] 010:ffn-down-projection: 0.000139000 seconds
[token:94, layer:3] 102:layer-compute-total: 0.000500000 seconds
[token:94, layer:4] 002:attention-norm: 0.000000000 seconds
[token:94, layer:4] 003:qkv-projection: 0.000110000 seconds
[token:94, layer:4] 004:apply-rope: 0.000001000 seconds
[token:94, layer:4] 005:compute-attention: 0.000021000 seconds
[token:94, layer:4] 006:attention-output: 0.000037000 seconds
[token:94, layer:4] 007:ffn-norm: 0.000000000 seconds
[token:94, layer:4] 008:ffn-up-projection: 0.000195000 seconds
[token:94, layer:4] 009:ffn-swiglu: 0.000001000 seconds
[token:94, layer:4] 010:ffn-down-projection: 0.000139000 seconds
[token:94, layer:4] 102:layer-compute-total: 0.000504000 seconds
[token:94, layer:5] 002:attention-norm: 0.000000000 seconds
[token:94, layer:5] 003:qkv-projection: 0.000109000 seconds
[token:94, layer:5] 004:apply-rope: 0.000001000 seconds
[token:94, layer:5] 005:compute-attention: 0.000019000 seconds
[token:94, layer:5] 006:attention-output: 0.000037000 seconds
[token:94, layer:5] 007:ffn-norm: 0.000000000 seconds
[token:94, layer:5] 008:ffn-up-projection: 0.000194000 seconds
[token:94, layer:5] 009:ffn-swiglu: 0.000001000 seconds
[token:94, layer:5] 010:ffn-down-projection: 0.000139000 seconds
[token:94, layer:5] 102:layer-compute-total: 0.000500000 seconds
[token:94] 011:final-projection: 0.004050000 seconds
[token:94] 103:forward-compute-total: 0.007058000 seconds
[token:95] 001:embedding-lookup: 0.000000000 seconds
[token:95, layer:0] 002:attention-norm: 0.000000000 seconds
[token:95, layer:0] 003:qkv-projection: 0.000118000 seconds
[token:95, layer:0] 004:apply-rope: 0.000002000 seconds
[token:95, layer:0] 005:compute-attention: 0.000019000 seconds
[token:95, layer:0] 006:attention-output: 0.000036000 seconds
[token:95, layer:0] 007:ffn-norm: 0.000000000 seconds
[token:95, layer:0] 008:ffn-up-projection: 0.000194000 seconds
[token:95, layer:0] 009:ffn-swiglu: 0.000001000 seconds
[token:95, layer:0] 010:ffn-down-projection: 0.000139000 seconds
[token:95, layer:0] 102:layer-compute-total: 0.000509000 seconds
[token:95, layer:1] 002:attention-norm: 0.000000000 seconds
[token:95, layer:1] 003:qkv-projection: 0.000110000 seconds
[token:95, layer:1] 004:apply-rope: 0.000002000 seconds
[token:95, layer:1] 005:compute-attention: 0.000019000 seconds
[token:95, layer:1] 006:attention-output: 0.000037000 seconds
[token:95, layer:1] 007:ffn-norm: 0.000000000 seconds
[token:95, layer:1] 008:ffn-up-projection: 0.000194000 seconds
[token:95, layer:1] 009:ffn-swiglu: 0.000001000 seconds
[token:95, layer:1] 010:ffn-down-projection: 0.000139000 seconds
[token:95, layer:1] 102:layer-compute-total: 0.000502000 seconds
[token:95, layer:2] 002:attention-norm: 0.000001000 seconds
[token:95, layer:2] 003:qkv-projection: 0.000113000 seconds
[token:95, layer:2] 004:apply-rope: 0.000002000 seconds
[token:95, layer:2] 005:compute-attention: 0.000022000 seconds
[token:95, layer:2] 006:attention-output: 0.000036000 seconds
[token:95, layer:2] 007:ffn-norm: 0.000000000 seconds
[token:95, layer:2] 008:ffn-up-projection: 0.000194000 seconds
[token:95, layer:2] 009:ffn-swiglu: 0.000001000 seconds
[token:95, layer:2] 010:ffn-down-projection: 0.000139000 seconds
[token:95, layer:2] 102:layer-compute-total: 0.000508000 seconds
[token:95, layer:3] 002:attention-norm: 0.000000000 seconds
[token:95, layer:3] 003:qkv-projection: 0.000118000 seconds
[token:95, layer:3] 004:apply-rope: 0.000001000 seconds
[token:95, layer:3] 005:compute-attention: 0.000022000 seconds
[token:95, layer:3] 006:attention-output: 0.000036000 seconds
[token:95, layer:3] 007:ffn-norm: 0.000001000 seconds
[token:95, layer:3] 008:ffn-up-projection: 0.000201000 seconds
[token:95, layer:3] 009:ffn-swiglu: 0.000001000 seconds
[token:95, layer:3] 010:ffn-down-projection: 0.000139000 seconds
[token:95, layer:3] 102:layer-compute-total: 0.000519000 seconds
[token:95, layer:4] 002:attention-norm: 0.000000000 seconds
[token:95, layer:4] 003:qkv-projection: 0.000110000 seconds
[token:95, layer:4] 004:apply-rope: 0.000001000 seconds
[token:95, layer:4] 005:compute-attention: 0.000024000 seconds
[token:95, layer:4] 006:attention-output: 0.000036000 seconds
[token:95, layer:4] 007:ffn-norm: 0.000001000 seconds
[token:95, layer:4] 008:ffn-up-projection: 0.000194000 seconds
[token:95, layer:4] 009:ffn-swiglu: 0.000001000 seconds
[token:95, layer:4] 010:ffn-down-projection: 0.000139000 seconds
[token:95, layer:4] 102:layer-compute-total: 0.000506000 seconds
[token:95, layer:5] 002:attention-norm: 0.000000000 seconds
[token:95, layer:5] 003:qkv-projection: 0.000110000 seconds
[token:95, layer:5] 004:apply-rope: 0.000001000 seconds
[token:95, layer:5] 005:compute-attention: 0.000022000 seconds
[token:95, layer:5] 006:attention-output: 0.000037000 seconds
[token:95, layer:5] 007:ffn-norm: 0.000000000 seconds
[token:95, layer:5] 008:ffn-up-projection: 0.000194000 seconds
[token:95, layer:5] 009:ffn-swiglu: 0.000001000 seconds
[token:95, layer:5] 010:ffn-down-projection: 0.000140000 seconds
[token:95, layer:5] 102:layer-compute-total: 0.000505000 seconds
[token:95] 011:final-projection: 0.005064000 seconds
[token:95] 103:forward-compute-total: 0.008113000 seconds
[token:96] 001:embedding-lookup: 0.000001000 seconds
[token:96, layer:0] 002:attention-norm: 0.000001000 seconds
[token:96, layer:0] 003:qkv-projection: 0.000152000 seconds
[token:96, layer:0] 004:apply-rope: 0.000002000 seconds
[token:96, layer:0] 005:compute-attention: 0.000025000 seconds
[token:96, layer:0] 006:attention-output: 0.000037000 seconds
[token:96, layer:0] 007:ffn-norm: 0.000000000 seconds
[token:96, layer:0] 008:ffn-up-projection: 0.000197000 seconds
[token:96, layer:0] 009:ffn-swiglu: 0.000001000 seconds
[token:96, layer:0] 010:ffn-down-projection: 0.000140000 seconds
[token:96, layer:0] 102:layer-compute-total: 0.000555000 seconds
[token:96, layer:1] 002:attention-norm: 0.000000000 seconds
[token:96, layer:1] 003:qkv-projection: 0.000111000 seconds
[token:96, layer:1] 004:apply-rope: 0.000002000 seconds
[token:96, layer:1] 005:compute-attention: 0.000024000 seconds
[token:96, layer:1] 006:attention-output: 0.000037000 seconds
[token:96, layer:1] 007:ffn-norm: 0.000001000 seconds
[token:96, layer:1] 008:ffn-up-projection: 0.000227000 seconds
[token:96, layer:1] 009:ffn-swiglu: 0.000001000 seconds
[token:96, layer:1] 010:ffn-down-projection: 0.000143000 seconds
[token:96, layer:1] 102:layer-compute-total: 0.000546000 seconds
[token:96, layer:2] 002:attention-norm: 0.000000000 seconds
[token:96, layer:2] 003:qkv-projection: 0.000110000 seconds
[token:96, layer:2] 004:apply-rope: 0.000001000 seconds
[token:96, layer:2] 005:compute-attention: 0.000026000 seconds
[token:96, layer:2] 006:attention-output: 0.000037000 seconds
[token:96, layer:2] 007:ffn-norm: 0.000001000 seconds
[token:96, layer:2] 008:ffn-up-projection: 0.000194000 seconds
[token:96, layer:2] 009:ffn-swiglu: 0.000001000 seconds
[token:96, layer:2] 010:ffn-down-projection: 0.000139000 seconds
[token:96, layer:2] 102:layer-compute-total: 0.000509000 seconds
[token:96, layer:3] 002:attention-norm: 0.000001000 seconds
[token:96, layer:3] 003:qkv-projection: 0.000110000 seconds
[token:96, layer:3] 004:apply-rope: 0.000001000 seconds
[token:96, layer:3] 005:compute-attention: 0.000021000 seconds
[token:96, layer:3] 006:attention-output: 0.000037000 seconds
[token:96, layer:3] 007:ffn-norm: 0.000000000 seconds
[token:96, layer:3] 008:ffn-up-projection: 0.000198000 seconds
[token:96, layer:3] 009:ffn-swiglu: 0.000001000 seconds
[token:96, layer:3] 010:ffn-down-projection: 0.000147000 seconds
[token:96, layer:3] 102:layer-compute-total: 0.000516000 seconds
[token:96, layer:4] 002:attention-norm: 0.000001000 seconds
[token:96, layer:4] 003:qkv-projection: 0.000110000 seconds
[token:96, layer:4] 004:apply-rope: 0.000001000 seconds
[token:96, layer:4] 005:compute-attention: 0.000023000 seconds
[token:96, layer:4] 006:attention-output: 0.000037000 seconds
[token:96, layer:4] 007:ffn-norm: 0.000000000 seconds
[token:96, layer:4] 008:ffn-up-projection: 0.000198000 seconds
[token:96, layer:4] 009:ffn-swiglu: 0.000001000 seconds
[token:96, layer:4] 010:ffn-down-projection: 0.000195000 seconds
[token:96, layer:4] 102:layer-compute-total: 0.000566000 seconds
[token:96, layer:5] 002:attention-norm: 0.000000000 seconds
[token:96, layer:5] 003:qkv-projection: 0.000127000 seconds
[token:96, layer:5] 004:apply-rope: 0.000001000 seconds
[token:96, layer:5] 005:compute-attention: 0.000026000 seconds
[token:96, layer:5] 006:attention-output: 0.000037000 seconds
[token:96, layer:5] 007:ffn-norm: 0.000001000 seconds
[token:96, layer:5] 008:ffn-up-projection: 0.000194000 seconds
[token:96, layer:5] 009:ffn-swiglu: 0.000001000 seconds
[token:96, layer:5] 010:ffn-down-projection: 0.000139000 seconds
[token:96, layer:5] 102:layer-compute-total: 0.000526000 seconds
[token:96] 011:final-projection: 0.004047000 seconds
[token:96] 103:forward-compute-total: 0.007266000 seconds
[token:97] 001:embedding-lookup: 0.000000000 seconds
[token:97, layer:0] 002:attention-norm: 0.000001000 seconds
[token:97, layer:0] 003:qkv-projection: 0.000109000 seconds
[token:97, layer:0] 004:apply-rope: 0.000001000 seconds
[token:97, layer:0] 005:compute-attention: 0.000022000 seconds
[token:97, layer:0] 006:attention-output: 0.000037000 seconds
[token:97, layer:0] 007:ffn-norm: 0.000000000 seconds
[token:97, layer:0] 008:ffn-up-projection: 0.000194000 seconds
[token:97, layer:0] 009:ffn-swiglu: 0.000002000 seconds
[token:97, layer:0] 010:ffn-down-projection: 0.000140000 seconds
[token:97, layer:0] 102:layer-compute-total: 0.000506000 seconds
[token:97, layer:1] 002:attention-norm: 0.000000000 seconds
[token:97, layer:1] 003:qkv-projection: 0.000109000 seconds
[token:97, layer:1] 004:apply-rope: 0.000001000 seconds
[token:97, layer:1] 005:compute-attention: 0.000022000 seconds
[token:97, layer:1] 006:attention-output: 0.000037000 seconds
[token:97, layer:1] 007:ffn-norm: 0.000001000 seconds
[token:97, layer:1] 008:ffn-up-projection: 0.000194000 seconds
[token:97, layer:1] 009:ffn-swiglu: 0.000001000 seconds
[token:97, layer:1] 010:ffn-down-projection: 0.000139000 seconds
[token:97, layer:1] 102:layer-compute-total: 0.000504000 seconds
[token:97, layer:2] 002:attention-norm: 0.000000000 seconds
[token:97, layer:2] 003:qkv-projection: 0.000109000 seconds
[token:97, layer:2] 004:apply-rope: 0.000001000 seconds
[token:97, layer:2] 005:compute-attention: 0.000020000 seconds
[token:97, layer:2] 006:attention-output: 0.000037000 seconds
[token:97, layer:2] 007:ffn-norm: 0.000000000 seconds
[token:97, layer:2] 008:ffn-up-projection: 0.000194000 seconds
[token:97, layer:2] 009:ffn-swiglu: 0.000001000 seconds
[token:97, layer:2] 010:ffn-down-projection: 0.000139000 seconds
[token:97, layer:2] 102:layer-compute-total: 0.000501000 seconds
[token:97, layer:3] 002:attention-norm: 0.000000000 seconds
[token:97, layer:3] 003:qkv-projection: 0.000110000 seconds
[token:97, layer:3] 004:apply-rope: 0.000001000 seconds
[token:97, layer:3] 005:compute-attention: 0.000022000 seconds
[token:97, layer:3] 006:attention-output: 0.000037000 seconds
[token:97, layer:3] 007:ffn-norm: 0.000001000 seconds
[token:97, layer:3] 008:ffn-up-projection: 0.000195000 seconds
[token:97, layer:3] 009:ffn-swiglu: 0.000001000 seconds
[token:97, layer:3] 010:ffn-down-projection: 0.000139000 seconds
[token:97, layer:3] 102:layer-compute-total: 0.000506000 seconds
[token:97, layer:4] 002:attention-norm: 0.000001000 seconds
[token:97, layer:4] 003:qkv-projection: 0.000110000 seconds
[token:97, layer:4] 004:apply-rope: 0.000001000 seconds
[token:97, layer:4] 005:compute-attention: 0.000020000 seconds
[token:97, layer:4] 006:attention-output: 0.000037000 seconds
[token:97, layer:4] 007:ffn-norm: 0.000000000 seconds
[token:97, layer:4] 008:ffn-up-projection: 0.000195000 seconds
[token:97, layer:4] 009:ffn-swiglu: 0.000001000 seconds
[token:97, layer:4] 010:ffn-down-projection: 0.000139000 seconds
[token:97, layer:4] 102:layer-compute-total: 0.000504000 seconds
[token:97, layer:5] 002:attention-norm: 0.000000000 seconds
[token:97, layer:5] 003:qkv-projection: 0.000109000 seconds
[token:97, layer:5] 004:apply-rope: 0.000001000 seconds
[token:97, layer:5] 005:compute-attention: 0.000017000 seconds
[token:97, layer:5] 006:attention-output: 0.000036000 seconds
[token:97, layer:5] 007:ffn-norm: 0.000000000 seconds
[token:97, layer:5] 008:ffn-up-projection: 0.000195000 seconds
[token:97, layer:5] 009:ffn-swiglu: 0.000001000 seconds
[token:97, layer:5] 010:ffn-down-projection: 0.000140000 seconds
[token:97, layer:5] 102:layer-compute-total: 0.000499000 seconds
[token:97] 011:final-projection: 0.004062000 seconds
[token:97] 103:forward-compute-total: 0.007082000 seconds
[token:98] 001:embedding-lookup: 0.000000000 seconds
[token:98, layer:0] 002:attention-norm: 0.000000000 seconds
[token:98, layer:0] 003:qkv-projection: 0.000110000 seconds
[token:98, layer:0] 004:apply-rope: 0.000002000 seconds
[token:98, layer:0] 005:compute-attention: 0.000016000 seconds
[token:98, layer:0] 006:attention-output: 0.000037000 seconds
[token:98, layer:0] 007:ffn-norm: 0.000000000 seconds
[token:98, layer:0] 008:ffn-up-projection: 0.000194000 seconds
[token:98, layer:0] 009:ffn-swiglu: 0.000001000 seconds
[token:98, layer:0] 010:ffn-down-projection: 0.000141000 seconds
[token:98, layer:0] 102:layer-compute-total: 0.000501000 seconds
[token:98, layer:1] 002:attention-norm: 0.000000000 seconds
[token:98, layer:1] 003:qkv-projection: 0.000127000 seconds
[token:98, layer:1] 004:apply-rope: 0.000001000 seconds
[token:98, layer:1] 005:compute-attention: 0.000018000 seconds
[token:98, layer:1] 006:attention-output: 0.000049000 seconds
[token:98, layer:1] 007:ffn-norm: 0.000000000 seconds
[token:98, layer:1] 008:ffn-up-projection: 0.000292000 seconds
[token:98, layer:1] 009:ffn-swiglu: 0.000001000 seconds
[token:98, layer:1] 010:ffn-down-projection: 0.000248000 seconds
[token:98, layer:1] 102:layer-compute-total: 0.000736000 seconds
[token:98, layer:2] 002:attention-norm: 0.000000000 seconds
[token:98, layer:2] 003:qkv-projection: 0.000110000 seconds
[token:98, layer:2] 004:apply-rope: 0.000001000 seconds
[token:98, layer:2] 005:compute-attention: 0.000021000 seconds
[token:98, layer:2] 006:attention-output: 0.000037000 seconds
[token:98, layer:2] 007:ffn-norm: 0.000000000 seconds
[token:98, layer:2] 008:ffn-up-projection: 0.000289000 seconds
[token:98, layer:2] 009:ffn-swiglu: 0.000001000 seconds
[token:98, layer:2] 010:ffn-down-projection: 0.000139000 seconds
[token:98, layer:2] 102:layer-compute-total: 0.000598000 seconds
[token:98, layer:3] 002:attention-norm: 0.000001000 seconds
[token:98, layer:3] 003:qkv-projection: 0.000122000 seconds
[token:98, layer:3] 004:apply-rope: 0.000001000 seconds
[token:98, layer:3] 005:compute-attention: 0.000040000 seconds
[token:98, layer:3] 006:attention-output: 0.000036000 seconds
[token:98, layer:3] 007:ffn-norm: 0.000000000 seconds
[token:98, layer:3] 008:ffn-up-projection: 0.000227000 seconds
[token:98, layer:3] 009:ffn-swiglu: 0.000001000 seconds
[token:98, layer:3] 010:ffn-down-projection: 0.000201000 seconds
[token:98, layer:3] 102:layer-compute-total: 0.000629000 seconds
[token:98, layer:4] 002:attention-norm: 0.000000000 seconds
[token:98, layer:4] 003:qkv-projection: 0.000115000 seconds
[token:98, layer:4] 004:apply-rope: 0.000001000 seconds
[token:98, layer:4] 005:compute-attention: 0.000024000 seconds
[token:98, layer:4] 006:attention-output: 0.000037000 seconds
[token:98, layer:4] 007:ffn-norm: 0.000000000 seconds
[token:98, layer:4] 008:ffn-up-projection: 0.000208000 seconds
[token:98, layer:4] 009:ffn-swiglu: 0.000001000 seconds
[token:98, layer:4] 010:ffn-down-projection: 0.000140000 seconds
[token:98, layer:4] 102:layer-compute-total: 0.000526000 seconds
[token:98, layer:5] 002:attention-norm: 0.000001000 seconds
[token:98, layer:5] 003:qkv-projection: 0.000110000 seconds
[token:98, layer:5] 004:apply-rope: 0.000001000 seconds
[token:98, layer:5] 005:compute-attention: 0.000024000 seconds
[token:98, layer:5] 006:attention-output: 0.000037000 seconds
[token:98, layer:5] 007:ffn-norm: 0.000000000 seconds
[token:98, layer:5] 008:ffn-up-projection: 0.000194000 seconds
[token:98, layer:5] 009:ffn-swiglu: 0.000001000 seconds
[token:98, layer:5] 010:ffn-down-projection: 0.000140000 seconds
[token:98, layer:5] 102:layer-compute-total: 0.000508000 seconds
[token:98] 011:final-projection: 0.004084000 seconds
[token:98] 103:forward-compute-total: 0.007582000 seconds
[token:99] 001:embedding-lookup: 0.000001000 seconds
[token:99, layer:0] 002:attention-norm: 0.000000000 seconds
[token:99, layer:0] 003:qkv-projection: 0.000114000 seconds
[token:99, layer:0] 004:apply-rope: 0.000001000 seconds
[token:99, layer:0] 005:compute-attention: 0.000021000 seconds
[token:99, layer:0] 006:attention-output: 0.000037000 seconds
[token:99, layer:0] 007:ffn-norm: 0.000000000 seconds
[token:99, layer:0] 008:ffn-up-projection: 0.000195000 seconds
[token:99, layer:0] 009:ffn-swiglu: 0.000001000 seconds
[token:99, layer:0] 010:ffn-down-projection: 0.000139000 seconds
[token:99, layer:0] 102:layer-compute-total: 0.000508000 seconds
[token:99, layer:1] 002:attention-norm: 0.000001000 seconds
[token:99, layer:1] 003:qkv-projection: 0.000112000 seconds
[token:99, layer:1] 004:apply-rope: 0.000002000 seconds
[token:99, layer:1] 005:compute-attention: 0.000026000 seconds
[token:99, layer:1] 006:attention-output: 0.000036000 seconds
[token:99, layer:1] 007:ffn-norm: 0.000001000 seconds
[token:99, layer:1] 008:ffn-up-projection: 0.000194000 seconds
[token:99, layer:1] 009:ffn-swiglu: 0.000001000 seconds
[token:99, layer:1] 010:ffn-down-projection: 0.000140000 seconds
[token:99, layer:1] 102:layer-compute-total: 0.000513000 seconds
[token:99, layer:2] 002:attention-norm: 0.000001000 seconds
[token:99, layer:2] 003:qkv-projection: 0.000113000 seconds
[token:99, layer:2] 004:apply-rope: 0.000001000 seconds
[token:99, layer:2] 005:compute-attention: 0.000026000 seconds
[token:99, layer:2] 006:attention-output: 0.000037000 seconds
[token:99, layer:2] 007:ffn-norm: 0.000000000 seconds
[token:99, layer:2] 008:ffn-up-projection: 0.000195000 seconds
[token:99, layer:2] 009:ffn-swiglu: 0.000002000 seconds
[token:99, layer:2] 010:ffn-down-projection: 0.000139000 seconds
[token:99, layer:2] 102:layer-compute-total: 0.000514000 seconds
[token:99, layer:3] 002:attention-norm: 0.000000000 seconds
[token:99, layer:3] 003:qkv-projection: 0.000111000 seconds
[token:99, layer:3] 004:apply-rope: 0.000001000 seconds
[token:99, layer:3] 005:compute-attention: 0.000024000 seconds
[token:99, layer:3] 006:attention-output: 0.000037000 seconds
[token:99, layer:3] 007:ffn-norm: 0.000001000 seconds
[token:99, layer:3] 008:ffn-up-projection: 0.000194000 seconds
[token:99, layer:3] 009:ffn-swiglu: 0.000001000 seconds
[token:99, layer:3] 010:ffn-down-projection: 0.000139000 seconds
[token:99, layer:3] 102:layer-compute-total: 0.000508000 seconds
[token:99, layer:4] 002:attention-norm: 0.000000000 seconds
[token:99, layer:4] 003:qkv-projection: 0.000113000 seconds
[token:99, layer:4] 004:apply-rope: 0.000001000 seconds
[token:99, layer:4] 005:compute-attention: 0.000024000 seconds
[token:99, layer:4] 006:attention-output: 0.000037000 seconds
[token:99, layer:4] 007:ffn-norm: 0.000000000 seconds
[token:99, layer:4] 008:ffn-up-projection: 0.000196000 seconds
[token:99, layer:4] 009:ffn-swiglu: 0.000001000 seconds
[token:99, layer:4] 010:ffn-down-projection: 0.000139000 seconds
[token:99, layer:4] 102:layer-compute-total: 0.000511000 seconds
[token:99, layer:5] 002:attention-norm: 0.000000000 seconds
[token:99, layer:5] 003:qkv-projection: 0.000158000 seconds
[token:99, layer:5] 004:apply-rope: 0.000002000 seconds
[token:99, layer:5] 005:compute-attention: 0.000027000 seconds
[token:99, layer:5] 006:attention-output: 0.000037000 seconds
[token:99, layer:5] 007:ffn-norm: 0.000000000 seconds
[token:99, layer:5] 008:ffn-up-projection: 0.000195000 seconds
[token:99, layer:5] 009:ffn-swiglu: 0.000001000 seconds
[token:99, layer:5] 010:ffn-down-projection: 0.000140000 seconds
[token:99, layer:5] 102:layer-compute-total: 0.000560000 seconds
[token:99] 011:final-projection: 0.004072000 seconds
[token:99] 103:forward-compute-total: 0.007187000 seconds
[token:100] 001:embedding-lookup: 0.000000000 seconds
[token:100, layer:0] 002:attention-norm: 0.000001000 seconds
[token:100, layer:0] 003:qkv-projection: 0.000111000 seconds
[token:100, layer:0] 004:apply-rope: 0.000001000 seconds
[token:100, layer:0] 005:compute-attention: 0.000021000 seconds
[token:100, layer:0] 006:attention-output: 0.000037000 seconds
[token:100, layer:0] 007:ffn-norm: 0.000001000 seconds
[token:100, layer:0] 008:ffn-up-projection: 0.000194000 seconds
[token:100, layer:0] 009:ffn-swiglu: 0.000002000 seconds
[token:100, layer:0] 010:ffn-down-projection: 0.000139000 seconds
[token:100, layer:0] 102:layer-compute-total: 0.000507000 seconds
[token:100, layer:1] 002:attention-norm: 0.000000000 seconds
[token:100, layer:1] 003:qkv-projection: 0.000110000 seconds
[token:100, layer:1] 004:apply-rope: 0.000002000 seconds
[token:100, layer:1] 005:compute-attention: 0.000020000 seconds
[token:100, layer:1] 006:attention-output: 0.000036000 seconds
[token:100, layer:1] 007:ffn-norm: 0.000000000 seconds
[token:100, layer:1] 008:ffn-up-projection: 0.000194000 seconds
[token:100, layer:1] 009:ffn-swiglu: 0.000001000 seconds
[token:100, layer:1] 010:ffn-down-projection: 0.000144000 seconds
[token:100, layer:1] 102:layer-compute-total: 0.000507000 seconds
[token:100, layer:2] 002:attention-norm: 0.000001000 seconds
[token:100, layer:2] 003:qkv-projection: 0.000131000 seconds
[token:100, layer:2] 004:apply-rope: 0.000002000 seconds
[token:100, layer:2] 005:compute-attention: 0.000022000 seconds
[token:100, layer:2] 006:attention-output: 0.000037000 seconds
[token:100, layer:2] 007:ffn-norm: 0.000000000 seconds
[token:100, layer:2] 008:ffn-up-projection: 0.000197000 seconds
[token:100, layer:2] 009:ffn-swiglu: 0.000002000 seconds
[token:100, layer:2] 010:ffn-down-projection: 0.000145000 seconds
[token:100, layer:2] 102:layer-compute-total: 0.000537000 seconds
[token:100, layer:3] 002:attention-norm: 0.000001000 seconds
[token:100, layer:3] 003:qkv-projection: 0.000137000 seconds
[token:100, layer:3] 004:apply-rope: 0.000001000 seconds
[token:100, layer:3] 005:compute-attention: 0.000021000 seconds
[token:100, layer:3] 006:attention-output: 0.000037000 seconds
[token:100, layer:3] 007:ffn-norm: 0.000000000 seconds
[token:100, layer:3] 008:ffn-up-projection: 0.000247000 seconds
[token:100, layer:3] 009:ffn-swiglu: 0.000001000 seconds
[token:100, layer:3] 010:ffn-down-projection: 0.000174000 seconds
[token:100, layer:3] 102:layer-compute-total: 0.000619000 seconds
[token:100, layer:4] 002:attention-norm: 0.000000000 seconds
[token:100, layer:4] 003:qkv-projection: 0.000170000 seconds
[token:100, layer:4] 004:apply-rope: 0.000001000 seconds
[token:100, layer:4] 005:compute-attention: 0.000028000 seconds
[token:100, layer:4] 006:attention-output: 0.000037000 seconds
[token:100, layer:4] 007:ffn-norm: 0.000000000 seconds
[token:100, layer:4] 008:ffn-up-projection: 0.000194000 seconds
[token:100, layer:4] 009:ffn-swiglu: 0.000001000 seconds
[token:100, layer:4] 010:ffn-down-projection: 0.000140000 seconds
[token:100, layer:4] 102:layer-compute-total: 0.000571000 seconds
[token:100, layer:5] 002:attention-norm: 0.000000000 seconds
[token:100, layer:5] 003:qkv-projection: 0.000109000 seconds
[token:100, layer:5] 004:apply-rope: 0.000002000 seconds
[token:100, layer:5] 005:compute-attention: 0.000023000 seconds
[token:100, layer:5] 006:attention-output: 0.000037000 seconds
[token:100, layer:5] 007:ffn-norm: 0.000001000 seconds
[token:100, layer:5] 008:ffn-up-projection: 0.000201000 seconds
[token:100, layer:5] 009:ffn-swiglu: 0.000001000 seconds
[token:100, layer:5] 010:ffn-down-projection: 0.000244000 seconds
[token:100, layer:5] 102:layer-compute-total: 0.000618000 seconds
[token:100] 011:final-projection: 0.004142000 seconds
[token:100] 103:forward-compute-total: 0.007501000 seconds
[token:101] 001:embedding-lookup: 0.000001000 seconds
[token:101, layer:0] 002:attention-norm: 0.000001000 seconds
[token:101, layer:0] 003:qkv-projection: 0.000111000 seconds
[token:101, layer:0] 004:apply-rope: 0.000002000 seconds
[token:101, layer:0] 005:compute-attention: 0.000023000 seconds
[token:101, layer:0] 006:attention-output: 0.000037000 seconds
[token:101, layer:0] 007:ffn-norm: 0.000000000 seconds
[token:101, layer:0] 008:ffn-up-projection: 0.000194000 seconds
[token:101, layer:0] 009:ffn-swiglu: 0.000001000 seconds
[token:101, layer:0] 010:ffn-down-projection: 0.000140000 seconds
[token:101, layer:0] 102:layer-compute-total: 0.000509000 seconds
[token:101, layer:1] 002:attention-norm: 0.000000000 seconds
[token:101, layer:1] 003:qkv-projection: 0.000112000 seconds
[token:101, layer:1] 004:apply-rope: 0.000001000 seconds
[token:101, layer:1] 005:compute-attention: 0.000028000 seconds
[token:101, layer:1] 006:attention-output: 0.000036000 seconds
[token:101, layer:1] 007:ffn-norm: 0.000001000 seconds
[token:101, layer:1] 008:ffn-up-projection: 0.000194000 seconds
[token:101, layer:1] 009:ffn-swiglu: 0.000001000 seconds
[token:101, layer:1] 010:ffn-down-projection: 0.000139000 seconds
[token:101, layer:1] 102:layer-compute-total: 0.000512000 seconds
[token:101, layer:2] 002:attention-norm: 0.000001000 seconds
[token:101, layer:2] 003:qkv-projection: 0.000111000 seconds
[token:101, layer:2] 004:apply-rope: 0.000001000 seconds
[token:101, layer:2] 005:compute-attention: 0.000025000 seconds
[token:101, layer:2] 006:attention-output: 0.000036000 seconds
[token:101, layer:2] 007:ffn-norm: 0.000000000 seconds
[token:101, layer:2] 008:ffn-up-projection: 0.000194000 seconds
[token:101, layer:2] 009:ffn-swiglu: 0.000001000 seconds
[token:101, layer:2] 010:ffn-down-projection: 0.000139000 seconds
[token:101, layer:2] 102:layer-compute-total: 0.000508000 seconds
[token:101, layer:3] 002:attention-norm: 0.000001000 seconds
[token:101, layer:3] 003:qkv-projection: 0.000112000 seconds
[token:101, layer:3] 004:apply-rope: 0.000002000 seconds
[token:101, layer:3] 005:compute-attention: 0.000023000 seconds
[token:101, layer:3] 006:attention-output: 0.000037000 seconds
[token:101, layer:3] 007:ffn-norm: 0.000001000 seconds
[token:101, layer:3] 008:ffn-up-projection: 0.000194000 seconds
[token:101, layer:3] 009:ffn-swiglu: 0.000001000 seconds
[token:101, layer:3] 010:ffn-down-projection: 0.000142000 seconds
[token:101, layer:3] 102:layer-compute-total: 0.000513000 seconds
[token:101, layer:4] 002:attention-norm: 0.000001000 seconds
[token:101, layer:4] 003:qkv-projection: 0.000112000 seconds
[token:101, layer:4] 004:apply-rope: 0.000001000 seconds
[token:101, layer:4] 005:compute-attention: 0.000023000 seconds
[token:101, layer:4] 006:attention-output: 0.000036000 seconds
[token:101, layer:4] 007:ffn-norm: 0.000001000 seconds
[token:101, layer:4] 008:ffn-up-projection: 0.000194000 seconds
[token:101, layer:4] 009:ffn-swiglu: 0.000002000 seconds
[token:101, layer:4] 010:ffn-down-projection: 0.000139000 seconds
[token:101, layer:4] 102:layer-compute-total: 0.000509000 seconds
[token:101, layer:5] 002:attention-norm: 0.000001000 seconds
[token:101, layer:5] 003:qkv-projection: 0.000109000 seconds
[token:101, layer:5] 004:apply-rope: 0.000001000 seconds
[token:101, layer:5] 005:compute-attention: 0.000022000 seconds
[token:101, layer:5] 006:attention-output: 0.000037000 seconds
[token:101, layer:5] 007:ffn-norm: 0.000000000 seconds
[token:101, layer:5] 008:ffn-up-projection: 0.000193000 seconds
[token:101, layer:5] 009:ffn-swiglu: 0.000001000 seconds
[token:101, layer:5] 010:ffn-down-projection: 0.000139000 seconds
[token:101, layer:5] 102:layer-compute-total: 0.000503000 seconds
[token:101] 011:final-projection: 0.004039000 seconds
[token:101] 103:forward-compute-total: 0.007094000 seconds
[token:102] 001:embedding-lookup: 0.000000000 seconds
[token:102, layer:0] 002:attention-norm: 0.000000000 seconds
[token:102, layer:0] 003:qkv-projection: 0.000109000 seconds
[token:102, layer:0] 004:apply-rope: 0.000001000 seconds
[token:102, layer:0] 005:compute-attention: 0.000018000 seconds
[token:102, layer:0] 006:attention-output: 0.000037000 seconds
[token:102, layer:0] 007:ffn-norm: 0.000000000 seconds
[token:102, layer:0] 008:ffn-up-projection: 0.000194000 seconds
[token:102, layer:0] 009:ffn-swiglu: 0.000001000 seconds
[token:102, layer:0] 010:ffn-down-projection: 0.000139000 seconds
[token:102, layer:0] 102:layer-compute-total: 0.000499000 seconds
[token:102, layer:1] 002:attention-norm: 0.000000000 seconds
[token:102, layer:1] 003:qkv-projection: 0.000120000 seconds
[token:102, layer:1] 004:apply-rope: 0.000002000 seconds
[token:102, layer:1] 005:compute-attention: 0.000018000 seconds
[token:102, layer:1] 006:attention-output: 0.000037000 seconds
[token:102, layer:1] 007:ffn-norm: 0.000001000 seconds
[token:102, layer:1] 008:ffn-up-projection: 0.000197000 seconds
[token:102, layer:1] 009:ffn-swiglu: 0.000001000 seconds
[token:102, layer:1] 010:ffn-down-projection: 0.000138000 seconds
[token:102, layer:1] 102:layer-compute-total: 0.000514000 seconds
[token:102, layer:2] 002:attention-norm: 0.000001000 seconds
[token:102, layer:2] 003:qkv-projection: 0.000109000 seconds
[token:102, layer:2] 004:apply-rope: 0.000002000 seconds
[token:102, layer:2] 005:compute-attention: 0.000019000 seconds
[token:102, layer:2] 006:attention-output: 0.000036000 seconds
[token:102, layer:2] 007:ffn-norm: 0.000000000 seconds
[token:102, layer:2] 008:ffn-up-projection: 0.000195000 seconds
[token:102, layer:2] 009:ffn-swiglu: 0.000001000 seconds
[token:102, layer:2] 010:ffn-down-projection: 0.000139000 seconds
[token:102, layer:2] 102:layer-compute-total: 0.000502000 seconds
[token:102, layer:3] 002:attention-norm: 0.000000000 seconds
[token:102, layer:3] 003:qkv-projection: 0.000109000 seconds
[token:102, layer:3] 004:apply-rope: 0.000001000 seconds
[token:102, layer:3] 005:compute-attention: 0.000019000 seconds
[token:102, layer:3] 006:attention-output: 0.000037000 seconds
[token:102, layer:3] 007:ffn-norm: 0.000001000 seconds
[token:102, layer:3] 008:ffn-up-projection: 0.000198000 seconds
[token:102, layer:3] 009:ffn-swiglu: 0.000001000 seconds
[token:102, layer:3] 010:ffn-down-projection: 0.000171000 seconds
[token:102, layer:3] 102:layer-compute-total: 0.000537000 seconds
[token:102, layer:4] 002:attention-norm: 0.000001000 seconds
[token:102, layer:4] 003:qkv-projection: 0.000155000 seconds
[token:102, layer:4] 004:apply-rope: 0.000002000 seconds
[token:102, layer:4] 005:compute-attention: 0.000024000 seconds
[token:102, layer:4] 006:attention-output: 0.000127000 seconds
[token:102, layer:4] 007:ffn-norm: 0.000000000 seconds
[token:102, layer:4] 008:ffn-up-projection: 0.000255000 seconds
[token:102, layer:4] 009:ffn-swiglu: 0.000001000 seconds
[token:102, layer:4] 010:ffn-down-projection: 0.000139000 seconds
[token:102, layer:4] 102:layer-compute-total: 0.000704000 seconds
[token:102, layer:5] 002:attention-norm: 0.000000000 seconds
[token:102, layer:5] 003:qkv-projection: 0.000119000 seconds
[token:102, layer:5] 004:apply-rope: 0.000001000 seconds
[token:102, layer:5] 005:compute-attention: 0.000025000 seconds
[token:102, layer:5] 006:attention-output: 0.000036000 seconds
[token:102, layer:5] 007:ffn-norm: 0.000000000 seconds
[token:102, layer:5] 008:ffn-up-projection: 0.000200000 seconds
[token:102, layer:5] 009:ffn-swiglu: 0.000001000 seconds
[token:102, layer:5] 010:ffn-down-projection: 0.000139000 seconds
[token:102, layer:5] 102:layer-compute-total: 0.000521000 seconds
[token:102] 011:final-projection: 0.004081000 seconds
[token:102] 103:forward-compute-total: 0.007358000 seconds
[token:103] 001:embedding-lookup: 0.000001000 seconds
[token:103, layer:0] 002:attention-norm: 0.000001000 seconds
[token:103, layer:0] 003:qkv-projection: 0.000113000 seconds
[token:103, layer:0] 004:apply-rope: 0.000002000 seconds
[token:103, layer:0] 005:compute-attention: 0.000024000 seconds
[token:103, layer:0] 006:attention-output: 0.000037000 seconds
[token:103, layer:0] 007:ffn-norm: 0.000001000 seconds
[token:103, layer:0] 008:ffn-up-projection: 0.000195000 seconds
[token:103, layer:0] 009:ffn-swiglu: 0.000001000 seconds
[token:103, layer:0] 010:ffn-down-projection: 0.000138000 seconds
[token:103, layer:0] 102:layer-compute-total: 0.000512000 seconds
[token:103, layer:1] 002:attention-norm: 0.000001000 seconds
[token:103, layer:1] 003:qkv-projection: 0.000105000 seconds
[token:103, layer:1] 004:apply-rope: 0.000002000 seconds
[token:103, layer:1] 005:compute-attention: 0.000023000 seconds
[token:103, layer:1] 006:attention-output: 0.000035000 seconds
[token:103, layer:1] 007:ffn-norm: 0.000000000 seconds
[token:103, layer:1] 008:ffn-up-projection: 0.000187000 seconds
[token:103, layer:1] 009:ffn-swiglu: 0.000001000 seconds
[token:103, layer:1] 010:ffn-down-projection: 0.000134000 seconds
[token:103, layer:1] 102:layer-compute-total: 0.000488000 seconds
[token:103, layer:2] 002:attention-norm: 0.000000000 seconds
[token:103, layer:2] 003:qkv-projection: 0.000110000 seconds
[token:103, layer:2] 004:apply-rope: 0.000002000 seconds
[token:103, layer:2] 005:compute-attention: 0.000024000 seconds
[token:103, layer:2] 006:attention-output: 0.000036000 seconds
[token:103, layer:2] 007:ffn-norm: 0.000000000 seconds
[token:103, layer:2] 008:ffn-up-projection: 0.000190000 seconds
[token:103, layer:2] 009:ffn-swiglu: 0.000001000 seconds
[token:103, layer:2] 010:ffn-down-projection: 0.000136000 seconds
[token:103, layer:2] 102:layer-compute-total: 0.000499000 seconds
[token:103, layer:3] 002:attention-norm: 0.000001000 seconds
[token:103, layer:3] 003:qkv-projection: 0.000111000 seconds
[token:103, layer:3] 004:apply-rope: 0.000001000 seconds
[token:103, layer:3] 005:compute-attention: 0.000023000 seconds
[token:103, layer:3] 006:attention-output: 0.000037000 seconds
[token:103, layer:3] 007:ffn-norm: 0.000000000 seconds
[token:103, layer:3] 008:ffn-up-projection: 0.000195000 seconds
[token:103, layer:3] 009:ffn-swiglu: 0.000001000 seconds
[token:103, layer:3] 010:ffn-down-projection: 0.000139000 seconds
[token:103, layer:3] 102:layer-compute-total: 0.000508000 seconds
[token:103, layer:4] 002:attention-norm: 0.000001000 seconds
[token:103, layer:4] 003:qkv-projection: 0.000107000 seconds
[token:103, layer:4] 004:apply-rope: 0.000001000 seconds
[token:103, layer:4] 005:compute-attention: 0.000024000 seconds
[token:103, layer:4] 006:attention-output: 0.000036000 seconds
[token:103, layer:4] 007:ffn-norm: 0.000001000 seconds
[token:103, layer:4] 008:ffn-up-projection: 0.000189000 seconds
[token:103, layer:4] 009:ffn-swiglu: 0.000001000 seconds
[token:103, layer:4] 010:ffn-down-projection: 0.000134000 seconds
[token:103, layer:4] 102:layer-compute-total: 0.000494000 seconds
[token:103, layer:5] 002:attention-norm: 0.000000000 seconds
[token:103, layer:5] 003:qkv-projection: 0.000105000 seconds
[token:103, layer:5] 004:apply-rope: 0.000001000 seconds
[token:103, layer:5] 005:compute-attention: 0.000023000 seconds
[token:103, layer:5] 006:attention-output: 0.000035000 seconds
[token:103, layer:5] 007:ffn-norm: 0.000000000 seconds
[token:103, layer:5] 008:ffn-up-projection: 0.000187000 seconds
[token:103, layer:5] 009:ffn-swiglu: 0.000001000 seconds
[token:103, layer:5] 010:ffn-down-projection: 0.000134000 seconds
[token:103, layer:5] 102:layer-compute-total: 0.000486000 seconds
[token:103] 011:final-projection: 0.003992000 seconds
[token:103] 103:forward-compute-total: 0.006980000 seconds
[token:104] 001:embedding-lookup: 0.000000000 seconds
[token:104, layer:0] 002:attention-norm: 0.000000000 seconds
[token:104, layer:0] 003:qkv-projection: 0.000109000 seconds
[token:104, layer:0] 004:apply-rope: 0.000001000 seconds
[token:104, layer:0] 005:compute-attention: 0.000018000 seconds
[token:104, layer:0] 006:attention-output: 0.000037000 seconds
[token:104, layer:0] 007:ffn-norm: 0.000000000 seconds
[token:104, layer:0] 008:ffn-up-projection: 0.000194000 seconds
[token:104, layer:0] 009:ffn-swiglu: 0.000001000 seconds
[token:104, layer:0] 010:ffn-down-projection: 0.000138000 seconds
[token:104, layer:0] 102:layer-compute-total: 0.000498000 seconds
[token:104, layer:1] 002:attention-norm: 0.000000000 seconds
[token:104, layer:1] 003:qkv-projection: 0.000105000 seconds
[token:104, layer:1] 004:apply-rope: 0.000001000 seconds
[token:104, layer:1] 005:compute-attention: 0.000017000 seconds
[token:104, layer:1] 006:attention-output: 0.000035000 seconds
[token:104, layer:1] 007:ffn-norm: 0.000000000 seconds
[token:104, layer:1] 008:ffn-up-projection: 0.000186000 seconds
[token:104, layer:1] 009:ffn-swiglu: 0.000001000 seconds
[token:104, layer:1] 010:ffn-down-projection: 0.000134000 seconds
[token:104, layer:1] 102:layer-compute-total: 0.000479000 seconds
[token:104, layer:2] 002:attention-norm: 0.000000000 seconds
[token:104, layer:2] 003:qkv-projection: 0.000105000 seconds
[token:104, layer:2] 004:apply-rope: 0.000001000 seconds
[token:104, layer:2] 005:compute-attention: 0.000017000 seconds
[token:104, layer:2] 006:attention-output: 0.000035000 seconds
[token:104, layer:2] 007:ffn-norm: 0.000001000 seconds
[token:104, layer:2] 008:ffn-up-projection: 0.000187000 seconds
[token:104, layer:2] 009:ffn-swiglu: 0.000001000 seconds
[token:104, layer:2] 010:ffn-down-projection: 0.000135000 seconds
[token:104, layer:2] 102:layer-compute-total: 0.000482000 seconds
[token:104, layer:3] 002:attention-norm: 0.000001000 seconds
[token:104, layer:3] 003:qkv-projection: 0.000111000 seconds
[token:104, layer:3] 004:apply-rope: 0.000001000 seconds
[token:104, layer:3] 005:compute-attention: 0.000018000 seconds
[token:104, layer:3] 006:attention-output: 0.000036000 seconds
[token:104, layer:3] 007:ffn-norm: 0.000001000 seconds
[token:104, layer:3] 008:ffn-up-projection: 0.000194000 seconds
[token:104, layer:3] 009:ffn-swiglu: 0.000001000 seconds
[token:104, layer:3] 010:ffn-down-projection: 0.000139000 seconds
[token:104, layer:3] 102:layer-compute-total: 0.000502000 seconds
[token:104, layer:4] 002:attention-norm: 0.000000000 seconds
[token:104, layer:4] 003:qkv-projection: 0.000109000 seconds
[token:104, layer:4] 004:apply-rope: 0.000001000 seconds
[token:104, layer:4] 005:compute-attention: 0.000019000 seconds
[token:104, layer:4] 006:attention-output: 0.000037000 seconds
[token:104, layer:4] 007:ffn-norm: 0.000000000 seconds
[token:104, layer:4] 008:ffn-up-projection: 0.000194000 seconds
[token:104, layer:4] 009:ffn-swiglu: 0.000001000 seconds
[token:104, layer:4] 010:ffn-down-projection: 0.000140000 seconds
[token:104, layer:4] 102:layer-compute-total: 0.000501000 seconds
[token:104, layer:5] 002:attention-norm: 0.000000000 seconds
[token:104, layer:5] 003:qkv-projection: 0.000109000 seconds
[token:104, layer:5] 004:apply-rope: 0.000001000 seconds
[token:104, layer:5] 005:compute-attention: 0.000019000 seconds
[token:104, layer:5] 006:attention-output: 0.000037000 seconds
[token:104, layer:5] 007:ffn-norm: 0.000000000 seconds
[token:104, layer:5] 008:ffn-up-projection: 0.000194000 seconds
[token:104, layer:5] 009:ffn-swiglu: 0.000002000 seconds
[token:104, layer:5] 010:ffn-down-projection: 0.000138000 seconds
[token:104, layer:5] 102:layer-compute-total: 0.000500000 seconds
[token:104] 011:final-projection: 0.005080000 seconds
[token:104] 103:forward-compute-total: 0.008042000 seconds
[token:105] 001:embedding-lookup: 0.000000000 seconds
[token:105, layer:0] 002:attention-norm: 0.000000000 seconds
[token:105, layer:0] 003:qkv-projection: 0.000110000 seconds
[token:105, layer:0] 004:apply-rope: 0.000002000 seconds
[token:105, layer:0] 005:compute-attention: 0.000024000 seconds
[token:105, layer:0] 006:attention-output: 0.000037000 seconds
[token:105, layer:0] 007:ffn-norm: 0.000001000 seconds
[token:105, layer:0] 008:ffn-up-projection: 0.000194000 seconds
[token:105, layer:0] 009:ffn-swiglu: 0.000001000 seconds
[token:105, layer:0] 010:ffn-down-projection: 0.000140000 seconds
[token:105, layer:0] 102:layer-compute-total: 0.000509000 seconds
[token:105, layer:1] 002:attention-norm: 0.000000000 seconds
[token:105, layer:1] 003:qkv-projection: 0.000110000 seconds
[token:105, layer:1] 004:apply-rope: 0.000001000 seconds
[token:105, layer:1] 005:compute-attention: 0.000023000 seconds
[token:105, layer:1] 006:attention-output: 0.000036000 seconds
[token:105, layer:1] 007:ffn-norm: 0.000001000 seconds
[token:105, layer:1] 008:ffn-up-projection: 0.000194000 seconds
[token:105, layer:1] 009:ffn-swiglu: 0.000001000 seconds
[token:105, layer:1] 010:ffn-down-projection: 0.000139000 seconds
[token:105, layer:1] 102:layer-compute-total: 0.000505000 seconds
[token:105, layer:2] 002:attention-norm: 0.000001000 seconds
[token:105, layer:2] 003:qkv-projection: 0.000110000 seconds
[token:105, layer:2] 004:apply-rope: 0.000001000 seconds
[token:105, layer:2] 005:compute-attention: 0.000023000 seconds
[token:105, layer:2] 006:attention-output: 0.000037000 seconds
[token:105, layer:2] 007:ffn-norm: 0.000001000 seconds
[token:105, layer:2] 008:ffn-up-projection: 0.000195000 seconds
[token:105, layer:2] 009:ffn-swiglu: 0.000001000 seconds
[token:105, layer:2] 010:ffn-down-projection: 0.000139000 seconds
[token:105, layer:2] 102:layer-compute-total: 0.000508000 seconds
[token:105, layer:3] 002:attention-norm: 0.000001000 seconds
[token:105, layer:3] 003:qkv-projection: 0.000109000 seconds
[token:105, layer:3] 004:apply-rope: 0.000002000 seconds
[token:105, layer:3] 005:compute-attention: 0.000023000 seconds
[token:105, layer:3] 006:attention-output: 0.000036000 seconds
[token:105, layer:3] 007:ffn-norm: 0.000001000 seconds
[token:105, layer:3] 008:ffn-up-projection: 0.000195000 seconds
[token:105, layer:3] 009:ffn-swiglu: 0.000001000 seconds
[token:105, layer:3] 010:ffn-down-projection: 0.000139000 seconds
[token:105, layer:3] 102:layer-compute-total: 0.000507000 seconds
[token:105, layer:4] 002:attention-norm: 0.000001000 seconds
[token:105, layer:4] 003:qkv-projection: 0.000109000 seconds
[token:105, layer:4] 004:apply-rope: 0.000001000 seconds
[token:105, layer:4] 005:compute-attention: 0.000024000 seconds
[token:105, layer:4] 006:attention-output: 0.000037000 seconds
[token:105, layer:4] 007:ffn-norm: 0.000001000 seconds
[token:105, layer:4] 008:ffn-up-projection: 0.000194000 seconds
[token:105, layer:4] 009:ffn-swiglu: 0.000001000 seconds
[token:105, layer:4] 010:ffn-down-projection: 0.000140000 seconds
[token:105, layer:4] 102:layer-compute-total: 0.000508000 seconds
[token:105, layer:5] 002:attention-norm: 0.000000000 seconds
[token:105, layer:5] 003:qkv-projection: 0.000109000 seconds
[token:105, layer:5] 004:apply-rope: 0.000001000 seconds
[token:105, layer:5] 005:compute-attention: 0.000024000 seconds
[token:105, layer:5] 006:attention-output: 0.000036000 seconds
[token:105, layer:5] 007:ffn-norm: 0.000000000 seconds
[token:105, layer:5] 008:ffn-up-projection: 0.000195000 seconds
[token:105, layer:5] 009:ffn-swiglu: 0.000002000 seconds
[token:105, layer:5] 010:ffn-down-projection: 0.000139000 seconds
[token:105, layer:5] 102:layer-compute-total: 0.000506000 seconds
[token:105] 011:final-projection: 0.004070000 seconds
[token:105] 103:forward-compute-total: 0.007113000 seconds
[token:106] 001:embedding-lookup: 0.000000000 seconds
[token:106, layer:0] 002:attention-norm: 0.000000000 seconds
[token:106, layer:0] 003:qkv-projection: 0.000110000 seconds
[token:106, layer:0] 004:apply-rope: 0.000001000 seconds
[token:106, layer:0] 005:compute-attention: 0.000023000 seconds
[token:106, layer:0] 006:attention-output: 0.000037000 seconds
[token:106, layer:0] 007:ffn-norm: 0.000000000 seconds
[token:106, layer:0] 008:ffn-up-projection: 0.000195000 seconds
[token:106, layer:0] 009:ffn-swiglu: 0.000001000 seconds
[token:106, layer:0] 010:ffn-down-projection: 0.000139000 seconds
[token:106, layer:0] 102:layer-compute-total: 0.000506000 seconds
[token:106, layer:1] 002:attention-norm: 0.000000000 seconds
[token:106, layer:1] 003:qkv-projection: 0.000116000 seconds
[token:106, layer:1] 004:apply-rope: 0.000001000 seconds
[token:106, layer:1] 005:compute-attention: 0.000022000 seconds
[token:106, layer:1] 006:attention-output: 0.000036000 seconds
[token:106, layer:1] 007:ffn-norm: 0.000000000 seconds
[token:106, layer:1] 008:ffn-up-projection: 0.000194000 seconds
[token:106, layer:1] 009:ffn-swiglu: 0.000002000 seconds
[token:106, layer:1] 010:ffn-down-projection: 0.000139000 seconds
[token:106, layer:1] 102:layer-compute-total: 0.000510000 seconds
[token:106, layer:2] 002:attention-norm: 0.000000000 seconds
[token:106, layer:2] 003:qkv-projection: 0.000110000 seconds
[token:106, layer:2] 004:apply-rope: 0.000002000 seconds
[token:106, layer:2] 005:compute-attention: 0.000021000 seconds
[token:106, layer:2] 006:attention-output: 0.000036000 seconds
[token:106, layer:2] 007:ffn-norm: 0.000000000 seconds
[token:106, layer:2] 008:ffn-up-projection: 0.000194000 seconds
[token:106, layer:2] 009:ffn-swiglu: 0.000001000 seconds
[token:106, layer:2] 010:ffn-down-projection: 0.000143000 seconds
[token:106, layer:2] 102:layer-compute-total: 0.000507000 seconds
[token:106, layer:3] 002:attention-norm: 0.000000000 seconds
[token:106, layer:3] 003:qkv-projection: 0.000109000 seconds
[token:106, layer:3] 004:apply-rope: 0.000001000 seconds
[token:106, layer:3] 005:compute-attention: 0.000021000 seconds
[token:106, layer:3] 006:attention-output: 0.000037000 seconds
[token:106, layer:3] 007:ffn-norm: 0.000000000 seconds
[token:106, layer:3] 008:ffn-up-projection: 0.000195000 seconds
[token:106, layer:3] 009:ffn-swiglu: 0.000002000 seconds
[token:106, layer:3] 010:ffn-down-projection: 0.000139000 seconds
[token:106, layer:3] 102:layer-compute-total: 0.000504000 seconds
[token:106, layer:4] 002:attention-norm: 0.000000000 seconds
[token:106, layer:4] 003:qkv-projection: 0.000109000 seconds
[token:106, layer:4] 004:apply-rope: 0.000002000 seconds
[token:106, layer:4] 005:compute-attention: 0.000021000 seconds
[token:106, layer:4] 006:attention-output: 0.000036000 seconds
[token:106, layer:4] 007:ffn-norm: 0.000000000 seconds
[token:106, layer:4] 008:ffn-up-projection: 0.000194000 seconds
[token:106, layer:4] 009:ffn-swiglu: 0.000001000 seconds
[token:106, layer:4] 010:ffn-down-projection: 0.000139000 seconds
[token:106, layer:4] 102:layer-compute-total: 0.000502000 seconds
[token:106, layer:5] 002:attention-norm: 0.000000000 seconds
[token:106, layer:5] 003:qkv-projection: 0.000109000 seconds
[token:106, layer:5] 004:apply-rope: 0.000002000 seconds
[token:106, layer:5] 005:compute-attention: 0.000020000 seconds
[token:106, layer:5] 006:attention-output: 0.000036000 seconds
[token:106, layer:5] 007:ffn-norm: 0.000000000 seconds
[token:106, layer:5] 008:ffn-up-projection: 0.000194000 seconds
[token:106, layer:5] 009:ffn-swiglu: 0.000001000 seconds
[token:106, layer:5] 010:ffn-down-projection: 0.000139000 seconds
[token:106, layer:5] 102:layer-compute-total: 0.000501000 seconds
[token:106] 011:final-projection: 0.004648000 seconds
[token:106] 103:forward-compute-total: 0.007678000 seconds
[token:107] 001:embedding-lookup: 0.000000000 seconds
[token:107, layer:0] 002:attention-norm: 0.000000000 seconds
[token:107, layer:0] 003:qkv-projection: 0.000112000 seconds
[token:107, layer:0] 004:apply-rope: 0.000002000 seconds
[token:107, layer:0] 005:compute-attention: 0.000026000 seconds
[token:107, layer:0] 006:attention-output: 0.000036000 seconds
[token:107, layer:0] 007:ffn-norm: 0.000000000 seconds
[token:107, layer:0] 008:ffn-up-projection: 0.000203000 seconds
[token:107, layer:0] 009:ffn-swiglu: 0.000001000 seconds
[token:107, layer:0] 010:ffn-down-projection: 0.000139000 seconds
[token:107, layer:0] 102:layer-compute-total: 0.000519000 seconds
[token:107, layer:1] 002:attention-norm: 0.000000000 seconds
[token:107, layer:1] 003:qkv-projection: 0.000110000 seconds
[token:107, layer:1] 004:apply-rope: 0.000001000 seconds
[token:107, layer:1] 005:compute-attention: 0.000023000 seconds
[token:107, layer:1] 006:attention-output: 0.000037000 seconds
[token:107, layer:1] 007:ffn-norm: 0.000000000 seconds
[token:107, layer:1] 008:ffn-up-projection: 0.000194000 seconds
[token:107, layer:1] 009:ffn-swiglu: 0.000002000 seconds
[token:107, layer:1] 010:ffn-down-projection: 0.000140000 seconds
[token:107, layer:1] 102:layer-compute-total: 0.000507000 seconds
[token:107, layer:2] 002:attention-norm: 0.000001000 seconds
[token:107, layer:2] 003:qkv-projection: 0.000110000 seconds
[token:107, layer:2] 004:apply-rope: 0.000002000 seconds
[token:107, layer:2] 005:compute-attention: 0.000024000 seconds
[token:107, layer:2] 006:attention-output: 0.000036000 seconds
[token:107, layer:2] 007:ffn-norm: 0.000000000 seconds
[token:107, layer:2] 008:ffn-up-projection: 0.000194000 seconds
[token:107, layer:2] 009:ffn-swiglu: 0.000001000 seconds
[token:107, layer:2] 010:ffn-down-projection: 0.000139000 seconds
[token:107, layer:2] 102:layer-compute-total: 0.000507000 seconds
[token:107, layer:3] 002:attention-norm: 0.000001000 seconds
[token:107, layer:3] 003:qkv-projection: 0.000110000 seconds
[token:107, layer:3] 004:apply-rope: 0.000002000 seconds
[token:107, layer:3] 005:compute-attention: 0.000024000 seconds
[token:107, layer:3] 006:attention-output: 0.000037000 seconds
[token:107, layer:3] 007:ffn-norm: 0.000001000 seconds
[token:107, layer:3] 008:ffn-up-projection: 0.000194000 seconds
[token:107, layer:3] 009:ffn-swiglu: 0.000001000 seconds
[token:107, layer:3] 010:ffn-down-projection: 0.000139000 seconds
[token:107, layer:3] 102:layer-compute-total: 0.000509000 seconds
[token:107, layer:4] 002:attention-norm: 0.000001000 seconds
[token:107, layer:4] 003:qkv-projection: 0.000110000 seconds
[token:107, layer:4] 004:apply-rope: 0.000002000 seconds
[token:107, layer:4] 005:compute-attention: 0.000023000 seconds
[token:107, layer:4] 006:attention-output: 0.000037000 seconds
[token:107, layer:4] 007:ffn-norm: 0.000000000 seconds
[token:107, layer:4] 008:ffn-up-projection: 0.000194000 seconds
[token:107, layer:4] 009:ffn-swiglu: 0.000002000 seconds
[token:107, layer:4] 010:ffn-down-projection: 0.000140000 seconds
[token:107, layer:4] 102:layer-compute-total: 0.000509000 seconds
[token:107, layer:5] 002:attention-norm: 0.000000000 seconds
[token:107, layer:5] 003:qkv-projection: 0.000109000 seconds
[token:107, layer:5] 004:apply-rope: 0.000001000 seconds
[token:107, layer:5] 005:compute-attention: 0.000024000 seconds
[token:107, layer:5] 006:attention-output: 0.000037000 seconds
[token:107, layer:5] 007:ffn-norm: 0.000000000 seconds
[token:107, layer:5] 008:ffn-up-projection: 0.000194000 seconds
[token:107, layer:5] 009:ffn-swiglu: 0.000001000 seconds
[token:107, layer:5] 010:ffn-down-projection: 0.000139000 seconds
[token:107, layer:5] 102:layer-compute-total: 0.000505000 seconds
[token:107] 011:final-projection: 0.004085000 seconds
[token:107] 103:forward-compute-total: 0.007141000 seconds
[token:108] 001:embedding-lookup: 0.000001000 seconds
[token:108, layer:0] 002:attention-norm: 0.000001000 seconds
[token:108, layer:0] 003:qkv-projection: 0.000155000 seconds
[token:108, layer:0] 004:apply-rope: 0.000002000 seconds
[token:108, layer:0] 005:compute-attention: 0.000029000 seconds
[token:108, layer:0] 006:attention-output: 0.000037000 seconds
[token:108, layer:0] 007:ffn-norm: 0.000000000 seconds
[token:108, layer:0] 008:ffn-up-projection: 0.000194000 seconds
[token:108, layer:0] 009:ffn-swiglu: 0.000001000 seconds
[token:108, layer:0] 010:ffn-down-projection: 0.000140000 seconds
[token:108, layer:0] 102:layer-compute-total: 0.000559000 seconds
[token:108, layer:1] 002:attention-norm: 0.000000000 seconds
[token:108, layer:1] 003:qkv-projection: 0.000110000 seconds
[token:108, layer:1] 004:apply-rope: 0.000001000 seconds
[token:108, layer:1] 005:compute-attention: 0.000026000 seconds
[token:108, layer:1] 006:attention-output: 0.000036000 seconds
[token:108, layer:1] 007:ffn-norm: 0.000001000 seconds
[token:108, layer:1] 008:ffn-up-projection: 0.000194000 seconds
[token:108, layer:1] 009:ffn-swiglu: 0.000001000 seconds
[token:108, layer:1] 010:ffn-down-projection: 0.000139000 seconds
[token:108, layer:1] 102:layer-compute-total: 0.000508000 seconds
[token:108, layer:2] 002:attention-norm: 0.000000000 seconds
[token:108, layer:2] 003:qkv-projection: 0.000110000 seconds
[token:108, layer:2] 004:apply-rope: 0.000001000 seconds
[token:108, layer:2] 005:compute-attention: 0.000026000 seconds
[token:108, layer:2] 006:attention-output: 0.000037000 seconds
[token:108, layer:2] 007:ffn-norm: 0.000000000 seconds
[token:108, layer:2] 008:ffn-up-projection: 0.000194000 seconds
[token:108, layer:2] 009:ffn-swiglu: 0.000001000 seconds
[token:108, layer:2] 010:ffn-down-projection: 0.000139000 seconds
[token:108, layer:2] 102:layer-compute-total: 0.000508000 seconds
[token:108, layer:3] 002:attention-norm: 0.000001000 seconds
[token:108, layer:3] 003:qkv-projection: 0.000109000 seconds
[token:108, layer:3] 004:apply-rope: 0.000001000 seconds
[token:108, layer:3] 005:compute-attention: 0.000026000 seconds
[token:108, layer:3] 006:attention-output: 0.000036000 seconds
[token:108, layer:3] 007:ffn-norm: 0.000000000 seconds
[token:108, layer:3] 008:ffn-up-projection: 0.000194000 seconds
[token:108, layer:3] 009:ffn-swiglu: 0.000001000 seconds
[token:108, layer:3] 010:ffn-down-projection: 0.000179000 seconds
[token:108, layer:3] 102:layer-compute-total: 0.000547000 seconds
[token:108, layer:4] 002:attention-norm: 0.000000000 seconds
[token:108, layer:4] 003:qkv-projection: 0.000110000 seconds
[token:108, layer:4] 004:apply-rope: 0.000001000 seconds
[token:108, layer:4] 005:compute-attention: 0.000025000 seconds
[token:108, layer:4] 006:attention-output: 0.000037000 seconds
[token:108, layer:4] 007:ffn-norm: 0.000000000 seconds
[token:108, layer:4] 008:ffn-up-projection: 0.000195000 seconds
[token:108, layer:4] 009:ffn-swiglu: 0.000001000 seconds
[token:108, layer:4] 010:ffn-down-projection: 0.000139000 seconds
[token:108, layer:4] 102:layer-compute-total: 0.000508000 seconds
[token:108, layer:5] 002:attention-norm: 0.000000000 seconds
[token:108, layer:5] 003:qkv-projection: 0.000110000 seconds
[token:108, layer:5] 004:apply-rope: 0.000001000 seconds
[token:108, layer:5] 005:compute-attention: 0.000025000 seconds
[token:108, layer:5] 006:attention-output: 0.000036000 seconds
[token:108, layer:5] 007:ffn-norm: 0.000001000 seconds
[token:108, layer:5] 008:ffn-up-projection: 0.000194000 seconds
[token:108, layer:5] 009:ffn-swiglu: 0.000001000 seconds
[token:108, layer:5] 010:ffn-down-projection: 0.000140000 seconds
[token:108, layer:5] 102:layer-compute-total: 0.000508000 seconds
[token:108] 011:final-projection: 0.004855000 seconds
[token:108] 103:forward-compute-total: 0.007994000 seconds
[token:109] 001:embedding-lookup: 0.000000000 seconds
[token:109, layer:0] 002:attention-norm: 0.000001000 seconds
[token:109, layer:0] 003:qkv-projection: 0.000111000 seconds
[token:109, layer:0] 004:apply-rope: 0.000002000 seconds
[token:109, layer:0] 005:compute-attention: 0.000030000 seconds
[token:109, layer:0] 006:attention-output: 0.000037000 seconds
[token:109, layer:0] 007:ffn-norm: 0.000000000 seconds
[token:109, layer:0] 008:ffn-up-projection: 0.000194000 seconds
[token:109, layer:0] 009:ffn-swiglu: 0.000001000 seconds
[token:109, layer:0] 010:ffn-down-projection: 0.000140000 seconds
[token:109, layer:0] 102:layer-compute-total: 0.000516000 seconds
[token:109, layer:1] 002:attention-norm: 0.000000000 seconds
[token:109, layer:1] 003:qkv-projection: 0.000110000 seconds
[token:109, layer:1] 004:apply-rope: 0.000002000 seconds
[token:109, layer:1] 005:compute-attention: 0.000025000 seconds
[token:109, layer:1] 006:attention-output: 0.000036000 seconds
[token:109, layer:1] 007:ffn-norm: 0.000001000 seconds
[token:109, layer:1] 008:ffn-up-projection: 0.000194000 seconds
[token:109, layer:1] 009:ffn-swiglu: 0.000001000 seconds
[token:109, layer:1] 010:ffn-down-projection: 0.000139000 seconds
[token:109, layer:1] 102:layer-compute-total: 0.000508000 seconds
[token:109, layer:2] 002:attention-norm: 0.000000000 seconds
[token:109, layer:2] 003:qkv-projection: 0.000110000 seconds
[token:109, layer:2] 004:apply-rope: 0.000002000 seconds
[token:109, layer:2] 005:compute-attention: 0.000028000 seconds
[token:109, layer:2] 006:attention-output: 0.000037000 seconds
[token:109, layer:2] 007:ffn-norm: 0.000001000 seconds
[token:109, layer:2] 008:ffn-up-projection: 0.000197000 seconds
[token:109, layer:2] 009:ffn-swiglu: 0.000002000 seconds
[token:109, layer:2] 010:ffn-down-projection: 0.000140000 seconds
[token:109, layer:2] 102:layer-compute-total: 0.000517000 seconds
[token:109, layer:3] 002:attention-norm: 0.000000000 seconds
[token:109, layer:3] 003:qkv-projection: 0.000110000 seconds
[token:109, layer:3] 004:apply-rope: 0.000001000 seconds
[token:109, layer:3] 005:compute-attention: 0.000025000 seconds
[token:109, layer:3] 006:attention-output: 0.000037000 seconds
[token:109, layer:3] 007:ffn-norm: 0.000000000 seconds
[token:109, layer:3] 008:ffn-up-projection: 0.000194000 seconds
[token:109, layer:3] 009:ffn-swiglu: 0.000002000 seconds
[token:109, layer:3] 010:ffn-down-projection: 0.000139000 seconds
[token:109, layer:3] 102:layer-compute-total: 0.000508000 seconds
[token:109, layer:4] 002:attention-norm: 0.000000000 seconds
[token:109, layer:4] 003:qkv-projection: 0.000111000 seconds
[token:109, layer:4] 004:apply-rope: 0.000002000 seconds
[token:109, layer:4] 005:compute-attention: 0.000027000 seconds
[token:109, layer:4] 006:attention-output: 0.000037000 seconds
[token:109, layer:4] 007:ffn-norm: 0.000001000 seconds
[token:109, layer:4] 008:ffn-up-projection: 0.000195000 seconds
[token:109, layer:4] 009:ffn-swiglu: 0.000001000 seconds
[token:109, layer:4] 010:ffn-down-projection: 0.000140000 seconds
[token:109, layer:4] 102:layer-compute-total: 0.000514000 seconds
[token:109, layer:5] 002:attention-norm: 0.000001000 seconds
[token:109, layer:5] 003:qkv-projection: 0.000112000 seconds
[token:109, layer:5] 004:apply-rope: 0.000002000 seconds
[token:109, layer:5] 005:compute-attention: 0.000027000 seconds
[token:109, layer:5] 006:attention-output: 0.000036000 seconds
[token:109, layer:5] 007:ffn-norm: 0.000000000 seconds
[token:109, layer:5] 008:ffn-up-projection: 0.000195000 seconds
[token:109, layer:5] 009:ffn-swiglu: 0.000001000 seconds
[token:109, layer:5] 010:ffn-down-projection: 0.000140000 seconds
[token:109, layer:5] 102:layer-compute-total: 0.000514000 seconds
[token:109] 011:final-projection: 0.004087000 seconds
[token:109] 103:forward-compute-total: 0.007164000 seconds
[token:110] 001:embedding-lookup: 0.000000000 seconds
[token:110, layer:0] 002:attention-norm: 0.000001000 seconds
[token:110, layer:0] 003:qkv-projection: 0.000111000 seconds
[token:110, layer:0] 004:apply-rope: 0.000002000 seconds
[token:110, layer:0] 005:compute-attention: 0.000025000 seconds
[token:110, layer:0] 006:attention-output: 0.000037000 seconds
[token:110, layer:0] 007:ffn-norm: 0.000000000 seconds
[token:110, layer:0] 008:ffn-up-projection: 0.000194000 seconds
[token:110, layer:0] 009:ffn-swiglu: 0.000001000 seconds
[token:110, layer:0] 010:ffn-down-projection: 0.000140000 seconds
[token:110, layer:0] 102:layer-compute-total: 0.000511000 seconds
[token:110, layer:1] 002:attention-norm: 0.000000000 seconds
[token:110, layer:1] 003:qkv-projection: 0.000109000 seconds
[token:110, layer:1] 004:apply-rope: 0.000001000 seconds
[token:110, layer:1] 005:compute-attention: 0.000025000 seconds
[token:110, layer:1] 006:attention-output: 0.000037000 seconds
[token:110, layer:1] 007:ffn-norm: 0.000000000 seconds
[token:110, layer:1] 008:ffn-up-projection: 0.000199000 seconds
[token:110, layer:1] 009:ffn-swiglu: 0.000001000 seconds
[token:110, layer:1] 010:ffn-down-projection: 0.000140000 seconds
[token:110, layer:1] 102:layer-compute-total: 0.000512000 seconds
[token:110, layer:2] 002:attention-norm: 0.000001000 seconds
[token:110, layer:2] 003:qkv-projection: 0.000110000 seconds
[token:110, layer:2] 004:apply-rope: 0.000001000 seconds
[token:110, layer:2] 005:compute-attention: 0.000024000 seconds
[token:110, layer:2] 006:attention-output: 0.000036000 seconds
[token:110, layer:2] 007:ffn-norm: 0.000001000 seconds
[token:110, layer:2] 008:ffn-up-projection: 0.000195000 seconds
[token:110, layer:2] 009:ffn-swiglu: 0.000001000 seconds
[token:110, layer:2] 010:ffn-down-projection: 0.000139000 seconds
[token:110, layer:2] 102:layer-compute-total: 0.000508000 seconds
[token:110, layer:3] 002:attention-norm: 0.000000000 seconds
[token:110, layer:3] 003:qkv-projection: 0.000109000 seconds
[token:110, layer:3] 004:apply-rope: 0.000001000 seconds
[token:110, layer:3] 005:compute-attention: 0.000024000 seconds
[token:110, layer:3] 006:attention-output: 0.000037000 seconds
[token:110, layer:3] 007:ffn-norm: 0.000001000 seconds
[token:110, layer:3] 008:ffn-up-projection: 0.000188000 seconds
[token:110, layer:3] 009:ffn-swiglu: 0.000002000 seconds
[token:110, layer:3] 010:ffn-down-projection: 0.000138000 seconds
[token:110, layer:3] 102:layer-compute-total: 0.000500000 seconds
[token:110, layer:4] 002:attention-norm: 0.000000000 seconds
[token:110, layer:4] 003:qkv-projection: 0.000108000 seconds
[token:110, layer:4] 004:apply-rope: 0.000001000 seconds
[token:110, layer:4] 005:compute-attention: 0.000025000 seconds
[token:110, layer:4] 006:attention-output: 0.000036000 seconds
[token:110, layer:4] 007:ffn-norm: 0.000001000 seconds
[token:110, layer:4] 008:ffn-up-projection: 0.000192000 seconds
[token:110, layer:4] 009:ffn-swiglu: 0.000002000 seconds
[token:110, layer:4] 010:ffn-down-projection: 0.000134000 seconds
[token:110, layer:4] 102:layer-compute-total: 0.000499000 seconds
[token:110, layer:5] 002:attention-norm: 0.000000000 seconds
[token:110, layer:5] 003:qkv-projection: 0.000105000 seconds
[token:110, layer:5] 004:apply-rope: 0.000001000 seconds
[token:110, layer:5] 005:compute-attention: 0.000024000 seconds
[token:110, layer:5] 006:attention-output: 0.000036000 seconds
[token:110, layer:5] 007:ffn-norm: 0.000001000 seconds
[token:110, layer:5] 008:ffn-up-projection: 0.000189000 seconds
[token:110, layer:5] 009:ffn-swiglu: 0.000001000 seconds
[token:110, layer:5] 010:ffn-down-projection: 0.000142000 seconds
[token:110, layer:5] 102:layer-compute-total: 0.000499000 seconds
[token:110] 011:final-projection: 0.004253000 seconds
[token:110] 103:forward-compute-total: 0.007282000 seconds
[token:111] 001:embedding-lookup: 0.000000000 seconds
[token:111, layer:0] 002:attention-norm: 0.000000000 seconds
[token:111, layer:0] 003:qkv-projection: 0.000148000 seconds
[token:111, layer:0] 004:apply-rope: 0.000002000 seconds
[token:111, layer:0] 005:compute-attention: 0.000055000 seconds
[token:111, layer:0] 006:attention-output: 0.000085000 seconds
[token:111, layer:0] 007:ffn-norm: 0.000001000 seconds
[token:111, layer:0] 008:ffn-up-projection: 0.000231000 seconds
[token:111, layer:0] 009:ffn-swiglu: 0.000001000 seconds
[token:111, layer:0] 010:ffn-down-projection: 0.000140000 seconds
[token:111, layer:0] 102:layer-compute-total: 0.000663000 seconds
[token:111, layer:1] 002:attention-norm: 0.000000000 seconds
[token:111, layer:1] 003:qkv-projection: 0.000110000 seconds
[token:111, layer:1] 004:apply-rope: 0.000001000 seconds
[token:111, layer:1] 005:compute-attention: 0.000026000 seconds
[token:111, layer:1] 006:attention-output: 0.000037000 seconds
[token:111, layer:1] 007:ffn-norm: 0.000000000 seconds
[token:111, layer:1] 008:ffn-up-projection: 0.000194000 seconds
[token:111, layer:1] 009:ffn-swiglu: 0.000001000 seconds
[token:111, layer:1] 010:ffn-down-projection: 0.000139000 seconds
[token:111, layer:1] 102:layer-compute-total: 0.000508000 seconds
[token:111, layer:2] 002:attention-norm: 0.000001000 seconds
[token:111, layer:2] 003:qkv-projection: 0.000110000 seconds
[token:111, layer:2] 004:apply-rope: 0.000001000 seconds
[token:111, layer:2] 005:compute-attention: 0.000026000 seconds
[token:111, layer:2] 006:attention-output: 0.000037000 seconds
[token:111, layer:2] 007:ffn-norm: 0.000000000 seconds
[token:111, layer:2] 008:ffn-up-projection: 0.000195000 seconds
[token:111, layer:2] 009:ffn-swiglu: 0.000001000 seconds
[token:111, layer:2] 010:ffn-down-projection: 0.000139000 seconds
[token:111, layer:2] 102:layer-compute-total: 0.000510000 seconds
[token:111, layer:3] 002:attention-norm: 0.000001000 seconds
[token:111, layer:3] 003:qkv-projection: 0.000109000 seconds
[token:111, layer:3] 004:apply-rope: 0.000002000 seconds
[token:111, layer:3] 005:compute-attention: 0.000026000 seconds
[token:111, layer:3] 006:attention-output: 0.000036000 seconds
[token:111, layer:3] 007:ffn-norm: 0.000001000 seconds
[token:111, layer:3] 008:ffn-up-projection: 0.000195000 seconds
[token:111, layer:3] 009:ffn-swiglu: 0.000001000 seconds
[token:111, layer:3] 010:ffn-down-projection: 0.000139000 seconds
[token:111, layer:3] 102:layer-compute-total: 0.000510000 seconds
[token:111, layer:4] 002:attention-norm: 0.000000000 seconds
[token:111, layer:4] 003:qkv-projection: 0.000110000 seconds
[token:111, layer:4] 004:apply-rope: 0.000001000 seconds
[token:111, layer:4] 005:compute-attention: 0.000026000 seconds
[token:111, layer:4] 006:attention-output: 0.000036000 seconds
[token:111, layer:4] 007:ffn-norm: 0.000000000 seconds
[token:111, layer:4] 008:ffn-up-projection: 0.000194000 seconds
[token:111, layer:4] 009:ffn-swiglu: 0.000001000 seconds
[token:111, layer:4] 010:ffn-down-projection: 0.000139000 seconds
[token:111, layer:4] 102:layer-compute-total: 0.000507000 seconds
[token:111, layer:5] 002:attention-norm: 0.000000000 seconds
[token:111, layer:5] 003:qkv-projection: 0.000111000 seconds
[token:111, layer:5] 004:apply-rope: 0.000001000 seconds
[token:111, layer:5] 005:compute-attention: 0.000029000 seconds
[token:111, layer:5] 006:attention-output: 0.000068000 seconds
[token:111, layer:5] 007:ffn-norm: 0.000000000 seconds
[token:111, layer:5] 008:ffn-up-projection: 0.000196000 seconds
[token:111, layer:5] 009:ffn-swiglu: 0.000002000 seconds
[token:111, layer:5] 010:ffn-down-projection: 0.000141000 seconds
[token:111, layer:5] 102:layer-compute-total: 0.000548000 seconds
[token:111] 011:final-projection: 0.004078000 seconds
[token:111] 103:forward-compute-total: 0.007324000 seconds
[token:112] 001:embedding-lookup: 0.000000000 seconds
[token:112, layer:0] 002:attention-norm: 0.000000000 seconds
[token:112, layer:0] 003:qkv-projection: 0.000110000 seconds
[token:112, layer:0] 004:apply-rope: 0.000002000 seconds
[token:112, layer:0] 005:compute-attention: 0.000029000 seconds
[token:112, layer:0] 006:attention-output: 0.000037000 seconds
[token:112, layer:0] 007:ffn-norm: 0.000000000 seconds
[token:112, layer:0] 008:ffn-up-projection: 0.000195000 seconds
[token:112, layer:0] 009:ffn-swiglu: 0.000002000 seconds
[token:112, layer:0] 010:ffn-down-projection: 0.000140000 seconds
[token:112, layer:0] 102:layer-compute-total: 0.000515000 seconds
[token:112, layer:1] 002:attention-norm: 0.000000000 seconds
[token:112, layer:1] 003:qkv-projection: 0.000110000 seconds
[token:112, layer:1] 004:apply-rope: 0.000001000 seconds
[token:112, layer:1] 005:compute-attention: 0.000027000 seconds
[token:112, layer:1] 006:attention-output: 0.000036000 seconds
[token:112, layer:1] 007:ffn-norm: 0.000001000 seconds
[token:112, layer:1] 008:ffn-up-projection: 0.000194000 seconds
[token:112, layer:1] 009:ffn-swiglu: 0.000001000 seconds
[token:112, layer:1] 010:ffn-down-projection: 0.000139000 seconds
[token:112, layer:1] 102:layer-compute-total: 0.000509000 seconds
[token:112, layer:2] 002:attention-norm: 0.000000000 seconds
[token:112, layer:2] 003:qkv-projection: 0.000110000 seconds
[token:112, layer:2] 004:apply-rope: 0.000001000 seconds
[token:112, layer:2] 005:compute-attention: 0.000027000 seconds
[token:112, layer:2] 006:attention-output: 0.000037000 seconds
[token:112, layer:2] 007:ffn-norm: 0.000000000 seconds
[token:112, layer:2] 008:ffn-up-projection: 0.000195000 seconds
[token:112, layer:2] 009:ffn-swiglu: 0.000001000 seconds
[token:112, layer:2] 010:ffn-down-projection: 0.000136000 seconds
[token:112, layer:2] 102:layer-compute-total: 0.000507000 seconds
[token:112, layer:3] 002:attention-norm: 0.000000000 seconds
[token:112, layer:3] 003:qkv-projection: 0.000108000 seconds
[token:112, layer:3] 004:apply-rope: 0.000001000 seconds
[token:112, layer:3] 005:compute-attention: 0.000026000 seconds
[token:112, layer:3] 006:attention-output: 0.000035000 seconds
[token:112, layer:3] 007:ffn-norm: 0.000000000 seconds
[token:112, layer:3] 008:ffn-up-projection: 0.000190000 seconds
[token:112, layer:3] 009:ffn-swiglu: 0.000001000 seconds
[token:112, layer:3] 010:ffn-down-projection: 0.000136000 seconds
[token:112, layer:3] 102:layer-compute-total: 0.000497000 seconds
[token:112, layer:4] 002:attention-norm: 0.000000000 seconds
[token:112, layer:4] 003:qkv-projection: 0.000107000 seconds
[token:112, layer:4] 004:apply-rope: 0.000002000 seconds
[token:112, layer:4] 005:compute-attention: 0.000026000 seconds
[token:112, layer:4] 006:attention-output: 0.000036000 seconds
[token:112, layer:4] 007:ffn-norm: 0.000000000 seconds
[token:112, layer:4] 008:ffn-up-projection: 0.000187000 seconds
[token:112, layer:4] 009:ffn-swiglu: 0.000001000 seconds
[token:112, layer:4] 010:ffn-down-projection: 0.000134000 seconds
[token:112, layer:4] 102:layer-compute-total: 0.000493000 seconds
[token:112, layer:5] 002:attention-norm: 0.000001000 seconds
[token:112, layer:5] 003:qkv-projection: 0.000105000 seconds
[token:112, layer:5] 004:apply-rope: 0.000001000 seconds
[token:112, layer:5] 005:compute-attention: 0.000026000 seconds
[token:112, layer:5] 006:attention-output: 0.000035000 seconds
[token:112, layer:5] 007:ffn-norm: 0.000001000 seconds
[token:112, layer:5] 008:ffn-up-projection: 0.000187000 seconds
[token:112, layer:5] 009:ffn-swiglu: 0.000001000 seconds
[token:112, layer:5] 010:ffn-down-projection: 0.000134000 seconds
[token:112, layer:5] 102:layer-compute-total: 0.000491000 seconds
[token:112] 011:final-projection: 0.004138000 seconds
[token:112] 103:forward-compute-total: 0.007150000 seconds
[token:113] 001:embedding-lookup: 0.000001000 seconds
[token:113, layer:0] 002:attention-norm: 0.000001000 seconds
[token:113, layer:0] 003:qkv-projection: 0.000115000 seconds
[token:113, layer:0] 004:apply-rope: 0.000002000 seconds
[token:113, layer:0] 005:compute-attention: 0.000026000 seconds
[token:113, layer:0] 006:attention-output: 0.000037000 seconds
[token:113, layer:0] 007:ffn-norm: 0.000000000 seconds
[token:113, layer:0] 008:ffn-up-projection: 0.000195000 seconds
[token:113, layer:0] 009:ffn-swiglu: 0.000001000 seconds
[token:113, layer:0] 010:ffn-down-projection: 0.000140000 seconds
[token:113, layer:0] 102:layer-compute-total: 0.000517000 seconds
[token:113, layer:1] 002:attention-norm: 0.000000000 seconds
[token:113, layer:1] 003:qkv-projection: 0.000113000 seconds
[token:113, layer:1] 004:apply-rope: 0.000001000 seconds
[token:113, layer:1] 005:compute-attention: 0.000024000 seconds
[token:113, layer:1] 006:attention-output: 0.000039000 seconds
[token:113, layer:1] 007:ffn-norm: 0.000000000 seconds
[token:113, layer:1] 008:ffn-up-projection: 0.000210000 seconds
[token:113, layer:1] 009:ffn-swiglu: 0.000001000 seconds
[token:113, layer:1] 010:ffn-down-projection: 0.000148000 seconds
[token:113, layer:1] 102:layer-compute-total: 0.000536000 seconds
[token:113, layer:2] 002:attention-norm: 0.000000000 seconds
[token:113, layer:2] 003:qkv-projection: 0.000135000 seconds
[token:113, layer:2] 004:apply-rope: 0.000001000 seconds
[token:113, layer:2] 005:compute-attention: 0.000026000 seconds
[token:113, layer:2] 006:attention-output: 0.000036000 seconds
[token:113, layer:2] 007:ffn-norm: 0.000001000 seconds
[token:113, layer:2] 008:ffn-up-projection: 0.000195000 seconds
[token:113, layer:2] 009:ffn-swiglu: 0.000002000 seconds
[token:113, layer:2] 010:ffn-down-projection: 0.000139000 seconds
[token:113, layer:2] 102:layer-compute-total: 0.000535000 seconds
[token:113, layer:3] 002:attention-norm: 0.000000000 seconds
[token:113, layer:3] 003:qkv-projection: 0.000112000 seconds
[token:113, layer:3] 004:apply-rope: 0.000002000 seconds
[token:113, layer:3] 005:compute-attention: 0.000025000 seconds
[token:113, layer:3] 006:attention-output: 0.000037000 seconds
[token:113, layer:3] 007:ffn-norm: 0.000001000 seconds
[token:113, layer:3] 008:ffn-up-projection: 0.000195000 seconds
[token:113, layer:3] 009:ffn-swiglu: 0.000001000 seconds
[token:113, layer:3] 010:ffn-down-projection: 0.000139000 seconds
[token:113, layer:3] 102:layer-compute-total: 0.000512000 seconds
[token:113, layer:4] 002:attention-norm: 0.000000000 seconds
[token:113, layer:4] 003:qkv-projection: 0.000110000 seconds
[token:113, layer:4] 004:apply-rope: 0.000001000 seconds
[token:113, layer:4] 005:compute-attention: 0.000025000 seconds
[token:113, layer:4] 006:attention-output: 0.000037000 seconds
[token:113, layer:4] 007:ffn-norm: 0.000000000 seconds
[token:113, layer:4] 008:ffn-up-projection: 0.000189000 seconds
[token:113, layer:4] 009:ffn-swiglu: 0.000001000 seconds
[token:113, layer:4] 010:ffn-down-projection: 0.000136000 seconds
[token:113, layer:4] 102:layer-compute-total: 0.000499000 seconds
[token:113, layer:5] 002:attention-norm: 0.000000000 seconds
[token:113, layer:5] 003:qkv-projection: 0.000110000 seconds
[token:113, layer:5] 004:apply-rope: 0.000001000 seconds
[token:113, layer:5] 005:compute-attention: 0.000025000 seconds
[token:113, layer:5] 006:attention-output: 0.000035000 seconds
[token:113, layer:5] 007:ffn-norm: 0.000000000 seconds
[token:113, layer:5] 008:ffn-up-projection: 0.000187000 seconds
[token:113, layer:5] 009:ffn-swiglu: 0.000002000 seconds
[token:113, layer:5] 010:ffn-down-projection: 0.000134000 seconds
[token:113, layer:5] 102:layer-compute-total: 0.000494000 seconds
[token:113] 011:final-projection: 0.003941000 seconds
[token:113] 103:forward-compute-total: 0.007035000 seconds
[token:114] 001:embedding-lookup: 0.000000000 seconds
[token:114, layer:0] 002:attention-norm: 0.000001000 seconds
[token:114, layer:0] 003:qkv-projection: 0.000111000 seconds
[token:114, layer:0] 004:apply-rope: 0.000002000 seconds
[token:114, layer:0] 005:compute-attention: 0.000022000 seconds
[token:114, layer:0] 006:attention-output: 0.000035000 seconds
[token:114, layer:0] 007:ffn-norm: 0.000000000 seconds
[token:114, layer:0] 008:ffn-up-projection: 0.000187000 seconds
[token:114, layer:0] 009:ffn-swiglu: 0.000001000 seconds
[token:114, layer:0] 010:ffn-down-projection: 0.000134000 seconds
[token:114, layer:0] 102:layer-compute-total: 0.000493000 seconds
[token:114, layer:1] 002:attention-norm: 0.000000000 seconds
[token:114, layer:1] 003:qkv-projection: 0.000106000 seconds
[token:114, layer:1] 004:apply-rope: 0.000001000 seconds
[token:114, layer:1] 005:compute-attention: 0.000023000 seconds
[token:114, layer:1] 006:attention-output: 0.000035000 seconds
[token:114, layer:1] 007:ffn-norm: 0.000000000 seconds
[token:114, layer:1] 008:ffn-up-projection: 0.000187000 seconds
[token:114, layer:1] 009:ffn-swiglu: 0.000001000 seconds
[token:114, layer:1] 010:ffn-down-projection: 0.000134000 seconds
[token:114, layer:1] 102:layer-compute-total: 0.000487000 seconds
[token:114, layer:2] 002:attention-norm: 0.000000000 seconds
[token:114, layer:2] 003:qkv-projection: 0.000105000 seconds
[token:114, layer:2] 004:apply-rope: 0.000001000 seconds
[token:114, layer:2] 005:compute-attention: 0.000020000 seconds
[token:114, layer:2] 006:attention-output: 0.000036000 seconds
[token:114, layer:2] 007:ffn-norm: 0.000000000 seconds
[token:114, layer:2] 008:ffn-up-projection: 0.000189000 seconds
[token:114, layer:2] 009:ffn-swiglu: 0.000001000 seconds
[token:114, layer:2] 010:ffn-down-projection: 0.000134000 seconds
[token:114, layer:2] 102:layer-compute-total: 0.000486000 seconds
[token:114, layer:3] 002:attention-norm: 0.000001000 seconds
[token:114, layer:3] 003:qkv-projection: 0.000105000 seconds
[token:114, layer:3] 004:apply-rope: 0.000001000 seconds
[token:114, layer:3] 005:compute-attention: 0.000019000 seconds
[token:114, layer:3] 006:attention-output: 0.000035000 seconds
[token:114, layer:3] 007:ffn-norm: 0.000000000 seconds
[token:114, layer:3] 008:ffn-up-projection: 0.000192000 seconds
[token:114, layer:3] 009:ffn-swiglu: 0.000001000 seconds
[token:114, layer:3] 010:ffn-down-projection: 0.000134000 seconds
[token:114, layer:3] 102:layer-compute-total: 0.000488000 seconds
[token:114, layer:4] 002:attention-norm: 0.000000000 seconds
[token:114, layer:4] 003:qkv-projection: 0.000109000 seconds
[token:114, layer:4] 004:apply-rope: 0.000001000 seconds
[token:114, layer:4] 005:compute-attention: 0.000019000 seconds
[token:114, layer:4] 006:attention-output: 0.000036000 seconds
[token:114, layer:4] 007:ffn-norm: 0.000000000 seconds
[token:114, layer:4] 008:ffn-up-projection: 0.000191000 seconds
[token:114, layer:4] 009:ffn-swiglu: 0.000001000 seconds
[token:114, layer:4] 010:ffn-down-projection: 0.000134000 seconds
[token:114, layer:4] 102:layer-compute-total: 0.000491000 seconds
[token:114, layer:5] 002:attention-norm: 0.000000000 seconds
[token:114, layer:5] 003:qkv-projection: 0.000105000 seconds
[token:114, layer:5] 004:apply-rope: 0.000001000 seconds
[token:114, layer:5] 005:compute-attention: 0.000020000 seconds
[token:114, layer:5] 006:attention-output: 0.000036000 seconds
[token:114, layer:5] 007:ffn-norm: 0.000000000 seconds
[token:114, layer:5] 008:ffn-up-projection: 0.000187000 seconds
[token:114, layer:5] 009:ffn-swiglu: 0.000001000 seconds
[token:114, layer:5] 010:ffn-down-projection: 0.000134000 seconds
[token:114, layer:5] 102:layer-compute-total: 0.000484000 seconds
[token:114] 011:final-projection: 0.004317000 seconds
[token:114] 103:forward-compute-total: 0.007246000 seconds
[token:115] 001:embedding-lookup: 0.000001000 seconds
[token:115, layer:0] 002:attention-norm: 0.000001000 seconds
[token:115, layer:0] 003:qkv-projection: 0.000173000 seconds
[token:115, layer:0] 004:apply-rope: 0.000002000 seconds
[token:115, layer:0] 005:compute-attention: 0.000033000 seconds
[token:115, layer:0] 006:attention-output: 0.000037000 seconds
[token:115, layer:0] 007:ffn-norm: 0.000001000 seconds
[token:115, layer:0] 008:ffn-up-projection: 0.000220000 seconds
[token:115, layer:0] 009:ffn-swiglu: 0.000001000 seconds
[token:115, layer:0] 010:ffn-down-projection: 0.000174000 seconds
[token:115, layer:0] 102:layer-compute-total: 0.000642000 seconds
[token:115, layer:1] 002:attention-norm: 0.000001000 seconds
[token:115, layer:1] 003:qkv-projection: 0.000111000 seconds
[token:115, layer:1] 004:apply-rope: 0.000002000 seconds
[token:115, layer:1] 005:compute-attention: 0.000035000 seconds
[token:115, layer:1] 006:attention-output: 0.000037000 seconds
[token:115, layer:1] 007:ffn-norm: 0.000000000 seconds
[token:115, layer:1] 008:ffn-up-projection: 0.000194000 seconds
[token:115, layer:1] 009:ffn-swiglu: 0.000001000 seconds
[token:115, layer:1] 010:ffn-down-projection: 0.000140000 seconds
[token:115, layer:1] 102:layer-compute-total: 0.000521000 seconds
[token:115, layer:2] 002:attention-norm: 0.000001000 seconds
[token:115, layer:2] 003:qkv-projection: 0.000111000 seconds
[token:115, layer:2] 004:apply-rope: 0.000002000 seconds
[token:115, layer:2] 005:compute-attention: 0.000029000 seconds
[token:115, layer:2] 006:attention-output: 0.000036000 seconds
[token:115, layer:2] 007:ffn-norm: 0.000000000 seconds
[token:115, layer:2] 008:ffn-up-projection: 0.000194000 seconds
[token:115, layer:2] 009:ffn-swiglu: 0.000001000 seconds
[token:115, layer:2] 010:ffn-down-projection: 0.000139000 seconds
[token:115, layer:2] 102:layer-compute-total: 0.000513000 seconds
[token:115, layer:3] 002:attention-norm: 0.000000000 seconds
[token:115, layer:3] 003:qkv-projection: 0.000109000 seconds
[token:115, layer:3] 004:apply-rope: 0.000002000 seconds
[token:115, layer:3] 005:compute-attention: 0.000029000 seconds
[token:115, layer:3] 006:attention-output: 0.000037000 seconds
[token:115, layer:3] 007:ffn-norm: 0.000000000 seconds
[token:115, layer:3] 008:ffn-up-projection: 0.000229000 seconds
[token:115, layer:3] 009:ffn-swiglu: 0.000001000 seconds
[token:115, layer:3] 010:ffn-down-projection: 0.000282000 seconds
[token:115, layer:3] 102:layer-compute-total: 0.000689000 seconds
[token:115, layer:4] 002:attention-norm: 0.000000000 seconds
[token:115, layer:4] 003:qkv-projection: 0.000165000 seconds
[token:115, layer:4] 004:apply-rope: 0.000001000 seconds
[token:115, layer:4] 005:compute-attention: 0.000031000 seconds
[token:115, layer:4] 006:attention-output: 0.000035000 seconds
[token:115, layer:4] 007:ffn-norm: 0.000000000 seconds
[token:115, layer:4] 008:ffn-up-projection: 0.000194000 seconds
[token:115, layer:4] 009:ffn-swiglu: 0.000001000 seconds
[token:115, layer:4] 010:ffn-down-projection: 0.000136000 seconds
[token:115, layer:4] 102:layer-compute-total: 0.000563000 seconds
[token:115, layer:5] 002:attention-norm: 0.000000000 seconds
[token:115, layer:5] 003:qkv-projection: 0.000107000 seconds
[token:115, layer:5] 004:apply-rope: 0.000001000 seconds
[token:115, layer:5] 005:compute-attention: 0.000028000 seconds
[token:115, layer:5] 006:attention-output: 0.000036000 seconds
[token:115, layer:5] 007:ffn-norm: 0.000000000 seconds
[token:115, layer:5] 008:ffn-up-projection: 0.000190000 seconds
[token:115, layer:5] 009:ffn-swiglu: 0.000001000 seconds
[token:115, layer:5] 010:ffn-down-projection: 0.000137000 seconds
[token:115, layer:5] 102:layer-compute-total: 0.000500000 seconds
[token:115] 011:final-projection: 0.003963000 seconds
[token:115] 103:forward-compute-total: 0.007392000 seconds
[token:116] 001:embedding-lookup: 0.000000000 seconds
[token:116, layer:0] 002:attention-norm: 0.000000000 seconds
[token:116, layer:0] 003:qkv-projection: 0.000112000 seconds
[token:116, layer:0] 004:apply-rope: 0.000001000 seconds
[token:116, layer:0] 005:compute-attention: 0.000025000 seconds
[token:116, layer:0] 006:attention-output: 0.000035000 seconds
[token:116, layer:0] 007:ffn-norm: 0.000000000 seconds
[token:116, layer:0] 008:ffn-up-projection: 0.000186000 seconds
[token:116, layer:0] 009:ffn-swiglu: 0.000002000 seconds
[token:116, layer:0] 010:ffn-down-projection: 0.000134000 seconds
[token:116, layer:0] 102:layer-compute-total: 0.000495000 seconds
[token:116, layer:1] 002:attention-norm: 0.000000000 seconds
[token:116, layer:1] 003:qkv-projection: 0.000105000 seconds
[token:116, layer:1] 004:apply-rope: 0.000001000 seconds
[token:116, layer:1] 005:compute-attention: 0.000025000 seconds
[token:116, layer:1] 006:attention-output: 0.000035000 seconds
[token:116, layer:1] 007:ffn-norm: 0.000000000 seconds
[token:116, layer:1] 008:ffn-up-projection: 0.000187000 seconds
[token:116, layer:1] 009:ffn-swiglu: 0.000001000 seconds
[token:116, layer:1] 010:ffn-down-projection: 0.000137000 seconds
[token:116, layer:1] 102:layer-compute-total: 0.000491000 seconds
[token:116, layer:2] 002:attention-norm: 0.000000000 seconds
[token:116, layer:2] 003:qkv-projection: 0.000105000 seconds
[token:116, layer:2] 004:apply-rope: 0.000002000 seconds
[token:116, layer:2] 005:compute-attention: 0.000025000 seconds
[token:116, layer:2] 006:attention-output: 0.000035000 seconds
[token:116, layer:2] 007:ffn-norm: 0.000000000 seconds
[token:116, layer:2] 008:ffn-up-projection: 0.000187000 seconds
[token:116, layer:2] 009:ffn-swiglu: 0.000001000 seconds
[token:116, layer:2] 010:ffn-down-projection: 0.000134000 seconds
[token:116, layer:2] 102:layer-compute-total: 0.000489000 seconds
[token:116, layer:3] 002:attention-norm: 0.000000000 seconds
[token:116, layer:3] 003:qkv-projection: 0.000110000 seconds
[token:116, layer:3] 004:apply-rope: 0.000001000 seconds
[token:116, layer:3] 005:compute-attention: 0.000024000 seconds
[token:116, layer:3] 006:attention-output: 0.000035000 seconds
[token:116, layer:3] 007:ffn-norm: 0.000000000 seconds
[token:116, layer:3] 008:ffn-up-projection: 0.000187000 seconds
[token:116, layer:3] 009:ffn-swiglu: 0.000001000 seconds
[token:116, layer:3] 010:ffn-down-projection: 0.000134000 seconds
[token:116, layer:3] 102:layer-compute-total: 0.000492000 seconds
[token:116, layer:4] 002:attention-norm: 0.000000000 seconds
[token:116, layer:4] 003:qkv-projection: 0.000105000 seconds
[token:116, layer:4] 004:apply-rope: 0.000001000 seconds
[token:116, layer:4] 005:compute-attention: 0.000022000 seconds
[token:116, layer:4] 006:attention-output: 0.000035000 seconds
[token:116, layer:4] 007:ffn-norm: 0.000000000 seconds
[token:116, layer:4] 008:ffn-up-projection: 0.000187000 seconds
[token:116, layer:4] 009:ffn-swiglu: 0.000001000 seconds
[token:116, layer:4] 010:ffn-down-projection: 0.000134000 seconds
[token:116, layer:4] 102:layer-compute-total: 0.000485000 seconds
[token:116, layer:5] 002:attention-norm: 0.000000000 seconds
[token:116, layer:5] 003:qkv-projection: 0.000105000 seconds
[token:116, layer:5] 004:apply-rope: 0.000001000 seconds
[token:116, layer:5] 005:compute-attention: 0.000019000 seconds
[token:116, layer:5] 006:attention-output: 0.000036000 seconds
[token:116, layer:5] 007:ffn-norm: 0.000000000 seconds
[token:116, layer:5] 008:ffn-up-projection: 0.000187000 seconds
[token:116, layer:5] 009:ffn-swiglu: 0.000001000 seconds
[token:116, layer:5] 010:ffn-down-projection: 0.000134000 seconds
[token:116, layer:5] 102:layer-compute-total: 0.000483000 seconds
[token:116] 011:final-projection: 0.003981000 seconds
[token:116] 103:forward-compute-total: 0.006916000 seconds
[token:117] 001:embedding-lookup: 0.000000000 seconds
[token:117, layer:0] 002:attention-norm: 0.000000000 seconds
[token:117, layer:0] 003:qkv-projection: 0.000112000 seconds
[token:117, layer:0] 004:apply-rope: 0.000001000 seconds
[token:117, layer:0] 005:compute-attention: 0.000019000 seconds
[token:117, layer:0] 006:attention-output: 0.000035000 seconds
[token:117, layer:0] 007:ffn-norm: 0.000000000 seconds
[token:117, layer:0] 008:ffn-up-projection: 0.000187000 seconds
[token:117, layer:0] 009:ffn-swiglu: 0.000001000 seconds
[token:117, layer:0] 010:ffn-down-projection: 0.000135000 seconds
[token:117, layer:0] 102:layer-compute-total: 0.000490000 seconds
[token:117, layer:1] 002:attention-norm: 0.000000000 seconds
[token:117, layer:1] 003:qkv-projection: 0.000105000 seconds
[token:117, layer:1] 004:apply-rope: 0.000001000 seconds
[token:117, layer:1] 005:compute-attention: 0.000018000 seconds
[token:117, layer:1] 006:attention-output: 0.000035000 seconds
[token:117, layer:1] 007:ffn-norm: 0.000000000 seconds
[token:117, layer:1] 008:ffn-up-projection: 0.000186000 seconds
[token:117, layer:1] 009:ffn-swiglu: 0.000001000 seconds
[token:117, layer:1] 010:ffn-down-projection: 0.000134000 seconds
[token:117, layer:1] 102:layer-compute-total: 0.000480000 seconds
[token:117, layer:2] 002:attention-norm: 0.000001000 seconds
[token:117, layer:2] 003:qkv-projection: 0.000105000 seconds
[token:117, layer:2] 004:apply-rope: 0.000002000 seconds
[token:117, layer:2] 005:compute-attention: 0.000018000 seconds
[token:117, layer:2] 006:attention-output: 0.000035000 seconds
[token:117, layer:2] 007:ffn-norm: 0.000000000 seconds
[token:117, layer:2] 008:ffn-up-projection: 0.000205000 seconds
[token:117, layer:2] 009:ffn-swiglu: 0.000001000 seconds
[token:117, layer:2] 010:ffn-down-projection: 0.000171000 seconds
[token:117, layer:2] 102:layer-compute-total: 0.000538000 seconds
[token:117, layer:3] 002:attention-norm: 0.000000000 seconds
[token:117, layer:3] 003:qkv-projection: 0.000233000 seconds
[token:117, layer:3] 004:apply-rope: 0.000002000 seconds
[token:117, layer:3] 005:compute-attention: 0.000021000 seconds
[token:117, layer:3] 006:attention-output: 0.000037000 seconds
[token:117, layer:3] 007:ffn-norm: 0.000000000 seconds
[token:117, layer:3] 008:ffn-up-projection: 0.000198000 seconds
[token:117, layer:3] 009:ffn-swiglu: 0.000001000 seconds
[token:117, layer:3] 010:ffn-down-projection: 0.000139000 seconds
[token:117, layer:3] 102:layer-compute-total: 0.000631000 seconds
[token:117, layer:4] 002:attention-norm: 0.000000000 seconds
[token:117, layer:4] 003:qkv-projection: 0.000109000 seconds
[token:117, layer:4] 004:apply-rope: 0.000001000 seconds
[token:117, layer:4] 005:compute-attention: 0.000038000 seconds
[token:117, layer:4] 006:attention-output: 0.000037000 seconds
[token:117, layer:4] 007:ffn-norm: 0.000001000 seconds
[token:117, layer:4] 008:ffn-up-projection: 0.000194000 seconds
[token:117, layer:4] 009:ffn-swiglu: 0.000001000 seconds
[token:117, layer:4] 010:ffn-down-projection: 0.000136000 seconds
[token:117, layer:4] 102:layer-compute-total: 0.000517000 seconds
[token:117, layer:5] 002:attention-norm: 0.000000000 seconds
[token:117, layer:5] 003:qkv-projection: 0.000107000 seconds
[token:117, layer:5] 004:apply-rope: 0.000002000 seconds
[token:117, layer:5] 005:compute-attention: 0.000028000 seconds
[token:117, layer:5] 006:attention-output: 0.000036000 seconds
[token:117, layer:5] 007:ffn-norm: 0.000000000 seconds
[token:117, layer:5] 008:ffn-up-projection: 0.000195000 seconds
[token:117, layer:5] 009:ffn-swiglu: 0.000001000 seconds
[token:117, layer:5] 010:ffn-down-projection: 0.000136000 seconds
[token:117, layer:5] 102:layer-compute-total: 0.000505000 seconds
[token:117] 011:final-projection: 0.004039000 seconds
[token:117] 103:forward-compute-total: 0.007200000 seconds
[token:118] 001:embedding-lookup: 0.000001000 seconds
[token:118, layer:0] 002:attention-norm: 0.000000000 seconds
[token:118, layer:0] 003:qkv-projection: 0.000112000 seconds
[token:118, layer:0] 004:apply-rope: 0.000002000 seconds
[token:118, layer:0] 005:compute-attention: 0.000025000 seconds
[token:118, layer:0] 006:attention-output: 0.000036000 seconds
[token:118, layer:0] 007:ffn-norm: 0.000000000 seconds
[token:118, layer:0] 008:ffn-up-projection: 0.000187000 seconds
[token:118, layer:0] 009:ffn-swiglu: 0.000001000 seconds
[token:118, layer:0] 010:ffn-down-projection: 0.000134000 seconds
[token:118, layer:0] 102:layer-compute-total: 0.000497000 seconds
[token:118, layer:1] 002:attention-norm: 0.000000000 seconds
[token:118, layer:1] 003:qkv-projection: 0.000105000 seconds
[token:118, layer:1] 004:apply-rope: 0.000001000 seconds
[token:118, layer:1] 005:compute-attention: 0.000025000 seconds
[token:118, layer:1] 006:attention-output: 0.000035000 seconds
[token:118, layer:1] 007:ffn-norm: 0.000000000 seconds
[token:118, layer:1] 008:ffn-up-projection: 0.000186000 seconds
[token:118, layer:1] 009:ffn-swiglu: 0.000001000 seconds
[token:118, layer:1] 010:ffn-down-projection: 0.000134000 seconds
[token:118, layer:1] 102:layer-compute-total: 0.000487000 seconds
[token:118, layer:2] 002:attention-norm: 0.000000000 seconds
[token:118, layer:2] 003:qkv-projection: 0.000105000 seconds
[token:118, layer:2] 004:apply-rope: 0.000001000 seconds
[token:118, layer:2] 005:compute-attention: 0.000025000 seconds
[token:118, layer:2] 006:attention-output: 0.000035000 seconds
[token:118, layer:2] 007:ffn-norm: 0.000000000 seconds
[token:118, layer:2] 008:ffn-up-projection: 0.000187000 seconds
[token:118, layer:2] 009:ffn-swiglu: 0.000001000 seconds
[token:118, layer:2] 010:ffn-down-projection: 0.000138000 seconds
[token:118, layer:2] 102:layer-compute-total: 0.000492000 seconds
[token:118, layer:3] 002:attention-norm: 0.000000000 seconds
[token:118, layer:3] 003:qkv-projection: 0.000108000 seconds
[token:118, layer:3] 004:apply-rope: 0.000001000 seconds
[token:118, layer:3] 005:compute-attention: 0.000026000 seconds
[token:118, layer:3] 006:attention-output: 0.000040000 seconds
[token:118, layer:3] 007:ffn-norm: 0.000000000 seconds
[token:118, layer:3] 008:ffn-up-projection: 0.000191000 seconds
[token:118, layer:3] 009:ffn-swiglu: 0.000001000 seconds
[token:118, layer:3] 010:ffn-down-projection: 0.000144000 seconds
[token:118, layer:3] 102:layer-compute-total: 0.000511000 seconds
[token:118, layer:4] 002:attention-norm: 0.000001000 seconds
[token:118, layer:4] 003:qkv-projection: 0.000112000 seconds
[token:118, layer:4] 004:apply-rope: 0.000001000 seconds
[token:118, layer:4] 005:compute-attention: 0.000024000 seconds
[token:118, layer:4] 006:attention-output: 0.000041000 seconds
[token:118, layer:4] 007:ffn-norm: 0.000000000 seconds
[token:118, layer:4] 008:ffn-up-projection: 0.000193000 seconds
[token:118, layer:4] 009:ffn-swiglu: 0.000001000 seconds
[token:118, layer:4] 010:ffn-down-projection: 0.000141000 seconds
[token:118, layer:4] 102:layer-compute-total: 0.000514000 seconds
[token:118, layer:5] 002:attention-norm: 0.000001000 seconds
[token:118, layer:5] 003:qkv-projection: 0.000106000 seconds
[token:118, layer:5] 004:apply-rope: 0.000001000 seconds
[token:118, layer:5] 005:compute-attention: 0.000023000 seconds
[token:118, layer:5] 006:attention-output: 0.000035000 seconds
[token:118, layer:5] 007:ffn-norm: 0.000000000 seconds
[token:118, layer:5] 008:ffn-up-projection: 0.000191000 seconds
[token:118, layer:5] 009:ffn-swiglu: 0.000001000 seconds
[token:118, layer:5] 010:ffn-down-projection: 0.000138000 seconds
[token:118, layer:5] 102:layer-compute-total: 0.000496000 seconds
[token:118] 011:final-projection: 0.003970000 seconds
[token:118] 103:forward-compute-total: 0.006968000 seconds
[token:119] 001:embedding-lookup: 0.000000000 seconds
[token:119, layer:0] 002:attention-norm: 0.000001000 seconds
[token:119, layer:0] 003:qkv-projection: 0.000110000 seconds
[token:119, layer:0] 004:apply-rope: 0.000002000 seconds
[token:119, layer:0] 005:compute-attention: 0.000022000 seconds
[token:119, layer:0] 006:attention-output: 0.000036000 seconds
[token:119, layer:0] 007:ffn-norm: 0.000001000 seconds
[token:119, layer:0] 008:ffn-up-projection: 0.000194000 seconds
[token:119, layer:0] 009:ffn-swiglu: 0.000001000 seconds
[token:119, layer:0] 010:ffn-down-projection: 0.000138000 seconds
[token:119, layer:0] 102:layer-compute-total: 0.000505000 seconds
[token:119, layer:1] 002:attention-norm: 0.000000000 seconds
[token:119, layer:1] 003:qkv-projection: 0.000107000 seconds
[token:119, layer:1] 004:apply-rope: 0.000001000 seconds
[token:119, layer:1] 005:compute-attention: 0.000020000 seconds
[token:119, layer:1] 006:attention-output: 0.000035000 seconds
[token:119, layer:1] 007:ffn-norm: 0.000000000 seconds
[token:119, layer:1] 008:ffn-up-projection: 0.000190000 seconds
[token:119, layer:1] 009:ffn-swiglu: 0.000001000 seconds
[token:119, layer:1] 010:ffn-down-projection: 0.000136000 seconds
[token:119, layer:1] 102:layer-compute-total: 0.000490000 seconds
[token:119, layer:2] 002:attention-norm: 0.000001000 seconds
[token:119, layer:2] 003:qkv-projection: 0.000109000 seconds
[token:119, layer:2] 004:apply-rope: 0.000001000 seconds
[token:119, layer:2] 005:compute-attention: 0.000019000 seconds
[token:119, layer:2] 006:attention-output: 0.000036000 seconds
[token:119, layer:2] 007:ffn-norm: 0.000000000 seconds
[token:119, layer:2] 008:ffn-up-projection: 0.000190000 seconds
[token:119, layer:2] 009:ffn-swiglu: 0.000001000 seconds
[token:119, layer:2] 010:ffn-down-projection: 0.000136000 seconds
[token:119, layer:2] 102:layer-compute-total: 0.000493000 seconds
[token:119, layer:3] 002:attention-norm: 0.000001000 seconds
[token:119, layer:3] 003:qkv-projection: 0.000105000 seconds
[token:119, layer:3] 004:apply-rope: 0.000001000 seconds
[token:119, layer:3] 005:compute-attention: 0.000021000 seconds
[token:119, layer:3] 006:attention-output: 0.000035000 seconds
[token:119, layer:3] 007:ffn-norm: 0.000000000 seconds
[token:119, layer:3] 008:ffn-up-projection: 0.000187000 seconds
[token:119, layer:3] 009:ffn-swiglu: 0.000001000 seconds
[token:119, layer:3] 010:ffn-down-projection: 0.000135000 seconds
[token:119, layer:3] 102:layer-compute-total: 0.000486000 seconds
[token:119, layer:4] 002:attention-norm: 0.000001000 seconds
[token:119, layer:4] 003:qkv-projection: 0.000105000 seconds
[token:119, layer:4] 004:apply-rope: 0.000001000 seconds
[token:119, layer:4] 005:compute-attention: 0.000020000 seconds
[token:119, layer:4] 006:attention-output: 0.000036000 seconds
[token:119, layer:4] 007:ffn-norm: 0.000000000 seconds
[token:119, layer:4] 008:ffn-up-projection: 0.000187000 seconds
[token:119, layer:4] 009:ffn-swiglu: 0.000001000 seconds
[token:119, layer:4] 010:ffn-down-projection: 0.000134000 seconds
[token:119, layer:4] 102:layer-compute-total: 0.000485000 seconds
[token:119, layer:5] 002:attention-norm: 0.000000000 seconds
[token:119, layer:5] 003:qkv-projection: 0.000105000 seconds
[token:119, layer:5] 004:apply-rope: 0.000001000 seconds
[token:119, layer:5] 005:compute-attention: 0.000019000 seconds
[token:119, layer:5] 006:attention-output: 0.000035000 seconds
[token:119, layer:5] 007:ffn-norm: 0.000001000 seconds
[token:119, layer:5] 008:ffn-up-projection: 0.000189000 seconds
[token:119, layer:5] 009:ffn-swiglu: 0.000002000 seconds
[token:119, layer:5] 010:ffn-down-projection: 0.000160000 seconds
[token:119, layer:5] 102:layer-compute-total: 0.000512000 seconds
[token:119] 011:final-projection: 0.004168000 seconds
[token:119] 103:forward-compute-total: 0.007139000 seconds
[token:120] 001:embedding-lookup: 0.000000000 seconds
[token:120, layer:0] 002:attention-norm: 0.000000000 seconds
[token:120, layer:0] 003:qkv-projection: 0.000112000 seconds
[token:120, layer:0] 004:apply-rope: 0.000003000 seconds
[token:120, layer:0] 005:compute-attention: 0.000025000 seconds
[token:120, layer:0] 006:attention-output: 0.000036000 seconds
[token:120, layer:0] 007:ffn-norm: 0.000001000 seconds
[token:120, layer:0] 008:ffn-up-projection: 0.000187000 seconds
[token:120, layer:0] 009:ffn-swiglu: 0.000001000 seconds
[token:120, layer:0] 010:ffn-down-projection: 0.000138000 seconds
[token:120, layer:0] 102:layer-compute-total: 0.000503000 seconds
[token:120, layer:1] 002:attention-norm: 0.000000000 seconds
[token:120, layer:1] 003:qkv-projection: 0.000108000 seconds
[token:120, layer:1] 004:apply-rope: 0.000001000 seconds
[token:120, layer:1] 005:compute-attention: 0.000025000 seconds
[token:120, layer:1] 006:attention-output: 0.000035000 seconds
[token:120, layer:1] 007:ffn-norm: 0.000001000 seconds
[token:120, layer:1] 008:ffn-up-projection: 0.000195000 seconds
[token:120, layer:1] 009:ffn-swiglu: 0.000001000 seconds
[token:120, layer:1] 010:ffn-down-projection: 0.000134000 seconds
[token:120, layer:1] 102:layer-compute-total: 0.000500000 seconds
[token:120, layer:2] 002:attention-norm: 0.000000000 seconds
[token:120, layer:2] 003:qkv-projection: 0.000106000 seconds
[token:120, layer:2] 004:apply-rope: 0.000001000 seconds
[token:120, layer:2] 005:compute-attention: 0.000025000 seconds
[token:120, layer:2] 006:attention-output: 0.000035000 seconds
[token:120, layer:2] 007:ffn-norm: 0.000000000 seconds
[token:120, layer:2] 008:ffn-up-projection: 0.000187000 seconds
[token:120, layer:2] 009:ffn-swiglu: 0.000001000 seconds
[token:120, layer:2] 010:ffn-down-projection: 0.000134000 seconds
[token:120, layer:2] 102:layer-compute-total: 0.000489000 seconds
[token:120, layer:3] 002:attention-norm: 0.000000000 seconds
[token:120, layer:3] 003:qkv-projection: 0.000104000 seconds
[token:120, layer:3] 004:apply-rope: 0.000001000 seconds
[token:120, layer:3] 005:compute-attention: 0.000025000 seconds
[token:120, layer:3] 006:attention-output: 0.000036000 seconds
[token:120, layer:3] 007:ffn-norm: 0.000001000 seconds
[token:120, layer:3] 008:ffn-up-projection: 0.000187000 seconds
[token:120, layer:3] 009:ffn-swiglu: 0.000001000 seconds
[token:120, layer:3] 010:ffn-down-projection: 0.000133000 seconds
[token:120, layer:3] 102:layer-compute-total: 0.000488000 seconds
[token:120, layer:4] 002:attention-norm: 0.000001000 seconds
[token:120, layer:4] 003:qkv-projection: 0.000106000 seconds
[token:120, layer:4] 004:apply-rope: 0.000001000 seconds
[token:120, layer:4] 005:compute-attention: 0.000025000 seconds
[token:120, layer:4] 006:attention-output: 0.000035000 seconds
[token:120, layer:4] 007:ffn-norm: 0.000000000 seconds
[token:120, layer:4] 008:ffn-up-projection: 0.000187000 seconds
[token:120, layer:4] 009:ffn-swiglu: 0.000001000 seconds
[token:120, layer:4] 010:ffn-down-projection: 0.000134000 seconds
[token:120, layer:4] 102:layer-compute-total: 0.000490000 seconds
[token:120, layer:5] 002:attention-norm: 0.000001000 seconds
[token:120, layer:5] 003:qkv-projection: 0.000105000 seconds
[token:120, layer:5] 004:apply-rope: 0.000001000 seconds
[token:120, layer:5] 005:compute-attention: 0.000026000 seconds
[token:120, layer:5] 006:attention-output: 0.000035000 seconds
[token:120, layer:5] 007:ffn-norm: 0.000000000 seconds
[token:120, layer:5] 008:ffn-up-projection: 0.000191000 seconds
[token:120, layer:5] 009:ffn-swiglu: 0.000001000 seconds
[token:120, layer:5] 010:ffn-down-projection: 0.000133000 seconds
[token:120, layer:5] 102:layer-compute-total: 0.000493000 seconds
[token:120] 011:final-projection: 0.003960000 seconds
[token:120] 103:forward-compute-total: 0.006923000 seconds
[token:121] 001:embedding-lookup: 0.000000000 seconds
[token:121, layer:0] 002:attention-norm: 0.000000000 seconds
[token:121, layer:0] 003:qkv-projection: 0.000112000 seconds
[token:121, layer:0] 004:apply-rope: 0.000002000 seconds
[token:121, layer:0] 005:compute-attention: 0.000020000 seconds
[token:121, layer:0] 006:attention-output: 0.000035000 seconds
[token:121, layer:0] 007:ffn-norm: 0.000000000 seconds
[token:121, layer:0] 008:ffn-up-projection: 0.000187000 seconds
[token:121, layer:0] 009:ffn-swiglu: 0.000001000 seconds
[token:121, layer:0] 010:ffn-down-projection: 0.000134000 seconds
[token:121, layer:0] 102:layer-compute-total: 0.000491000 seconds
[token:121, layer:1] 002:attention-norm: 0.000000000 seconds
[token:121, layer:1] 003:qkv-projection: 0.000105000 seconds
[token:121, layer:1] 004:apply-rope: 0.000001000 seconds
[token:121, layer:1] 005:compute-attention: 0.000020000 seconds
[token:121, layer:1] 006:attention-output: 0.000035000 seconds
[token:121, layer:1] 007:ffn-norm: 0.000000000 seconds
[token:121, layer:1] 008:ffn-up-projection: 0.000187000 seconds
[token:121, layer:1] 009:ffn-swiglu: 0.000001000 seconds
[token:121, layer:1] 010:ffn-down-projection: 0.000134000 seconds
[token:121, layer:1] 102:layer-compute-total: 0.000483000 seconds
[token:121, layer:2] 002:attention-norm: 0.000001000 seconds
[token:121, layer:2] 003:qkv-projection: 0.000105000 seconds
[token:121, layer:2] 004:apply-rope: 0.000001000 seconds
[token:121, layer:2] 005:compute-attention: 0.000020000 seconds
[token:121, layer:2] 006:attention-output: 0.000036000 seconds
[token:121, layer:2] 007:ffn-norm: 0.000001000 seconds
[token:121, layer:2] 008:ffn-up-projection: 0.000191000 seconds
[token:121, layer:2] 009:ffn-swiglu: 0.000002000 seconds
[token:121, layer:2] 010:ffn-down-projection: 0.000134000 seconds
[token:121, layer:2] 102:layer-compute-total: 0.000491000 seconds
[token:121, layer:3] 002:attention-norm: 0.000001000 seconds
[token:121, layer:3] 003:qkv-projection: 0.000105000 seconds
[token:121, layer:3] 004:apply-rope: 0.000001000 seconds
[token:121, layer:3] 005:compute-attention: 0.000020000 seconds
[token:121, layer:3] 006:attention-output: 0.000035000 seconds
[token:121, layer:3] 007:ffn-norm: 0.000000000 seconds
[token:121, layer:3] 008:ffn-up-projection: 0.000187000 seconds
[token:121, layer:3] 009:ffn-swiglu: 0.000001000 seconds
[token:121, layer:3] 010:ffn-down-projection: 0.000134000 seconds
[token:121, layer:3] 102:layer-compute-total: 0.000484000 seconds
[token:121, layer:4] 002:attention-norm: 0.000001000 seconds
[token:121, layer:4] 003:qkv-projection: 0.000106000 seconds
[token:121, layer:4] 004:apply-rope: 0.000001000 seconds
[token:121, layer:4] 005:compute-attention: 0.000020000 seconds
[token:121, layer:4] 006:attention-output: 0.000035000 seconds
[token:121, layer:4] 007:ffn-norm: 0.000000000 seconds
[token:121, layer:4] 008:ffn-up-projection: 0.000187000 seconds
[token:121, layer:4] 009:ffn-swiglu: 0.000001000 seconds
[token:121, layer:4] 010:ffn-down-projection: 0.000134000 seconds
[token:121, layer:4] 102:layer-compute-total: 0.000485000 seconds
[token:121, layer:5] 002:attention-norm: 0.000000000 seconds
[token:121, layer:5] 003:qkv-projection: 0.000106000 seconds
[token:121, layer:5] 004:apply-rope: 0.000001000 seconds
[token:121, layer:5] 005:compute-attention: 0.000020000 seconds
[token:121, layer:5] 006:attention-output: 0.000035000 seconds
[token:121, layer:5] 007:ffn-norm: 0.000001000 seconds
[token:121, layer:5] 008:ffn-up-projection: 0.000186000 seconds
[token:121, layer:5] 009:ffn-swiglu: 0.000001000 seconds
[token:121, layer:5] 010:ffn-down-projection: 0.000134000 seconds
[token:121, layer:5] 102:layer-compute-total: 0.000484000 seconds
[token:121] 011:final-projection: 0.004199000 seconds
[token:121] 103:forward-compute-total: 0.007117000 seconds
[token:122] 001:embedding-lookup: 0.000000000 seconds
[token:122, layer:0] 002:attention-norm: 0.000001000 seconds
[token:122, layer:0] 003:qkv-projection: 0.000145000 seconds
[token:122, layer:0] 004:apply-rope: 0.000002000 seconds
[token:122, layer:0] 005:compute-attention: 0.000026000 seconds
[token:122, layer:0] 006:attention-output: 0.000036000 seconds
[token:122, layer:0] 007:ffn-norm: 0.000001000 seconds
[token:122, layer:0] 008:ffn-up-projection: 0.000187000 seconds
[token:122, layer:0] 009:ffn-swiglu: 0.000001000 seconds
[token:122, layer:0] 010:ffn-down-projection: 0.000135000 seconds
[token:122, layer:0] 102:layer-compute-total: 0.000534000 seconds
[token:122, layer:1] 002:attention-norm: 0.000001000 seconds
[token:122, layer:1] 003:qkv-projection: 0.000107000 seconds
[token:122, layer:1] 004:apply-rope: 0.000001000 seconds
[token:122, layer:1] 005:compute-attention: 0.000025000 seconds
[token:122, layer:1] 006:attention-output: 0.000035000 seconds
[token:122, layer:1] 007:ffn-norm: 0.000000000 seconds
[token:122, layer:1] 008:ffn-up-projection: 0.000186000 seconds
[token:122, layer:1] 009:ffn-swiglu: 0.000001000 seconds
[token:122, layer:1] 010:ffn-down-projection: 0.000134000 seconds
[token:122, layer:1] 102:layer-compute-total: 0.000490000 seconds
[token:122, layer:2] 002:attention-norm: 0.000001000 seconds
[token:122, layer:2] 003:qkv-projection: 0.000106000 seconds
[token:122, layer:2] 004:apply-rope: 0.000001000 seconds
[token:122, layer:2] 005:compute-attention: 0.000026000 seconds
[token:122, layer:2] 006:attention-output: 0.000035000 seconds
[token:122, layer:2] 007:ffn-norm: 0.000000000 seconds
[token:122, layer:2] 008:ffn-up-projection: 0.000187000 seconds
[token:122, layer:2] 009:ffn-swiglu: 0.000001000 seconds
[token:122, layer:2] 010:ffn-down-projection: 0.000137000 seconds
[token:122, layer:2] 102:layer-compute-total: 0.000494000 seconds
[token:122, layer:3] 002:attention-norm: 0.000000000 seconds
[token:122, layer:3] 003:qkv-projection: 0.000105000 seconds
[token:122, layer:3] 004:apply-rope: 0.000001000 seconds
[token:122, layer:3] 005:compute-attention: 0.000026000 seconds
[token:122, layer:3] 006:attention-output: 0.000036000 seconds
[token:122, layer:3] 007:ffn-norm: 0.000000000 seconds
[token:122, layer:3] 008:ffn-up-projection: 0.000187000 seconds
[token:122, layer:3] 009:ffn-swiglu: 0.000001000 seconds
[token:122, layer:3] 010:ffn-down-projection: 0.000134000 seconds
[token:122, layer:3] 102:layer-compute-total: 0.000490000 seconds
[token:122, layer:4] 002:attention-norm: 0.000000000 seconds
[token:122, layer:4] 003:qkv-projection: 0.000105000 seconds
[token:122, layer:4] 004:apply-rope: 0.000001000 seconds
[token:122, layer:4] 005:compute-attention: 0.000026000 seconds
[token:122, layer:4] 006:attention-output: 0.000036000 seconds
[token:122, layer:4] 007:ffn-norm: 0.000000000 seconds
[token:122, layer:4] 008:ffn-up-projection: 0.000193000 seconds
[token:122, layer:4] 009:ffn-swiglu: 0.000001000 seconds
[token:122, layer:4] 010:ffn-down-projection: 0.000139000 seconds
[token:122, layer:4] 102:layer-compute-total: 0.000501000 seconds
[token:122, layer:5] 002:attention-norm: 0.000001000 seconds
[token:122, layer:5] 003:qkv-projection: 0.000105000 seconds
[token:122, layer:5] 004:apply-rope: 0.000001000 seconds
[token:122, layer:5] 005:compute-attention: 0.000026000 seconds
[token:122, layer:5] 006:attention-output: 0.000035000 seconds
[token:122, layer:5] 007:ffn-norm: 0.000000000 seconds
[token:122, layer:5] 008:ffn-up-projection: 0.000186000 seconds
[token:122, layer:5] 009:ffn-swiglu: 0.000001000 seconds
[token:122, layer:5] 010:ffn-down-projection: 0.000135000 seconds
[token:122, layer:5] 102:layer-compute-total: 0.000490000 seconds
[token:122] 011:final-projection: 0.004019000 seconds
[token:122] 103:forward-compute-total: 0.007018000 seconds
[token:123] 001:embedding-lookup: 0.000000000 seconds
[token:123, layer:0] 002:attention-norm: 0.000000000 seconds
[token:123, layer:0] 003:qkv-projection: 0.000123000 seconds
[token:123, layer:0] 004:apply-rope: 0.000003000 seconds
[token:123, layer:0] 005:compute-attention: 0.000019000 seconds
[token:123, layer:0] 006:attention-output: 0.000039000 seconds
[token:123, layer:0] 007:ffn-norm: 0.000000000 seconds
[token:123, layer:0] 008:ffn-up-projection: 0.000202000 seconds
[token:123, layer:0] 009:ffn-swiglu: 0.000001000 seconds
[token:123, layer:0] 010:ffn-down-projection: 0.000134000 seconds
[token:123, layer:0] 102:layer-compute-total: 0.000521000 seconds
[token:123, layer:1] 002:attention-norm: 0.000000000 seconds
[token:123, layer:1] 003:qkv-projection: 0.000106000 seconds
[token:123, layer:1] 004:apply-rope: 0.000002000 seconds
[token:123, layer:1] 005:compute-attention: 0.000020000 seconds
[token:123, layer:1] 006:attention-output: 0.000038000 seconds
[token:123, layer:1] 007:ffn-norm: 0.000000000 seconds
[token:123, layer:1] 008:ffn-up-projection: 0.000189000 seconds
[token:123, layer:1] 009:ffn-swiglu: 0.000001000 seconds
[token:123, layer:1] 010:ffn-down-projection: 0.000134000 seconds
[token:123, layer:1] 102:layer-compute-total: 0.000490000 seconds
[token:123, layer:2] 002:attention-norm: 0.000000000 seconds
[token:123, layer:2] 003:qkv-projection: 0.000115000 seconds
[token:123, layer:2] 004:apply-rope: 0.000001000 seconds
[token:123, layer:2] 005:compute-attention: 0.000021000 seconds
[token:123, layer:2] 006:attention-output: 0.000035000 seconds
[token:123, layer:2] 007:ffn-norm: 0.000001000 seconds
[token:123, layer:2] 008:ffn-up-projection: 0.000187000 seconds
[token:123, layer:2] 009:ffn-swiglu: 0.000001000 seconds
[token:123, layer:2] 010:ffn-down-projection: 0.000133000 seconds
[token:123, layer:2] 102:layer-compute-total: 0.000494000 seconds
[token:123, layer:3] 002:attention-norm: 0.000000000 seconds
[token:123, layer:3] 003:qkv-projection: 0.000106000 seconds
[token:123, layer:3] 004:apply-rope: 0.000001000 seconds
[token:123, layer:3] 005:compute-attention: 0.000020000 seconds
[token:123, layer:3] 006:attention-output: 0.000035000 seconds
[token:123, layer:3] 007:ffn-norm: 0.000000000 seconds
[token:123, layer:3] 008:ffn-up-projection: 0.000187000 seconds
[token:123, layer:3] 009:ffn-swiglu: 0.000001000 seconds
[token:123, layer:3] 010:ffn-down-projection: 0.000134000 seconds
[token:123, layer:3] 102:layer-compute-total: 0.000484000 seconds
[token:123, layer:4] 002:attention-norm: 0.000000000 seconds
[token:123, layer:4] 003:qkv-projection: 0.000107000 seconds
[token:123, layer:4] 004:apply-rope: 0.000001000 seconds
[token:123, layer:4] 005:compute-attention: 0.000020000 seconds
[token:123, layer:4] 006:attention-output: 0.000035000 seconds
[token:123, layer:4] 007:ffn-norm: 0.000001000 seconds
[token:123, layer:4] 008:ffn-up-projection: 0.000187000 seconds
[token:123, layer:4] 009:ffn-swiglu: 0.000001000 seconds
[token:123, layer:4] 010:ffn-down-projection: 0.000136000 seconds
[token:123, layer:4] 102:layer-compute-total: 0.000488000 seconds
[token:123, layer:5] 002:attention-norm: 0.000000000 seconds
[token:123, layer:5] 003:qkv-projection: 0.000107000 seconds
[token:123, layer:5] 004:apply-rope: 0.000001000 seconds
[token:123, layer:5] 005:compute-attention: 0.000020000 seconds
[token:123, layer:5] 006:attention-output: 0.000035000 seconds
[token:123, layer:5] 007:ffn-norm: 0.000000000 seconds
[token:123, layer:5] 008:ffn-up-projection: 0.000187000 seconds
[token:123, layer:5] 009:ffn-swiglu: 0.000001000 seconds
[token:123, layer:5] 010:ffn-down-projection: 0.000134000 seconds
[token:123, layer:5] 102:layer-compute-total: 0.000485000 seconds
[token:123] 011:final-projection: 0.003970000 seconds
[token:123] 103:forward-compute-total: 0.006932000 seconds
[token:124] 001:embedding-lookup: 0.000001000 seconds
[token:124, layer:0] 002:attention-norm: 0.000000000 seconds
[token:124, layer:0] 003:qkv-projection: 0.000110000 seconds
[token:124, layer:0] 004:apply-rope: 0.000002000 seconds
[token:124, layer:0] 005:compute-attention: 0.000022000 seconds
[token:124, layer:0] 006:attention-output: 0.000037000 seconds
[token:124, layer:0] 007:ffn-norm: 0.000000000 seconds
[token:124, layer:0] 008:ffn-up-projection: 0.000197000 seconds
[token:124, layer:0] 009:ffn-swiglu: 0.000001000 seconds
[token:124, layer:0] 010:ffn-down-projection: 0.000139000 seconds
[token:124, layer:0] 102:layer-compute-total: 0.000508000 seconds
[token:124, layer:1] 002:attention-norm: 0.000000000 seconds
[token:124, layer:1] 003:qkv-projection: 0.000126000 seconds
[token:124, layer:1] 004:apply-rope: 0.000001000 seconds
[token:124, layer:1] 005:compute-attention: 0.000027000 seconds
[token:124, layer:1] 006:attention-output: 0.000037000 seconds
[token:124, layer:1] 007:ffn-norm: 0.000000000 seconds
[token:124, layer:1] 008:ffn-up-projection: 0.000192000 seconds
[token:124, layer:1] 009:ffn-swiglu: 0.000001000 seconds
[token:124, layer:1] 010:ffn-down-projection: 0.000136000 seconds
[token:124, layer:1] 102:layer-compute-total: 0.000520000 seconds
[token:124, layer:2] 002:attention-norm: 0.000000000 seconds
[token:124, layer:2] 003:qkv-projection: 0.000107000 seconds
[token:124, layer:2] 004:apply-rope: 0.000001000 seconds
[token:124, layer:2] 005:compute-attention: 0.000025000 seconds
[token:124, layer:2] 006:attention-output: 0.000035000 seconds
[token:124, layer:2] 007:ffn-norm: 0.000000000 seconds
[token:124, layer:2] 008:ffn-up-projection: 0.000192000 seconds
[token:124, layer:2] 009:ffn-swiglu: 0.000001000 seconds
[token:124, layer:2] 010:ffn-down-projection: 0.000136000 seconds
[token:124, layer:2] 102:layer-compute-total: 0.000497000 seconds
[token:124, layer:3] 002:attention-norm: 0.000000000 seconds
[token:124, layer:3] 003:qkv-projection: 0.000106000 seconds
[token:124, layer:3] 004:apply-rope: 0.000001000 seconds
[token:124, layer:3] 005:compute-attention: 0.000025000 seconds
[token:124, layer:3] 006:attention-output: 0.000036000 seconds
[token:124, layer:3] 007:ffn-norm: 0.000000000 seconds
[token:124, layer:3] 008:ffn-up-projection: 0.000210000 seconds
[token:124, layer:3] 009:ffn-swiglu: 0.000002000 seconds
[token:124, layer:3] 010:ffn-down-projection: 0.000153000 seconds
[token:124, layer:3] 102:layer-compute-total: 0.000533000 seconds
[token:124, layer:4] 002:attention-norm: 0.000000000 seconds
[token:124, layer:4] 003:qkv-projection: 0.000111000 seconds
[token:124, layer:4] 004:apply-rope: 0.000001000 seconds
[token:124, layer:4] 005:compute-attention: 0.000027000 seconds
[token:124, layer:4] 006:attention-output: 0.000042000 seconds
[token:124, layer:4] 007:ffn-norm: 0.000001000 seconds
[token:124, layer:4] 008:ffn-up-projection: 0.000203000 seconds
[token:124, layer:4] 009:ffn-swiglu: 0.000001000 seconds
[token:124, layer:4] 010:ffn-down-projection: 0.000132000 seconds
[token:124, layer:4] 102:layer-compute-total: 0.000518000 seconds
[token:124, layer:5] 002:attention-norm: 0.000000000 seconds
[token:124, layer:5] 003:qkv-projection: 0.000109000 seconds
[token:124, layer:5] 004:apply-rope: 0.000002000 seconds
[token:124, layer:5] 005:compute-attention: 0.000028000 seconds
[token:124, layer:5] 006:attention-output: 0.000035000 seconds
[token:124, layer:5] 007:ffn-norm: 0.000001000 seconds
[token:124, layer:5] 008:ffn-up-projection: 0.000190000 seconds
[token:124, layer:5] 009:ffn-swiglu: 0.000001000 seconds
[token:124, layer:5] 010:ffn-down-projection: 0.000133000 seconds
[token:124, layer:5] 102:layer-compute-total: 0.000499000 seconds
[token:124] 011:final-projection: 0.003962000 seconds
[token:124] 103:forward-compute-total: 0.007038000 seconds
[token:125] 001:embedding-lookup: 0.000001000 seconds
[token:125, layer:0] 002:attention-norm: 0.000000000 seconds
[token:125, layer:0] 003:qkv-projection: 0.000112000 seconds
[token:125, layer:0] 004:apply-rope: 0.000002000 seconds
[token:125, layer:0] 005:compute-attention: 0.000026000 seconds
[token:125, layer:0] 006:attention-output: 0.000035000 seconds
[token:125, layer:0] 007:ffn-norm: 0.000000000 seconds
[token:125, layer:0] 008:ffn-up-projection: 0.000187000 seconds
[token:125, layer:0] 009:ffn-swiglu: 0.000001000 seconds
[token:125, layer:0] 010:ffn-down-projection: 0.000144000 seconds
[token:125, layer:0] 102:layer-compute-total: 0.000507000 seconds
[token:125, layer:1] 002:attention-norm: 0.000000000 seconds
[token:125, layer:1] 003:qkv-projection: 0.000106000 seconds
[token:125, layer:1] 004:apply-rope: 0.000001000 seconds
[token:125, layer:1] 005:compute-attention: 0.000024000 seconds
[token:125, layer:1] 006:attention-output: 0.000035000 seconds
[token:125, layer:1] 007:ffn-norm: 0.000000000 seconds
[token:125, layer:1] 008:ffn-up-projection: 0.000186000 seconds
[token:125, layer:1] 009:ffn-swiglu: 0.000001000 seconds
[token:125, layer:1] 010:ffn-down-projection: 0.000133000 seconds
[token:125, layer:1] 102:layer-compute-total: 0.000486000 seconds
[token:125, layer:2] 002:attention-norm: 0.000000000 seconds
[token:125, layer:2] 003:qkv-projection: 0.000105000 seconds
[token:125, layer:2] 004:apply-rope: 0.000001000 seconds
[token:125, layer:2] 005:compute-attention: 0.000025000 seconds
[token:125, layer:2] 006:attention-output: 0.000035000 seconds
[token:125, layer:2] 007:ffn-norm: 0.000000000 seconds
[token:125, layer:2] 008:ffn-up-projection: 0.000187000 seconds
[token:125, layer:2] 009:ffn-swiglu: 0.000001000 seconds
[token:125, layer:2] 010:ffn-down-projection: 0.000134000 seconds
[token:125, layer:2] 102:layer-compute-total: 0.000488000 seconds
[token:125, layer:3] 002:attention-norm: 0.000000000 seconds
[token:125, layer:3] 003:qkv-projection: 0.000105000 seconds
[token:125, layer:3] 004:apply-rope: 0.000002000 seconds
[token:125, layer:3] 005:compute-attention: 0.000023000 seconds
[token:125, layer:3] 006:attention-output: 0.000036000 seconds
[token:125, layer:3] 007:ffn-norm: 0.000000000 seconds
[token:125, layer:3] 008:ffn-up-projection: 0.000186000 seconds
[token:125, layer:3] 009:ffn-swiglu: 0.000001000 seconds
[token:125, layer:3] 010:ffn-down-projection: 0.000142000 seconds
[token:125, layer:3] 102:layer-compute-total: 0.000495000 seconds
[token:125, layer:4] 002:attention-norm: 0.000000000 seconds
[token:125, layer:4] 003:qkv-projection: 0.000106000 seconds
[token:125, layer:4] 004:apply-rope: 0.000001000 seconds
[token:125, layer:4] 005:compute-attention: 0.000023000 seconds
[token:125, layer:4] 006:attention-output: 0.000035000 seconds
[token:125, layer:4] 007:ffn-norm: 0.000000000 seconds
[token:125, layer:4] 008:ffn-up-projection: 0.000187000 seconds
[token:125, layer:4] 009:ffn-swiglu: 0.000002000 seconds
[token:125, layer:4] 010:ffn-down-projection: 0.000133000 seconds
[token:125, layer:4] 102:layer-compute-total: 0.000487000 seconds
[token:125, layer:5] 002:attention-norm: 0.000000000 seconds
[token:125, layer:5] 003:qkv-projection: 0.000112000 seconds
[token:125, layer:5] 004:apply-rope: 0.000001000 seconds
[token:125, layer:5] 005:compute-attention: 0.000023000 seconds
[token:125, layer:5] 006:attention-output: 0.000039000 seconds
[token:125, layer:5] 007:ffn-norm: 0.000000000 seconds
[token:125, layer:5] 008:ffn-up-projection: 0.000190000 seconds
[token:125, layer:5] 009:ffn-swiglu: 0.000001000 seconds
[token:125, layer:5] 010:ffn-down-projection: 0.000134000 seconds
[token:125, layer:5] 102:layer-compute-total: 0.000500000 seconds
[token:125] 011:final-projection: 0.003978000 seconds
[token:125] 103:forward-compute-total: 0.006942000 seconds
[token:126] 001:embedding-lookup: 0.000000000 seconds
[token:126, layer:0] 002:attention-norm: 0.000000000 seconds
[token:126, layer:0] 003:qkv-projection: 0.000132000 seconds
[token:126, layer:0] 004:apply-rope: 0.000001000 seconds
[token:126, layer:0] 005:compute-attention: 0.000023000 seconds
[token:126, layer:0] 006:attention-output: 0.000036000 seconds
[token:126, layer:0] 007:ffn-norm: 0.000000000 seconds
[token:126, layer:0] 008:ffn-up-projection: 0.000203000 seconds
[token:126, layer:0] 009:ffn-swiglu: 0.000001000 seconds
[token:126, layer:0] 010:ffn-down-projection: 0.000139000 seconds
[token:126, layer:0] 102:layer-compute-total: 0.000535000 seconds
[token:126, layer:1] 002:attention-norm: 0.000000000 seconds
[token:126, layer:1] 003:qkv-projection: 0.000109000 seconds
[token:126, layer:1] 004:apply-rope: 0.000002000 seconds
[token:126, layer:1] 005:compute-attention: 0.000023000 seconds
[token:126, layer:1] 006:attention-output: 0.000036000 seconds
[token:126, layer:1] 007:ffn-norm: 0.000000000 seconds
[token:126, layer:1] 008:ffn-up-projection: 0.000191000 seconds
[token:126, layer:1] 009:ffn-swiglu: 0.000001000 seconds
[token:126, layer:1] 010:ffn-down-projection: 0.000135000 seconds
[token:126, layer:1] 102:layer-compute-total: 0.000497000 seconds
[token:126, layer:2] 002:attention-norm: 0.000000000 seconds
[token:126, layer:2] 003:qkv-projection: 0.000110000 seconds
[token:126, layer:2] 004:apply-rope: 0.000001000 seconds
[token:126, layer:2] 005:compute-attention: 0.000025000 seconds
[token:126, layer:2] 006:attention-output: 0.000036000 seconds
[token:126, layer:2] 007:ffn-norm: 0.000000000 seconds
[token:126, layer:2] 008:ffn-up-projection: 0.000303000 seconds
[token:126, layer:2] 009:ffn-swiglu: 0.000001000 seconds
[token:126, layer:2] 010:ffn-down-projection: 0.000292000 seconds
[token:126, layer:2] 102:layer-compute-total: 0.000768000 seconds
[token:126, layer:3] 002:attention-norm: 0.000001000 seconds
[token:126, layer:3] 003:qkv-projection: 0.000196000 seconds
[token:126, layer:3] 004:apply-rope: 0.000001000 seconds
[token:126, layer:3] 005:compute-attention: 0.000031000 seconds
[token:126, layer:3] 006:attention-output: 0.000075000 seconds
[token:126, layer:3] 007:ffn-norm: 0.000000000 seconds
[token:126, layer:3] 008:ffn-up-projection: 0.000218000 seconds
[token:126, layer:3] 009:ffn-swiglu: 0.000001000 seconds
[token:126, layer:3] 010:ffn-down-projection: 0.000141000 seconds
[token:126, layer:3] 102:layer-compute-total: 0.000664000 seconds
[token:126, layer:4] 002:attention-norm: 0.000001000 seconds
[token:126, layer:4] 003:qkv-projection: 0.000110000 seconds
[token:126, layer:4] 004:apply-rope: 0.000001000 seconds
[token:126, layer:4] 005:compute-attention: 0.000031000 seconds
[token:126, layer:4] 006:attention-output: 0.000036000 seconds
[token:126, layer:4] 007:ffn-norm: 0.000000000 seconds
[token:126, layer:4] 008:ffn-up-projection: 0.000191000 seconds
[token:126, layer:4] 009:ffn-swiglu: 0.000001000 seconds
[token:126, layer:4] 010:ffn-down-projection: 0.000136000 seconds
[token:126, layer:4] 102:layer-compute-total: 0.000507000 seconds
[token:126, layer:5] 002:attention-norm: 0.000000000 seconds
[token:126, layer:5] 003:qkv-projection: 0.000107000 seconds
[token:126, layer:5] 004:apply-rope: 0.000001000 seconds
[token:126, layer:5] 005:compute-attention: 0.000027000 seconds
[token:126, layer:5] 006:attention-output: 0.000036000 seconds
[token:126, layer:5] 007:ffn-norm: 0.000000000 seconds
[token:126, layer:5] 008:ffn-up-projection: 0.000193000 seconds
[token:126, layer:5] 009:ffn-swiglu: 0.000001000 seconds
[token:126, layer:5] 010:ffn-down-projection: 0.000135000 seconds
[token:126, layer:5] 102:layer-compute-total: 0.000500000 seconds
[token:126] 011:final-projection: 0.004074000 seconds
[token:126] 103:forward-compute-total: 0.007545000 seconds
[token:127] 001:embedding-lookup: 0.000000000 seconds
[token:127, layer:0] 002:attention-norm: 0.000001000 seconds
[token:127, layer:0] 003:qkv-projection: 0.000111000 seconds
[token:127, layer:0] 004:apply-rope: 0.000002000 seconds
[token:127, layer:0] 005:compute-attention: 0.000031000 seconds
[token:127, layer:0] 006:attention-output: 0.000036000 seconds
[token:127, layer:0] 007:ffn-norm: 0.000000000 seconds
[token:127, layer:0] 008:ffn-up-projection: 0.000187000 seconds
[token:127, layer:0] 009:ffn-swiglu: 0.000001000 seconds
[token:127, layer:0] 010:ffn-down-projection: 0.000134000 seconds
[token:127, layer:0] 102:layer-compute-total: 0.000503000 seconds
[token:127, layer:1] 002:attention-norm: 0.000000000 seconds
[token:127, layer:1] 003:qkv-projection: 0.000105000 seconds
[token:127, layer:1] 004:apply-rope: 0.000001000 seconds
[token:127, layer:1] 005:compute-attention: 0.000029000 seconds
[token:127, layer:1] 006:attention-output: 0.000035000 seconds
[token:127, layer:1] 007:ffn-norm: 0.000000000 seconds
[token:127, layer:1] 008:ffn-up-projection: 0.000186000 seconds
[token:127, layer:1] 009:ffn-swiglu: 0.000001000 seconds
[token:127, layer:1] 010:ffn-down-projection: 0.000134000 seconds
[token:127, layer:1] 102:layer-compute-total: 0.000491000 seconds
[token:127, layer:2] 002:attention-norm: 0.000001000 seconds
[token:127, layer:2] 003:qkv-projection: 0.000106000 seconds
[token:127, layer:2] 004:apply-rope: 0.000001000 seconds
[token:127, layer:2] 005:compute-attention: 0.000028000 seconds
[token:127, layer:2] 006:attention-output: 0.000035000 seconds
[token:127, layer:2] 007:ffn-norm: 0.000000000 seconds
[token:127, layer:2] 008:ffn-up-projection: 0.000187000 seconds
[token:127, layer:2] 009:ffn-swiglu: 0.000002000 seconds
[token:127, layer:2] 010:ffn-down-projection: 0.000134000 seconds
[token:127, layer:2] 102:layer-compute-total: 0.000494000 seconds
[token:127, layer:3] 002:attention-norm: 0.000001000 seconds
[token:127, layer:3] 003:qkv-projection: 0.000105000 seconds
[token:127, layer:3] 004:apply-rope: 0.000001000 seconds
[token:127, layer:3] 005:compute-attention: 0.000027000 seconds
[token:127, layer:3] 006:attention-output: 0.000035000 seconds
[token:127, layer:3] 007:ffn-norm: 0.000000000 seconds
[token:127, layer:3] 008:ffn-up-projection: 0.000187000 seconds
[token:127, layer:3] 009:ffn-swiglu: 0.000001000 seconds
[token:127, layer:3] 010:ffn-down-projection: 0.000133000 seconds
[token:127, layer:3] 102:layer-compute-total: 0.000490000 seconds
[token:127, layer:4] 002:attention-norm: 0.000000000 seconds
[token:127, layer:4] 003:qkv-projection: 0.000106000 seconds
[token:127, layer:4] 004:apply-rope: 0.000001000 seconds
[token:127, layer:4] 005:compute-attention: 0.000025000 seconds
[token:127, layer:4] 006:attention-output: 0.000035000 seconds
[token:127, layer:4] 007:ffn-norm: 0.000000000 seconds
[token:127, layer:4] 008:ffn-up-projection: 0.000187000 seconds
[token:127, layer:4] 009:ffn-swiglu: 0.000001000 seconds
[token:127, layer:4] 010:ffn-down-projection: 0.000133000 seconds
[token:127, layer:4] 102:layer-compute-total: 0.000488000 seconds
[token:127, layer:5] 002:attention-norm: 0.000000000 seconds
[token:127, layer:5] 003:qkv-projection: 0.000105000 seconds
[token:127, layer:5] 004:apply-rope: 0.000001000 seconds
[token:127, layer:5] 005:compute-attention: 0.000024000 seconds
[token:127, layer:5] 006:attention-output: 0.000035000 seconds
[token:127, layer:5] 007:ffn-norm: 0.000001000 seconds
[token:127, layer:5] 008:ffn-up-projection: 0.000187000 seconds
[token:127, layer:5] 009:ffn-swiglu: 0.000001000 seconds
[token:127, layer:5] 010:ffn-down-projection: 0.000134000 seconds
[token:127, layer:5] 102:layer-compute-total: 0.000488000 seconds
[token:127] 011:final-projection: 0.003965000 seconds
[token:127] 103:forward-compute-total: 0.006919000 seconds
[token:128] 001:embedding-lookup: 0.000000000 seconds
[token:128, layer:0] 002:attention-norm: 0.000001000 seconds
[token:128, layer:0] 003:qkv-projection: 0.000115000 seconds
[token:128, layer:0] 004:apply-rope: 0.000002000 seconds
[token:128, layer:0] 005:compute-attention: 0.000019000 seconds
[token:128, layer:0] 006:attention-output: 0.000035000 seconds
[token:128, layer:0] 007:ffn-norm: 0.000000000 seconds
[token:128, layer:0] 008:ffn-up-projection: 0.000187000 seconds
[token:128, layer:0] 009:ffn-swiglu: 0.000001000 seconds
[token:128, layer:0] 010:ffn-down-projection: 0.000143000 seconds
[token:128, layer:0] 102:layer-compute-total: 0.000503000 seconds
[token:128, layer:1] 002:attention-norm: 0.000001000 seconds
[token:128, layer:1] 003:qkv-projection: 0.000107000 seconds
[token:128, layer:1] 004:apply-rope: 0.000001000 seconds
[token:128, layer:1] 005:compute-attention: 0.000020000 seconds
[token:128, layer:1] 006:attention-output: 0.000035000 seconds
[token:128, layer:1] 007:ffn-norm: 0.000000000 seconds
[token:128, layer:1] 008:ffn-up-projection: 0.000187000 seconds
[token:128, layer:1] 009:ffn-swiglu: 0.000001000 seconds
[token:128, layer:1] 010:ffn-down-projection: 0.000134000 seconds
[token:128, layer:1] 102:layer-compute-total: 0.000486000 seconds
[token:128, layer:2] 002:attention-norm: 0.000000000 seconds
[token:128, layer:2] 003:qkv-projection: 0.000107000 seconds
[token:128, layer:2] 004:apply-rope: 0.000001000 seconds
[token:128, layer:2] 005:compute-attention: 0.000020000 seconds
[token:128, layer:2] 006:attention-output: 0.000035000 seconds
[token:128, layer:2] 007:ffn-norm: 0.000000000 seconds
[token:128, layer:2] 008:ffn-up-projection: 0.000189000 seconds
[token:128, layer:2] 009:ffn-swiglu: 0.000001000 seconds
[token:128, layer:2] 010:ffn-down-projection: 0.000136000 seconds
[token:128, layer:2] 102:layer-compute-total: 0.000489000 seconds
[token:128, layer:3] 002:attention-norm: 0.000000000 seconds
[token:128, layer:3] 003:qkv-projection: 0.000107000 seconds
[token:128, layer:3] 004:apply-rope: 0.000002000 seconds
[token:128, layer:3] 005:compute-attention: 0.000019000 seconds
[token:128, layer:3] 006:attention-output: 0.000036000 seconds
[token:128, layer:3] 007:ffn-norm: 0.000001000 seconds
[token:128, layer:3] 008:ffn-up-projection: 0.000188000 seconds
[token:128, layer:3] 009:ffn-swiglu: 0.000001000 seconds
[token:128, layer:3] 010:ffn-down-projection: 0.000134000 seconds
[token:128, layer:3] 102:layer-compute-total: 0.000488000 seconds
[token:128, layer:4] 002:attention-norm: 0.000000000 seconds
[token:128, layer:4] 003:qkv-projection: 0.000107000 seconds
[token:128, layer:4] 004:apply-rope: 0.000002000 seconds
[token:128, layer:4] 005:compute-attention: 0.000019000 seconds
[token:128, layer:4] 006:attention-output: 0.000035000 seconds
[token:128, layer:4] 007:ffn-norm: 0.000000000 seconds
[token:128, layer:4] 008:ffn-up-projection: 0.000202000 seconds
[token:128, layer:4] 009:ffn-swiglu: 0.000001000 seconds
[token:128, layer:4] 010:ffn-down-projection: 0.000172000 seconds
[token:128, layer:4] 102:layer-compute-total: 0.000538000 seconds
[token:128, layer:5] 002:attention-norm: 0.000000000 seconds
[token:128, layer:5] 003:qkv-projection: 0.000122000 seconds
[token:128, layer:5] 004:apply-rope: 0.000001000 seconds
[token:128, layer:5] 005:compute-attention: 0.000022000 seconds
[token:128, layer:5] 006:attention-output: 0.000055000 seconds
[token:128, layer:5] 007:ffn-norm: 0.000000000 seconds
[token:128, layer:5] 008:ffn-up-projection: 0.000209000 seconds
[token:128, layer:5] 009:ffn-swiglu: 0.000001000 seconds
[token:128, layer:5] 010:ffn-down-projection: 0.000139000 seconds
[token:128, layer:5] 102:layer-compute-total: 0.000549000 seconds
[token:128] 011:final-projection: 0.004103000 seconds
[token:128] 103:forward-compute-total: 0.007156000 seconds
[token:129] 001:embedding-lookup: 0.000001000 seconds
[token:129, layer:0] 002:attention-norm: 0.000000000 seconds
[token:129, layer:0] 003:qkv-projection: 0.000111000 seconds
[token:129, layer:0] 004:apply-rope: 0.000002000 seconds
[token:129, layer:0] 005:compute-attention: 0.000027000 seconds
[token:129, layer:0] 006:attention-output: 0.000035000 seconds
[token:129, layer:0] 007:ffn-norm: 0.000001000 seconds
[token:129, layer:0] 008:ffn-up-projection: 0.000199000 seconds
[token:129, layer:0] 009:ffn-swiglu: 0.000001000 seconds
[token:129, layer:0] 010:ffn-down-projection: 0.000134000 seconds
[token:129, layer:0] 102:layer-compute-total: 0.000510000 seconds
[token:129, layer:1] 002:attention-norm: 0.000000000 seconds
[token:129, layer:1] 003:qkv-projection: 0.000105000 seconds
[token:129, layer:1] 004:apply-rope: 0.000001000 seconds
[token:129, layer:1] 005:compute-attention: 0.000028000 seconds
[token:129, layer:1] 006:attention-output: 0.000035000 seconds
[token:129, layer:1] 007:ffn-norm: 0.000001000 seconds
[token:129, layer:1] 008:ffn-up-projection: 0.000190000 seconds
[token:129, layer:1] 009:ffn-swiglu: 0.000002000 seconds
[token:129, layer:1] 010:ffn-down-projection: 0.000140000 seconds
[token:129, layer:1] 102:layer-compute-total: 0.000502000 seconds
[token:129, layer:2] 002:attention-norm: 0.000000000 seconds
[token:129, layer:2] 003:qkv-projection: 0.000105000 seconds
[token:129, layer:2] 004:apply-rope: 0.000002000 seconds
[token:129, layer:2] 005:compute-attention: 0.000028000 seconds
[token:129, layer:2] 006:attention-output: 0.000035000 seconds
[token:129, layer:2] 007:ffn-norm: 0.000000000 seconds
[token:129, layer:2] 008:ffn-up-projection: 0.000187000 seconds
[token:129, layer:2] 009:ffn-swiglu: 0.000001000 seconds
[token:129, layer:2] 010:ffn-down-projection: 0.000133000 seconds
[token:129, layer:2] 102:layer-compute-total: 0.000491000 seconds
[token:129, layer:3] 002:attention-norm: 0.000000000 seconds
[token:129, layer:3] 003:qkv-projection: 0.000105000 seconds
[token:129, layer:3] 004:apply-rope: 0.000002000 seconds
[token:129, layer:3] 005:compute-attention: 0.000027000 seconds
[token:129, layer:3] 006:attention-output: 0.000035000 seconds
[token:129, layer:3] 007:ffn-norm: 0.000001000 seconds
[token:129, layer:3] 008:ffn-up-projection: 0.000187000 seconds
[token:129, layer:3] 009:ffn-swiglu: 0.000002000 seconds
[token:129, layer:3] 010:ffn-down-projection: 0.000137000 seconds
[token:129, layer:3] 102:layer-compute-total: 0.000496000 seconds
[token:129, layer:4] 002:attention-norm: 0.000000000 seconds
[token:129, layer:4] 003:qkv-projection: 0.000106000 seconds
[token:129, layer:4] 004:apply-rope: 0.000002000 seconds
[token:129, layer:4] 005:compute-attention: 0.000028000 seconds
[token:129, layer:4] 006:attention-output: 0.000035000 seconds
[token:129, layer:4] 007:ffn-norm: 0.000001000 seconds
[token:129, layer:4] 008:ffn-up-projection: 0.000190000 seconds
[token:129, layer:4] 009:ffn-swiglu: 0.000001000 seconds
[token:129, layer:4] 010:ffn-down-projection: 0.000137000 seconds
[token:129, layer:4] 102:layer-compute-total: 0.000500000 seconds
[token:129, layer:5] 002:attention-norm: 0.000000000 seconds
[token:129, layer:5] 003:qkv-projection: 0.000105000 seconds
[token:129, layer:5] 004:apply-rope: 0.000001000 seconds
[token:129, layer:5] 005:compute-attention: 0.000026000 seconds
[token:129, layer:5] 006:attention-output: 0.000035000 seconds
[token:129, layer:5] 007:ffn-norm: 0.000000000 seconds
[token:129, layer:5] 008:ffn-up-projection: 0.000187000 seconds
[token:129, layer:5] 009:ffn-swiglu: 0.000002000 seconds
[token:129, layer:5] 010:ffn-down-projection: 0.000134000 seconds
[token:129, layer:5] 102:layer-compute-total: 0.000490000 seconds
[token:129] 011:final-projection: 0.003976000 seconds
[token:129] 103:forward-compute-total: 0.006966000 seconds
[token:130] 001:embedding-lookup: 0.000001000 seconds
[token:130, layer:0] 002:attention-norm: 0.000000000 seconds
[token:130, layer:0] 003:qkv-projection: 0.000112000 seconds
[token:130, layer:0] 004:apply-rope: 0.000001000 seconds
[token:130, layer:0] 005:compute-attention: 0.000021000 seconds
[token:130, layer:0] 006:attention-output: 0.000035000 seconds
[token:130, layer:0] 007:ffn-norm: 0.000001000 seconds
[token:130, layer:0] 008:ffn-up-projection: 0.000187000 seconds
[token:130, layer:0] 009:ffn-swiglu: 0.000001000 seconds
[token:130, layer:0] 010:ffn-down-projection: 0.000134000 seconds
[token:130, layer:0] 102:layer-compute-total: 0.000492000 seconds
[token:130, layer:1] 002:attention-norm: 0.000000000 seconds
[token:130, layer:1] 003:qkv-projection: 0.000106000 seconds
[token:130, layer:1] 004:apply-rope: 0.000002000 seconds
[token:130, layer:1] 005:compute-attention: 0.000022000 seconds
[token:130, layer:1] 006:attention-output: 0.000035000 seconds
[token:130, layer:1] 007:ffn-norm: 0.000001000 seconds
[token:130, layer:1] 008:ffn-up-projection: 0.000189000 seconds
[token:130, layer:1] 009:ffn-swiglu: 0.000001000 seconds
[token:130, layer:1] 010:ffn-down-projection: 0.000134000 seconds
[token:130, layer:1] 102:layer-compute-total: 0.000490000 seconds
[token:130, layer:2] 002:attention-norm: 0.000000000 seconds
[token:130, layer:2] 003:qkv-projection: 0.000106000 seconds
[token:130, layer:2] 004:apply-rope: 0.000001000 seconds
[token:130, layer:2] 005:compute-attention: 0.000020000 seconds
[token:130, layer:2] 006:attention-output: 0.000035000 seconds
[token:130, layer:2] 007:ffn-norm: 0.000000000 seconds
[token:130, layer:2] 008:ffn-up-projection: 0.000187000 seconds
[token:130, layer:2] 009:ffn-swiglu: 0.000001000 seconds
[token:130, layer:2] 010:ffn-down-projection: 0.000134000 seconds
[token:130, layer:2] 102:layer-compute-total: 0.000484000 seconds
[token:130, layer:3] 002:attention-norm: 0.000000000 seconds
[token:130, layer:3] 003:qkv-projection: 0.000105000 seconds
[token:130, layer:3] 004:apply-rope: 0.000001000 seconds
[token:130, layer:3] 005:compute-attention: 0.000020000 seconds
[token:130, layer:3] 006:attention-output: 0.000035000 seconds
[token:130, layer:3] 007:ffn-norm: 0.000000000 seconds
[token:130, layer:3] 008:ffn-up-projection: 0.000187000 seconds
[token:130, layer:3] 009:ffn-swiglu: 0.000001000 seconds
[token:130, layer:3] 010:ffn-down-projection: 0.000134000 seconds
[token:130, layer:3] 102:layer-compute-total: 0.000483000 seconds
[token:130, layer:4] 002:attention-norm: 0.000001000 seconds
[token:130, layer:4] 003:qkv-projection: 0.000105000 seconds
[token:130, layer:4] 004:apply-rope: 0.000002000 seconds
[token:130, layer:4] 005:compute-attention: 0.000020000 seconds
[token:130, layer:4] 006:attention-output: 0.000036000 seconds
[token:130, layer:4] 007:ffn-norm: 0.000001000 seconds
[token:130, layer:4] 008:ffn-up-projection: 0.000187000 seconds
[token:130, layer:4] 009:ffn-swiglu: 0.000001000 seconds
[token:130, layer:4] 010:ffn-down-projection: 0.000134000 seconds
[token:130, layer:4] 102:layer-compute-total: 0.000487000 seconds
[token:130, layer:5] 002:attention-norm: 0.000000000 seconds
[token:130, layer:5] 003:qkv-projection: 0.000109000 seconds
[token:130, layer:5] 004:apply-rope: 0.000001000 seconds
[token:130, layer:5] 005:compute-attention: 0.000021000 seconds
[token:130, layer:5] 006:attention-output: 0.000035000 seconds
[token:130, layer:5] 007:ffn-norm: 0.000000000 seconds
[token:130, layer:5] 008:ffn-up-projection: 0.000187000 seconds
[token:130, layer:5] 009:ffn-swiglu: 0.000001000 seconds
[token:130, layer:5] 010:ffn-down-projection: 0.000137000 seconds
[token:130, layer:5] 102:layer-compute-total: 0.000491000 seconds
[token:130] 011:final-projection: 0.004152000 seconds
[token:130] 103:forward-compute-total: 0.007080000 seconds
[token:131] 001:embedding-lookup: 0.000001000 seconds
[token:131, layer:0] 002:attention-norm: 0.000001000 seconds
[token:131, layer:0] 003:qkv-projection: 0.000112000 seconds
[token:131, layer:0] 004:apply-rope: 0.000002000 seconds
[token:131, layer:0] 005:compute-attention: 0.000026000 seconds
[token:131, layer:0] 006:attention-output: 0.000036000 seconds
[token:131, layer:0] 007:ffn-norm: 0.000001000 seconds
[token:131, layer:0] 008:ffn-up-projection: 0.000187000 seconds
[token:131, layer:0] 009:ffn-swiglu: 0.000001000 seconds
[token:131, layer:0] 010:ffn-down-projection: 0.000134000 seconds
[token:131, layer:0] 102:layer-compute-total: 0.000500000 seconds
[token:131, layer:1] 002:attention-norm: 0.000000000 seconds
[token:131, layer:1] 003:qkv-projection: 0.000105000 seconds
[token:131, layer:1] 004:apply-rope: 0.000002000 seconds
[token:131, layer:1] 005:compute-attention: 0.000028000 seconds
[token:131, layer:1] 006:attention-output: 0.000035000 seconds
[token:131, layer:1] 007:ffn-norm: 0.000000000 seconds
[token:131, layer:1] 008:ffn-up-projection: 0.000197000 seconds
[token:131, layer:1] 009:ffn-swiglu: 0.000001000 seconds
[token:131, layer:1] 010:ffn-down-projection: 0.000138000 seconds
[token:131, layer:1] 102:layer-compute-total: 0.000506000 seconds
[token:131, layer:2] 002:attention-norm: 0.000000000 seconds
[token:131, layer:2] 003:qkv-projection: 0.000108000 seconds
[token:131, layer:2] 004:apply-rope: 0.000001000 seconds
[token:131, layer:2] 005:compute-attention: 0.000028000 seconds
[token:131, layer:2] 006:attention-output: 0.000035000 seconds
[token:131, layer:2] 007:ffn-norm: 0.000000000 seconds
[token:131, layer:2] 008:ffn-up-projection: 0.000190000 seconds
[token:131, layer:2] 009:ffn-swiglu: 0.000001000 seconds
[token:131, layer:2] 010:ffn-down-projection: 0.000135000 seconds
[token:131, layer:2] 102:layer-compute-total: 0.000498000 seconds
[token:131, layer:3] 002:attention-norm: 0.000000000 seconds
[token:131, layer:3] 003:qkv-projection: 0.000105000 seconds
[token:131, layer:3] 004:apply-rope: 0.000001000 seconds
[token:131, layer:3] 005:compute-attention: 0.000026000 seconds
[token:131, layer:3] 006:attention-output: 0.000035000 seconds
[token:131, layer:3] 007:ffn-norm: 0.000000000 seconds
[token:131, layer:3] 008:ffn-up-projection: 0.000197000 seconds
[token:131, layer:3] 009:ffn-swiglu: 0.000001000 seconds
[token:131, layer:3] 010:ffn-down-projection: 0.000134000 seconds
[token:131, layer:3] 102:layer-compute-total: 0.000499000 seconds
[token:131, layer:4] 002:attention-norm: 0.000000000 seconds
[token:131, layer:4] 003:qkv-projection: 0.000105000 seconds
[token:131, layer:4] 004:apply-rope: 0.000001000 seconds
[token:131, layer:4] 005:compute-attention: 0.000027000 seconds
[token:131, layer:4] 006:attention-output: 0.000035000 seconds
[token:131, layer:4] 007:ffn-norm: 0.000001000 seconds
[token:131, layer:4] 008:ffn-up-projection: 0.000187000 seconds
[token:131, layer:4] 009:ffn-swiglu: 0.000001000 seconds
[token:131, layer:4] 010:ffn-down-projection: 0.000133000 seconds
[token:131, layer:4] 102:layer-compute-total: 0.000490000 seconds
[token:131, layer:5] 002:attention-norm: 0.000001000 seconds
[token:131, layer:5] 003:qkv-projection: 0.000106000 seconds
[token:131, layer:5] 004:apply-rope: 0.000002000 seconds
[token:131, layer:5] 005:compute-attention: 0.000027000 seconds
[token:131, layer:5] 006:attention-output: 0.000035000 seconds
[token:131, layer:5] 007:ffn-norm: 0.000001000 seconds
[token:131, layer:5] 008:ffn-up-projection: 0.000187000 seconds
[token:131, layer:5] 009:ffn-swiglu: 0.000001000 seconds
[token:131, layer:5] 010:ffn-down-projection: 0.000137000 seconds
[token:131, layer:5] 102:layer-compute-total: 0.000497000 seconds
[token:131] 011:final-projection: 0.003944000 seconds
[token:131] 103:forward-compute-total: 0.006935000 seconds
[token:132] 001:embedding-lookup: 0.000000000 seconds
[token:132, layer:0] 002:attention-norm: 0.000001000 seconds
[token:132, layer:0] 003:qkv-projection: 0.000112000 seconds
[token:132, layer:0] 004:apply-rope: 0.000002000 seconds
[token:132, layer:0] 005:compute-attention: 0.000022000 seconds
[token:132, layer:0] 006:attention-output: 0.000035000 seconds
[token:132, layer:0] 007:ffn-norm: 0.000000000 seconds
[token:132, layer:0] 008:ffn-up-projection: 0.000187000 seconds
[token:132, layer:0] 009:ffn-swiglu: 0.000001000 seconds
[token:132, layer:0] 010:ffn-down-projection: 0.000134000 seconds
[token:132, layer:0] 102:layer-compute-total: 0.000494000 seconds
[token:132, layer:1] 002:attention-norm: 0.000000000 seconds
[token:132, layer:1] 003:qkv-projection: 0.000105000 seconds
[token:132, layer:1] 004:apply-rope: 0.000001000 seconds
[token:132, layer:1] 005:compute-attention: 0.000021000 seconds
[token:132, layer:1] 006:attention-output: 0.000035000 seconds
[token:132, layer:1] 007:ffn-norm: 0.000000000 seconds
[token:132, layer:1] 008:ffn-up-projection: 0.000186000 seconds
[token:132, layer:1] 009:ffn-swiglu: 0.000001000 seconds
[token:132, layer:1] 010:ffn-down-projection: 0.000134000 seconds
[token:132, layer:1] 102:layer-compute-total: 0.000483000 seconds
[token:132, layer:2] 002:attention-norm: 0.000000000 seconds
[token:132, layer:2] 003:qkv-projection: 0.000105000 seconds
[token:132, layer:2] 004:apply-rope: 0.000002000 seconds
[token:132, layer:2] 005:compute-attention: 0.000021000 seconds
[token:132, layer:2] 006:attention-output: 0.000036000 seconds
[token:132, layer:2] 007:ffn-norm: 0.000000000 seconds
[token:132, layer:2] 008:ffn-up-projection: 0.000186000 seconds
[token:132, layer:2] 009:ffn-swiglu: 0.000001000 seconds
[token:132, layer:2] 010:ffn-down-projection: 0.000134000 seconds
[token:132, layer:2] 102:layer-compute-total: 0.000485000 seconds
[token:132, layer:3] 002:attention-norm: 0.000001000 seconds
[token:132, layer:3] 003:qkv-projection: 0.000105000 seconds
[token:132, layer:3] 004:apply-rope: 0.000001000 seconds
[token:132, layer:3] 005:compute-attention: 0.000021000 seconds
[token:132, layer:3] 006:attention-output: 0.000035000 seconds
[token:132, layer:3] 007:ffn-norm: 0.000000000 seconds
[token:132, layer:3] 008:ffn-up-projection: 0.000192000 seconds
[token:132, layer:3] 009:ffn-swiglu: 0.000001000 seconds
[token:132, layer:3] 010:ffn-down-projection: 0.000135000 seconds
[token:132, layer:3] 102:layer-compute-total: 0.000491000 seconds
[token:132, layer:4] 002:attention-norm: 0.000000000 seconds
[token:132, layer:4] 003:qkv-projection: 0.000106000 seconds
[token:132, layer:4] 004:apply-rope: 0.000001000 seconds
[token:132, layer:4] 005:compute-attention: 0.000021000 seconds
[token:132, layer:4] 006:attention-output: 0.000035000 seconds
[token:132, layer:4] 007:ffn-norm: 0.000001000 seconds
[token:132, layer:4] 008:ffn-up-projection: 0.000187000 seconds
[token:132, layer:4] 009:ffn-swiglu: 0.000001000 seconds
[token:132, layer:4] 010:ffn-down-projection: 0.000135000 seconds
[token:132, layer:4] 102:layer-compute-total: 0.000487000 seconds
[token:132, layer:5] 002:attention-norm: 0.000000000 seconds
[token:132, layer:5] 003:qkv-projection: 0.000106000 seconds
[token:132, layer:5] 004:apply-rope: 0.000001000 seconds
[token:132, layer:5] 005:compute-attention: 0.000021000 seconds
[token:132, layer:5] 006:attention-output: 0.000035000 seconds
[token:132, layer:5] 007:ffn-norm: 0.000000000 seconds
[token:132, layer:5] 008:ffn-up-projection: 0.000187000 seconds
[token:132, layer:5] 009:ffn-swiglu: 0.000001000 seconds
[token:132, layer:5] 010:ffn-down-projection: 0.000134000 seconds
[token:132, layer:5] 102:layer-compute-total: 0.000485000 seconds
[token:132] 011:final-projection: 0.004061000 seconds
[token:132] 103:forward-compute-total: 0.006986000 seconds
[token:133] 001:embedding-lookup: 0.000001000 seconds
[token:133, layer:0] 002:attention-norm: 0.000000000 seconds
[token:133, layer:0] 003:qkv-projection: 0.000109000 seconds
[token:133, layer:0] 004:apply-rope: 0.000002000 seconds
[token:133, layer:0] 005:compute-attention: 0.000028000 seconds
[token:133, layer:0] 006:attention-output: 0.000036000 seconds
[token:133, layer:0] 007:ffn-norm: 0.000000000 seconds
[token:133, layer:0] 008:ffn-up-projection: 0.000190000 seconds
[token:133, layer:0] 009:ffn-swiglu: 0.000001000 seconds
[token:133, layer:0] 010:ffn-down-projection: 0.000137000 seconds
[token:133, layer:0] 102:layer-compute-total: 0.000503000 seconds
[token:133, layer:1] 002:attention-norm: 0.000001000 seconds
[token:133, layer:1] 003:qkv-projection: 0.000109000 seconds
[token:133, layer:1] 004:apply-rope: 0.000002000 seconds
[token:133, layer:1] 005:compute-attention: 0.000028000 seconds
[token:133, layer:1] 006:attention-output: 0.000038000 seconds
[token:133, layer:1] 007:ffn-norm: 0.000000000 seconds
[token:133, layer:1] 008:ffn-up-projection: 0.000201000 seconds
[token:133, layer:1] 009:ffn-swiglu: 0.000001000 seconds
[token:133, layer:1] 010:ffn-down-projection: 0.000153000 seconds
[token:133, layer:1] 102:layer-compute-total: 0.000533000 seconds
[token:133, layer:2] 002:attention-norm: 0.000000000 seconds
[token:133, layer:2] 003:qkv-projection: 0.000108000 seconds
[token:133, layer:2] 004:apply-rope: 0.000002000 seconds
[token:133, layer:2] 005:compute-attention: 0.000030000 seconds
[token:133, layer:2] 006:attention-output: 0.000041000 seconds
[token:133, layer:2] 007:ffn-norm: 0.000000000 seconds
[token:133, layer:2] 008:ffn-up-projection: 0.000192000 seconds
[token:133, layer:2] 009:ffn-swiglu: 0.000001000 seconds
[token:133, layer:2] 010:ffn-down-projection: 0.000134000 seconds
[token:133, layer:2] 102:layer-compute-total: 0.000508000 seconds
[token:133, layer:3] 002:attention-norm: 0.000001000 seconds
[token:133, layer:3] 003:qkv-projection: 0.000107000 seconds
[token:133, layer:3] 004:apply-rope: 0.000001000 seconds
[token:133, layer:3] 005:compute-attention: 0.000028000 seconds
[token:133, layer:3] 006:attention-output: 0.000036000 seconds
[token:133, layer:3] 007:ffn-norm: 0.000000000 seconds
[token:133, layer:3] 008:ffn-up-projection: 0.000186000 seconds
[token:133, layer:3] 009:ffn-swiglu: 0.000001000 seconds
[token:133, layer:3] 010:ffn-down-projection: 0.000134000 seconds
[token:133, layer:3] 102:layer-compute-total: 0.000494000 seconds
[token:133, layer:4] 002:attention-norm: 0.000001000 seconds
[token:133, layer:4] 003:qkv-projection: 0.000109000 seconds
[token:133, layer:4] 004:apply-rope: 0.000001000 seconds
[token:133, layer:4] 005:compute-attention: 0.000028000 seconds
[token:133, layer:4] 006:attention-output: 0.000035000 seconds
[token:133, layer:4] 007:ffn-norm: 0.000000000 seconds
[token:133, layer:4] 008:ffn-up-projection: 0.000192000 seconds
[token:133, layer:4] 009:ffn-swiglu: 0.000001000 seconds
[token:133, layer:4] 010:ffn-down-projection: 0.000134000 seconds
[token:133, layer:4] 102:layer-compute-total: 0.000501000 seconds
[token:133, layer:5] 002:attention-norm: 0.000000000 seconds
[token:133, layer:5] 003:qkv-projection: 0.000105000 seconds
[token:133, layer:5] 004:apply-rope: 0.000001000 seconds
[token:133, layer:5] 005:compute-attention: 0.000027000 seconds
[token:133, layer:5] 006:attention-output: 0.000035000 seconds
[token:133, layer:5] 007:ffn-norm: 0.000001000 seconds
[token:133, layer:5] 008:ffn-up-projection: 0.000187000 seconds
[token:133, layer:5] 009:ffn-swiglu: 0.000001000 seconds
[token:133, layer:5] 010:ffn-down-projection: 0.000133000 seconds
[token:133, layer:5] 102:layer-compute-total: 0.000490000 seconds
[token:133] 011:final-projection: 0.003958000 seconds
[token:133] 103:forward-compute-total: 0.006988000 seconds
[token:134] 001:embedding-lookup: 0.000000000 seconds
[token:134, layer:0] 002:attention-norm: 0.000000000 seconds
[token:134, layer:0] 003:qkv-projection: 0.000115000 seconds
[token:134, layer:0] 004:apply-rope: 0.000001000 seconds
[token:134, layer:0] 005:compute-attention: 0.000025000 seconds
[token:134, layer:0] 006:attention-output: 0.000035000 seconds
[token:134, layer:0] 007:ffn-norm: 0.000000000 seconds
[token:134, layer:0] 008:ffn-up-projection: 0.000187000 seconds
[token:134, layer:0] 009:ffn-swiglu: 0.000001000 seconds
[token:134, layer:0] 010:ffn-down-projection: 0.000139000 seconds
[token:134, layer:0] 102:layer-compute-total: 0.000503000 seconds
[token:134, layer:1] 002:attention-norm: 0.000000000 seconds
[token:134, layer:1] 003:qkv-projection: 0.000105000 seconds
[token:134, layer:1] 004:apply-rope: 0.000001000 seconds
[token:134, layer:1] 005:compute-attention: 0.000027000 seconds
[token:134, layer:1] 006:attention-output: 0.000040000 seconds
[token:134, layer:1] 007:ffn-norm: 0.000000000 seconds
[token:134, layer:1] 008:ffn-up-projection: 0.000191000 seconds
[token:134, layer:1] 009:ffn-swiglu: 0.000001000 seconds
[token:134, layer:1] 010:ffn-down-projection: 0.000134000 seconds
[token:134, layer:1] 102:layer-compute-total: 0.000499000 seconds
[token:134, layer:2] 002:attention-norm: 0.000000000 seconds
[token:134, layer:2] 003:qkv-projection: 0.000105000 seconds
[token:134, layer:2] 004:apply-rope: 0.000001000 seconds
[token:134, layer:2] 005:compute-attention: 0.000021000 seconds
[token:134, layer:2] 006:attention-output: 0.000035000 seconds
[token:134, layer:2] 007:ffn-norm: 0.000000000 seconds
[token:134, layer:2] 008:ffn-up-projection: 0.000189000 seconds
[token:134, layer:2] 009:ffn-swiglu: 0.000001000 seconds
[token:134, layer:2] 010:ffn-down-projection: 0.000142000 seconds
[token:134, layer:2] 102:layer-compute-total: 0.000494000 seconds
[token:134, layer:3] 002:attention-norm: 0.000001000 seconds
[token:134, layer:3] 003:qkv-projection: 0.000111000 seconds
[token:134, layer:3] 004:apply-rope: 0.000001000 seconds
[token:134, layer:3] 005:compute-attention: 0.000021000 seconds
[token:134, layer:3] 006:attention-output: 0.000035000 seconds
[token:134, layer:3] 007:ffn-norm: 0.000000000 seconds
[token:134, layer:3] 008:ffn-up-projection: 0.000186000 seconds
[token:134, layer:3] 009:ffn-swiglu: 0.000001000 seconds
[token:134, layer:3] 010:ffn-down-projection: 0.000139000 seconds
[token:134, layer:3] 102:layer-compute-total: 0.000495000 seconds
[token:134, layer:4] 002:attention-norm: 0.000000000 seconds
[token:134, layer:4] 003:qkv-projection: 0.000108000 seconds
[token:134, layer:4] 004:apply-rope: 0.000001000 seconds
[token:134, layer:4] 005:compute-attention: 0.000021000 seconds
[token:134, layer:4] 006:attention-output: 0.000035000 seconds
[token:134, layer:4] 007:ffn-norm: 0.000001000 seconds
[token:134, layer:4] 008:ffn-up-projection: 0.000187000 seconds
[token:134, layer:4] 009:ffn-swiglu: 0.000001000 seconds
[token:134, layer:4] 010:ffn-down-projection: 0.000134000 seconds
[token:134, layer:4] 102:layer-compute-total: 0.000488000 seconds
[token:134, layer:5] 002:attention-norm: 0.000000000 seconds
[token:134, layer:5] 003:qkv-projection: 0.000105000 seconds
[token:134, layer:5] 004:apply-rope: 0.000001000 seconds
[token:134, layer:5] 005:compute-attention: 0.000022000 seconds
[token:134, layer:5] 006:attention-output: 0.000035000 seconds
[token:134, layer:5] 007:ffn-norm: 0.000001000 seconds
[token:134, layer:5] 008:ffn-up-projection: 0.000187000 seconds
[token:134, layer:5] 009:ffn-swiglu: 0.000001000 seconds
[token:134, layer:5] 010:ffn-down-projection: 0.000134000 seconds
[token:134, layer:5] 102:layer-compute-total: 0.000486000 seconds
[token:134] 011:final-projection: 0.003943000 seconds
[token:134] 103:forward-compute-total: 0.006908000 seconds
[token:135] 001:embedding-lookup: 0.000000000 seconds
[token:135, layer:0] 002:attention-norm: 0.000000000 seconds
[token:135, layer:0] 003:qkv-projection: 0.000112000 seconds
[token:135, layer:0] 004:apply-rope: 0.000002000 seconds
[token:135, layer:0] 005:compute-attention: 0.000020000 seconds
[token:135, layer:0] 006:attention-output: 0.000038000 seconds
[token:135, layer:0] 007:ffn-norm: 0.000000000 seconds
[token:135, layer:0] 008:ffn-up-projection: 0.000187000 seconds
[token:135, layer:0] 009:ffn-swiglu: 0.000001000 seconds
[token:135, layer:0] 010:ffn-down-projection: 0.000134000 seconds
[token:135, layer:0] 102:layer-compute-total: 0.000494000 seconds
[token:135, layer:1] 002:attention-norm: 0.000001000 seconds
[token:135, layer:1] 003:qkv-projection: 0.000105000 seconds
[token:135, layer:1] 004:apply-rope: 0.000001000 seconds
[token:135, layer:1] 005:compute-attention: 0.000020000 seconds
[token:135, layer:1] 006:attention-output: 0.000035000 seconds
[token:135, layer:1] 007:ffn-norm: 0.000000000 seconds
[token:135, layer:1] 008:ffn-up-projection: 0.000225000 seconds
[token:135, layer:1] 009:ffn-swiglu: 0.000001000 seconds
[token:135, layer:1] 010:ffn-down-projection: 0.000144000 seconds
[token:135, layer:1] 102:layer-compute-total: 0.000532000 seconds
[token:135, layer:2] 002:attention-norm: 0.000000000 seconds
[token:135, layer:2] 003:qkv-projection: 0.000135000 seconds
[token:135, layer:2] 004:apply-rope: 0.000002000 seconds
[token:135, layer:2] 005:compute-attention: 0.000023000 seconds
[token:135, layer:2] 006:attention-output: 0.000042000 seconds
[token:135, layer:2] 007:ffn-norm: 0.000000000 seconds
[token:135, layer:2] 008:ffn-up-projection: 0.000199000 seconds
[token:135, layer:2] 009:ffn-swiglu: 0.000001000 seconds
[token:135, layer:2] 010:ffn-down-projection: 0.000139000 seconds
[token:135, layer:2] 102:layer-compute-total: 0.000541000 seconds
[token:135, layer:3] 002:attention-norm: 0.000000000 seconds
[token:135, layer:3] 003:qkv-projection: 0.000110000 seconds
[token:135, layer:3] 004:apply-rope: 0.000002000 seconds
[token:135, layer:3] 005:compute-attention: 0.000033000 seconds
[token:135, layer:3] 006:attention-output: 0.000036000 seconds
[token:135, layer:3] 007:ffn-norm: 0.000000000 seconds
[token:135, layer:3] 008:ffn-up-projection: 0.000194000 seconds
[token:135, layer:3] 009:ffn-swiglu: 0.000001000 seconds
[token:135, layer:3] 010:ffn-down-projection: 0.000139000 seconds
[token:135, layer:3] 102:layer-compute-total: 0.000515000 seconds
[token:135, layer:4] 002:attention-norm: 0.000000000 seconds
[token:135, layer:4] 003:qkv-projection: 0.000150000 seconds
[token:135, layer:4] 004:apply-rope: 0.000001000 seconds
[token:135, layer:4] 005:compute-attention: 0.000034000 seconds
[token:135, layer:4] 006:attention-output: 0.000037000 seconds
[token:135, layer:4] 007:ffn-norm: 0.000001000 seconds
[token:135, layer:4] 008:ffn-up-projection: 0.000196000 seconds
[token:135, layer:4] 009:ffn-swiglu: 0.000001000 seconds
[token:135, layer:4] 010:ffn-down-projection: 0.000136000 seconds
[token:135, layer:4] 102:layer-compute-total: 0.000556000 seconds
[token:135, layer:5] 002:attention-norm: 0.000000000 seconds
[token:135, layer:5] 003:qkv-projection: 0.000119000 seconds
[token:135, layer:5] 004:apply-rope: 0.000001000 seconds
[token:135, layer:5] 005:compute-attention: 0.000031000 seconds
[token:135, layer:5] 006:attention-output: 0.000036000 seconds
[token:135, layer:5] 007:ffn-norm: 0.000001000 seconds
[token:135, layer:5] 008:ffn-up-projection: 0.000203000 seconds
[token:135, layer:5] 009:ffn-swiglu: 0.000001000 seconds
[token:135, layer:5] 010:ffn-down-projection: 0.000149000 seconds
[token:135, layer:5] 102:layer-compute-total: 0.000541000 seconds
[token:135] 011:final-projection: 0.003974000 seconds
[token:135] 103:forward-compute-total: 0.007153000 seconds
[token:136] 001:embedding-lookup: 0.000000000 seconds
[token:136, layer:0] 002:attention-norm: 0.000000000 seconds
[token:136, layer:0] 003:qkv-projection: 0.000113000 seconds
[token:136, layer:0] 004:apply-rope: 0.000001000 seconds
[token:136, layer:0] 005:compute-attention: 0.000027000 seconds
[token:136, layer:0] 006:attention-output: 0.000035000 seconds
[token:136, layer:0] 007:ffn-norm: 0.000000000 seconds
[token:136, layer:0] 008:ffn-up-projection: 0.000187000 seconds
[token:136, layer:0] 009:ffn-swiglu: 0.000001000 seconds
[token:136, layer:0] 010:ffn-down-projection: 0.000138000 seconds
[token:136, layer:0] 102:layer-compute-total: 0.000502000 seconds
[token:136, layer:1] 002:attention-norm: 0.000000000 seconds
[token:136, layer:1] 003:qkv-projection: 0.000105000 seconds
[token:136, layer:1] 004:apply-rope: 0.000001000 seconds
[token:136, layer:1] 005:compute-attention: 0.000029000 seconds
[token:136, layer:1] 006:attention-output: 0.000035000 seconds
[token:136, layer:1] 007:ffn-norm: 0.000000000 seconds
[token:136, layer:1] 008:ffn-up-projection: 0.000187000 seconds
[token:136, layer:1] 009:ffn-swiglu: 0.000002000 seconds
[token:136, layer:1] 010:ffn-down-projection: 0.000142000 seconds
[token:136, layer:1] 102:layer-compute-total: 0.000501000 seconds
[token:136, layer:2] 002:attention-norm: 0.000000000 seconds
[token:136, layer:2] 003:qkv-projection: 0.000106000 seconds
[token:136, layer:2] 004:apply-rope: 0.000001000 seconds
[token:136, layer:2] 005:compute-attention: 0.000028000 seconds
[token:136, layer:2] 006:attention-output: 0.000036000 seconds
[token:136, layer:2] 007:ffn-norm: 0.000001000 seconds
[token:136, layer:2] 008:ffn-up-projection: 0.000187000 seconds
[token:136, layer:2] 009:ffn-swiglu: 0.000001000 seconds
[token:136, layer:2] 010:ffn-down-projection: 0.000139000 seconds
[token:136, layer:2] 102:layer-compute-total: 0.000499000 seconds
[token:136, layer:3] 002:attention-norm: 0.000001000 seconds
[token:136, layer:3] 003:qkv-projection: 0.000106000 seconds
[token:136, layer:3] 004:apply-rope: 0.000001000 seconds
[token:136, layer:3] 005:compute-attention: 0.000027000 seconds
[token:136, layer:3] 006:attention-output: 0.000036000 seconds
[token:136, layer:3] 007:ffn-norm: 0.000000000 seconds
[token:136, layer:3] 008:ffn-up-projection: 0.000187000 seconds
[token:136, layer:3] 009:ffn-swiglu: 0.000001000 seconds
[token:136, layer:3] 010:ffn-down-projection: 0.000133000 seconds
[token:136, layer:3] 102:layer-compute-total: 0.000492000 seconds
[token:136, layer:4] 002:attention-norm: 0.000000000 seconds
[token:136, layer:4] 003:qkv-projection: 0.000105000 seconds
[token:136, layer:4] 004:apply-rope: 0.000001000 seconds
[token:136, layer:4] 005:compute-attention: 0.000026000 seconds
[token:136, layer:4] 006:attention-output: 0.000036000 seconds
[token:136, layer:4] 007:ffn-norm: 0.000000000 seconds
[token:136, layer:4] 008:ffn-up-projection: 0.000186000 seconds
[token:136, layer:4] 009:ffn-swiglu: 0.000001000 seconds
[token:136, layer:4] 010:ffn-down-projection: 0.000134000 seconds
[token:136, layer:4] 102:layer-compute-total: 0.000489000 seconds
[token:136, layer:5] 002:attention-norm: 0.000001000 seconds
[token:136, layer:5] 003:qkv-projection: 0.000105000 seconds
[token:136, layer:5] 004:apply-rope: 0.000002000 seconds
[token:136, layer:5] 005:compute-attention: 0.000023000 seconds
[token:136, layer:5] 006:attention-output: 0.000035000 seconds
[token:136, layer:5] 007:ffn-norm: 0.000000000 seconds
[token:136, layer:5] 008:ffn-up-projection: 0.000186000 seconds
[token:136, layer:5] 009:ffn-swiglu: 0.000001000 seconds
[token:136, layer:5] 010:ffn-down-projection: 0.000133000 seconds
[token:136, layer:5] 102:layer-compute-total: 0.000486000 seconds
[token:136] 011:final-projection: 0.003948000 seconds
[token:136] 103:forward-compute-total: 0.006917000 seconds
[token:137] 001:embedding-lookup: 0.000000000 seconds
[token:137, layer:0] 002:attention-norm: 0.000000000 seconds
[token:137, layer:0] 003:qkv-projection: 0.000112000 seconds
[token:137, layer:0] 004:apply-rope: 0.000001000 seconds
[token:137, layer:0] 005:compute-attention: 0.000020000 seconds
[token:137, layer:0] 006:attention-output: 0.000035000 seconds
[token:137, layer:0] 007:ffn-norm: 0.000000000 seconds
[token:137, layer:0] 008:ffn-up-projection: 0.000187000 seconds
[token:137, layer:0] 009:ffn-swiglu: 0.000001000 seconds
[token:137, layer:0] 010:ffn-down-projection: 0.000134000 seconds
[token:137, layer:0] 102:layer-compute-total: 0.000490000 seconds
[token:137, layer:1] 002:attention-norm: 0.000001000 seconds
[token:137, layer:1] 003:qkv-projection: 0.000105000 seconds
[token:137, layer:1] 004:apply-rope: 0.000001000 seconds
[token:137, layer:1] 005:compute-attention: 0.000022000 seconds
[token:137, layer:1] 006:attention-output: 0.000035000 seconds
[token:137, layer:1] 007:ffn-norm: 0.000000000 seconds
[token:137, layer:1] 008:ffn-up-projection: 0.000188000 seconds
[token:137, layer:1] 009:ffn-swiglu: 0.000001000 seconds
[token:137, layer:1] 010:ffn-down-projection: 0.000135000 seconds
[token:137, layer:1] 102:layer-compute-total: 0.000488000 seconds
[token:137, layer:2] 002:attention-norm: 0.000000000 seconds
[token:137, layer:2] 003:qkv-projection: 0.000107000 seconds
[token:137, layer:2] 004:apply-rope: 0.000001000 seconds
[token:137, layer:2] 005:compute-attention: 0.000023000 seconds
[token:137, layer:2] 006:attention-output: 0.000038000 seconds
[token:137, layer:2] 007:ffn-norm: 0.000000000 seconds
[token:137, layer:2] 008:ffn-up-projection: 0.000190000 seconds
[token:137, layer:2] 009:ffn-swiglu: 0.000001000 seconds
[token:137, layer:2] 010:ffn-down-projection: 0.000134000 seconds
[token:137, layer:2] 102:layer-compute-total: 0.000494000 seconds
[token:137, layer:3] 002:attention-norm: 0.000000000 seconds
[token:137, layer:3] 003:qkv-projection: 0.000105000 seconds
[token:137, layer:3] 004:apply-rope: 0.000001000 seconds
[token:137, layer:3] 005:compute-attention: 0.000021000 seconds
[token:137, layer:3] 006:attention-output: 0.000035000 seconds
[token:137, layer:3] 007:ffn-norm: 0.000000000 seconds
[token:137, layer:3] 008:ffn-up-projection: 0.000186000 seconds
[token:137, layer:3] 009:ffn-swiglu: 0.000001000 seconds
[token:137, layer:3] 010:ffn-down-projection: 0.000134000 seconds
[token:137, layer:3] 102:layer-compute-total: 0.000483000 seconds
[token:137, layer:4] 002:attention-norm: 0.000000000 seconds
[token:137, layer:4] 003:qkv-projection: 0.000105000 seconds
[token:137, layer:4] 004:apply-rope: 0.000002000 seconds
[token:137, layer:4] 005:compute-attention: 0.000021000 seconds
[token:137, layer:4] 006:attention-output: 0.000035000 seconds
[token:137, layer:4] 007:ffn-norm: 0.000000000 seconds
[token:137, layer:4] 008:ffn-up-projection: 0.000186000 seconds
[token:137, layer:4] 009:ffn-swiglu: 0.000001000 seconds
[token:137, layer:4] 010:ffn-down-projection: 0.000141000 seconds
[token:137, layer:4] 102:layer-compute-total: 0.000491000 seconds
[token:137, layer:5] 002:attention-norm: 0.000000000 seconds
[token:137, layer:5] 003:qkv-projection: 0.000128000 seconds
[token:137, layer:5] 004:apply-rope: 0.000001000 seconds
[token:137, layer:5] 005:compute-attention: 0.000026000 seconds
[token:137, layer:5] 006:attention-output: 0.000037000 seconds
[token:137, layer:5] 007:ffn-norm: 0.000000000 seconds
[token:137, layer:5] 008:ffn-up-projection: 0.000207000 seconds
[token:137, layer:5] 009:ffn-swiglu: 0.000001000 seconds
[token:137, layer:5] 010:ffn-down-projection: 0.000139000 seconds
[token:137, layer:5] 102:layer-compute-total: 0.000539000 seconds
[token:137] 011:final-projection: 0.004280000 seconds
[token:137] 103:forward-compute-total: 0.007265000 seconds
[token:138] 001:embedding-lookup: 0.000000000 seconds
[token:138, layer:0] 002:attention-norm: 0.000000000 seconds
[token:138, layer:0] 003:qkv-projection: 0.000111000 seconds
[token:138, layer:0] 004:apply-rope: 0.000002000 seconds
[token:138, layer:0] 005:compute-attention: 0.000030000 seconds
[token:138, layer:0] 006:attention-output: 0.000036000 seconds
[token:138, layer:0] 007:ffn-norm: 0.000001000 seconds
[token:138, layer:0] 008:ffn-up-projection: 0.000187000 seconds
[token:138, layer:0] 009:ffn-swiglu: 0.000001000 seconds
[token:138, layer:0] 010:ffn-down-projection: 0.000138000 seconds
[token:138, layer:0] 102:layer-compute-total: 0.000506000 seconds
[token:138, layer:1] 002:attention-norm: 0.000001000 seconds
[token:138, layer:1] 003:qkv-projection: 0.000105000 seconds
[token:138, layer:1] 004:apply-rope: 0.000001000 seconds
[token:138, layer:1] 005:compute-attention: 0.000031000 seconds
[token:138, layer:1] 006:attention-output: 0.000037000 seconds
[token:138, layer:1] 007:ffn-norm: 0.000000000 seconds
[token:138, layer:1] 008:ffn-up-projection: 0.000188000 seconds
[token:138, layer:1] 009:ffn-swiglu: 0.000001000 seconds
[token:138, layer:1] 010:ffn-down-projection: 0.000134000 seconds
[token:138, layer:1] 102:layer-compute-total: 0.000498000 seconds
[token:138, layer:2] 002:attention-norm: 0.000000000 seconds
[token:138, layer:2] 003:qkv-projection: 0.000106000 seconds
[token:138, layer:2] 004:apply-rope: 0.000002000 seconds
[token:138, layer:2] 005:compute-attention: 0.000030000 seconds
[token:138, layer:2] 006:attention-output: 0.000035000 seconds
[token:138, layer:2] 007:ffn-norm: 0.000000000 seconds
[token:138, layer:2] 008:ffn-up-projection: 0.000187000 seconds
[token:138, layer:2] 009:ffn-swiglu: 0.000001000 seconds
[token:138, layer:2] 010:ffn-down-projection: 0.000137000 seconds
[token:138, layer:2] 102:layer-compute-total: 0.000498000 seconds
[token:138, layer:3] 002:attention-norm: 0.000000000 seconds
[token:138, layer:3] 003:qkv-projection: 0.000105000 seconds
[token:138, layer:3] 004:apply-rope: 0.000001000 seconds
[token:138, layer:3] 005:compute-attention: 0.000030000 seconds
[token:138, layer:3] 006:attention-output: 0.000035000 seconds
[token:138, layer:3] 007:ffn-norm: 0.000000000 seconds
[token:138, layer:3] 008:ffn-up-projection: 0.000187000 seconds
[token:138, layer:3] 009:ffn-swiglu: 0.000001000 seconds
[token:138, layer:3] 010:ffn-down-projection: 0.000142000 seconds
[token:138, layer:3] 102:layer-compute-total: 0.000501000 seconds
[token:138, layer:4] 002:attention-norm: 0.000000000 seconds
[token:138, layer:4] 003:qkv-projection: 0.000105000 seconds
[token:138, layer:4] 004:apply-rope: 0.000001000 seconds
[token:138, layer:4] 005:compute-attention: 0.000029000 seconds
[token:138, layer:4] 006:attention-output: 0.000041000 seconds
[token:138, layer:4] 007:ffn-norm: 0.000000000 seconds
[token:138, layer:4] 008:ffn-up-projection: 0.000187000 seconds
[token:138, layer:4] 009:ffn-swiglu: 0.000001000 seconds
[token:138, layer:4] 010:ffn-down-projection: 0.000143000 seconds
[token:138, layer:4] 102:layer-compute-total: 0.000507000 seconds
[token:138, layer:5] 002:attention-norm: 0.000000000 seconds
[token:138, layer:5] 003:qkv-projection: 0.000108000 seconds
[token:138, layer:5] 004:apply-rope: 0.000001000 seconds
[token:138, layer:5] 005:compute-attention: 0.000030000 seconds
[token:138, layer:5] 006:attention-output: 0.000035000 seconds
[token:138, layer:5] 007:ffn-norm: 0.000000000 seconds
[token:138, layer:5] 008:ffn-up-projection: 0.000186000 seconds
[token:138, layer:5] 009:ffn-swiglu: 0.000001000 seconds
[token:138, layer:5] 010:ffn-down-projection: 0.000137000 seconds
[token:138, layer:5] 102:layer-compute-total: 0.000498000 seconds
[token:138] 011:final-projection: 0.003946000 seconds
[token:138] 103:forward-compute-total: 0.006954000 seconds
[token:139] 001:embedding-lookup: 0.000001000 seconds
[token:139, layer:0] 002:attention-norm: 0.000000000 seconds
[token:139, layer:0] 003:qkv-projection: 0.000108000 seconds
[token:139, layer:0] 004:apply-rope: 0.000001000 seconds
[token:139, layer:0] 005:compute-attention: 0.000021000 seconds
[token:139, layer:0] 006:attention-output: 0.000035000 seconds
[token:139, layer:0] 007:ffn-norm: 0.000000000 seconds
[token:139, layer:0] 008:ffn-up-projection: 0.000186000 seconds
[token:139, layer:0] 009:ffn-swiglu: 0.000001000 seconds
[token:139, layer:0] 010:ffn-down-projection: 0.000134000 seconds
[token:139, layer:0] 102:layer-compute-total: 0.000486000 seconds
[token:139, layer:1] 002:attention-norm: 0.000001000 seconds
[token:139, layer:1] 003:qkv-projection: 0.000106000 seconds
[token:139, layer:1] 004:apply-rope: 0.000001000 seconds
[token:139, layer:1] 005:compute-attention: 0.000021000 seconds
[token:139, layer:1] 006:attention-output: 0.000035000 seconds
[token:139, layer:1] 007:ffn-norm: 0.000001000 seconds
[token:139, layer:1] 008:ffn-up-projection: 0.000187000 seconds
[token:139, layer:1] 009:ffn-swiglu: 0.000001000 seconds
[token:139, layer:1] 010:ffn-down-projection: 0.000134000 seconds
[token:139, layer:1] 102:layer-compute-total: 0.000487000 seconds
[token:139, layer:2] 002:attention-norm: 0.000000000 seconds
[token:139, layer:2] 003:qkv-projection: 0.000105000 seconds
[token:139, layer:2] 004:apply-rope: 0.000001000 seconds
[token:139, layer:2] 005:compute-attention: 0.000022000 seconds
[token:139, layer:2] 006:attention-output: 0.000036000 seconds
[token:139, layer:2] 007:ffn-norm: 0.000001000 seconds
[token:139, layer:2] 008:ffn-up-projection: 0.000187000 seconds
[token:139, layer:2] 009:ffn-swiglu: 0.000001000 seconds
[token:139, layer:2] 010:ffn-down-projection: 0.000134000 seconds
[token:139, layer:2] 102:layer-compute-total: 0.000487000 seconds
[token:139, layer:3] 002:attention-norm: 0.000000000 seconds
[token:139, layer:3] 003:qkv-projection: 0.000105000 seconds
[token:139, layer:3] 004:apply-rope: 0.000001000 seconds
[token:139, layer:3] 005:compute-attention: 0.000022000 seconds
[token:139, layer:3] 006:attention-output: 0.000035000 seconds
[token:139, layer:3] 007:ffn-norm: 0.000000000 seconds
[token:139, layer:3] 008:ffn-up-projection: 0.000186000 seconds
[token:139, layer:3] 009:ffn-swiglu: 0.000001000 seconds
[token:139, layer:3] 010:ffn-down-projection: 0.000134000 seconds
[token:139, layer:3] 102:layer-compute-total: 0.000484000 seconds
[token:139, layer:4] 002:attention-norm: 0.000000000 seconds
[token:139, layer:4] 003:qkv-projection: 0.000105000 seconds
[token:139, layer:4] 004:apply-rope: 0.000002000 seconds
[token:139, layer:4] 005:compute-attention: 0.000022000 seconds
[token:139, layer:4] 006:attention-output: 0.000035000 seconds
[token:139, layer:4] 007:ffn-norm: 0.000000000 seconds
[token:139, layer:4] 008:ffn-up-projection: 0.000190000 seconds
[token:139, layer:4] 009:ffn-swiglu: 0.000001000 seconds
[token:139, layer:4] 010:ffn-down-projection: 0.000134000 seconds
[token:139, layer:4] 102:layer-compute-total: 0.000489000 seconds
[token:139, layer:5] 002:attention-norm: 0.000000000 seconds
[token:139, layer:5] 003:qkv-projection: 0.000106000 seconds
[token:139, layer:5] 004:apply-rope: 0.000001000 seconds
[token:139, layer:5] 005:compute-attention: 0.000023000 seconds
[token:139, layer:5] 006:attention-output: 0.000035000 seconds
[token:139, layer:5] 007:ffn-norm: 0.000000000 seconds
[token:139, layer:5] 008:ffn-up-projection: 0.000187000 seconds
[token:139, layer:5] 009:ffn-swiglu: 0.000001000 seconds
[token:139, layer:5] 010:ffn-down-projection: 0.000138000 seconds
[token:139, layer:5] 102:layer-compute-total: 0.000491000 seconds
[token:139] 011:final-projection: 0.004358000 seconds
[token:139] 103:forward-compute-total: 0.007283000 seconds
[token:140] 001:embedding-lookup: 0.000000000 seconds
[token:140, layer:0] 002:attention-norm: 0.000000000 seconds
[token:140, layer:0] 003:qkv-projection: 0.000112000 seconds
[token:140, layer:0] 004:apply-rope: 0.000002000 seconds
[token:140, layer:0] 005:compute-attention: 0.000030000 seconds
[token:140, layer:0] 006:attention-output: 0.000040000 seconds
[token:140, layer:0] 007:ffn-norm: 0.000000000 seconds
[token:140, layer:0] 008:ffn-up-projection: 0.000187000 seconds
[token:140, layer:0] 009:ffn-swiglu: 0.000001000 seconds
[token:140, layer:0] 010:ffn-down-projection: 0.000135000 seconds
[token:140, layer:0] 102:layer-compute-total: 0.000507000 seconds
[token:140, layer:1] 002:attention-norm: 0.000000000 seconds
[token:140, layer:1] 003:qkv-projection: 0.000114000 seconds
[token:140, layer:1] 004:apply-rope: 0.000002000 seconds
[token:140, layer:1] 005:compute-attention: 0.000030000 seconds
[token:140, layer:1] 006:attention-output: 0.000035000 seconds
[token:140, layer:1] 007:ffn-norm: 0.000000000 seconds
[token:140, layer:1] 008:ffn-up-projection: 0.000193000 seconds
[token:140, layer:1] 009:ffn-swiglu: 0.000001000 seconds
[token:140, layer:1] 010:ffn-down-projection: 0.000140000 seconds
[token:140, layer:1] 102:layer-compute-total: 0.000515000 seconds
[token:140, layer:2] 002:attention-norm: 0.000000000 seconds
[token:140, layer:2] 003:qkv-projection: 0.000106000 seconds
[token:140, layer:2] 004:apply-rope: 0.000002000 seconds
[token:140, layer:2] 005:compute-attention: 0.000032000 seconds
[token:140, layer:2] 006:attention-output: 0.000035000 seconds
[token:140, layer:2] 007:ffn-norm: 0.000000000 seconds
[token:140, layer:2] 008:ffn-up-projection: 0.000200000 seconds
[token:140, layer:2] 009:ffn-swiglu: 0.000001000 seconds
[token:140, layer:2] 010:ffn-down-projection: 0.000139000 seconds
[token:140, layer:2] 102:layer-compute-total: 0.000515000 seconds
[token:140, layer:3] 002:attention-norm: 0.000000000 seconds
[token:140, layer:3] 003:qkv-projection: 0.000105000 seconds
[token:140, layer:3] 004:apply-rope: 0.000001000 seconds
[token:140, layer:3] 005:compute-attention: 0.000030000 seconds
[token:140, layer:3] 006:attention-output: 0.000035000 seconds
[token:140, layer:3] 007:ffn-norm: 0.000001000 seconds
[token:140, layer:3] 008:ffn-up-projection: 0.000187000 seconds
[token:140, layer:3] 009:ffn-swiglu: 0.000001000 seconds
[token:140, layer:3] 010:ffn-down-projection: 0.000134000 seconds
[token:140, layer:3] 102:layer-compute-total: 0.000494000 seconds
[token:140, layer:4] 002:attention-norm: 0.000000000 seconds
[token:140, layer:4] 003:qkv-projection: 0.000111000 seconds
[token:140, layer:4] 004:apply-rope: 0.000001000 seconds
[token:140, layer:4] 005:compute-attention: 0.000030000 seconds
[token:140, layer:4] 006:attention-output: 0.000036000 seconds
[token:140, layer:4] 007:ffn-norm: 0.000000000 seconds
[token:140, layer:4] 008:ffn-up-projection: 0.000187000 seconds
[token:140, layer:4] 009:ffn-swiglu: 0.000001000 seconds
[token:140, layer:4] 010:ffn-down-projection: 0.000134000 seconds
[token:140, layer:4] 102:layer-compute-total: 0.000500000 seconds
[token:140, layer:5] 002:attention-norm: 0.000000000 seconds
[token:140, layer:5] 003:qkv-projection: 0.000105000 seconds
[token:140, layer:5] 004:apply-rope: 0.000001000 seconds
[token:140, layer:5] 005:compute-attention: 0.000030000 seconds
[token:140, layer:5] 006:attention-output: 0.000036000 seconds
[token:140, layer:5] 007:ffn-norm: 0.000000000 seconds
[token:140, layer:5] 008:ffn-up-projection: 0.000187000 seconds
[token:140, layer:5] 009:ffn-swiglu: 0.000001000 seconds
[token:140, layer:5] 010:ffn-down-projection: 0.000134000 seconds
[token:140, layer:5] 102:layer-compute-total: 0.000494000 seconds
[token:140] 011:final-projection: 0.003961000 seconds
[token:140] 103:forward-compute-total: 0.006986000 seconds
[token:141] 001:embedding-lookup: 0.000000000 seconds
[token:141, layer:0] 002:attention-norm: 0.000000000 seconds
[token:141, layer:0] 003:qkv-projection: 0.000120000 seconds
[token:141, layer:0] 004:apply-rope: 0.000001000 seconds
[token:141, layer:0] 005:compute-attention: 0.000022000 seconds
[token:141, layer:0] 006:attention-output: 0.000035000 seconds
[token:141, layer:0] 007:ffn-norm: 0.000000000 seconds
[token:141, layer:0] 008:ffn-up-projection: 0.000186000 seconds
[token:141, layer:0] 009:ffn-swiglu: 0.000001000 seconds
[token:141, layer:0] 010:ffn-down-projection: 0.000134000 seconds
[token:141, layer:0] 102:layer-compute-total: 0.000499000 seconds
[token:141, layer:1] 002:attention-norm: 0.000001000 seconds
[token:141, layer:1] 003:qkv-projection: 0.000105000 seconds
[token:141, layer:1] 004:apply-rope: 0.000001000 seconds
[token:141, layer:1] 005:compute-attention: 0.000023000 seconds
[token:141, layer:1] 006:attention-output: 0.000035000 seconds
[token:141, layer:1] 007:ffn-norm: 0.000000000 seconds
[token:141, layer:1] 008:ffn-up-projection: 0.000187000 seconds
[token:141, layer:1] 009:ffn-swiglu: 0.000001000 seconds
[token:141, layer:1] 010:ffn-down-projection: 0.000134000 seconds
[token:141, layer:1] 102:layer-compute-total: 0.000487000 seconds
[token:141, layer:2] 002:attention-norm: 0.000001000 seconds
[token:141, layer:2] 003:qkv-projection: 0.000105000 seconds
[token:141, layer:2] 004:apply-rope: 0.000001000 seconds
[token:141, layer:2] 005:compute-attention: 0.000021000 seconds
[token:141, layer:2] 006:attention-output: 0.000035000 seconds
[token:141, layer:2] 007:ffn-norm: 0.000001000 seconds
[token:141, layer:2] 008:ffn-up-projection: 0.000187000 seconds
[token:141, layer:2] 009:ffn-swiglu: 0.000001000 seconds
[token:141, layer:2] 010:ffn-down-projection: 0.000144000 seconds
[token:141, layer:2] 102:layer-compute-total: 0.000496000 seconds
[token:141, layer:3] 002:attention-norm: 0.000000000 seconds
[token:141, layer:3] 003:qkv-projection: 0.000105000 seconds
[token:141, layer:3] 004:apply-rope: 0.000001000 seconds
[token:141, layer:3] 005:compute-attention: 0.000023000 seconds
[token:141, layer:3] 006:attention-output: 0.000035000 seconds
[token:141, layer:3] 007:ffn-norm: 0.000000000 seconds
[token:141, layer:3] 008:ffn-up-projection: 0.000187000 seconds
[token:141, layer:3] 009:ffn-swiglu: 0.000001000 seconds
[token:141, layer:3] 010:ffn-down-projection: 0.000133000 seconds
[token:141, layer:3] 102:layer-compute-total: 0.000485000 seconds
[token:141, layer:4] 002:attention-norm: 0.000000000 seconds
[token:141, layer:4] 003:qkv-projection: 0.000105000 seconds
[token:141, layer:4] 004:apply-rope: 0.000001000 seconds
[token:141, layer:4] 005:compute-attention: 0.000023000 seconds
[token:141, layer:4] 006:attention-output: 0.000035000 seconds
[token:141, layer:4] 007:ffn-norm: 0.000000000 seconds
[token:141, layer:4] 008:ffn-up-projection: 0.000187000 seconds
[token:141, layer:4] 009:ffn-swiglu: 0.000001000 seconds
[token:141, layer:4] 010:ffn-down-projection: 0.000134000 seconds
[token:141, layer:4] 102:layer-compute-total: 0.000486000 seconds
[token:141, layer:5] 002:attention-norm: 0.000000000 seconds
[token:141, layer:5] 003:qkv-projection: 0.000105000 seconds
[token:141, layer:5] 004:apply-rope: 0.000001000 seconds
[token:141, layer:5] 005:compute-attention: 0.000022000 seconds
[token:141, layer:5] 006:attention-output: 0.000035000 seconds
[token:141, layer:5] 007:ffn-norm: 0.000000000 seconds
[token:141, layer:5] 008:ffn-up-projection: 0.000187000 seconds
[token:141, layer:5] 009:ffn-swiglu: 0.000001000 seconds
[token:141, layer:5] 010:ffn-down-projection: 0.000134000 seconds
[token:141, layer:5] 102:layer-compute-total: 0.000485000 seconds
[token:141] 011:final-projection: 0.004068000 seconds
[token:141] 103:forward-compute-total: 0.007006000 seconds
[token:142] 001:embedding-lookup: 0.000000000 seconds
[token:142, layer:0] 002:attention-norm: 0.000001000 seconds
[token:142, layer:0] 003:qkv-projection: 0.000113000 seconds
[token:142, layer:0] 004:apply-rope: 0.000002000 seconds
[token:142, layer:0] 005:compute-attention: 0.000026000 seconds
[token:142, layer:0] 006:attention-output: 0.000036000 seconds
[token:142, layer:0] 007:ffn-norm: 0.000001000 seconds
[token:142, layer:0] 008:ffn-up-projection: 0.000189000 seconds
[token:142, layer:0] 009:ffn-swiglu: 0.000001000 seconds
[token:142, layer:0] 010:ffn-down-projection: 0.000136000 seconds
[token:142, layer:0] 102:layer-compute-total: 0.000505000 seconds
[token:142, layer:1] 002:attention-norm: 0.000000000 seconds
[token:142, layer:1] 003:qkv-projection: 0.000128000 seconds
[token:142, layer:1] 004:apply-rope: 0.000002000 seconds
[token:142, layer:1] 005:compute-attention: 0.000029000 seconds
[token:142, layer:1] 006:attention-output: 0.000036000 seconds
[token:142, layer:1] 007:ffn-norm: 0.000000000 seconds
[token:142, layer:1] 008:ffn-up-projection: 0.000194000 seconds
[token:142, layer:1] 009:ffn-swiglu: 0.000001000 seconds
[token:142, layer:1] 010:ffn-down-projection: 0.000146000 seconds
[token:142, layer:1] 102:layer-compute-total: 0.000536000 seconds
[token:142, layer:2] 002:attention-norm: 0.000001000 seconds
[token:142, layer:2] 003:qkv-projection: 0.000110000 seconds
[token:142, layer:2] 004:apply-rope: 0.000002000 seconds
[token:142, layer:2] 005:compute-attention: 0.000031000 seconds
[token:142, layer:2] 006:attention-output: 0.000035000 seconds
[token:142, layer:2] 007:ffn-norm: 0.000000000 seconds
[token:142, layer:2] 008:ffn-up-projection: 0.000192000 seconds
[token:142, layer:2] 009:ffn-swiglu: 0.000001000 seconds
[token:142, layer:2] 010:ffn-down-projection: 0.000135000 seconds
[token:142, layer:2] 102:layer-compute-total: 0.000507000 seconds
[token:142, layer:3] 002:attention-norm: 0.000000000 seconds
[token:142, layer:3] 003:qkv-projection: 0.000108000 seconds
[token:142, layer:3] 004:apply-rope: 0.000002000 seconds
[token:142, layer:3] 005:compute-attention: 0.000030000 seconds
[token:142, layer:3] 006:attention-output: 0.000035000 seconds
[token:142, layer:3] 007:ffn-norm: 0.000000000 seconds
[token:142, layer:3] 008:ffn-up-projection: 0.000193000 seconds
[token:142, layer:3] 009:ffn-swiglu: 0.000001000 seconds
[token:142, layer:3] 010:ffn-down-projection: 0.000133000 seconds
[token:142, layer:3] 102:layer-compute-total: 0.000502000 seconds
[token:142, layer:4] 002:attention-norm: 0.000000000 seconds
[token:142, layer:4] 003:qkv-projection: 0.000108000 seconds
[token:142, layer:4] 004:apply-rope: 0.000001000 seconds
[token:142, layer:4] 005:compute-attention: 0.000031000 seconds
[token:142, layer:4] 006:attention-output: 0.000038000 seconds
[token:142, layer:4] 007:ffn-norm: 0.000000000 seconds
[token:142, layer:4] 008:ffn-up-projection: 0.000188000 seconds
[token:142, layer:4] 009:ffn-swiglu: 0.000001000 seconds
[token:142, layer:4] 010:ffn-down-projection: 0.000133000 seconds
[token:142, layer:4] 102:layer-compute-total: 0.000500000 seconds
[token:142, layer:5] 002:attention-norm: 0.000001000 seconds
[token:142, layer:5] 003:qkv-projection: 0.000108000 seconds
[token:142, layer:5] 004:apply-rope: 0.000001000 seconds
[token:142, layer:5] 005:compute-attention: 0.000031000 seconds
[token:142, layer:5] 006:attention-output: 0.000035000 seconds
[token:142, layer:5] 007:ffn-norm: 0.000001000 seconds
[token:142, layer:5] 008:ffn-up-projection: 0.000187000 seconds
[token:142, layer:5] 009:ffn-swiglu: 0.000001000 seconds
[token:142, layer:5] 010:ffn-down-projection: 0.000134000 seconds
[token:142, layer:5] 102:layer-compute-total: 0.000499000 seconds
[token:142] 011:final-projection: 0.003977000 seconds
[token:142] 103:forward-compute-total: 0.007026000 seconds
[token:143] 001:embedding-lookup: 0.000000000 seconds
[token:143, layer:0] 002:attention-norm: 0.000000000 seconds
[token:143, layer:0] 003:qkv-projection: 0.000113000 seconds
[token:143, layer:0] 004:apply-rope: 0.000001000 seconds
[token:143, layer:0] 005:compute-attention: 0.000026000 seconds
[token:143, layer:0] 006:attention-output: 0.000035000 seconds
[token:143, layer:0] 007:ffn-norm: 0.000000000 seconds
[token:143, layer:0] 008:ffn-up-projection: 0.000186000 seconds
[token:143, layer:0] 009:ffn-swiglu: 0.000001000 seconds
[token:143, layer:0] 010:ffn-down-projection: 0.000134000 seconds
[token:143, layer:0] 102:layer-compute-total: 0.000496000 seconds
[token:143, layer:1] 002:attention-norm: 0.000000000 seconds
[token:143, layer:1] 003:qkv-projection: 0.000105000 seconds
[token:143, layer:1] 004:apply-rope: 0.000001000 seconds
[token:143, layer:1] 005:compute-attention: 0.000024000 seconds
[token:143, layer:1] 006:attention-output: 0.000035000 seconds
[token:143, layer:1] 007:ffn-norm: 0.000000000 seconds
[token:143, layer:1] 008:ffn-up-projection: 0.000197000 seconds
[token:143, layer:1] 009:ffn-swiglu: 0.000001000 seconds
[token:143, layer:1] 010:ffn-down-projection: 0.000135000 seconds
[token:143, layer:1] 102:layer-compute-total: 0.000498000 seconds
[token:143, layer:2] 002:attention-norm: 0.000000000 seconds
[token:143, layer:2] 003:qkv-projection: 0.000106000 seconds
[token:143, layer:2] 004:apply-rope: 0.000002000 seconds
[token:143, layer:2] 005:compute-attention: 0.000024000 seconds
[token:143, layer:2] 006:attention-output: 0.000035000 seconds
[token:143, layer:2] 007:ffn-norm: 0.000000000 seconds
[token:143, layer:2] 008:ffn-up-projection: 0.000187000 seconds
[token:143, layer:2] 009:ffn-swiglu: 0.000001000 seconds
[token:143, layer:2] 010:ffn-down-projection: 0.000134000 seconds
[token:143, layer:2] 102:layer-compute-total: 0.000489000 seconds
[token:143, layer:3] 002:attention-norm: 0.000000000 seconds
[token:143, layer:3] 003:qkv-projection: 0.000105000 seconds
[token:143, layer:3] 004:apply-rope: 0.000001000 seconds
[token:143, layer:3] 005:compute-attention: 0.000023000 seconds
[token:143, layer:3] 006:attention-output: 0.000035000 seconds
[token:143, layer:3] 007:ffn-norm: 0.000000000 seconds
[token:143, layer:3] 008:ffn-up-projection: 0.000188000 seconds
[token:143, layer:3] 009:ffn-swiglu: 0.000001000 seconds
[token:143, layer:3] 010:ffn-down-projection: 0.000134000 seconds
[token:143, layer:3] 102:layer-compute-total: 0.000487000 seconds
[token:143, layer:4] 002:attention-norm: 0.000001000 seconds
[token:143, layer:4] 003:qkv-projection: 0.000105000 seconds
[token:143, layer:4] 004:apply-rope: 0.000001000 seconds
[token:143, layer:4] 005:compute-attention: 0.000024000 seconds
[token:143, layer:4] 006:attention-output: 0.000036000 seconds
[token:143, layer:4] 007:ffn-norm: 0.000001000 seconds
[token:143, layer:4] 008:ffn-up-projection: 0.000187000 seconds
[token:143, layer:4] 009:ffn-swiglu: 0.000001000 seconds
[token:143, layer:4] 010:ffn-down-projection: 0.000134000 seconds
[token:143, layer:4] 102:layer-compute-total: 0.000490000 seconds
[token:143, layer:5] 002:attention-norm: 0.000001000 seconds
[token:143, layer:5] 003:qkv-projection: 0.000105000 seconds
[token:143, layer:5] 004:apply-rope: 0.000001000 seconds
[token:143, layer:5] 005:compute-attention: 0.000023000 seconds
[token:143, layer:5] 006:attention-output: 0.000035000 seconds
[token:143, layer:5] 007:ffn-norm: 0.000000000 seconds
[token:143, layer:5] 008:ffn-up-projection: 0.000189000 seconds
[token:143, layer:5] 009:ffn-swiglu: 0.000001000 seconds
[token:143, layer:5] 010:ffn-down-projection: 0.000134000 seconds
[token:143, layer:5] 102:layer-compute-total: 0.000489000 seconds
[token:143] 011:final-projection: 0.003946000 seconds
[token:143] 103:forward-compute-total: 0.006895000 seconds
[token:144] 001:embedding-lookup: 0.000001000 seconds
[token:144, layer:0] 002:attention-norm: 0.000000000 seconds
[token:144, layer:0] 003:qkv-projection: 0.000113000 seconds
[token:144, layer:0] 004:apply-rope: 0.000002000 seconds
[token:144, layer:0] 005:compute-attention: 0.000023000 seconds
[token:144, layer:0] 006:attention-output: 0.000035000 seconds
[token:144, layer:0] 007:ffn-norm: 0.000000000 seconds
[token:144, layer:0] 008:ffn-up-projection: 0.000199000 seconds
[token:144, layer:0] 009:ffn-swiglu: 0.000001000 seconds
[token:144, layer:0] 010:ffn-down-projection: 0.000156000 seconds
[token:144, layer:0] 102:layer-compute-total: 0.000529000 seconds
[token:144, layer:1] 002:attention-norm: 0.000000000 seconds
[token:144, layer:1] 003:qkv-projection: 0.000125000 seconds
[token:144, layer:1] 004:apply-rope: 0.000001000 seconds
[token:144, layer:1] 005:compute-attention: 0.000030000 seconds
[token:144, layer:1] 006:attention-output: 0.000037000 seconds
[token:144, layer:1] 007:ffn-norm: 0.000000000 seconds
[token:144, layer:1] 008:ffn-up-projection: 0.000227000 seconds
[token:144, layer:1] 009:ffn-swiglu: 0.000001000 seconds
[token:144, layer:1] 010:ffn-down-projection: 0.000139000 seconds
[token:144, layer:1] 102:layer-compute-total: 0.000560000 seconds
[token:144, layer:2] 002:attention-norm: 0.000001000 seconds
[token:144, layer:2] 003:qkv-projection: 0.000112000 seconds
[token:144, layer:2] 004:apply-rope: 0.000002000 seconds
[token:144, layer:2] 005:compute-attention: 0.000030000 seconds
[token:144, layer:2] 006:attention-output: 0.000037000 seconds
[token:144, layer:2] 007:ffn-norm: 0.000000000 seconds
[token:144, layer:2] 008:ffn-up-projection: 0.000195000 seconds
[token:144, layer:2] 009:ffn-swiglu: 0.000001000 seconds
[token:144, layer:2] 010:ffn-down-projection: 0.000139000 seconds
[token:144, layer:2] 102:layer-compute-total: 0.000517000 seconds
[token:144, layer:3] 002:attention-norm: 0.000000000 seconds
[token:144, layer:3] 003:qkv-projection: 0.000107000 seconds
[token:144, layer:3] 004:apply-rope: 0.000002000 seconds
[token:144, layer:3] 005:compute-attention: 0.000027000 seconds
[token:144, layer:3] 006:attention-output: 0.000035000 seconds
[token:144, layer:3] 007:ffn-norm: 0.000000000 seconds
[token:144, layer:3] 008:ffn-up-projection: 0.000189000 seconds
[token:144, layer:3] 009:ffn-swiglu: 0.000001000 seconds
[token:144, layer:3] 010:ffn-down-projection: 0.000139000 seconds
[token:144, layer:3] 102:layer-compute-total: 0.000500000 seconds
[token:144, layer:4] 002:attention-norm: 0.000000000 seconds
[token:144, layer:4] 003:qkv-projection: 0.000122000 seconds
[token:144, layer:4] 004:apply-rope: 0.000001000 seconds
[token:144, layer:4] 005:compute-attention: 0.000035000 seconds
[token:144, layer:4] 006:attention-output: 0.000037000 seconds
[token:144, layer:4] 007:ffn-norm: 0.000000000 seconds
[token:144, layer:4] 008:ffn-up-projection: 0.000200000 seconds
[token:144, layer:4] 009:ffn-swiglu: 0.000001000 seconds
[token:144, layer:4] 010:ffn-down-projection: 0.000133000 seconds
[token:144, layer:4] 102:layer-compute-total: 0.000529000 seconds
[token:144, layer:5] 002:attention-norm: 0.000000000 seconds
[token:144, layer:5] 003:qkv-projection: 0.000108000 seconds
[token:144, layer:5] 004:apply-rope: 0.000002000 seconds
[token:144, layer:5] 005:compute-attention: 0.000033000 seconds
[token:144, layer:5] 006:attention-output: 0.000035000 seconds
[token:144, layer:5] 007:ffn-norm: 0.000000000 seconds
[token:144, layer:5] 008:ffn-up-projection: 0.000196000 seconds
[token:144, layer:5] 009:ffn-swiglu: 0.000001000 seconds
[token:144, layer:5] 010:ffn-down-projection: 0.000133000 seconds
[token:144, layer:5] 102:layer-compute-total: 0.000508000 seconds
[token:144] 011:final-projection: 0.003954000 seconds
[token:144] 103:forward-compute-total: 0.007098000 seconds
[token:145] 001:embedding-lookup: 0.000000000 seconds
[token:145, layer:0] 002:attention-norm: 0.000000000 seconds
[token:145, layer:0] 003:qkv-projection: 0.000115000 seconds
[token:145, layer:0] 004:apply-rope: 0.000001000 seconds
[token:145, layer:0] 005:compute-attention: 0.000030000 seconds
[token:145, layer:0] 006:attention-output: 0.000035000 seconds
[token:145, layer:0] 007:ffn-norm: 0.000000000 seconds
[token:145, layer:0] 008:ffn-up-projection: 0.000188000 seconds
[token:145, layer:0] 009:ffn-swiglu: 0.000001000 seconds
[token:145, layer:0] 010:ffn-down-projection: 0.000137000 seconds
[token:145, layer:0] 102:layer-compute-total: 0.000507000 seconds
[token:145, layer:1] 002:attention-norm: 0.000001000 seconds
[token:145, layer:1] 003:qkv-projection: 0.000112000 seconds
[token:145, layer:1] 004:apply-rope: 0.000001000 seconds
[token:145, layer:1] 005:compute-attention: 0.000030000 seconds
[token:145, layer:1] 006:attention-output: 0.000035000 seconds
[token:145, layer:1] 007:ffn-norm: 0.000000000 seconds
[token:145, layer:1] 008:ffn-up-projection: 0.000187000 seconds
[token:145, layer:1] 009:ffn-swiglu: 0.000001000 seconds
[token:145, layer:1] 010:ffn-down-projection: 0.000133000 seconds
[token:145, layer:1] 102:layer-compute-total: 0.000500000 seconds
[token:145, layer:2] 002:attention-norm: 0.000000000 seconds
[token:145, layer:2] 003:qkv-projection: 0.000114000 seconds
[token:145, layer:2] 004:apply-rope: 0.000002000 seconds
[token:145, layer:2] 005:compute-attention: 0.000028000 seconds
[token:145, layer:2] 006:attention-output: 0.000035000 seconds
[token:145, layer:2] 007:ffn-norm: 0.000001000 seconds
[token:145, layer:2] 008:ffn-up-projection: 0.000192000 seconds
[token:145, layer:2] 009:ffn-swiglu: 0.000001000 seconds
[token:145, layer:2] 010:ffn-down-projection: 0.000134000 seconds
[token:145, layer:2] 102:layer-compute-total: 0.000507000 seconds
[token:145, layer:3] 002:attention-norm: 0.000000000 seconds
[token:145, layer:3] 003:qkv-projection: 0.000105000 seconds
[token:145, layer:3] 004:apply-rope: 0.000001000 seconds
[token:145, layer:3] 005:compute-attention: 0.000026000 seconds
[token:145, layer:3] 006:attention-output: 0.000035000 seconds
[token:145, layer:3] 007:ffn-norm: 0.000000000 seconds
[token:145, layer:3] 008:ffn-up-projection: 0.000186000 seconds
[token:145, layer:3] 009:ffn-swiglu: 0.000001000 seconds
[token:145, layer:3] 010:ffn-down-projection: 0.000138000 seconds
[token:145, layer:3] 102:layer-compute-total: 0.000492000 seconds
[token:145, layer:4] 002:attention-norm: 0.000000000 seconds
[token:145, layer:4] 003:qkv-projection: 0.000105000 seconds
[token:145, layer:4] 004:apply-rope: 0.000001000 seconds
[token:145, layer:4] 005:compute-attention: 0.000025000 seconds
[token:145, layer:4] 006:attention-output: 0.000037000 seconds
[token:145, layer:4] 007:ffn-norm: 0.000000000 seconds
[token:145, layer:4] 008:ffn-up-projection: 0.000192000 seconds
[token:145, layer:4] 009:ffn-swiglu: 0.000001000 seconds
[token:145, layer:4] 010:ffn-down-projection: 0.000134000 seconds
[token:145, layer:4] 102:layer-compute-total: 0.000495000 seconds
[token:145, layer:5] 002:attention-norm: 0.000000000 seconds
[token:145, layer:5] 003:qkv-projection: 0.000105000 seconds
[token:145, layer:5] 004:apply-rope: 0.000001000 seconds
[token:145, layer:5] 005:compute-attention: 0.000024000 seconds
[token:145, layer:5] 006:attention-output: 0.000035000 seconds
[token:145, layer:5] 007:ffn-norm: 0.000000000 seconds
[token:145, layer:5] 008:ffn-up-projection: 0.000187000 seconds
[token:145, layer:5] 009:ffn-swiglu: 0.000001000 seconds
[token:145, layer:5] 010:ffn-down-projection: 0.000134000 seconds
[token:145, layer:5] 102:layer-compute-total: 0.000487000 seconds
[token:145] 011:final-projection: 0.003960000 seconds
[token:145] 103:forward-compute-total: 0.006948000 seconds
[token:146] 001:embedding-lookup: 0.000000000 seconds
[token:146, layer:0] 002:attention-norm: 0.000001000 seconds
[token:146, layer:0] 003:qkv-projection: 0.000111000 seconds
[token:146, layer:0] 004:apply-rope: 0.000001000 seconds
[token:146, layer:0] 005:compute-attention: 0.000022000 seconds
[token:146, layer:0] 006:attention-output: 0.000039000 seconds
[token:146, layer:0] 007:ffn-norm: 0.000001000 seconds
[token:146, layer:0] 008:ffn-up-projection: 0.000188000 seconds
[token:146, layer:0] 009:ffn-swiglu: 0.000001000 seconds
[token:146, layer:0] 010:ffn-down-projection: 0.000137000 seconds
[token:146, layer:0] 102:layer-compute-total: 0.000501000 seconds
[token:146, layer:1] 002:attention-norm: 0.000000000 seconds
[token:146, layer:1] 003:qkv-projection: 0.000107000 seconds
[token:146, layer:1] 004:apply-rope: 0.000001000 seconds
[token:146, layer:1] 005:compute-attention: 0.000023000 seconds
[token:146, layer:1] 006:attention-output: 0.000036000 seconds
[token:146, layer:1] 007:ffn-norm: 0.000000000 seconds
[token:146, layer:1] 008:ffn-up-projection: 0.000193000 seconds
[token:146, layer:1] 009:ffn-swiglu: 0.000001000 seconds
[token:146, layer:1] 010:ffn-down-projection: 0.000134000 seconds
[token:146, layer:1] 102:layer-compute-total: 0.000495000 seconds
[token:146, layer:2] 002:attention-norm: 0.000001000 seconds
[token:146, layer:2] 003:qkv-projection: 0.000109000 seconds
[token:146, layer:2] 004:apply-rope: 0.000002000 seconds
[token:146, layer:2] 005:compute-attention: 0.000022000 seconds
[token:146, layer:2] 006:attention-output: 0.000035000 seconds
[token:146, layer:2] 007:ffn-norm: 0.000000000 seconds
[token:146, layer:2] 008:ffn-up-projection: 0.000187000 seconds
[token:146, layer:2] 009:ffn-swiglu: 0.000001000 seconds
[token:146, layer:2] 010:ffn-down-projection: 0.000134000 seconds
[token:146, layer:2] 102:layer-compute-total: 0.000491000 seconds
[token:146, layer:3] 002:attention-norm: 0.000000000 seconds
[token:146, layer:3] 003:qkv-projection: 0.000105000 seconds
[token:146, layer:3] 004:apply-rope: 0.000002000 seconds
[token:146, layer:3] 005:compute-attention: 0.000022000 seconds
[token:146, layer:3] 006:attention-output: 0.000035000 seconds
[token:146, layer:3] 007:ffn-norm: 0.000000000 seconds
[token:146, layer:3] 008:ffn-up-projection: 0.000187000 seconds
[token:146, layer:3] 009:ffn-swiglu: 0.000001000 seconds
[token:146, layer:3] 010:ffn-down-projection: 0.000137000 seconds
[token:146, layer:3] 102:layer-compute-total: 0.000489000 seconds
[token:146, layer:4] 002:attention-norm: 0.000000000 seconds
[token:146, layer:4] 003:qkv-projection: 0.000123000 seconds
[token:146, layer:4] 004:apply-rope: 0.000001000 seconds
[token:146, layer:4] 005:compute-attention: 0.000030000 seconds
[token:146, layer:4] 006:attention-output: 0.000039000 seconds
[token:146, layer:4] 007:ffn-norm: 0.000000000 seconds
[token:146, layer:4] 008:ffn-up-projection: 0.000208000 seconds
[token:146, layer:4] 009:ffn-swiglu: 0.000001000 seconds
[token:146, layer:4] 010:ffn-down-projection: 0.000143000 seconds
[token:146, layer:4] 102:layer-compute-total: 0.000545000 seconds
[token:146, layer:5] 002:attention-norm: 0.000000000 seconds
[token:146, layer:5] 003:qkv-projection: 0.000114000 seconds
[token:146, layer:5] 004:apply-rope: 0.000002000 seconds
[token:146, layer:5] 005:compute-attention: 0.000028000 seconds
[token:146, layer:5] 006:attention-output: 0.000037000 seconds
[token:146, layer:5] 007:ffn-norm: 0.000001000 seconds
[token:146, layer:5] 008:ffn-up-projection: 0.000194000 seconds
[token:146, layer:5] 009:ffn-swiglu: 0.000001000 seconds
[token:146, layer:5] 010:ffn-down-projection: 0.000137000 seconds
[token:146, layer:5] 102:layer-compute-total: 0.000514000 seconds
[token:146] 011:final-projection: 0.004121000 seconds
[token:146] 103:forward-compute-total: 0.007156000 seconds
[token:147] 001:embedding-lookup: 0.000000000 seconds
[token:147, layer:0] 002:attention-norm: 0.000000000 seconds
[token:147, layer:0] 003:qkv-projection: 0.000112000 seconds
[token:147, layer:0] 004:apply-rope: 0.000002000 seconds
[token:147, layer:0] 005:compute-attention: 0.000030000 seconds
[token:147, layer:0] 006:attention-output: 0.000035000 seconds
[token:147, layer:0] 007:ffn-norm: 0.000000000 seconds
[token:147, layer:0] 008:ffn-up-projection: 0.000187000 seconds
[token:147, layer:0] 009:ffn-swiglu: 0.000001000 seconds
[token:147, layer:0] 010:ffn-down-projection: 0.000134000 seconds
[token:147, layer:0] 102:layer-compute-total: 0.000501000 seconds
[token:147, layer:1] 002:attention-norm: 0.000000000 seconds
[token:147, layer:1] 003:qkv-projection: 0.000105000 seconds
[token:147, layer:1] 004:apply-rope: 0.000002000 seconds
[token:147, layer:1] 005:compute-attention: 0.000032000 seconds
[token:147, layer:1] 006:attention-output: 0.000035000 seconds
[token:147, layer:1] 007:ffn-norm: 0.000001000 seconds
[token:147, layer:1] 008:ffn-up-projection: 0.000190000 seconds
[token:147, layer:1] 009:ffn-swiglu: 0.000002000 seconds
[token:147, layer:1] 010:ffn-down-projection: 0.000133000 seconds
[token:147, layer:1] 102:layer-compute-total: 0.000500000 seconds
[token:147, layer:2] 002:attention-norm: 0.000001000 seconds
[token:147, layer:2] 003:qkv-projection: 0.000105000 seconds
[token:147, layer:2] 004:apply-rope: 0.000001000 seconds
[token:147, layer:2] 005:compute-attention: 0.000032000 seconds
[token:147, layer:2] 006:attention-output: 0.000036000 seconds
[token:147, layer:2] 007:ffn-norm: 0.000001000 seconds
[token:147, layer:2] 008:ffn-up-projection: 0.000187000 seconds
[token:147, layer:2] 009:ffn-swiglu: 0.000001000 seconds
[token:147, layer:2] 010:ffn-down-projection: 0.000133000 seconds
[token:147, layer:2] 102:layer-compute-total: 0.000497000 seconds
[token:147, layer:3] 002:attention-norm: 0.000000000 seconds
[token:147, layer:3] 003:qkv-projection: 0.000105000 seconds
[token:147, layer:3] 004:apply-rope: 0.000002000 seconds
[token:147, layer:3] 005:compute-attention: 0.000031000 seconds
[token:147, layer:3] 006:attention-output: 0.000035000 seconds
[token:147, layer:3] 007:ffn-norm: 0.000000000 seconds
[token:147, layer:3] 008:ffn-up-projection: 0.000196000 seconds
[token:147, layer:3] 009:ffn-swiglu: 0.000001000 seconds
[token:147, layer:3] 010:ffn-down-projection: 0.000138000 seconds
[token:147, layer:3] 102:layer-compute-total: 0.000508000 seconds
[token:147, layer:4] 002:attention-norm: 0.000000000 seconds
[token:147, layer:4] 003:qkv-projection: 0.000114000 seconds
[token:147, layer:4] 004:apply-rope: 0.000001000 seconds
[token:147, layer:4] 005:compute-attention: 0.000031000 seconds
[token:147, layer:4] 006:attention-output: 0.000035000 seconds
[token:147, layer:4] 007:ffn-norm: 0.000000000 seconds
[token:147, layer:4] 008:ffn-up-projection: 0.000200000 seconds
[token:147, layer:4] 009:ffn-swiglu: 0.000002000 seconds
[token:147, layer:4] 010:ffn-down-projection: 0.000134000 seconds
[token:147, layer:4] 102:layer-compute-total: 0.000517000 seconds
[token:147, layer:5] 002:attention-norm: 0.000000000 seconds
[token:147, layer:5] 003:qkv-projection: 0.000105000 seconds
[token:147, layer:5] 004:apply-rope: 0.000001000 seconds
[token:147, layer:5] 005:compute-attention: 0.000031000 seconds
[token:147, layer:5] 006:attention-output: 0.000035000 seconds
[token:147, layer:5] 007:ffn-norm: 0.000000000 seconds
[token:147, layer:5] 008:ffn-up-projection: 0.000187000 seconds
[token:147, layer:5] 009:ffn-swiglu: 0.000001000 seconds
[token:147, layer:5] 010:ffn-down-projection: 0.000133000 seconds
[token:147, layer:5] 102:layer-compute-total: 0.000493000 seconds
[token:147] 011:final-projection: 0.003960000 seconds
[token:147] 103:forward-compute-total: 0.006976000 seconds
[token:148] 001:embedding-lookup: 0.000000000 seconds
[token:148, layer:0] 002:attention-norm: 0.000000000 seconds
[token:148, layer:0] 003:qkv-projection: 0.000109000 seconds
[token:148, layer:0] 004:apply-rope: 0.000002000 seconds
[token:148, layer:0] 005:compute-attention: 0.000023000 seconds
[token:148, layer:0] 006:attention-output: 0.000035000 seconds
[token:148, layer:0] 007:ffn-norm: 0.000001000 seconds
[token:148, layer:0] 008:ffn-up-projection: 0.000187000 seconds
[token:148, layer:0] 009:ffn-swiglu: 0.000001000 seconds
[token:148, layer:0] 010:ffn-down-projection: 0.000134000 seconds
[token:148, layer:0] 102:layer-compute-total: 0.000492000 seconds
[token:148, layer:1] 002:attention-norm: 0.000000000 seconds
[token:148, layer:1] 003:qkv-projection: 0.000105000 seconds
[token:148, layer:1] 004:apply-rope: 0.000001000 seconds
[token:148, layer:1] 005:compute-attention: 0.000023000 seconds
[token:148, layer:1] 006:attention-output: 0.000035000 seconds
[token:148, layer:1] 007:ffn-norm: 0.000000000 seconds
[token:148, layer:1] 008:ffn-up-projection: 0.000187000 seconds
[token:148, layer:1] 009:ffn-swiglu: 0.000001000 seconds
[token:148, layer:1] 010:ffn-down-projection: 0.000138000 seconds
[token:148, layer:1] 102:layer-compute-total: 0.000490000 seconds
[token:148, layer:2] 002:attention-norm: 0.000000000 seconds
[token:148, layer:2] 003:qkv-projection: 0.000105000 seconds
[token:148, layer:2] 004:apply-rope: 0.000001000 seconds
[token:148, layer:2] 005:compute-attention: 0.000023000 seconds
[token:148, layer:2] 006:attention-output: 0.000035000 seconds
[token:148, layer:2] 007:ffn-norm: 0.000000000 seconds
[token:148, layer:2] 008:ffn-up-projection: 0.000186000 seconds
[token:148, layer:2] 009:ffn-swiglu: 0.000001000 seconds
[token:148, layer:2] 010:ffn-down-projection: 0.000138000 seconds
[token:148, layer:2] 102:layer-compute-total: 0.000489000 seconds
[token:148, layer:3] 002:attention-norm: 0.000000000 seconds
[token:148, layer:3] 003:qkv-projection: 0.000110000 seconds
[token:148, layer:3] 004:apply-rope: 0.000002000 seconds
[token:148, layer:3] 005:compute-attention: 0.000023000 seconds
[token:148, layer:3] 006:attention-output: 0.000035000 seconds
[token:148, layer:3] 007:ffn-norm: 0.000000000 seconds
[token:148, layer:3] 008:ffn-up-projection: 0.000186000 seconds
[token:148, layer:3] 009:ffn-swiglu: 0.000001000 seconds
[token:148, layer:3] 010:ffn-down-projection: 0.000134000 seconds
[token:148, layer:3] 102:layer-compute-total: 0.000491000 seconds
[token:148, layer:4] 002:attention-norm: 0.000001000 seconds
[token:148, layer:4] 003:qkv-projection: 0.000106000 seconds
[token:148, layer:4] 004:apply-rope: 0.000001000 seconds
[token:148, layer:4] 005:compute-attention: 0.000023000 seconds
[token:148, layer:4] 006:attention-output: 0.000035000 seconds
[token:148, layer:4] 007:ffn-norm: 0.000000000 seconds
[token:148, layer:4] 008:ffn-up-projection: 0.000186000 seconds
[token:148, layer:4] 009:ffn-swiglu: 0.000001000 seconds
[token:148, layer:4] 010:ffn-down-projection: 0.000133000 seconds
[token:148, layer:4] 102:layer-compute-total: 0.000486000 seconds
[token:148, layer:5] 002:attention-norm: 0.000000000 seconds
[token:148, layer:5] 003:qkv-projection: 0.000105000 seconds
[token:148, layer:5] 004:apply-rope: 0.000001000 seconds
[token:148, layer:5] 005:compute-attention: 0.000023000 seconds
[token:148, layer:5] 006:attention-output: 0.000035000 seconds
[token:148, layer:5] 007:ffn-norm: 0.000000000 seconds
[token:148, layer:5] 008:ffn-up-projection: 0.000187000 seconds
[token:148, layer:5] 009:ffn-swiglu: 0.000001000 seconds
[token:148, layer:5] 010:ffn-down-projection: 0.000134000 seconds
[token:148, layer:5] 102:layer-compute-total: 0.000486000 seconds
[token:148] 011:final-projection: 0.004285000 seconds
[token:148] 103:forward-compute-total: 0.007219000 seconds
[token:149] 001:embedding-lookup: 0.000000000 seconds
[token:149, layer:0] 002:attention-norm: 0.000001000 seconds
[token:149, layer:0] 003:qkv-projection: 0.000112000 seconds
[token:149, layer:0] 004:apply-rope: 0.000001000 seconds
[token:149, layer:0] 005:compute-attention: 0.000032000 seconds
[token:149, layer:0] 006:attention-output: 0.000035000 seconds
[token:149, layer:0] 007:ffn-norm: 0.000000000 seconds
[token:149, layer:0] 008:ffn-up-projection: 0.000187000 seconds
[token:149, layer:0] 009:ffn-swiglu: 0.000001000 seconds
[token:149, layer:0] 010:ffn-down-projection: 0.000134000 seconds
[token:149, layer:0] 102:layer-compute-total: 0.000503000 seconds
[token:149, layer:1] 002:attention-norm: 0.000000000 seconds
[token:149, layer:1] 003:qkv-projection: 0.000105000 seconds
[token:149, layer:1] 004:apply-rope: 0.000002000 seconds
[token:149, layer:1] 005:compute-attention: 0.000032000 seconds
[token:149, layer:1] 006:attention-output: 0.000035000 seconds
[token:149, layer:1] 007:ffn-norm: 0.000001000 seconds
[token:149, layer:1] 008:ffn-up-projection: 0.000186000 seconds
[token:149, layer:1] 009:ffn-swiglu: 0.000001000 seconds
[token:149, layer:1] 010:ffn-down-projection: 0.000134000 seconds
[token:149, layer:1] 102:layer-compute-total: 0.000496000 seconds
[token:149, layer:2] 002:attention-norm: 0.000000000 seconds
[token:149, layer:2] 003:qkv-projection: 0.000105000 seconds
[token:149, layer:2] 004:apply-rope: 0.000002000 seconds
[token:149, layer:2] 005:compute-attention: 0.000031000 seconds
[token:149, layer:2] 006:attention-output: 0.000036000 seconds
[token:149, layer:2] 007:ffn-norm: 0.000000000 seconds
[token:149, layer:2] 008:ffn-up-projection: 0.000187000 seconds
[token:149, layer:2] 009:ffn-swiglu: 0.000001000 seconds
[token:149, layer:2] 010:ffn-down-projection: 0.000133000 seconds
[token:149, layer:2] 102:layer-compute-total: 0.000495000 seconds
[token:149, layer:3] 002:attention-norm: 0.000001000 seconds
[token:149, layer:3] 003:qkv-projection: 0.000105000 seconds
[token:149, layer:3] 004:apply-rope: 0.000001000 seconds
[token:149, layer:3] 005:compute-attention: 0.000031000 seconds
[token:149, layer:3] 006:attention-output: 0.000035000 seconds
[token:149, layer:3] 007:ffn-norm: 0.000000000 seconds
[token:149, layer:3] 008:ffn-up-projection: 0.000187000 seconds
[token:149, layer:3] 009:ffn-swiglu: 0.000001000 seconds
[token:149, layer:3] 010:ffn-down-projection: 0.000134000 seconds
[token:149, layer:3] 102:layer-compute-total: 0.000495000 seconds
[token:149, layer:4] 002:attention-norm: 0.000000000 seconds
[token:149, layer:4] 003:qkv-projection: 0.000105000 seconds
[token:149, layer:4] 004:apply-rope: 0.000001000 seconds
[token:149, layer:4] 005:compute-attention: 0.000031000 seconds
[token:149, layer:4] 006:attention-output: 0.000035000 seconds
[token:149, layer:4] 007:ffn-norm: 0.000000000 seconds
[token:149, layer:4] 008:ffn-up-projection: 0.000187000 seconds
[token:149, layer:4] 009:ffn-swiglu: 0.000001000 seconds
[token:149, layer:4] 010:ffn-down-projection: 0.000134000 seconds
[token:149, layer:4] 102:layer-compute-total: 0.000494000 seconds
[token:149, layer:5] 002:attention-norm: 0.000000000 seconds
[token:149, layer:5] 003:qkv-projection: 0.000105000 seconds
[token:149, layer:5] 004:apply-rope: 0.000001000 seconds
[token:149, layer:5] 005:compute-attention: 0.000032000 seconds
[token:149, layer:5] 006:attention-output: 0.000035000 seconds
[token:149, layer:5] 007:ffn-norm: 0.000000000 seconds
[token:149, layer:5] 008:ffn-up-projection: 0.000187000 seconds
[token:149, layer:5] 009:ffn-swiglu: 0.000001000 seconds
[token:149, layer:5] 010:ffn-down-projection: 0.000134000 seconds
[token:149, layer:5] 102:layer-compute-total: 0.000495000 seconds
[token:149] 011:final-projection: 0.003966000 seconds
[token:149] 103:forward-compute-total: 0.006944000 seconds
[token:150] 001:embedding-lookup: 0.000000000 seconds
[token:150, layer:0] 002:attention-norm: 0.000000000 seconds
[token:150, layer:0] 003:qkv-projection: 0.000112000 seconds
[token:150, layer:0] 004:apply-rope: 0.000002000 seconds
[token:150, layer:0] 005:compute-attention: 0.000024000 seconds
[token:150, layer:0] 006:attention-output: 0.000035000 seconds
[token:150, layer:0] 007:ffn-norm: 0.000000000 seconds
[token:150, layer:0] 008:ffn-up-projection: 0.000186000 seconds
[token:150, layer:0] 009:ffn-swiglu: 0.000001000 seconds
[token:150, layer:0] 010:ffn-down-projection: 0.000137000 seconds
[token:150, layer:0] 102:layer-compute-total: 0.000497000 seconds
[token:150, layer:1] 002:attention-norm: 0.000000000 seconds
[token:150, layer:1] 003:qkv-projection: 0.000105000 seconds
[token:150, layer:1] 004:apply-rope: 0.000002000 seconds
[token:150, layer:1] 005:compute-attention: 0.000024000 seconds
[token:150, layer:1] 006:attention-output: 0.000037000 seconds
[token:150, layer:1] 007:ffn-norm: 0.000000000 seconds
[token:150, layer:1] 008:ffn-up-projection: 0.000187000 seconds
[token:150, layer:1] 009:ffn-swiglu: 0.000001000 seconds
[token:150, layer:1] 010:ffn-down-projection: 0.000133000 seconds
[token:150, layer:1] 102:layer-compute-total: 0.000489000 seconds
[token:150, layer:2] 002:attention-norm: 0.000000000 seconds
[token:150, layer:2] 003:qkv-projection: 0.000105000 seconds
[token:150, layer:2] 004:apply-rope: 0.000001000 seconds
[token:150, layer:2] 005:compute-attention: 0.000026000 seconds
[token:150, layer:2] 006:attention-output: 0.000036000 seconds
[token:150, layer:2] 007:ffn-norm: 0.000001000 seconds
[token:150, layer:2] 008:ffn-up-projection: 0.000187000 seconds
[token:150, layer:2] 009:ffn-swiglu: 0.000001000 seconds
[token:150, layer:2] 010:ffn-down-projection: 0.000134000 seconds
[token:150, layer:2] 102:layer-compute-total: 0.000491000 seconds
[token:150, layer:3] 002:attention-norm: 0.000000000 seconds
[token:150, layer:3] 003:qkv-projection: 0.000104000 seconds
[token:150, layer:3] 004:apply-rope: 0.000001000 seconds
[token:150, layer:3] 005:compute-attention: 0.000023000 seconds
[token:150, layer:3] 006:attention-output: 0.000035000 seconds
[token:150, layer:3] 007:ffn-norm: 0.000000000 seconds
[token:150, layer:3] 008:ffn-up-projection: 0.000190000 seconds
[token:150, layer:3] 009:ffn-swiglu: 0.000001000 seconds
[token:150, layer:3] 010:ffn-down-projection: 0.000134000 seconds
[token:150, layer:3] 102:layer-compute-total: 0.000488000 seconds
[token:150, layer:4] 002:attention-norm: 0.000000000 seconds
[token:150, layer:4] 003:qkv-projection: 0.000110000 seconds
[token:150, layer:4] 004:apply-rope: 0.000001000 seconds
[token:150, layer:4] 005:compute-attention: 0.000024000 seconds
[token:150, layer:4] 006:attention-output: 0.000036000 seconds
[token:150, layer:4] 007:ffn-norm: 0.000000000 seconds
[token:150, layer:4] 008:ffn-up-projection: 0.000187000 seconds
[token:150, layer:4] 009:ffn-swiglu: 0.000001000 seconds
[token:150, layer:4] 010:ffn-down-projection: 0.000134000 seconds
[token:150, layer:4] 102:layer-compute-total: 0.000493000 seconds
[token:150, layer:5] 002:attention-norm: 0.000000000 seconds
[token:150, layer:5] 003:qkv-projection: 0.000105000 seconds
[token:150, layer:5] 004:apply-rope: 0.000001000 seconds
[token:150, layer:5] 005:compute-attention: 0.000023000 seconds
[token:150, layer:5] 006:attention-output: 0.000035000 seconds
[token:150, layer:5] 007:ffn-norm: 0.000000000 seconds
[token:150, layer:5] 008:ffn-up-projection: 0.000196000 seconds
[token:150, layer:5] 009:ffn-swiglu: 0.000001000 seconds
[token:150, layer:5] 010:ffn-down-projection: 0.000134000 seconds
[token:150, layer:5] 102:layer-compute-total: 0.000495000 seconds
[token:150] 011:final-projection: 0.004199000 seconds
[token:150] 103:forward-compute-total: 0.007152000 seconds
[token:151] 001:embedding-lookup: 0.000000000 seconds
[token:151, layer:0] 002:attention-norm: 0.000000000 seconds
[token:151, layer:0] 003:qkv-projection: 0.000109000 seconds
[token:151, layer:0] 004:apply-rope: 0.000002000 seconds
[token:151, layer:0] 005:compute-attention: 0.000028000 seconds
[token:151, layer:0] 006:attention-output: 0.000038000 seconds
[token:151, layer:0] 007:ffn-norm: 0.000001000 seconds
[token:151, layer:0] 008:ffn-up-projection: 0.000212000 seconds
[token:151, layer:0] 009:ffn-swiglu: 0.000001000 seconds
[token:151, layer:0] 010:ffn-down-projection: 0.000202000 seconds
[token:151, layer:0] 102:layer-compute-total: 0.000593000 seconds
[token:151, layer:1] 002:attention-norm: 0.000000000 seconds
[token:151, layer:1] 003:qkv-projection: 0.000119000 seconds
[token:151, layer:1] 004:apply-rope: 0.000001000 seconds
[token:151, layer:1] 005:compute-attention: 0.000033000 seconds
[token:151, layer:1] 006:attention-output: 0.000036000 seconds
[token:151, layer:1] 007:ffn-norm: 0.000001000 seconds
[token:151, layer:1] 008:ffn-up-projection: 0.000192000 seconds
[token:151, layer:1] 009:ffn-swiglu: 0.000001000 seconds
[token:151, layer:1] 010:ffn-down-projection: 0.000134000 seconds
[token:151, layer:1] 102:layer-compute-total: 0.000517000 seconds
[token:151, layer:2] 002:attention-norm: 0.000001000 seconds
[token:151, layer:2] 003:qkv-projection: 0.000111000 seconds
[token:151, layer:2] 004:apply-rope: 0.000001000 seconds
[token:151, layer:2] 005:compute-attention: 0.000032000 seconds
[token:151, layer:2] 006:attention-output: 0.000035000 seconds
[token:151, layer:2] 007:ffn-norm: 0.000000000 seconds
[token:151, layer:2] 008:ffn-up-projection: 0.000187000 seconds
[token:151, layer:2] 009:ffn-swiglu: 0.000001000 seconds
[token:151, layer:2] 010:ffn-down-projection: 0.000139000 seconds
[token:151, layer:2] 102:layer-compute-total: 0.000507000 seconds
[token:151, layer:3] 002:attention-norm: 0.000000000 seconds
[token:151, layer:3] 003:qkv-projection: 0.000105000 seconds
[token:151, layer:3] 004:apply-rope: 0.000001000 seconds
[token:151, layer:3] 005:compute-attention: 0.000031000 seconds
[token:151, layer:3] 006:attention-output: 0.000035000 seconds
[token:151, layer:3] 007:ffn-norm: 0.000000000 seconds
[token:151, layer:3] 008:ffn-up-projection: 0.000192000 seconds
[token:151, layer:3] 009:ffn-swiglu: 0.000001000 seconds
[token:151, layer:3] 010:ffn-down-projection: 0.000138000 seconds
[token:151, layer:3] 102:layer-compute-total: 0.000503000 seconds
[token:151, layer:4] 002:attention-norm: 0.000000000 seconds
[token:151, layer:4] 003:qkv-projection: 0.000107000 seconds
[token:151, layer:4] 004:apply-rope: 0.000001000 seconds
[token:151, layer:4] 005:compute-attention: 0.000032000 seconds
[token:151, layer:4] 006:attention-output: 0.000038000 seconds
[token:151, layer:4] 007:ffn-norm: 0.000000000 seconds
[token:151, layer:4] 008:ffn-up-projection: 0.000186000 seconds
[token:151, layer:4] 009:ffn-swiglu: 0.000001000 seconds
[token:151, layer:4] 010:ffn-down-projection: 0.000134000 seconds
[token:151, layer:4] 102:layer-compute-total: 0.000499000 seconds
[token:151, layer:5] 002:attention-norm: 0.000001000 seconds
[token:151, layer:5] 003:qkv-projection: 0.000105000 seconds
[token:151, layer:5] 004:apply-rope: 0.000002000 seconds
[token:151, layer:5] 005:compute-attention: 0.000031000 seconds
[token:151, layer:5] 006:attention-output: 0.000040000 seconds
[token:151, layer:5] 007:ffn-norm: 0.000000000 seconds
[token:151, layer:5] 008:ffn-up-projection: 0.000187000 seconds
[token:151, layer:5] 009:ffn-swiglu: 0.000001000 seconds
[token:151, layer:5] 010:ffn-down-projection: 0.000134000 seconds
[token:151, layer:5] 102:layer-compute-total: 0.000501000 seconds
[token:151] 011:final-projection: 0.003961000 seconds
[token:151] 103:forward-compute-total: 0.007081000 seconds
[token:152] 001:embedding-lookup: 0.000000000 seconds
[token:152, layer:0] 002:attention-norm: 0.000001000 seconds
[token:152, layer:0] 003:qkv-projection: 0.000114000 seconds
[token:152, layer:0] 004:apply-rope: 0.000002000 seconds
[token:152, layer:0] 005:compute-attention: 0.000030000 seconds
[token:152, layer:0] 006:attention-output: 0.000035000 seconds
[token:152, layer:0] 007:ffn-norm: 0.000001000 seconds
[token:152, layer:0] 008:ffn-up-projection: 0.000187000 seconds
[token:152, layer:0] 009:ffn-swiglu: 0.000001000 seconds
[token:152, layer:0] 010:ffn-down-projection: 0.000134000 seconds
[token:152, layer:0] 102:layer-compute-total: 0.000505000 seconds
[token:152, layer:1] 002:attention-norm: 0.000000000 seconds
[token:152, layer:1] 003:qkv-projection: 0.000105000 seconds
[token:152, layer:1] 004:apply-rope: 0.000001000 seconds
[token:152, layer:1] 005:compute-attention: 0.000026000 seconds
[token:152, layer:1] 006:attention-output: 0.000038000 seconds
[token:152, layer:1] 007:ffn-norm: 0.000000000 seconds
[token:152, layer:1] 008:ffn-up-projection: 0.000196000 seconds
[token:152, layer:1] 009:ffn-swiglu: 0.000001000 seconds
[token:152, layer:1] 010:ffn-down-projection: 0.000141000 seconds
[token:152, layer:1] 102:layer-compute-total: 0.000508000 seconds
[token:152, layer:2] 002:attention-norm: 0.000000000 seconds
[token:152, layer:2] 003:qkv-projection: 0.000105000 seconds
[token:152, layer:2] 004:apply-rope: 0.000001000 seconds
[token:152, layer:2] 005:compute-attention: 0.000026000 seconds
[token:152, layer:2] 006:attention-output: 0.000035000 seconds
[token:152, layer:2] 007:ffn-norm: 0.000000000 seconds
[token:152, layer:2] 008:ffn-up-projection: 0.000187000 seconds
[token:152, layer:2] 009:ffn-swiglu: 0.000001000 seconds
[token:152, layer:2] 010:ffn-down-projection: 0.000134000 seconds
[token:152, layer:2] 102:layer-compute-total: 0.000489000 seconds
[token:152, layer:3] 002:attention-norm: 0.000000000 seconds
[token:152, layer:3] 003:qkv-projection: 0.000105000 seconds
[token:152, layer:3] 004:apply-rope: 0.000001000 seconds
[token:152, layer:3] 005:compute-attention: 0.000025000 seconds
[token:152, layer:3] 006:attention-output: 0.000036000 seconds
[token:152, layer:3] 007:ffn-norm: 0.000000000 seconds
[token:152, layer:3] 008:ffn-up-projection: 0.000187000 seconds
[token:152, layer:3] 009:ffn-swiglu: 0.000001000 seconds
[token:152, layer:3] 010:ffn-down-projection: 0.000134000 seconds
[token:152, layer:3] 102:layer-compute-total: 0.000489000 seconds
[token:152, layer:4] 002:attention-norm: 0.000001000 seconds
[token:152, layer:4] 003:qkv-projection: 0.000106000 seconds
[token:152, layer:4] 004:apply-rope: 0.000001000 seconds
[token:152, layer:4] 005:compute-attention: 0.000026000 seconds
[token:152, layer:4] 006:attention-output: 0.000036000 seconds
[token:152, layer:4] 007:ffn-norm: 0.000001000 seconds
[token:152, layer:4] 008:ffn-up-projection: 0.000187000 seconds
[token:152, layer:4] 009:ffn-swiglu: 0.000001000 seconds
[token:152, layer:4] 010:ffn-down-projection: 0.000134000 seconds
[token:152, layer:4] 102:layer-compute-total: 0.000493000 seconds
[token:152, layer:5] 002:attention-norm: 0.000000000 seconds
[token:152, layer:5] 003:qkv-projection: 0.000105000 seconds
[token:152, layer:5] 004:apply-rope: 0.000001000 seconds
[token:152, layer:5] 005:compute-attention: 0.000025000 seconds
[token:152, layer:5] 006:attention-output: 0.000040000 seconds
[token:152, layer:5] 007:ffn-norm: 0.000001000 seconds
[token:152, layer:5] 008:ffn-up-projection: 0.000190000 seconds
[token:152, layer:5] 009:ffn-swiglu: 0.000001000 seconds
[token:152, layer:5] 010:ffn-down-projection: 0.000137000 seconds
[token:152, layer:5] 102:layer-compute-total: 0.000500000 seconds
[token:152] 011:final-projection: 0.003961000 seconds
[token:152] 103:forward-compute-total: 0.006945000 seconds
[token:153] 001:embedding-lookup: 0.000000000 seconds
[token:153, layer:0] 002:attention-norm: 0.000000000 seconds
[token:153, layer:0] 003:qkv-projection: 0.000125000 seconds
[token:153, layer:0] 004:apply-rope: 0.000002000 seconds
[token:153, layer:0] 005:compute-attention: 0.000031000 seconds
[token:153, layer:0] 006:attention-output: 0.000045000 seconds
[token:153, layer:0] 007:ffn-norm: 0.000000000 seconds
[token:153, layer:0] 008:ffn-up-projection: 0.000207000 seconds
[token:153, layer:0] 009:ffn-swiglu: 0.000001000 seconds
[token:153, layer:0] 010:ffn-down-projection: 0.000138000 seconds
[token:153, layer:0] 102:layer-compute-total: 0.000549000 seconds
[token:153, layer:1] 002:attention-norm: 0.000000000 seconds
[token:153, layer:1] 003:qkv-projection: 0.000109000 seconds
[token:153, layer:1] 004:apply-rope: 0.000001000 seconds
[token:153, layer:1] 005:compute-attention: 0.000026000 seconds
[token:153, layer:1] 006:attention-output: 0.000036000 seconds
[token:153, layer:1] 007:ffn-norm: 0.000000000 seconds
[token:153, layer:1] 008:ffn-up-projection: 0.000202000 seconds
[token:153, layer:1] 009:ffn-swiglu: 0.000001000 seconds
[token:153, layer:1] 010:ffn-down-projection: 0.000136000 seconds
[token:153, layer:1] 102:layer-compute-total: 0.000511000 seconds
[token:153, layer:2] 002:attention-norm: 0.000000000 seconds
[token:153, layer:2] 003:qkv-projection: 0.000107000 seconds
[token:153, layer:2] 004:apply-rope: 0.000001000 seconds
[token:153, layer:2] 005:compute-attention: 0.000033000 seconds
[token:153, layer:2] 006:attention-output: 0.000036000 seconds
[token:153, layer:2] 007:ffn-norm: 0.000000000 seconds
[token:153, layer:2] 008:ffn-up-projection: 0.000190000 seconds
[token:153, layer:2] 009:ffn-swiglu: 0.000001000 seconds
[token:153, layer:2] 010:ffn-down-projection: 0.000136000 seconds
[token:153, layer:2] 102:layer-compute-total: 0.000504000 seconds
[token:153, layer:3] 002:attention-norm: 0.000000000 seconds
[token:153, layer:3] 003:qkv-projection: 0.000110000 seconds
[token:153, layer:3] 004:apply-rope: 0.000001000 seconds
[token:153, layer:3] 005:compute-attention: 0.000029000 seconds
[token:153, layer:3] 006:attention-output: 0.000036000 seconds
[token:153, layer:3] 007:ffn-norm: 0.000001000 seconds
[token:153, layer:3] 008:ffn-up-projection: 0.000287000 seconds
[token:153, layer:3] 009:ffn-swiglu: 0.000001000 seconds
[token:153, layer:3] 010:ffn-down-projection: 0.000143000 seconds
[token:153, layer:3] 102:layer-compute-total: 0.000608000 seconds
[token:153, layer:4] 002:attention-norm: 0.000000000 seconds
[token:153, layer:4] 003:qkv-projection: 0.000106000 seconds
[token:153, layer:4] 004:apply-rope: 0.000002000 seconds
[token:153, layer:4] 005:compute-attention: 0.000033000 seconds
[token:153, layer:4] 006:attention-output: 0.000035000 seconds
[token:153, layer:4] 007:ffn-norm: 0.000000000 seconds
[token:153, layer:4] 008:ffn-up-projection: 0.000190000 seconds
[token:153, layer:4] 009:ffn-swiglu: 0.000001000 seconds
[token:153, layer:4] 010:ffn-down-projection: 0.000139000 seconds
[token:153, layer:4] 102:layer-compute-total: 0.000506000 seconds
[token:153, layer:5] 002:attention-norm: 0.000000000 seconds
[token:153, layer:5] 003:qkv-projection: 0.000106000 seconds
[token:153, layer:5] 004:apply-rope: 0.000001000 seconds
[token:153, layer:5] 005:compute-attention: 0.000033000 seconds
[token:153, layer:5] 006:attention-output: 0.000035000 seconds
[token:153, layer:5] 007:ffn-norm: 0.000001000 seconds
[token:153, layer:5] 008:ffn-up-projection: 0.000187000 seconds
[token:153, layer:5] 009:ffn-swiglu: 0.000001000 seconds
[token:153, layer:5] 010:ffn-down-projection: 0.000134000 seconds
[token:153, layer:5] 102:layer-compute-total: 0.000498000 seconds
[token:153] 011:final-projection: 0.003960000 seconds
[token:153] 103:forward-compute-total: 0.007136000 seconds
[token:154] 001:embedding-lookup: 0.000000000 seconds
[token:154, layer:0] 002:attention-norm: 0.000000000 seconds
[token:154, layer:0] 003:qkv-projection: 0.000113000 seconds
[token:154, layer:0] 004:apply-rope: 0.000002000 seconds
[token:154, layer:0] 005:compute-attention: 0.000031000 seconds
[token:154, layer:0] 006:attention-output: 0.000035000 seconds
[token:154, layer:0] 007:ffn-norm: 0.000000000 seconds
[token:154, layer:0] 008:ffn-up-projection: 0.000187000 seconds
[token:154, layer:0] 009:ffn-swiglu: 0.000001000 seconds
[token:154, layer:0] 010:ffn-down-projection: 0.000139000 seconds
[token:154, layer:0] 102:layer-compute-total: 0.000508000 seconds
[token:154, layer:1] 002:attention-norm: 0.000001000 seconds
[token:154, layer:1] 003:qkv-projection: 0.000110000 seconds
[token:154, layer:1] 004:apply-rope: 0.000001000 seconds
[token:154, layer:1] 005:compute-attention: 0.000032000 seconds
[token:154, layer:1] 006:attention-output: 0.000035000 seconds
[token:154, layer:1] 007:ffn-norm: 0.000000000 seconds
[token:154, layer:1] 008:ffn-up-projection: 0.000186000 seconds
[token:154, layer:1] 009:ffn-swiglu: 0.000001000 seconds
[token:154, layer:1] 010:ffn-down-projection: 0.000136000 seconds
[token:154, layer:1] 102:layer-compute-total: 0.000502000 seconds
[token:154, layer:2] 002:attention-norm: 0.000001000 seconds
[token:154, layer:2] 003:qkv-projection: 0.000105000 seconds
[token:154, layer:2] 004:apply-rope: 0.000001000 seconds
[token:154, layer:2] 005:compute-attention: 0.000029000 seconds
[token:154, layer:2] 006:attention-output: 0.000035000 seconds
[token:154, layer:2] 007:ffn-norm: 0.000000000 seconds
[token:154, layer:2] 008:ffn-up-projection: 0.000187000 seconds
[token:154, layer:2] 009:ffn-swiglu: 0.000001000 seconds
[token:154, layer:2] 010:ffn-down-projection: 0.000134000 seconds
[token:154, layer:2] 102:layer-compute-total: 0.000493000 seconds
[token:154, layer:3] 002:attention-norm: 0.000001000 seconds
[token:154, layer:3] 003:qkv-projection: 0.000105000 seconds
[token:154, layer:3] 004:apply-rope: 0.000002000 seconds
[token:154, layer:3] 005:compute-attention: 0.000030000 seconds
[token:154, layer:3] 006:attention-output: 0.000035000 seconds
[token:154, layer:3] 007:ffn-norm: 0.000000000 seconds
[token:154, layer:3] 008:ffn-up-projection: 0.000189000 seconds
[token:154, layer:3] 009:ffn-swiglu: 0.000001000 seconds
[token:154, layer:3] 010:ffn-down-projection: 0.000135000 seconds
[token:154, layer:3] 102:layer-compute-total: 0.000498000 seconds
[token:154, layer:4] 002:attention-norm: 0.000001000 seconds
[token:154, layer:4] 003:qkv-projection: 0.000105000 seconds
[token:154, layer:4] 004:apply-rope: 0.000001000 seconds
[token:154, layer:4] 005:compute-attention: 0.000025000 seconds
[token:154, layer:4] 006:attention-output: 0.000038000 seconds
[token:154, layer:4] 007:ffn-norm: 0.000000000 seconds
[token:154, layer:4] 008:ffn-up-projection: 0.000187000 seconds
[token:154, layer:4] 009:ffn-swiglu: 0.000002000 seconds
[token:154, layer:4] 010:ffn-down-projection: 0.000134000 seconds
[token:154, layer:4] 102:layer-compute-total: 0.000493000 seconds
[token:154, layer:5] 002:attention-norm: 0.000000000 seconds
[token:154, layer:5] 003:qkv-projection: 0.000105000 seconds
[token:154, layer:5] 004:apply-rope: 0.000001000 seconds
[token:154, layer:5] 005:compute-attention: 0.000025000 seconds
[token:154, layer:5] 006:attention-output: 0.000035000 seconds
[token:154, layer:5] 007:ffn-norm: 0.000001000 seconds
[token:154, layer:5] 008:ffn-up-projection: 0.000187000 seconds
[token:154, layer:5] 009:ffn-swiglu: 0.000001000 seconds
[token:154, layer:5] 010:ffn-down-projection: 0.000137000 seconds
[token:154, layer:5] 102:layer-compute-total: 0.000492000 seconds
[token:154] 011:final-projection: 0.003946000 seconds
[token:154] 103:forward-compute-total: 0.006932000 seconds
[token:155] 001:embedding-lookup: 0.000000000 seconds
[token:155, layer:0] 002:attention-norm: 0.000000000 seconds
[token:155, layer:0] 003:qkv-projection: 0.000112000 seconds
[token:155, layer:0] 004:apply-rope: 0.000002000 seconds
[token:155, layer:0] 005:compute-attention: 0.000024000 seconds
[token:155, layer:0] 006:attention-output: 0.000035000 seconds
[token:155, layer:0] 007:ffn-norm: 0.000000000 seconds
[token:155, layer:0] 008:ffn-up-projection: 0.000187000 seconds
[token:155, layer:0] 009:ffn-swiglu: 0.000001000 seconds
[token:155, layer:0] 010:ffn-down-projection: 0.000133000 seconds
[token:155, layer:0] 102:layer-compute-total: 0.000494000 seconds
[token:155, layer:1] 002:attention-norm: 0.000000000 seconds
[token:155, layer:1] 003:qkv-projection: 0.000105000 seconds
[token:155, layer:1] 004:apply-rope: 0.000001000 seconds
[token:155, layer:1] 005:compute-attention: 0.000023000 seconds
[token:155, layer:1] 006:attention-output: 0.000035000 seconds
[token:155, layer:1] 007:ffn-norm: 0.000000000 seconds
[token:155, layer:1] 008:ffn-up-projection: 0.000191000 seconds
[token:155, layer:1] 009:ffn-swiglu: 0.000001000 seconds
[token:155, layer:1] 010:ffn-down-projection: 0.000133000 seconds
[token:155, layer:1] 102:layer-compute-total: 0.000489000 seconds
[token:155, layer:2] 002:attention-norm: 0.000000000 seconds
[token:155, layer:2] 003:qkv-projection: 0.000105000 seconds
[token:155, layer:2] 004:apply-rope: 0.000001000 seconds
[token:155, layer:2] 005:compute-attention: 0.000024000 seconds
[token:155, layer:2] 006:attention-output: 0.000035000 seconds
[token:155, layer:2] 007:ffn-norm: 0.000000000 seconds
[token:155, layer:2] 008:ffn-up-projection: 0.000187000 seconds
[token:155, layer:2] 009:ffn-swiglu: 0.000001000 seconds
[token:155, layer:2] 010:ffn-down-projection: 0.000133000 seconds
[token:155, layer:2] 102:layer-compute-total: 0.000486000 seconds
[token:155, layer:3] 002:attention-norm: 0.000000000 seconds
[token:155, layer:3] 003:qkv-projection: 0.000104000 seconds
[token:155, layer:3] 004:apply-rope: 0.000002000 seconds
[token:155, layer:3] 005:compute-attention: 0.000024000 seconds
[token:155, layer:3] 006:attention-output: 0.000035000 seconds
[token:155, layer:3] 007:ffn-norm: 0.000000000 seconds
[token:155, layer:3] 008:ffn-up-projection: 0.000193000 seconds
[token:155, layer:3] 009:ffn-swiglu: 0.000001000 seconds
[token:155, layer:3] 010:ffn-down-projection: 0.000171000 seconds
[token:155, layer:3] 102:layer-compute-total: 0.000530000 seconds
[token:155, layer:4] 002:attention-norm: 0.000000000 seconds
[token:155, layer:4] 003:qkv-projection: 0.000133000 seconds
[token:155, layer:4] 004:apply-rope: 0.000002000 seconds
[token:155, layer:4] 005:compute-attention: 0.000025000 seconds
[token:155, layer:4] 006:attention-output: 0.000036000 seconds
[token:155, layer:4] 007:ffn-norm: 0.000001000 seconds
[token:155, layer:4] 008:ffn-up-projection: 0.000203000 seconds
[token:155, layer:4] 009:ffn-swiglu: 0.000001000 seconds
[token:155, layer:4] 010:ffn-down-projection: 0.000139000 seconds
[token:155, layer:4] 102:layer-compute-total: 0.000540000 seconds
[token:155, layer:5] 002:attention-norm: 0.000001000 seconds
[token:155, layer:5] 003:qkv-projection: 0.000116000 seconds
[token:155, layer:5] 004:apply-rope: 0.000001000 seconds
[token:155, layer:5] 005:compute-attention: 0.000032000 seconds
[token:155, layer:5] 006:attention-output: 0.000037000 seconds
[token:155, layer:5] 007:ffn-norm: 0.000000000 seconds
[token:155, layer:5] 008:ffn-up-projection: 0.000191000 seconds
[token:155, layer:5] 009:ffn-swiglu: 0.000001000 seconds
[token:155, layer:5] 010:ffn-down-projection: 0.000141000 seconds
[token:155, layer:5] 102:layer-compute-total: 0.000520000 seconds
[token:155] 011:final-projection: 0.004060000 seconds
[token:155] 103:forward-compute-total: 0.007119000 seconds
[token:156] 001:embedding-lookup: 0.000000000 seconds
[token:156, layer:0] 002:attention-norm: 0.000001000 seconds
[token:156, layer:0] 003:qkv-projection: 0.000115000 seconds
[token:156, layer:0] 004:apply-rope: 0.000002000 seconds
[token:156, layer:0] 005:compute-attention: 0.000036000 seconds
[token:156, layer:0] 006:attention-output: 0.000035000 seconds
[token:156, layer:0] 007:ffn-norm: 0.000000000 seconds
[token:156, layer:0] 008:ffn-up-projection: 0.000192000 seconds
[token:156, layer:0] 009:ffn-swiglu: 0.000001000 seconds
[token:156, layer:0] 010:ffn-down-projection: 0.000141000 seconds
[token:156, layer:0] 102:layer-compute-total: 0.000523000 seconds
[token:156, layer:1] 002:attention-norm: 0.000000000 seconds
[token:156, layer:1] 003:qkv-projection: 0.000113000 seconds
[token:156, layer:1] 004:apply-rope: 0.000001000 seconds
[token:156, layer:1] 005:compute-attention: 0.000033000 seconds
[token:156, layer:1] 006:attention-output: 0.000037000 seconds
[token:156, layer:1] 007:ffn-norm: 0.000000000 seconds
[token:156, layer:1] 008:ffn-up-projection: 0.000189000 seconds
[token:156, layer:1] 009:ffn-swiglu: 0.000001000 seconds
[token:156, layer:1] 010:ffn-down-projection: 0.000134000 seconds
[token:156, layer:1] 102:layer-compute-total: 0.000508000 seconds
[token:156, layer:2] 002:attention-norm: 0.000000000 seconds
[token:156, layer:2] 003:qkv-projection: 0.000113000 seconds
[token:156, layer:2] 004:apply-rope: 0.000001000 seconds
[token:156, layer:2] 005:compute-attention: 0.000033000 seconds
[token:156, layer:2] 006:attention-output: 0.000040000 seconds
[token:156, layer:2] 007:ffn-norm: 0.000001000 seconds
[token:156, layer:2] 008:ffn-up-projection: 0.000187000 seconds
[token:156, layer:2] 009:ffn-swiglu: 0.000002000 seconds
[token:156, layer:2] 010:ffn-down-projection: 0.000134000 seconds
[token:156, layer:2] 102:layer-compute-total: 0.000511000 seconds
[token:156, layer:3] 002:attention-norm: 0.000000000 seconds
[token:156, layer:3] 003:qkv-projection: 0.000111000 seconds
[token:156, layer:3] 004:apply-rope: 0.000001000 seconds
[token:156, layer:3] 005:compute-attention: 0.000032000 seconds
[token:156, layer:3] 006:attention-output: 0.000035000 seconds
[token:156, layer:3] 007:ffn-norm: 0.000001000 seconds
[token:156, layer:3] 008:ffn-up-projection: 0.000194000 seconds
[token:156, layer:3] 009:ffn-swiglu: 0.000001000 seconds
[token:156, layer:3] 010:ffn-down-projection: 0.000140000 seconds
[token:156, layer:3] 102:layer-compute-total: 0.000515000 seconds
[token:156, layer:4] 002:attention-norm: 0.000000000 seconds
[token:156, layer:4] 003:qkv-projection: 0.000118000 seconds
[token:156, layer:4] 004:apply-rope: 0.000002000 seconds
[token:156, layer:4] 005:compute-attention: 0.000033000 seconds
[token:156, layer:4] 006:attention-output: 0.000035000 seconds
[token:156, layer:4] 007:ffn-norm: 0.000000000 seconds
[token:156, layer:4] 008:ffn-up-projection: 0.000187000 seconds
[token:156, layer:4] 009:ffn-swiglu: 0.000001000 seconds
[token:156, layer:4] 010:ffn-down-projection: 0.000134000 seconds
[token:156, layer:4] 102:layer-compute-total: 0.000510000 seconds
[token:156, layer:5] 002:attention-norm: 0.000000000 seconds
[token:156, layer:5] 003:qkv-projection: 0.000108000 seconds
[token:156, layer:5] 004:apply-rope: 0.000002000 seconds
[token:156, layer:5] 005:compute-attention: 0.000030000 seconds
[token:156, layer:5] 006:attention-output: 0.000035000 seconds
[token:156, layer:5] 007:ffn-norm: 0.000000000 seconds
[token:156, layer:5] 008:ffn-up-projection: 0.000192000 seconds
[token:156, layer:5] 009:ffn-swiglu: 0.000001000 seconds
[token:156, layer:5] 010:ffn-down-projection: 0.000134000 seconds
[token:156, layer:5] 102:layer-compute-total: 0.000502000 seconds
[token:156] 011:final-projection: 0.003998000 seconds
[token:156] 103:forward-compute-total: 0.007067000 seconds
[token:157] 001:embedding-lookup: 0.000000000 seconds
[token:157, layer:0] 002:attention-norm: 0.000000000 seconds
[token:157, layer:0] 003:qkv-projection: 0.000112000 seconds
[token:157, layer:0] 004:apply-rope: 0.000002000 seconds
[token:157, layer:0] 005:compute-attention: 0.000026000 seconds
[token:157, layer:0] 006:attention-output: 0.000035000 seconds
[token:157, layer:0] 007:ffn-norm: 0.000000000 seconds
[token:157, layer:0] 008:ffn-up-projection: 0.000187000 seconds
[token:157, layer:0] 009:ffn-swiglu: 0.000001000 seconds
[token:157, layer:0] 010:ffn-down-projection: 0.000135000 seconds
[token:157, layer:0] 102:layer-compute-total: 0.000498000 seconds
[token:157, layer:1] 002:attention-norm: 0.000000000 seconds
[token:157, layer:1] 003:qkv-projection: 0.000105000 seconds
[token:157, layer:1] 004:apply-rope: 0.000001000 seconds
[token:157, layer:1] 005:compute-attention: 0.000026000 seconds
[token:157, layer:1] 006:attention-output: 0.000035000 seconds
[token:157, layer:1] 007:ffn-norm: 0.000000000 seconds
[token:157, layer:1] 008:ffn-up-projection: 0.000187000 seconds
[token:157, layer:1] 009:ffn-swiglu: 0.000001000 seconds
[token:157, layer:1] 010:ffn-down-projection: 0.000134000 seconds
[token:157, layer:1] 102:layer-compute-total: 0.000489000 seconds
[token:157, layer:2] 002:attention-norm: 0.000000000 seconds
[token:157, layer:2] 003:qkv-projection: 0.000105000 seconds
[token:157, layer:2] 004:apply-rope: 0.000001000 seconds
[token:157, layer:2] 005:compute-attention: 0.000026000 seconds
[token:157, layer:2] 006:attention-output: 0.000035000 seconds
[token:157, layer:2] 007:ffn-norm: 0.000001000 seconds
[token:157, layer:2] 008:ffn-up-projection: 0.000187000 seconds
[token:157, layer:2] 009:ffn-swiglu: 0.000001000 seconds
[token:157, layer:2] 010:ffn-down-projection: 0.000134000 seconds
[token:157, layer:2] 102:layer-compute-total: 0.000490000 seconds
[token:157, layer:3] 002:attention-norm: 0.000000000 seconds
[token:157, layer:3] 003:qkv-projection: 0.000108000 seconds
[token:157, layer:3] 004:apply-rope: 0.000001000 seconds
[token:157, layer:3] 005:compute-attention: 0.000025000 seconds
[token:157, layer:3] 006:attention-output: 0.000035000 seconds
[token:157, layer:3] 007:ffn-norm: 0.000000000 seconds
[token:157, layer:3] 008:ffn-up-projection: 0.000187000 seconds
[token:157, layer:3] 009:ffn-swiglu: 0.000001000 seconds
[token:157, layer:3] 010:ffn-down-projection: 0.000134000 seconds
[token:157, layer:3] 102:layer-compute-total: 0.000491000 seconds
[token:157, layer:4] 002:attention-norm: 0.000000000 seconds
[token:157, layer:4] 003:qkv-projection: 0.000106000 seconds
[token:157, layer:4] 004:apply-rope: 0.000001000 seconds
[token:157, layer:4] 005:compute-attention: 0.000026000 seconds
[token:157, layer:4] 006:attention-output: 0.000035000 seconds
[token:157, layer:4] 007:ffn-norm: 0.000000000 seconds
[token:157, layer:4] 008:ffn-up-projection: 0.000187000 seconds
[token:157, layer:4] 009:ffn-swiglu: 0.000001000 seconds
[token:157, layer:4] 010:ffn-down-projection: 0.000134000 seconds
[token:157, layer:4] 102:layer-compute-total: 0.000490000 seconds
[token:157, layer:5] 002:attention-norm: 0.000001000 seconds
[token:157, layer:5] 003:qkv-projection: 0.000109000 seconds
[token:157, layer:5] 004:apply-rope: 0.000001000 seconds
[token:157, layer:5] 005:compute-attention: 0.000025000 seconds
[token:157, layer:5] 006:attention-output: 0.000036000 seconds
[token:157, layer:5] 007:ffn-norm: 0.000000000 seconds
[token:157, layer:5] 008:ffn-up-projection: 0.000257000 seconds
[token:157, layer:5] 009:ffn-swiglu: 0.000001000 seconds
[token:157, layer:5] 010:ffn-down-projection: 0.000168000 seconds
[token:157, layer:5] 102:layer-compute-total: 0.000598000 seconds
[token:157] 011:final-projection: 0.004016000 seconds
[token:157] 103:forward-compute-total: 0.007072000 seconds
[token:158] 001:embedding-lookup: 0.000000000 seconds
[token:158, layer:0] 002:attention-norm: 0.000001000 seconds
[token:158, layer:0] 003:qkv-projection: 0.000115000 seconds
[token:158, layer:0] 004:apply-rope: 0.000002000 seconds
[token:158, layer:0] 005:compute-attention: 0.000033000 seconds
[token:158, layer:0] 006:attention-output: 0.000035000 seconds
[token:158, layer:0] 007:ffn-norm: 0.000000000 seconds
[token:158, layer:0] 008:ffn-up-projection: 0.000186000 seconds
[token:158, layer:0] 009:ffn-swiglu: 0.000002000 seconds
[token:158, layer:0] 010:ffn-down-projection: 0.000134000 seconds
[token:158, layer:0] 102:layer-compute-total: 0.000508000 seconds
[token:158, layer:1] 002:attention-norm: 0.000000000 seconds
[token:158, layer:1] 003:qkv-projection: 0.000110000 seconds
[token:158, layer:1] 004:apply-rope: 0.000002000 seconds
[token:158, layer:1] 005:compute-attention: 0.000034000 seconds
[token:158, layer:1] 006:attention-output: 0.000035000 seconds
[token:158, layer:1] 007:ffn-norm: 0.000000000 seconds
[token:158, layer:1] 008:ffn-up-projection: 0.000191000 seconds
[token:158, layer:1] 009:ffn-swiglu: 0.000001000 seconds
[token:158, layer:1] 010:ffn-down-projection: 0.000135000 seconds
[token:158, layer:1] 102:layer-compute-total: 0.000508000 seconds
[token:158, layer:2] 002:attention-norm: 0.000000000 seconds
[token:158, layer:2] 003:qkv-projection: 0.000105000 seconds
[token:158, layer:2] 004:apply-rope: 0.000001000 seconds
[token:158, layer:2] 005:compute-attention: 0.000033000 seconds
[token:158, layer:2] 006:attention-output: 0.000035000 seconds
[token:158, layer:2] 007:ffn-norm: 0.000000000 seconds
[token:158, layer:2] 008:ffn-up-projection: 0.000190000 seconds
[token:158, layer:2] 009:ffn-swiglu: 0.000001000 seconds
[token:158, layer:2] 010:ffn-down-projection: 0.000144000 seconds
[token:158, layer:2] 102:layer-compute-total: 0.000509000 seconds
[token:158, layer:3] 002:attention-norm: 0.000000000 seconds
[token:158, layer:3] 003:qkv-projection: 0.000110000 seconds
[token:158, layer:3] 004:apply-rope: 0.000001000 seconds
[token:158, layer:3] 005:compute-attention: 0.000034000 seconds
[token:158, layer:3] 006:attention-output: 0.000035000 seconds
[token:158, layer:3] 007:ffn-norm: 0.000000000 seconds
[token:158, layer:3] 008:ffn-up-projection: 0.000187000 seconds
[token:158, layer:3] 009:ffn-swiglu: 0.000001000 seconds
[token:158, layer:3] 010:ffn-down-projection: 0.000134000 seconds
[token:158, layer:3] 102:layer-compute-total: 0.000502000 seconds
[token:158, layer:4] 002:attention-norm: 0.000000000 seconds
[token:158, layer:4] 003:qkv-projection: 0.000110000 seconds
[token:158, layer:4] 004:apply-rope: 0.000001000 seconds
[token:158, layer:4] 005:compute-attention: 0.000034000 seconds
[token:158, layer:4] 006:attention-output: 0.000035000 seconds
[token:158, layer:4] 007:ffn-norm: 0.000000000 seconds
[token:158, layer:4] 008:ffn-up-projection: 0.000186000 seconds
[token:158, layer:4] 009:ffn-swiglu: 0.000001000 seconds
[token:158, layer:4] 010:ffn-down-projection: 0.000134000 seconds
[token:158, layer:4] 102:layer-compute-total: 0.000501000 seconds
[token:158, layer:5] 002:attention-norm: 0.000000000 seconds
[token:158, layer:5] 003:qkv-projection: 0.000105000 seconds
[token:158, layer:5] 004:apply-rope: 0.000001000 seconds
[token:158, layer:5] 005:compute-attention: 0.000034000 seconds
[token:158, layer:5] 006:attention-output: 0.000035000 seconds
[token:158, layer:5] 007:ffn-norm: 0.000000000 seconds
[token:158, layer:5] 008:ffn-up-projection: 0.000187000 seconds
[token:158, layer:5] 009:ffn-swiglu: 0.000001000 seconds
[token:158, layer:5] 010:ffn-down-projection: 0.000134000 seconds
[token:158, layer:5] 102:layer-compute-total: 0.000497000 seconds
[token:158] 011:final-projection: 0.003984000 seconds
[token:158] 103:forward-compute-total: 0.007009000 seconds
[token:159] 001:embedding-lookup: 0.000000000 seconds
[token:159, layer:0] 002:attention-norm: 0.000000000 seconds
[token:159, layer:0] 003:qkv-projection: 0.000112000 seconds
[token:159, layer:0] 004:apply-rope: 0.000001000 seconds
[token:159, layer:0] 005:compute-attention: 0.000025000 seconds
[token:159, layer:0] 006:attention-output: 0.000035000 seconds
[token:159, layer:0] 007:ffn-norm: 0.000001000 seconds
[token:159, layer:0] 008:ffn-up-projection: 0.000186000 seconds
[token:159, layer:0] 009:ffn-swiglu: 0.000001000 seconds
[token:159, layer:0] 010:ffn-down-projection: 0.000134000 seconds
[token:159, layer:0] 102:layer-compute-total: 0.000495000 seconds
[token:159, layer:1] 002:attention-norm: 0.000001000 seconds
[token:159, layer:1] 003:qkv-projection: 0.000105000 seconds
[token:159, layer:1] 004:apply-rope: 0.000002000 seconds
[token:159, layer:1] 005:compute-attention: 0.000026000 seconds
[token:159, layer:1] 006:attention-output: 0.000035000 seconds
[token:159, layer:1] 007:ffn-norm: 0.000000000 seconds
[token:159, layer:1] 008:ffn-up-projection: 0.000187000 seconds
[token:159, layer:1] 009:ffn-swiglu: 0.000001000 seconds
[token:159, layer:1] 010:ffn-down-projection: 0.000139000 seconds
[token:159, layer:1] 102:layer-compute-total: 0.000496000 seconds
[token:159, layer:2] 002:attention-norm: 0.000001000 seconds
[token:159, layer:2] 003:qkv-projection: 0.000105000 seconds
[token:159, layer:2] 004:apply-rope: 0.000001000 seconds
[token:159, layer:2] 005:compute-attention: 0.000024000 seconds
[token:159, layer:2] 006:attention-output: 0.000035000 seconds
[token:159, layer:2] 007:ffn-norm: 0.000001000 seconds
[token:159, layer:2] 008:ffn-up-projection: 0.000187000 seconds
[token:159, layer:2] 009:ffn-swiglu: 0.000001000 seconds
[token:159, layer:2] 010:ffn-down-projection: 0.000134000 seconds
[token:159, layer:2] 102:layer-compute-total: 0.000489000 seconds
[token:159, layer:3] 002:attention-norm: 0.000000000 seconds
[token:159, layer:3] 003:qkv-projection: 0.000105000 seconds
[token:159, layer:3] 004:apply-rope: 0.000001000 seconds
[token:159, layer:3] 005:compute-attention: 0.000025000 seconds
[token:159, layer:3] 006:attention-output: 0.000038000 seconds
[token:159, layer:3] 007:ffn-norm: 0.000000000 seconds
[token:159, layer:3] 008:ffn-up-projection: 0.000192000 seconds
[token:159, layer:3] 009:ffn-swiglu: 0.000001000 seconds
[token:159, layer:3] 010:ffn-down-projection: 0.000134000 seconds
[token:159, layer:3] 102:layer-compute-total: 0.000496000 seconds
[token:159, layer:4] 002:attention-norm: 0.000000000 seconds
[token:159, layer:4] 003:qkv-projection: 0.000105000 seconds
[token:159, layer:4] 004:apply-rope: 0.000001000 seconds
[token:159, layer:4] 005:compute-attention: 0.000025000 seconds
[token:159, layer:4] 006:attention-output: 0.000035000 seconds
[token:159, layer:4] 007:ffn-norm: 0.000000000 seconds
[token:159, layer:4] 008:ffn-up-projection: 0.000187000 seconds
[token:159, layer:4] 009:ffn-swiglu: 0.000001000 seconds
[token:159, layer:4] 010:ffn-down-projection: 0.000139000 seconds
[token:159, layer:4] 102:layer-compute-total: 0.000493000 seconds
[token:159, layer:5] 002:attention-norm: 0.000001000 seconds
[token:159, layer:5] 003:qkv-projection: 0.000105000 seconds
[token:159, layer:5] 004:apply-rope: 0.000001000 seconds
[token:159, layer:5] 005:compute-attention: 0.000025000 seconds
[token:159, layer:5] 006:attention-output: 0.000035000 seconds
[token:159, layer:5] 007:ffn-norm: 0.000000000 seconds
[token:159, layer:5] 008:ffn-up-projection: 0.000186000 seconds
[token:159, layer:5] 009:ffn-swiglu: 0.000002000 seconds
[token:159, layer:5] 010:ffn-down-projection: 0.000136000 seconds
[token:159, layer:5] 102:layer-compute-total: 0.000491000 seconds
[token:159] 011:final-projection: 0.004106000 seconds
[token:159] 103:forward-compute-total: 0.007066000 seconds
[token:160] 001:embedding-lookup: 0.000000000 seconds
[token:160, layer:0] 002:attention-norm: 0.000000000 seconds
[token:160, layer:0] 003:qkv-projection: 0.000245000 seconds
[token:160, layer:0] 004:apply-rope: 0.000002000 seconds
[token:160, layer:0] 005:compute-attention: 0.000033000 seconds
[token:160, layer:0] 006:attention-output: 0.000037000 seconds
[token:160, layer:0] 007:ffn-norm: 0.000001000 seconds
[token:160, layer:0] 008:ffn-up-projection: 0.000197000 seconds
[token:160, layer:0] 009:ffn-swiglu: 0.000001000 seconds
[token:160, layer:0] 010:ffn-down-projection: 0.000139000 seconds
[token:160, layer:0] 102:layer-compute-total: 0.000655000 seconds
[token:160, layer:1] 002:attention-norm: 0.000000000 seconds
[token:160, layer:1] 003:qkv-projection: 0.000105000 seconds
[token:160, layer:1] 004:apply-rope: 0.000001000 seconds
[token:160, layer:1] 005:compute-attention: 0.000038000 seconds
[token:160, layer:1] 006:attention-output: 0.000035000 seconds
[token:160, layer:1] 007:ffn-norm: 0.000000000 seconds
[token:160, layer:1] 008:ffn-up-projection: 0.000190000 seconds
[token:160, layer:1] 009:ffn-swiglu: 0.000001000 seconds
[token:160, layer:1] 010:ffn-down-projection: 0.000136000 seconds
[token:160, layer:1] 102:layer-compute-total: 0.000506000 seconds
[token:160, layer:2] 002:attention-norm: 0.000001000 seconds
[token:160, layer:2] 003:qkv-projection: 0.000105000 seconds
[token:160, layer:2] 004:apply-rope: 0.000001000 seconds
[token:160, layer:2] 005:compute-attention: 0.000034000 seconds
[token:160, layer:2] 006:attention-output: 0.000035000 seconds
[token:160, layer:2] 007:ffn-norm: 0.000000000 seconds
[token:160, layer:2] 008:ffn-up-projection: 0.000187000 seconds
[token:160, layer:2] 009:ffn-swiglu: 0.000001000 seconds
[token:160, layer:2] 010:ffn-down-projection: 0.000134000 seconds
[token:160, layer:2] 102:layer-compute-total: 0.000498000 seconds
[token:160, layer:3] 002:attention-norm: 0.000000000 seconds
[token:160, layer:3] 003:qkv-projection: 0.000104000 seconds
[token:160, layer:3] 004:apply-rope: 0.000001000 seconds
[token:160, layer:3] 005:compute-attention: 0.000033000 seconds
[token:160, layer:3] 006:attention-output: 0.000035000 seconds
[token:160, layer:3] 007:ffn-norm: 0.000000000 seconds
[token:160, layer:3] 008:ffn-up-projection: 0.000186000 seconds
[token:160, layer:3] 009:ffn-swiglu: 0.000001000 seconds
[token:160, layer:3] 010:ffn-down-projection: 0.000139000 seconds
[token:160, layer:3] 102:layer-compute-total: 0.000499000 seconds
[token:160, layer:4] 002:attention-norm: 0.000000000 seconds
[token:160, layer:4] 003:qkv-projection: 0.000106000 seconds
[token:160, layer:4] 004:apply-rope: 0.000002000 seconds
[token:160, layer:4] 005:compute-attention: 0.000034000 seconds
[token:160, layer:4] 006:attention-output: 0.000035000 seconds
[token:160, layer:4] 007:ffn-norm: 0.000000000 seconds
[token:160, layer:4] 008:ffn-up-projection: 0.000186000 seconds
[token:160, layer:4] 009:ffn-swiglu: 0.000001000 seconds
[token:160, layer:4] 010:ffn-down-projection: 0.000134000 seconds
[token:160, layer:4] 102:layer-compute-total: 0.000498000 seconds
[token:160, layer:5] 002:attention-norm: 0.000001000 seconds
[token:160, layer:5] 003:qkv-projection: 0.000105000 seconds
[token:160, layer:5] 004:apply-rope: 0.000001000 seconds
[token:160, layer:5] 005:compute-attention: 0.000033000 seconds
[token:160, layer:5] 006:attention-output: 0.000035000 seconds
[token:160, layer:5] 007:ffn-norm: 0.000000000 seconds
[token:160, layer:5] 008:ffn-up-projection: 0.000186000 seconds
[token:160, layer:5] 009:ffn-swiglu: 0.000001000 seconds
[token:160, layer:5] 010:ffn-down-projection: 0.000134000 seconds
[token:160, layer:5] 102:layer-compute-total: 0.000496000 seconds
[token:160] 011:final-projection: 0.003942000 seconds
[token:160] 103:forward-compute-total: 0.007094000 seconds
[token:161] 001:embedding-lookup: 0.000001000 seconds
[token:161, layer:0] 002:attention-norm: 0.000001000 seconds
[token:161, layer:0] 003:qkv-projection: 0.000112000 seconds
[token:161, layer:0] 004:apply-rope: 0.000002000 seconds
[token:161, layer:0] 005:compute-attention: 0.000028000 seconds
[token:161, layer:0] 006:attention-output: 0.000036000 seconds
[token:161, layer:0] 007:ffn-norm: 0.000000000 seconds
[token:161, layer:0] 008:ffn-up-projection: 0.000190000 seconds
[token:161, layer:0] 009:ffn-swiglu: 0.000001000 seconds
[token:161, layer:0] 010:ffn-down-projection: 0.000135000 seconds
[token:161, layer:0] 102:layer-compute-total: 0.000505000 seconds
[token:161, layer:1] 002:attention-norm: 0.000000000 seconds
[token:161, layer:1] 003:qkv-projection: 0.000105000 seconds
[token:161, layer:1] 004:apply-rope: 0.000001000 seconds
[token:161, layer:1] 005:compute-attention: 0.000027000 seconds
[token:161, layer:1] 006:attention-output: 0.000035000 seconds
[token:161, layer:1] 007:ffn-norm: 0.000000000 seconds
[token:161, layer:1] 008:ffn-up-projection: 0.000194000 seconds
[token:161, layer:1] 009:ffn-swiglu: 0.000001000 seconds
[token:161, layer:1] 010:ffn-down-projection: 0.000133000 seconds
[token:161, layer:1] 102:layer-compute-total: 0.000496000 seconds
[token:161, layer:2] 002:attention-norm: 0.000001000 seconds
[token:161, layer:2] 003:qkv-projection: 0.000106000 seconds
[token:161, layer:2] 004:apply-rope: 0.000001000 seconds
[token:161, layer:2] 005:compute-attention: 0.000026000 seconds
[token:161, layer:2] 006:attention-output: 0.000035000 seconds
[token:161, layer:2] 007:ffn-norm: 0.000000000 seconds
[token:161, layer:2] 008:ffn-up-projection: 0.000192000 seconds
[token:161, layer:2] 009:ffn-swiglu: 0.000001000 seconds
[token:161, layer:2] 010:ffn-down-projection: 0.000134000 seconds
[token:161, layer:2] 102:layer-compute-total: 0.000496000 seconds
[token:161, layer:3] 002:attention-norm: 0.000000000 seconds
[token:161, layer:3] 003:qkv-projection: 0.000105000 seconds
[token:161, layer:3] 004:apply-rope: 0.000001000 seconds
[token:161, layer:3] 005:compute-attention: 0.000028000 seconds
[token:161, layer:3] 006:attention-output: 0.000035000 seconds
[token:161, layer:3] 007:ffn-norm: 0.000000000 seconds
[token:161, layer:3] 008:ffn-up-projection: 0.000187000 seconds
[token:161, layer:3] 009:ffn-swiglu: 0.000001000 seconds
[token:161, layer:3] 010:ffn-down-projection: 0.000134000 seconds
[token:161, layer:3] 102:layer-compute-total: 0.000491000 seconds
[token:161, layer:4] 002:attention-norm: 0.000000000 seconds
[token:161, layer:4] 003:qkv-projection: 0.000106000 seconds
[token:161, layer:4] 004:apply-rope: 0.000001000 seconds
[token:161, layer:4] 005:compute-attention: 0.000027000 seconds
[token:161, layer:4] 006:attention-output: 0.000036000 seconds
[token:161, layer:4] 007:ffn-norm: 0.000000000 seconds
[token:161, layer:4] 008:ffn-up-projection: 0.000187000 seconds
[token:161, layer:4] 009:ffn-swiglu: 0.000001000 seconds
[token:161, layer:4] 010:ffn-down-projection: 0.000139000 seconds
[token:161, layer:4] 102:layer-compute-total: 0.000497000 seconds
[token:161, layer:5] 002:attention-norm: 0.000000000 seconds
[token:161, layer:5] 003:qkv-projection: 0.000105000 seconds
[token:161, layer:5] 004:apply-rope: 0.000001000 seconds
[token:161, layer:5] 005:compute-attention: 0.000025000 seconds
[token:161, layer:5] 006:attention-output: 0.000035000 seconds
[token:161, layer:5] 007:ffn-norm: 0.000001000 seconds
[token:161, layer:5] 008:ffn-up-projection: 0.000187000 seconds
[token:161, layer:5] 009:ffn-swiglu: 0.000001000 seconds
[token:161, layer:5] 010:ffn-down-projection: 0.000134000 seconds
[token:161, layer:5] 102:layer-compute-total: 0.000489000 seconds
[token:161] 011:final-projection: 0.003981000 seconds
[token:161] 103:forward-compute-total: 0.006956000 seconds
[token:162] 001:embedding-lookup: 0.000001000 seconds
[token:162, layer:0] 002:attention-norm: 0.000000000 seconds
[token:162, layer:0] 003:qkv-projection: 0.000111000 seconds
[token:162, layer:0] 004:apply-rope: 0.000002000 seconds
[token:162, layer:0] 005:compute-attention: 0.000030000 seconds
[token:162, layer:0] 006:attention-output: 0.000037000 seconds
[token:162, layer:0] 007:ffn-norm: 0.000000000 seconds
[token:162, layer:0] 008:ffn-up-projection: 0.000205000 seconds
[token:162, layer:0] 009:ffn-swiglu: 0.000001000 seconds
[token:162, layer:0] 010:ffn-down-projection: 0.000139000 seconds
[token:162, layer:0] 102:layer-compute-total: 0.000525000 seconds
[token:162, layer:1] 002:attention-norm: 0.000000000 seconds
[token:162, layer:1] 003:qkv-projection: 0.000116000 seconds
[token:162, layer:1] 004:apply-rope: 0.000002000 seconds
[token:162, layer:1] 005:compute-attention: 0.000042000 seconds
[token:162, layer:1] 006:attention-output: 0.000037000 seconds
[token:162, layer:1] 007:ffn-norm: 0.000000000 seconds
[token:162, layer:1] 008:ffn-up-projection: 0.000193000 seconds
[token:162, layer:1] 009:ffn-swiglu: 0.000001000 seconds
[token:162, layer:1] 010:ffn-down-projection: 0.000138000 seconds
[token:162, layer:1] 102:layer-compute-total: 0.000529000 seconds
[token:162, layer:2] 002:attention-norm: 0.000001000 seconds
[token:162, layer:2] 003:qkv-projection: 0.000111000 seconds
[token:162, layer:2] 004:apply-rope: 0.000001000 seconds
[token:162, layer:2] 005:compute-attention: 0.000037000 seconds
[token:162, layer:2] 006:attention-output: 0.000036000 seconds
[token:162, layer:2] 007:ffn-norm: 0.000001000 seconds
[token:162, layer:2] 008:ffn-up-projection: 0.000190000 seconds
[token:162, layer:2] 009:ffn-swiglu: 0.000001000 seconds
[token:162, layer:2] 010:ffn-down-projection: 0.000136000 seconds
[token:162, layer:2] 102:layer-compute-total: 0.000514000 seconds
[token:162, layer:3] 002:attention-norm: 0.000000000 seconds
[token:162, layer:3] 003:qkv-projection: 0.000108000 seconds
[token:162, layer:3] 004:apply-rope: 0.000001000 seconds
[token:162, layer:3] 005:compute-attention: 0.000061000 seconds
[token:162, layer:3] 006:attention-output: 0.000039000 seconds
[token:162, layer:3] 007:ffn-norm: 0.000000000 seconds
[token:162, layer:3] 008:ffn-up-projection: 0.000204000 seconds
[token:162, layer:3] 009:ffn-swiglu: 0.000001000 seconds
[token:162, layer:3] 010:ffn-down-projection: 0.000142000 seconds
[token:162, layer:3] 102:layer-compute-total: 0.000556000 seconds
[token:162, layer:4] 002:attention-norm: 0.000000000 seconds
[token:162, layer:4] 003:qkv-projection: 0.000105000 seconds
[token:162, layer:4] 004:apply-rope: 0.000002000 seconds
[token:162, layer:4] 005:compute-attention: 0.000037000 seconds
[token:162, layer:4] 006:attention-output: 0.000036000 seconds
[token:162, layer:4] 007:ffn-norm: 0.000000000 seconds
[token:162, layer:4] 008:ffn-up-projection: 0.000195000 seconds
[token:162, layer:4] 009:ffn-swiglu: 0.000001000 seconds
[token:162, layer:4] 010:ffn-down-projection: 0.000134000 seconds
[token:162, layer:4] 102:layer-compute-total: 0.000510000 seconds
[token:162, layer:5] 002:attention-norm: 0.000000000 seconds
[token:162, layer:5] 003:qkv-projection: 0.000105000 seconds
[token:162, layer:5] 004:apply-rope: 0.000002000 seconds
[token:162, layer:5] 005:compute-attention: 0.000035000 seconds
[token:162, layer:5] 006:attention-output: 0.000035000 seconds
[token:162, layer:5] 007:ffn-norm: 0.000000000 seconds
[token:162, layer:5] 008:ffn-up-projection: 0.000187000 seconds
[token:162, layer:5] 009:ffn-swiglu: 0.000001000 seconds
[token:162, layer:5] 010:ffn-down-projection: 0.000134000 seconds
[token:162, layer:5] 102:layer-compute-total: 0.000499000 seconds
[token:162] 011:final-projection: 0.003980000 seconds
[token:162] 103:forward-compute-total: 0.007114000 seconds
[token:163] 001:embedding-lookup: 0.000000000 seconds
[token:163, layer:0] 002:attention-norm: 0.000000000 seconds
[token:163, layer:0] 003:qkv-projection: 0.000113000 seconds
[token:163, layer:0] 004:apply-rope: 0.000002000 seconds
[token:163, layer:0] 005:compute-attention: 0.000034000 seconds
[token:163, layer:0] 006:attention-output: 0.000035000 seconds
[token:163, layer:0] 007:ffn-norm: 0.000000000 seconds
[token:163, layer:0] 008:ffn-up-projection: 0.000192000 seconds
[token:163, layer:0] 009:ffn-swiglu: 0.000001000 seconds
[token:163, layer:0] 010:ffn-down-projection: 0.000133000 seconds
[token:163, layer:0] 102:layer-compute-total: 0.000510000 seconds
[token:163, layer:1] 002:attention-norm: 0.000001000 seconds
[token:163, layer:1] 003:qkv-projection: 0.000105000 seconds
[token:163, layer:1] 004:apply-rope: 0.000002000 seconds
[token:163, layer:1] 005:compute-attention: 0.000035000 seconds
[token:163, layer:1] 006:attention-output: 0.000035000 seconds
[token:163, layer:1] 007:ffn-norm: 0.000001000 seconds
[token:163, layer:1] 008:ffn-up-projection: 0.000187000 seconds
[token:163, layer:1] 009:ffn-swiglu: 0.000001000 seconds
[token:163, layer:1] 010:ffn-down-projection: 0.000133000 seconds
[token:163, layer:1] 102:layer-compute-total: 0.000500000 seconds
[token:163, layer:2] 002:attention-norm: 0.000001000 seconds
[token:163, layer:2] 003:qkv-projection: 0.000106000 seconds
[token:163, layer:2] 004:apply-rope: 0.000001000 seconds
[token:163, layer:2] 005:compute-attention: 0.000032000 seconds
[token:163, layer:2] 006:attention-output: 0.000036000 seconds
[token:163, layer:2] 007:ffn-norm: 0.000000000 seconds
[token:163, layer:2] 008:ffn-up-projection: 0.000189000 seconds
[token:163, layer:2] 009:ffn-swiglu: 0.000001000 seconds
[token:163, layer:2] 010:ffn-down-projection: 0.000134000 seconds
[token:163, layer:2] 102:layer-compute-total: 0.000500000 seconds
[token:163, layer:3] 002:attention-norm: 0.000000000 seconds
[token:163, layer:3] 003:qkv-projection: 0.000105000 seconds
[token:163, layer:3] 004:apply-rope: 0.000001000 seconds
[token:163, layer:3] 005:compute-attention: 0.000029000 seconds
[token:163, layer:3] 006:attention-output: 0.000035000 seconds
[token:163, layer:3] 007:ffn-norm: 0.000000000 seconds
[token:163, layer:3] 008:ffn-up-projection: 0.000199000 seconds
[token:163, layer:3] 009:ffn-swiglu: 0.000001000 seconds
[token:163, layer:3] 010:ffn-down-projection: 0.000141000 seconds
[token:163, layer:3] 102:layer-compute-total: 0.000511000 seconds
[token:163, layer:4] 002:attention-norm: 0.000000000 seconds
[token:163, layer:4] 003:qkv-projection: 0.000110000 seconds
[token:163, layer:4] 004:apply-rope: 0.000001000 seconds
[token:163, layer:4] 005:compute-attention: 0.000030000 seconds
[token:163, layer:4] 006:attention-output: 0.000039000 seconds
[token:163, layer:4] 007:ffn-norm: 0.000001000 seconds
[token:163, layer:4] 008:ffn-up-projection: 0.000201000 seconds
[token:163, layer:4] 009:ffn-swiglu: 0.000001000 seconds
[token:163, layer:4] 010:ffn-down-projection: 0.000143000 seconds
[token:163, layer:4] 102:layer-compute-total: 0.000526000 seconds
[token:163, layer:5] 002:attention-norm: 0.000000000 seconds
[token:163, layer:5] 003:qkv-projection: 0.000114000 seconds
[token:163, layer:5] 004:apply-rope: 0.000002000 seconds
[token:163, layer:5] 005:compute-attention: 0.000033000 seconds
[token:163, layer:5] 006:attention-output: 0.000038000 seconds
[token:163, layer:5] 007:ffn-norm: 0.000001000 seconds
[token:163, layer:5] 008:ffn-up-projection: 0.000198000 seconds
[token:163, layer:5] 009:ffn-swiglu: 0.000001000 seconds
[token:163, layer:5] 010:ffn-down-projection: 0.000149000 seconds
[token:163, layer:5] 102:layer-compute-total: 0.000536000 seconds
[token:163] 011:final-projection: 0.004222000 seconds
[token:163] 103:forward-compute-total: 0.007305000 seconds
[token:164] 001:embedding-lookup: 0.000000000 seconds
[token:164, layer:0] 002:attention-norm: 0.000001000 seconds
[token:164, layer:0] 003:qkv-projection: 0.000111000 seconds
[token:164, layer:0] 004:apply-rope: 0.000001000 seconds
[token:164, layer:0] 005:compute-attention: 0.000030000 seconds
[token:164, layer:0] 006:attention-output: 0.000036000 seconds
[token:164, layer:0] 007:ffn-norm: 0.000000000 seconds
[token:164, layer:0] 008:ffn-up-projection: 0.000195000 seconds
[token:164, layer:0] 009:ffn-swiglu: 0.000001000 seconds
[token:164, layer:0] 010:ffn-down-projection: 0.000140000 seconds
[token:164, layer:0] 102:layer-compute-total: 0.000515000 seconds
[token:164, layer:1] 002:attention-norm: 0.000000000 seconds
[token:164, layer:1] 003:qkv-projection: 0.000109000 seconds
[token:164, layer:1] 004:apply-rope: 0.000001000 seconds
[token:164, layer:1] 005:compute-attention: 0.000030000 seconds
[token:164, layer:1] 006:attention-output: 0.000039000 seconds
[token:164, layer:1] 007:ffn-norm: 0.000000000 seconds
[token:164, layer:1] 008:ffn-up-projection: 0.000196000 seconds
[token:164, layer:1] 009:ffn-swiglu: 0.000001000 seconds
[token:164, layer:1] 010:ffn-down-projection: 0.000143000 seconds
[token:164, layer:1] 102:layer-compute-total: 0.000519000 seconds
[token:164, layer:2] 002:attention-norm: 0.000001000 seconds
[token:164, layer:2] 003:qkv-projection: 0.000121000 seconds
[token:164, layer:2] 004:apply-rope: 0.000002000 seconds
[token:164, layer:2] 005:compute-attention: 0.000046000 seconds
[token:164, layer:2] 006:attention-output: 0.000070000 seconds
[token:164, layer:2] 007:ffn-norm: 0.000001000 seconds
[token:164, layer:2] 008:ffn-up-projection: 0.000215000 seconds
[token:164, layer:2] 009:ffn-swiglu: 0.000001000 seconds
[token:164, layer:2] 010:ffn-down-projection: 0.000139000 seconds
[token:164, layer:2] 102:layer-compute-total: 0.000596000 seconds
[token:164, layer:3] 002:attention-norm: 0.000000000 seconds
[token:164, layer:3] 003:qkv-projection: 0.000170000 seconds
[token:164, layer:3] 004:apply-rope: 0.000002000 seconds
[token:164, layer:3] 005:compute-attention: 0.000037000 seconds
[token:164, layer:3] 006:attention-output: 0.000036000 seconds
[token:164, layer:3] 007:ffn-norm: 0.000001000 seconds
[token:164, layer:3] 008:ffn-up-projection: 0.000194000 seconds
[token:164, layer:3] 009:ffn-swiglu: 0.000001000 seconds
[token:164, layer:3] 010:ffn-down-projection: 0.000145000 seconds
[token:164, layer:3] 102:layer-compute-total: 0.000586000 seconds
[token:164, layer:4] 002:attention-norm: 0.000000000 seconds
[token:164, layer:4] 003:qkv-projection: 0.000110000 seconds
[token:164, layer:4] 004:apply-rope: 0.000002000 seconds
[token:164, layer:4] 005:compute-attention: 0.000038000 seconds
[token:164, layer:4] 006:attention-output: 0.000037000 seconds
[token:164, layer:4] 007:ffn-norm: 0.000000000 seconds
[token:164, layer:4] 008:ffn-up-projection: 0.000194000 seconds
[token:164, layer:4] 009:ffn-swiglu: 0.000001000 seconds
[token:164, layer:4] 010:ffn-down-projection: 0.000140000 seconds
[token:164, layer:4] 102:layer-compute-total: 0.000522000 seconds
[token:164, layer:5] 002:attention-norm: 0.000000000 seconds
[token:164, layer:5] 003:qkv-projection: 0.000148000 seconds
[token:164, layer:5] 004:apply-rope: 0.000001000 seconds
[token:164, layer:5] 005:compute-attention: 0.000062000 seconds
[token:164, layer:5] 006:attention-output: 0.000037000 seconds
[token:164, layer:5] 007:ffn-norm: 0.000001000 seconds
[token:164, layer:5] 008:ffn-up-projection: 0.000221000 seconds
[token:164, layer:5] 009:ffn-swiglu: 0.000001000 seconds
[token:164, layer:5] 010:ffn-down-projection: 0.000140000 seconds
[token:164, layer:5] 102:layer-compute-total: 0.000611000 seconds
[token:164] 011:final-projection: 0.004070000 seconds
[token:164] 103:forward-compute-total: 0.007419000 seconds
[token:165] 001:embedding-lookup: 0.000000000 seconds
[token:165, layer:0] 002:attention-norm: 0.000000000 seconds
[token:165, layer:0] 003:qkv-projection: 0.000110000 seconds
[token:165, layer:0] 004:apply-rope: 0.000002000 seconds
[token:165, layer:0] 005:compute-attention: 0.000038000 seconds
[token:165, layer:0] 006:attention-output: 0.000037000 seconds
[token:165, layer:0] 007:ffn-norm: 0.000001000 seconds
[token:165, layer:0] 008:ffn-up-projection: 0.000194000 seconds
[token:165, layer:0] 009:ffn-swiglu: 0.000001000 seconds
[token:165, layer:0] 010:ffn-down-projection: 0.000139000 seconds
[token:165, layer:0] 102:layer-compute-total: 0.000522000 seconds
[token:165, layer:1] 002:attention-norm: 0.000001000 seconds
[token:165, layer:1] 003:qkv-projection: 0.000107000 seconds
[token:165, layer:1] 004:apply-rope: 0.000001000 seconds
[token:165, layer:1] 005:compute-attention: 0.000039000 seconds
[token:165, layer:1] 006:attention-output: 0.000035000 seconds
[token:165, layer:1] 007:ffn-norm: 0.000000000 seconds
[token:165, layer:1] 008:ffn-up-projection: 0.000191000 seconds
[token:165, layer:1] 009:ffn-swiglu: 0.000001000 seconds
[token:165, layer:1] 010:ffn-down-projection: 0.000136000 seconds
[token:165, layer:1] 102:layer-compute-total: 0.000511000 seconds
[token:165, layer:2] 002:attention-norm: 0.000001000 seconds
[token:165, layer:2] 003:qkv-projection: 0.000106000 seconds
[token:165, layer:2] 004:apply-rope: 0.000001000 seconds
[token:165, layer:2] 005:compute-attention: 0.000037000 seconds
[token:165, layer:2] 006:attention-output: 0.000035000 seconds
[token:165, layer:2] 007:ffn-norm: 0.000000000 seconds
[token:165, layer:2] 008:ffn-up-projection: 0.000198000 seconds
[token:165, layer:2] 009:ffn-swiglu: 0.000001000 seconds
[token:165, layer:2] 010:ffn-down-projection: 0.000136000 seconds
[token:165, layer:2] 102:layer-compute-total: 0.000515000 seconds
[token:165, layer:3] 002:attention-norm: 0.000000000 seconds
[token:165, layer:3] 003:qkv-projection: 0.000105000 seconds
[token:165, layer:3] 004:apply-rope: 0.000001000 seconds
[token:165, layer:3] 005:compute-attention: 0.000038000 seconds
[token:165, layer:3] 006:attention-output: 0.000035000 seconds
[token:165, layer:3] 007:ffn-norm: 0.000001000 seconds
[token:165, layer:3] 008:ffn-up-projection: 0.000187000 seconds
[token:165, layer:3] 009:ffn-swiglu: 0.000001000 seconds
[token:165, layer:3] 010:ffn-down-projection: 0.000134000 seconds
[token:165, layer:3] 102:layer-compute-total: 0.000502000 seconds
[token:165, layer:4] 002:attention-norm: 0.000001000 seconds
[token:165, layer:4] 003:qkv-projection: 0.000106000 seconds
[token:165, layer:4] 004:apply-rope: 0.000001000 seconds
[token:165, layer:4] 005:compute-attention: 0.000038000 seconds
[token:165, layer:4] 006:attention-output: 0.000035000 seconds
[token:165, layer:4] 007:ffn-norm: 0.000000000 seconds
[token:165, layer:4] 008:ffn-up-projection: 0.000187000 seconds
[token:165, layer:4] 009:ffn-swiglu: 0.000001000 seconds
[token:165, layer:4] 010:ffn-down-projection: 0.000135000 seconds
[token:165, layer:4] 102:layer-compute-total: 0.000504000 seconds
[token:165, layer:5] 002:attention-norm: 0.000000000 seconds
[token:165, layer:5] 003:qkv-projection: 0.000109000 seconds
[token:165, layer:5] 004:apply-rope: 0.000001000 seconds
[token:165, layer:5] 005:compute-attention: 0.000035000 seconds
[token:165, layer:5] 006:attention-output: 0.000036000 seconds
[token:165, layer:5] 007:ffn-norm: 0.000000000 seconds
[token:165, layer:5] 008:ffn-up-projection: 0.000194000 seconds
[token:165, layer:5] 009:ffn-swiglu: 0.000001000 seconds
[token:165, layer:5] 010:ffn-down-projection: 0.000140000 seconds
[token:165, layer:5] 102:layer-compute-total: 0.000516000 seconds
[token:165] 011:final-projection: 0.003985000 seconds
[token:165] 103:forward-compute-total: 0.007055000 seconds
[token:166] 001:embedding-lookup: 0.000000000 seconds
[token:166, layer:0] 002:attention-norm: 0.000001000 seconds
[token:166, layer:0] 003:qkv-projection: 0.000110000 seconds
[token:166, layer:0] 004:apply-rope: 0.000002000 seconds
[token:166, layer:0] 005:compute-attention: 0.000029000 seconds
[token:166, layer:0] 006:attention-output: 0.000037000 seconds
[token:166, layer:0] 007:ffn-norm: 0.000000000 seconds
[token:166, layer:0] 008:ffn-up-projection: 0.000189000 seconds
[token:166, layer:0] 009:ffn-swiglu: 0.000001000 seconds
[token:166, layer:0] 010:ffn-down-projection: 0.000134000 seconds
[token:166, layer:0] 102:layer-compute-total: 0.000503000 seconds
[token:166, layer:1] 002:attention-norm: 0.000000000 seconds
[token:166, layer:1] 003:qkv-projection: 0.000105000 seconds
[token:166, layer:1] 004:apply-rope: 0.000002000 seconds
[token:166, layer:1] 005:compute-attention: 0.000029000 seconds
[token:166, layer:1] 006:attention-output: 0.000035000 seconds
[token:166, layer:1] 007:ffn-norm: 0.000001000 seconds
[token:166, layer:1] 008:ffn-up-projection: 0.000186000 seconds
[token:166, layer:1] 009:ffn-swiglu: 0.000002000 seconds
[token:166, layer:1] 010:ffn-down-projection: 0.000134000 seconds
[token:166, layer:1] 102:layer-compute-total: 0.000494000 seconds
[token:166, layer:2] 002:attention-norm: 0.000000000 seconds
[token:166, layer:2] 003:qkv-projection: 0.000105000 seconds
[token:166, layer:2] 004:apply-rope: 0.000001000 seconds
[token:166, layer:2] 005:compute-attention: 0.000028000 seconds
[token:166, layer:2] 006:attention-output: 0.000035000 seconds
[token:166, layer:2] 007:ffn-norm: 0.000000000 seconds
[token:166, layer:2] 008:ffn-up-projection: 0.000191000 seconds
[token:166, layer:2] 009:ffn-swiglu: 0.000001000 seconds
[token:166, layer:2] 010:ffn-down-projection: 0.000165000 seconds
[token:166, layer:2] 102:layer-compute-total: 0.000526000 seconds
[token:166, layer:3] 002:attention-norm: 0.000001000 seconds
[token:166, layer:3] 003:qkv-projection: 0.000128000 seconds
[token:166, layer:3] 004:apply-rope: 0.000005000 seconds
[token:166, layer:3] 005:compute-attention: 0.000045000 seconds
[token:166, layer:3] 006:attention-output: 0.000037000 seconds
[token:166, layer:3] 007:ffn-norm: 0.000001000 seconds
[token:166, layer:3] 008:ffn-up-projection: 0.000215000 seconds
[token:166, layer:3] 009:ffn-swiglu: 0.000001000 seconds
[token:166, layer:3] 010:ffn-down-projection: 0.000138000 seconds
[token:166, layer:3] 102:layer-compute-total: 0.000571000 seconds
[token:166, layer:4] 002:attention-norm: 0.000000000 seconds
[token:166, layer:4] 003:qkv-projection: 0.000190000 seconds
[token:166, layer:4] 004:apply-rope: 0.000002000 seconds
[token:166, layer:4] 005:compute-attention: 0.000037000 seconds
[token:166, layer:4] 006:attention-output: 0.000036000 seconds
[token:166, layer:4] 007:ffn-norm: 0.000000000 seconds
[token:166, layer:4] 008:ffn-up-projection: 0.000194000 seconds
[token:166, layer:4] 009:ffn-swiglu: 0.000002000 seconds
[token:166, layer:4] 010:ffn-down-projection: 0.000140000 seconds
[token:166, layer:4] 102:layer-compute-total: 0.000601000 seconds
[token:166, layer:5] 002:attention-norm: 0.000001000 seconds
[token:166, layer:5] 003:qkv-projection: 0.000109000 seconds
[token:166, layer:5] 004:apply-rope: 0.000001000 seconds
[token:166, layer:5] 005:compute-attention: 0.000033000 seconds
[token:166, layer:5] 006:attention-output: 0.000036000 seconds
[token:166, layer:5] 007:ffn-norm: 0.000001000 seconds
[token:166, layer:5] 008:ffn-up-projection: 0.000195000 seconds
[token:166, layer:5] 009:ffn-swiglu: 0.000001000 seconds
[token:166, layer:5] 010:ffn-down-projection: 0.000140000 seconds
[token:166, layer:5] 102:layer-compute-total: 0.000517000 seconds
[token:166] 011:final-projection: 0.004126000 seconds
[token:166] 103:forward-compute-total: 0.007338000 seconds
[token:167] 001:embedding-lookup: 0.000001000 seconds
[token:167, layer:0] 002:attention-norm: 0.000000000 seconds
[token:167, layer:0] 003:qkv-projection: 0.000112000 seconds
[token:167, layer:0] 004:apply-rope: 0.000002000 seconds
[token:167, layer:0] 005:compute-attention: 0.000037000 seconds
[token:167, layer:0] 006:attention-output: 0.000037000 seconds
[token:167, layer:0] 007:ffn-norm: 0.000000000 seconds
[token:167, layer:0] 008:ffn-up-projection: 0.000191000 seconds
[token:167, layer:0] 009:ffn-swiglu: 0.000001000 seconds
[token:167, layer:0] 010:ffn-down-projection: 0.000135000 seconds
[token:167, layer:0] 102:layer-compute-total: 0.000515000 seconds
[token:167, layer:1] 002:attention-norm: 0.000000000 seconds
[token:167, layer:1] 003:qkv-projection: 0.000105000 seconds
[token:167, layer:1] 004:apply-rope: 0.000001000 seconds
[token:167, layer:1] 005:compute-attention: 0.000035000 seconds
[token:167, layer:1] 006:attention-output: 0.000037000 seconds
[token:167, layer:1] 007:ffn-norm: 0.000000000 seconds
[token:167, layer:1] 008:ffn-up-projection: 0.000190000 seconds
[token:167, layer:1] 009:ffn-swiglu: 0.000001000 seconds
[token:167, layer:1] 010:ffn-down-projection: 0.000136000 seconds
[token:167, layer:1] 102:layer-compute-total: 0.000505000 seconds
[token:167, layer:2] 002:attention-norm: 0.000000000 seconds
[token:167, layer:2] 003:qkv-projection: 0.000105000 seconds
[token:167, layer:2] 004:apply-rope: 0.000001000 seconds
[token:167, layer:2] 005:compute-attention: 0.000036000 seconds
[token:167, layer:2] 006:attention-output: 0.000037000 seconds
[token:167, layer:2] 007:ffn-norm: 0.000000000 seconds
[token:167, layer:2] 008:ffn-up-projection: 0.000190000 seconds
[token:167, layer:2] 009:ffn-swiglu: 0.000001000 seconds
[token:167, layer:2] 010:ffn-down-projection: 0.000141000 seconds
[token:167, layer:2] 102:layer-compute-total: 0.000511000 seconds
[token:167, layer:3] 002:attention-norm: 0.000000000 seconds
[token:167, layer:3] 003:qkv-projection: 0.000109000 seconds
[token:167, layer:3] 004:apply-rope: 0.000001000 seconds
[token:167, layer:3] 005:compute-attention: 0.000037000 seconds
[token:167, layer:3] 006:attention-output: 0.000036000 seconds
[token:167, layer:3] 007:ffn-norm: 0.000000000 seconds
[token:167, layer:3] 008:ffn-up-projection: 0.000190000 seconds
[token:167, layer:3] 009:ffn-swiglu: 0.000001000 seconds
[token:167, layer:3] 010:ffn-down-projection: 0.000134000 seconds
[token:167, layer:3] 102:layer-compute-total: 0.000508000 seconds
[token:167, layer:4] 002:attention-norm: 0.000001000 seconds
[token:167, layer:4] 003:qkv-projection: 0.000110000 seconds
[token:167, layer:4] 004:apply-rope: 0.000001000 seconds
[token:167, layer:4] 005:compute-attention: 0.000034000 seconds
[token:167, layer:4] 006:attention-output: 0.000035000 seconds
[token:167, layer:4] 007:ffn-norm: 0.000000000 seconds
[token:167, layer:4] 008:ffn-up-projection: 0.000195000 seconds
[token:167, layer:4] 009:ffn-swiglu: 0.000001000 seconds
[token:167, layer:4] 010:ffn-down-projection: 0.000136000 seconds
[token:167, layer:4] 102:layer-compute-total: 0.000513000 seconds
[token:167, layer:5] 002:attention-norm: 0.000001000 seconds
[token:167, layer:5] 003:qkv-projection: 0.000107000 seconds
[token:167, layer:5] 004:apply-rope: 0.000001000 seconds
[token:167, layer:5] 005:compute-attention: 0.000037000 seconds
[token:167, layer:5] 006:attention-output: 0.000036000 seconds
[token:167, layer:5] 007:ffn-norm: 0.000000000 seconds
[token:167, layer:5] 008:ffn-up-projection: 0.000190000 seconds
[token:167, layer:5] 009:ffn-swiglu: 0.000001000 seconds
[token:167, layer:5] 010:ffn-down-projection: 0.000139000 seconds
[token:167, layer:5] 102:layer-compute-total: 0.000512000 seconds
[token:167] 011:final-projection: 0.004065000 seconds
[token:167] 103:forward-compute-total: 0.007130000 seconds
[token:168] 001:embedding-lookup: 0.000000000 seconds
[token:168, layer:0] 002:attention-norm: 0.000000000 seconds
[token:168, layer:0] 003:qkv-projection: 0.000111000 seconds
[token:168, layer:0] 004:apply-rope: 0.000001000 seconds
[token:168, layer:0] 005:compute-attention: 0.000035000 seconds
[token:168, layer:0] 006:attention-output: 0.000036000 seconds
[token:168, layer:0] 007:ffn-norm: 0.000001000 seconds
[token:168, layer:0] 008:ffn-up-projection: 0.000194000 seconds
[token:168, layer:0] 009:ffn-swiglu: 0.000001000 seconds
[token:168, layer:0] 010:ffn-down-projection: 0.000144000 seconds
[token:168, layer:0] 102:layer-compute-total: 0.000523000 seconds
[token:168, layer:1] 002:attention-norm: 0.000000000 seconds
[token:168, layer:1] 003:qkv-projection: 0.000111000 seconds
[token:168, layer:1] 004:apply-rope: 0.000001000 seconds
[token:168, layer:1] 005:compute-attention: 0.000031000 seconds
[token:168, layer:1] 006:attention-output: 0.000038000 seconds
[token:168, layer:1] 007:ffn-norm: 0.000000000 seconds
[token:168, layer:1] 008:ffn-up-projection: 0.000194000 seconds
[token:168, layer:1] 009:ffn-swiglu: 0.000001000 seconds
[token:168, layer:1] 010:ffn-down-projection: 0.000139000 seconds
[token:168, layer:1] 102:layer-compute-total: 0.000515000 seconds
[token:168, layer:2] 002:attention-norm: 0.000001000 seconds
[token:168, layer:2] 003:qkv-projection: 0.000109000 seconds
[token:168, layer:2] 004:apply-rope: 0.000001000 seconds
[token:168, layer:2] 005:compute-attention: 0.000034000 seconds
[token:168, layer:2] 006:attention-output: 0.000037000 seconds
[token:168, layer:2] 007:ffn-norm: 0.000000000 seconds
[token:168, layer:2] 008:ffn-up-projection: 0.000190000 seconds
[token:168, layer:2] 009:ffn-swiglu: 0.000001000 seconds
[token:168, layer:2] 010:ffn-down-projection: 0.000139000 seconds
[token:168, layer:2] 102:layer-compute-total: 0.000512000 seconds
[token:168, layer:3] 002:attention-norm: 0.000000000 seconds
[token:168, layer:3] 003:qkv-projection: 0.000110000 seconds
[token:168, layer:3] 004:apply-rope: 0.000002000 seconds
[token:168, layer:3] 005:compute-attention: 0.000036000 seconds
[token:168, layer:3] 006:attention-output: 0.000037000 seconds
[token:168, layer:3] 007:ffn-norm: 0.000000000 seconds
[token:168, layer:3] 008:ffn-up-projection: 0.000194000 seconds
[token:168, layer:3] 009:ffn-swiglu: 0.000001000 seconds
[token:168, layer:3] 010:ffn-down-projection: 0.000138000 seconds
[token:168, layer:3] 102:layer-compute-total: 0.000518000 seconds
[token:168, layer:4] 002:attention-norm: 0.000000000 seconds
[token:168, layer:4] 003:qkv-projection: 0.000114000 seconds
[token:168, layer:4] 004:apply-rope: 0.000001000 seconds
[token:168, layer:4] 005:compute-attention: 0.000036000 seconds
[token:168, layer:4] 006:attention-output: 0.000036000 seconds
[token:168, layer:4] 007:ffn-norm: 0.000000000 seconds
[token:168, layer:4] 008:ffn-up-projection: 0.000200000 seconds
[token:168, layer:4] 009:ffn-swiglu: 0.000001000 seconds
[token:168, layer:4] 010:ffn-down-projection: 0.000167000 seconds
[token:168, layer:4] 102:layer-compute-total: 0.000555000 seconds
[token:168, layer:5] 002:attention-norm: 0.000000000 seconds
[token:168, layer:5] 003:qkv-projection: 0.000124000 seconds
[token:168, layer:5] 004:apply-rope: 0.000002000 seconds
[token:168, layer:5] 005:compute-attention: 0.000058000 seconds
[token:168, layer:5] 006:attention-output: 0.000043000 seconds
[token:168, layer:5] 007:ffn-norm: 0.000000000 seconds
[token:168, layer:5] 008:ffn-up-projection: 0.000201000 seconds
[token:168, layer:5] 009:ffn-swiglu: 0.000001000 seconds
[token:168, layer:5] 010:ffn-down-projection: 0.000143000 seconds
[token:168, layer:5] 102:layer-compute-total: 0.000572000 seconds
[token:168] 011:final-projection: 0.004260000 seconds
[token:168] 103:forward-compute-total: 0.007455000 seconds
[token:169] 001:embedding-lookup: 0.000000000 seconds
[token:169, layer:0] 002:attention-norm: 0.000001000 seconds
[token:169, layer:0] 003:qkv-projection: 0.000112000 seconds
[token:169, layer:0] 004:apply-rope: 0.000002000 seconds
[token:169, layer:0] 005:compute-attention: 0.000037000 seconds
[token:169, layer:0] 006:attention-output: 0.000037000 seconds
[token:169, layer:0] 007:ffn-norm: 0.000000000 seconds
[token:169, layer:0] 008:ffn-up-projection: 0.000191000 seconds
[token:169, layer:0] 009:ffn-swiglu: 0.000001000 seconds
[token:169, layer:0] 010:ffn-down-projection: 0.000136000 seconds
[token:169, layer:0] 102:layer-compute-total: 0.000517000 seconds
[token:169, layer:1] 002:attention-norm: 0.000000000 seconds
[token:169, layer:1] 003:qkv-projection: 0.000105000 seconds
[token:169, layer:1] 004:apply-rope: 0.000001000 seconds
[token:169, layer:1] 005:compute-attention: 0.000037000 seconds
[token:169, layer:1] 006:attention-output: 0.000035000 seconds
[token:169, layer:1] 007:ffn-norm: 0.000000000 seconds
[token:169, layer:1] 008:ffn-up-projection: 0.000187000 seconds
[token:169, layer:1] 009:ffn-swiglu: 0.000001000 seconds
[token:169, layer:1] 010:ffn-down-projection: 0.000134000 seconds
[token:169, layer:1] 102:layer-compute-total: 0.000500000 seconds
[token:169, layer:2] 002:attention-norm: 0.000000000 seconds
[token:169, layer:2] 003:qkv-projection: 0.000105000 seconds
[token:169, layer:2] 004:apply-rope: 0.000001000 seconds
[token:169, layer:2] 005:compute-attention: 0.000037000 seconds
[token:169, layer:2] 006:attention-output: 0.000035000 seconds
[token:169, layer:2] 007:ffn-norm: 0.000000000 seconds
[token:169, layer:2] 008:ffn-up-projection: 0.000186000 seconds
[token:169, layer:2] 009:ffn-swiglu: 0.000001000 seconds
[token:169, layer:2] 010:ffn-down-projection: 0.000135000 seconds
[token:169, layer:2] 102:layer-compute-total: 0.000500000 seconds
[token:169, layer:3] 002:attention-norm: 0.000000000 seconds
[token:169, layer:3] 003:qkv-projection: 0.000109000 seconds
[token:169, layer:3] 004:apply-rope: 0.000001000 seconds
[token:169, layer:3] 005:compute-attention: 0.000038000 seconds
[token:169, layer:3] 006:attention-output: 0.000035000 seconds
[token:169, layer:3] 007:ffn-norm: 0.000001000 seconds
[token:169, layer:3] 008:ffn-up-projection: 0.000188000 seconds
[token:169, layer:3] 009:ffn-swiglu: 0.000001000 seconds
[token:169, layer:3] 010:ffn-down-projection: 0.000134000 seconds
[token:169, layer:3] 102:layer-compute-total: 0.000507000 seconds
[token:169, layer:4] 002:attention-norm: 0.000000000 seconds
[token:169, layer:4] 003:qkv-projection: 0.000105000 seconds
[token:169, layer:4] 004:apply-rope: 0.000001000 seconds
[token:169, layer:4] 005:compute-attention: 0.000037000 seconds
[token:169, layer:4] 006:attention-output: 0.000035000 seconds
[token:169, layer:4] 007:ffn-norm: 0.000000000 seconds
[token:169, layer:4] 008:ffn-up-projection: 0.000190000 seconds
[token:169, layer:4] 009:ffn-swiglu: 0.000002000 seconds
[token:169, layer:4] 010:ffn-down-projection: 0.000137000 seconds
[token:169, layer:4] 102:layer-compute-total: 0.000507000 seconds
[token:169, layer:5] 002:attention-norm: 0.000000000 seconds
[token:169, layer:5] 003:qkv-projection: 0.000107000 seconds
[token:169, layer:5] 004:apply-rope: 0.000002000 seconds
[token:169, layer:5] 005:compute-attention: 0.000038000 seconds
[token:169, layer:5] 006:attention-output: 0.000035000 seconds
[token:169, layer:5] 007:ffn-norm: 0.000000000 seconds
[token:169, layer:5] 008:ffn-up-projection: 0.000192000 seconds
[token:169, layer:5] 009:ffn-swiglu: 0.000001000 seconds
[token:169, layer:5] 010:ffn-down-projection: 0.000136000 seconds
[token:169, layer:5] 102:layer-compute-total: 0.000511000 seconds
[token:169] 011:final-projection: 0.004066000 seconds
[token:169] 103:forward-compute-total: 0.007108000 seconds
[token:170] 001:embedding-lookup: 0.000000000 seconds
[token:170, layer:0] 002:attention-norm: 0.000001000 seconds
[token:170, layer:0] 003:qkv-projection: 0.000115000 seconds
[token:170, layer:0] 004:apply-rope: 0.000002000 seconds
[token:170, layer:0] 005:compute-attention: 0.000033000 seconds
[token:170, layer:0] 006:attention-output: 0.000036000 seconds
[token:170, layer:0] 007:ffn-norm: 0.000000000 seconds
[token:170, layer:0] 008:ffn-up-projection: 0.000188000 seconds
[token:170, layer:0] 009:ffn-swiglu: 0.000001000 seconds
[token:170, layer:0] 010:ffn-down-projection: 0.000134000 seconds
[token:170, layer:0] 102:layer-compute-total: 0.000510000 seconds
[token:170, layer:1] 002:attention-norm: 0.000001000 seconds
[token:170, layer:1] 003:qkv-projection: 0.000108000 seconds
[token:170, layer:1] 004:apply-rope: 0.000001000 seconds
[token:170, layer:1] 005:compute-attention: 0.000035000 seconds
[token:170, layer:1] 006:attention-output: 0.000035000 seconds
[token:170, layer:1] 007:ffn-norm: 0.000001000 seconds
[token:170, layer:1] 008:ffn-up-projection: 0.000186000 seconds
[token:170, layer:1] 009:ffn-swiglu: 0.000001000 seconds
[token:170, layer:1] 010:ffn-down-projection: 0.000134000 seconds
[token:170, layer:1] 102:layer-compute-total: 0.000502000 seconds
[token:170, layer:2] 002:attention-norm: 0.000000000 seconds
[token:170, layer:2] 003:qkv-projection: 0.000108000 seconds
[token:170, layer:2] 004:apply-rope: 0.000001000 seconds
[token:170, layer:2] 005:compute-attention: 0.000035000 seconds
[token:170, layer:2] 006:attention-output: 0.000035000 seconds
[token:170, layer:2] 007:ffn-norm: 0.000000000 seconds
[token:170, layer:2] 008:ffn-up-projection: 0.000196000 seconds
[token:170, layer:2] 009:ffn-swiglu: 0.000001000 seconds
[token:170, layer:2] 010:ffn-down-projection: 0.000139000 seconds
[token:170, layer:2] 102:layer-compute-total: 0.000515000 seconds
[token:170, layer:3] 002:attention-norm: 0.000001000 seconds
[token:170, layer:3] 003:qkv-projection: 0.000107000 seconds
[token:170, layer:3] 004:apply-rope: 0.000001000 seconds
[token:170, layer:3] 005:compute-attention: 0.000031000 seconds
[token:170, layer:3] 006:attention-output: 0.000036000 seconds
[token:170, layer:3] 007:ffn-norm: 0.000000000 seconds
[token:170, layer:3] 008:ffn-up-projection: 0.000187000 seconds
[token:170, layer:3] 009:ffn-swiglu: 0.000001000 seconds
[token:170, layer:3] 010:ffn-down-projection: 0.000137000 seconds
[token:170, layer:3] 102:layer-compute-total: 0.000501000 seconds
[token:170, layer:4] 002:attention-norm: 0.000000000 seconds
[token:170, layer:4] 003:qkv-projection: 0.000109000 seconds
[token:170, layer:4] 004:apply-rope: 0.000001000 seconds
[token:170, layer:4] 005:compute-attention: 0.000031000 seconds
[token:170, layer:4] 006:attention-output: 0.000036000 seconds
[token:170, layer:4] 007:ffn-norm: 0.000000000 seconds
[token:170, layer:4] 008:ffn-up-projection: 0.000189000 seconds
[token:170, layer:4] 009:ffn-swiglu: 0.000001000 seconds
[token:170, layer:4] 010:ffn-down-projection: 0.000134000 seconds
[token:170, layer:4] 102:layer-compute-total: 0.000501000 seconds
[token:170, layer:5] 002:attention-norm: 0.000001000 seconds
[token:170, layer:5] 003:qkv-projection: 0.000108000 seconds
[token:170, layer:5] 004:apply-rope: 0.000001000 seconds
[token:170, layer:5] 005:compute-attention: 0.000030000 seconds
[token:170, layer:5] 006:attention-output: 0.000035000 seconds
[token:170, layer:5] 007:ffn-norm: 0.000000000 seconds
[token:170, layer:5] 008:ffn-up-projection: 0.000187000 seconds
[token:170, layer:5] 009:ffn-swiglu: 0.000001000 seconds
[token:170, layer:5] 010:ffn-down-projection: 0.000137000 seconds
[token:170, layer:5] 102:layer-compute-total: 0.000500000 seconds
[token:170] 011:final-projection: 0.004321000 seconds
[token:170] 103:forward-compute-total: 0.007350000 seconds
[token:171] 001:embedding-lookup: 0.000000000 seconds
[token:171, layer:0] 002:attention-norm: 0.000000000 seconds
[token:171, layer:0] 003:qkv-projection: 0.000112000 seconds
[token:171, layer:0] 004:apply-rope: 0.000002000 seconds
[token:171, layer:0] 005:compute-attention: 0.000037000 seconds
[token:171, layer:0] 006:attention-output: 0.000036000 seconds
[token:171, layer:0] 007:ffn-norm: 0.000000000 seconds
[token:171, layer:0] 008:ffn-up-projection: 0.000189000 seconds
[token:171, layer:0] 009:ffn-swiglu: 0.000001000 seconds
[token:171, layer:0] 010:ffn-down-projection: 0.000135000 seconds
[token:171, layer:0] 102:layer-compute-total: 0.000512000 seconds
[token:171, layer:1] 002:attention-norm: 0.000001000 seconds
[token:171, layer:1] 003:qkv-projection: 0.000105000 seconds
[token:171, layer:1] 004:apply-rope: 0.000001000 seconds
[token:171, layer:1] 005:compute-attention: 0.000036000 seconds
[token:171, layer:1] 006:attention-output: 0.000035000 seconds
[token:171, layer:1] 007:ffn-norm: 0.000001000 seconds
[token:171, layer:1] 008:ffn-up-projection: 0.000191000 seconds
[token:171, layer:1] 009:ffn-swiglu: 0.000001000 seconds
[token:171, layer:1] 010:ffn-down-projection: 0.000136000 seconds
[token:171, layer:1] 102:layer-compute-total: 0.000507000 seconds
[token:171, layer:2] 002:attention-norm: 0.000000000 seconds
[token:171, layer:2] 003:qkv-projection: 0.000105000 seconds
[token:171, layer:2] 004:apply-rope: 0.000001000 seconds
[token:171, layer:2] 005:compute-attention: 0.000036000 seconds
[token:171, layer:2] 006:attention-output: 0.000035000 seconds
[token:171, layer:2] 007:ffn-norm: 0.000000000 seconds
[token:171, layer:2] 008:ffn-up-projection: 0.000187000 seconds
[token:171, layer:2] 009:ffn-swiglu: 0.000001000 seconds
[token:171, layer:2] 010:ffn-down-projection: 0.000140000 seconds
[token:171, layer:2] 102:layer-compute-total: 0.000505000 seconds
[token:171, layer:3] 002:attention-norm: 0.000000000 seconds
[token:171, layer:3] 003:qkv-projection: 0.000109000 seconds
[token:171, layer:3] 004:apply-rope: 0.000001000 seconds
[token:171, layer:3] 005:compute-attention: 0.000037000 seconds
[token:171, layer:3] 006:attention-output: 0.000036000 seconds
[token:171, layer:3] 007:ffn-norm: 0.000000000 seconds
[token:171, layer:3] 008:ffn-up-projection: 0.000187000 seconds
[token:171, layer:3] 009:ffn-swiglu: 0.000001000 seconds
[token:171, layer:3] 010:ffn-down-projection: 0.000138000 seconds
[token:171, layer:3] 102:layer-compute-total: 0.000509000 seconds
[token:171, layer:4] 002:attention-norm: 0.000000000 seconds
[token:171, layer:4] 003:qkv-projection: 0.000111000 seconds
[token:171, layer:4] 004:apply-rope: 0.000001000 seconds
[token:171, layer:4] 005:compute-attention: 0.000036000 seconds
[token:171, layer:4] 006:attention-output: 0.000036000 seconds
[token:171, layer:4] 007:ffn-norm: 0.000000000 seconds
[token:171, layer:4] 008:ffn-up-projection: 0.000189000 seconds
[token:171, layer:4] 009:ffn-swiglu: 0.000001000 seconds
[token:171, layer:4] 010:ffn-down-projection: 0.000134000 seconds
[token:171, layer:4] 102:layer-compute-total: 0.000508000 seconds
[token:171, layer:5] 002:attention-norm: 0.000000000 seconds
[token:171, layer:5] 003:qkv-projection: 0.000105000 seconds
[token:171, layer:5] 004:apply-rope: 0.000001000 seconds
[token:171, layer:5] 005:compute-attention: 0.000036000 seconds
[token:171, layer:5] 006:attention-output: 0.000039000 seconds
[token:171, layer:5] 007:ffn-norm: 0.000000000 seconds
[token:171, layer:5] 008:ffn-up-projection: 0.000195000 seconds
[token:171, layer:5] 009:ffn-swiglu: 0.000001000 seconds
[token:171, layer:5] 010:ffn-down-projection: 0.000137000 seconds
[token:171, layer:5] 102:layer-compute-total: 0.000514000 seconds
[token:171] 011:final-projection: 0.003984000 seconds
[token:171] 103:forward-compute-total: 0.007039000 seconds
[token:172] 001:embedding-lookup: 0.000000000 seconds
[token:172, layer:0] 002:attention-norm: 0.000000000 seconds
[token:172, layer:0] 003:qkv-projection: 0.000114000 seconds
[token:172, layer:0] 004:apply-rope: 0.000003000 seconds
[token:172, layer:0] 005:compute-attention: 0.000028000 seconds
[token:172, layer:0] 006:attention-output: 0.000035000 seconds
[token:172, layer:0] 007:ffn-norm: 0.000000000 seconds
[token:172, layer:0] 008:ffn-up-projection: 0.000187000 seconds
[token:172, layer:0] 009:ffn-swiglu: 0.000001000 seconds
[token:172, layer:0] 010:ffn-down-projection: 0.000142000 seconds
[token:172, layer:0] 102:layer-compute-total: 0.000510000 seconds
[token:172, layer:1] 002:attention-norm: 0.000001000 seconds
[token:172, layer:1] 003:qkv-projection: 0.000105000 seconds
[token:172, layer:1] 004:apply-rope: 0.000002000 seconds
[token:172, layer:1] 005:compute-attention: 0.000028000 seconds
[token:172, layer:1] 006:attention-output: 0.000035000 seconds
[token:172, layer:1] 007:ffn-norm: 0.000000000 seconds
[token:172, layer:1] 008:ffn-up-projection: 0.000186000 seconds
[token:172, layer:1] 009:ffn-swiglu: 0.000001000 seconds
[token:172, layer:1] 010:ffn-down-projection: 0.000133000 seconds
[token:172, layer:1] 102:layer-compute-total: 0.000491000 seconds
[token:172, layer:2] 002:attention-norm: 0.000001000 seconds
[token:172, layer:2] 003:qkv-projection: 0.000105000 seconds
[token:172, layer:2] 004:apply-rope: 0.000001000 seconds
[token:172, layer:2] 005:compute-attention: 0.000028000 seconds
[token:172, layer:2] 006:attention-output: 0.000035000 seconds
[token:172, layer:2] 007:ffn-norm: 0.000000000 seconds
[token:172, layer:2] 008:ffn-up-projection: 0.000186000 seconds
[token:172, layer:2] 009:ffn-swiglu: 0.000001000 seconds
[token:172, layer:2] 010:ffn-down-projection: 0.000134000 seconds
[token:172, layer:2] 102:layer-compute-total: 0.000491000 seconds
[token:172, layer:3] 002:attention-norm: 0.000000000 seconds
[token:172, layer:3] 003:qkv-projection: 0.000105000 seconds
[token:172, layer:3] 004:apply-rope: 0.000002000 seconds
[token:172, layer:3] 005:compute-attention: 0.000028000 seconds
[token:172, layer:3] 006:attention-output: 0.000035000 seconds
[token:172, layer:3] 007:ffn-norm: 0.000001000 seconds
[token:172, layer:3] 008:ffn-up-projection: 0.000187000 seconds
[token:172, layer:3] 009:ffn-swiglu: 0.000001000 seconds
[token:172, layer:3] 010:ffn-down-projection: 0.000135000 seconds
[token:172, layer:3] 102:layer-compute-total: 0.000494000 seconds
[token:172, layer:4] 002:attention-norm: 0.000000000 seconds
[token:172, layer:4] 003:qkv-projection: 0.000106000 seconds
[token:172, layer:4] 004:apply-rope: 0.000001000 seconds
[token:172, layer:4] 005:compute-attention: 0.000029000 seconds
[token:172, layer:4] 006:attention-output: 0.000035000 seconds
[token:172, layer:4] 007:ffn-norm: 0.000000000 seconds
[token:172, layer:4] 008:ffn-up-projection: 0.000186000 seconds
[token:172, layer:4] 009:ffn-swiglu: 0.000001000 seconds
[token:172, layer:4] 010:ffn-down-projection: 0.000134000 seconds
[token:172, layer:4] 102:layer-compute-total: 0.000492000 seconds
[token:172, layer:5] 002:attention-norm: 0.000001000 seconds
[token:172, layer:5] 003:qkv-projection: 0.000105000 seconds
[token:172, layer:5] 004:apply-rope: 0.000001000 seconds
[token:172, layer:5] 005:compute-attention: 0.000028000 seconds
[token:172, layer:5] 006:attention-output: 0.000036000 seconds
[token:172, layer:5] 007:ffn-norm: 0.000001000 seconds
[token:172, layer:5] 008:ffn-up-projection: 0.000193000 seconds
[token:172, layer:5] 009:ffn-swiglu: 0.000001000 seconds
[token:172, layer:5] 010:ffn-down-projection: 0.000134000 seconds
[token:172, layer:5] 102:layer-compute-total: 0.000500000 seconds
[token:172] 011:final-projection: 0.004210000 seconds
[token:172] 103:forward-compute-total: 0.007188000 seconds
[token:173] 001:embedding-lookup: 0.000001000 seconds
[token:173, layer:0] 002:attention-norm: 0.000001000 seconds
[token:173, layer:0] 003:qkv-projection: 0.000116000 seconds
[token:173, layer:0] 004:apply-rope: 0.000002000 seconds
[token:173, layer:0] 005:compute-attention: 0.000036000 seconds
[token:173, layer:0] 006:attention-output: 0.000036000 seconds
[token:173, layer:0] 007:ffn-norm: 0.000001000 seconds
[token:173, layer:0] 008:ffn-up-projection: 0.000192000 seconds
[token:173, layer:0] 009:ffn-swiglu: 0.000001000 seconds
[token:173, layer:0] 010:ffn-down-projection: 0.000134000 seconds
[token:173, layer:0] 102:layer-compute-total: 0.000519000 seconds
[token:173, layer:1] 002:attention-norm: 0.000000000 seconds
[token:173, layer:1] 003:qkv-projection: 0.000105000 seconds
[token:173, layer:1] 004:apply-rope: 0.000001000 seconds
[token:173, layer:1] 005:compute-attention: 0.000036000 seconds
[token:173, layer:1] 006:attention-output: 0.000035000 seconds
[token:173, layer:1] 007:ffn-norm: 0.000001000 seconds
[token:173, layer:1] 008:ffn-up-projection: 0.000186000 seconds
[token:173, layer:1] 009:ffn-swiglu: 0.000001000 seconds
[token:173, layer:1] 010:ffn-down-projection: 0.000133000 seconds
[token:173, layer:1] 102:layer-compute-total: 0.000498000 seconds
[token:173, layer:2] 002:attention-norm: 0.000000000 seconds
[token:173, layer:2] 003:qkv-projection: 0.000106000 seconds
[token:173, layer:2] 004:apply-rope: 0.000001000 seconds
[token:173, layer:2] 005:compute-attention: 0.000039000 seconds
[token:173, layer:2] 006:attention-output: 0.000037000 seconds
[token:173, layer:2] 007:ffn-norm: 0.000000000 seconds
[token:173, layer:2] 008:ffn-up-projection: 0.000187000 seconds
[token:173, layer:2] 009:ffn-swiglu: 0.000001000 seconds
[token:173, layer:2] 010:ffn-down-projection: 0.000133000 seconds
[token:173, layer:2] 102:layer-compute-total: 0.000504000 seconds
[token:173, layer:3] 002:attention-norm: 0.000000000 seconds
[token:173, layer:3] 003:qkv-projection: 0.000105000 seconds
[token:173, layer:3] 004:apply-rope: 0.000001000 seconds
[token:173, layer:3] 005:compute-attention: 0.000035000 seconds
[token:173, layer:3] 006:attention-output: 0.000035000 seconds
[token:173, layer:3] 007:ffn-norm: 0.000000000 seconds
[token:173, layer:3] 008:ffn-up-projection: 0.000187000 seconds
[token:173, layer:3] 009:ffn-swiglu: 0.000001000 seconds
[token:173, layer:3] 010:ffn-down-projection: 0.000134000 seconds
[token:173, layer:3] 102:layer-compute-total: 0.000498000 seconds
[token:173, layer:4] 002:attention-norm: 0.000000000 seconds
[token:173, layer:4] 003:qkv-projection: 0.000105000 seconds
[token:173, layer:4] 004:apply-rope: 0.000001000 seconds
[token:173, layer:4] 005:compute-attention: 0.000036000 seconds
[token:173, layer:4] 006:attention-output: 0.000036000 seconds
[token:173, layer:4] 007:ffn-norm: 0.000001000 seconds
[token:173, layer:4] 008:ffn-up-projection: 0.000187000 seconds
[token:173, layer:4] 009:ffn-swiglu: 0.000001000 seconds
[token:173, layer:4] 010:ffn-down-projection: 0.000134000 seconds
[token:173, layer:4] 102:layer-compute-total: 0.000501000 seconds
[token:173, layer:5] 002:attention-norm: 0.000000000 seconds
[token:173, layer:5] 003:qkv-projection: 0.000105000 seconds
[token:173, layer:5] 004:apply-rope: 0.000002000 seconds
[token:173, layer:5] 005:compute-attention: 0.000037000 seconds
[token:173, layer:5] 006:attention-output: 0.000035000 seconds
[token:173, layer:5] 007:ffn-norm: 0.000001000 seconds
[token:173, layer:5] 008:ffn-up-projection: 0.000186000 seconds
[token:173, layer:5] 009:ffn-swiglu: 0.000001000 seconds
[token:173, layer:5] 010:ffn-down-projection: 0.000134000 seconds
[token:173, layer:5] 102:layer-compute-total: 0.000501000 seconds
[token:173] 011:final-projection: 0.004045000 seconds
[token:173] 103:forward-compute-total: 0.007067000 seconds
[token:174] 001:embedding-lookup: 0.000000000 seconds
[token:174, layer:0] 002:attention-norm: 0.000000000 seconds
[token:174, layer:0] 003:qkv-projection: 0.000112000 seconds
[token:174, layer:0] 004:apply-rope: 0.000002000 seconds
[token:174, layer:0] 005:compute-attention: 0.000031000 seconds
[token:174, layer:0] 006:attention-output: 0.000036000 seconds
[token:174, layer:0] 007:ffn-norm: 0.000001000 seconds
[token:174, layer:0] 008:ffn-up-projection: 0.000194000 seconds
[token:174, layer:0] 009:ffn-swiglu: 0.000001000 seconds
[token:174, layer:0] 010:ffn-down-projection: 0.000136000 seconds
[token:174, layer:0] 102:layer-compute-total: 0.000513000 seconds
[token:174, layer:1] 002:attention-norm: 0.000001000 seconds
[token:174, layer:1] 003:qkv-projection: 0.000106000 seconds
[token:174, layer:1] 004:apply-rope: 0.000001000 seconds
[token:174, layer:1] 005:compute-attention: 0.000031000 seconds
[token:174, layer:1] 006:attention-output: 0.000036000 seconds
[token:174, layer:1] 007:ffn-norm: 0.000000000 seconds
[token:174, layer:1] 008:ffn-up-projection: 0.000190000 seconds
[token:174, layer:1] 009:ffn-swiglu: 0.000002000 seconds
[token:174, layer:1] 010:ffn-down-projection: 0.000134000 seconds
[token:174, layer:1] 102:layer-compute-total: 0.000501000 seconds
[token:174, layer:2] 002:attention-norm: 0.000000000 seconds
[token:174, layer:2] 003:qkv-projection: 0.000105000 seconds
[token:174, layer:2] 004:apply-rope: 0.000001000 seconds
[token:174, layer:2] 005:compute-attention: 0.000029000 seconds
[token:174, layer:2] 006:attention-output: 0.000035000 seconds
[token:174, layer:2] 007:ffn-norm: 0.000001000 seconds
[token:174, layer:2] 008:ffn-up-projection: 0.000187000 seconds
[token:174, layer:2] 009:ffn-swiglu: 0.000001000 seconds
[token:174, layer:2] 010:ffn-down-projection: 0.000134000 seconds
[token:174, layer:2] 102:layer-compute-total: 0.000493000 seconds
[token:174, layer:3] 002:attention-norm: 0.000000000 seconds
[token:174, layer:3] 003:qkv-projection: 0.000105000 seconds
[token:174, layer:3] 004:apply-rope: 0.000001000 seconds
[token:174, layer:3] 005:compute-attention: 0.000028000 seconds
[token:174, layer:3] 006:attention-output: 0.000036000 seconds
[token:174, layer:3] 007:ffn-norm: 0.000000000 seconds
[token:174, layer:3] 008:ffn-up-projection: 0.000187000 seconds
[token:174, layer:3] 009:ffn-swiglu: 0.000001000 seconds
[token:174, layer:3] 010:ffn-down-projection: 0.000134000 seconds
[token:174, layer:3] 102:layer-compute-total: 0.000492000 seconds
[token:174, layer:4] 002:attention-norm: 0.000000000 seconds
[token:174, layer:4] 003:qkv-projection: 0.000106000 seconds
[token:174, layer:4] 004:apply-rope: 0.000001000 seconds
[token:174, layer:4] 005:compute-attention: 0.000030000 seconds
[token:174, layer:4] 006:attention-output: 0.000036000 seconds
[token:174, layer:4] 007:ffn-norm: 0.000000000 seconds
[token:174, layer:4] 008:ffn-up-projection: 0.000187000 seconds
[token:174, layer:4] 009:ffn-swiglu: 0.000001000 seconds
[token:174, layer:4] 010:ffn-down-projection: 0.000133000 seconds
[token:174, layer:4] 102:layer-compute-total: 0.000494000 seconds
[token:174, layer:5] 002:attention-norm: 0.000001000 seconds
[token:174, layer:5] 003:qkv-projection: 0.000105000 seconds
[token:174, layer:5] 004:apply-rope: 0.000001000 seconds
[token:174, layer:5] 005:compute-attention: 0.000030000 seconds
[token:174, layer:5] 006:attention-output: 0.000035000 seconds
[token:174, layer:5] 007:ffn-norm: 0.000001000 seconds
[token:174, layer:5] 008:ffn-up-projection: 0.000195000 seconds
[token:174, layer:5] 009:ffn-swiglu: 0.000001000 seconds
[token:174, layer:5] 010:ffn-down-projection: 0.000140000 seconds
[token:174, layer:5] 102:layer-compute-total: 0.000509000 seconds
[token:174] 011:final-projection: 0.004339000 seconds
[token:174] 103:forward-compute-total: 0.007341000 seconds
[token:175] 001:embedding-lookup: 0.000001000 seconds
[token:175, layer:0] 002:attention-norm: 0.000001000 seconds
[token:175, layer:0] 003:qkv-projection: 0.000110000 seconds
[token:175, layer:0] 004:apply-rope: 0.000002000 seconds
[token:175, layer:0] 005:compute-attention: 0.000043000 seconds
[token:175, layer:0] 006:attention-output: 0.000037000 seconds
[token:175, layer:0] 007:ffn-norm: 0.000000000 seconds
[token:175, layer:0] 008:ffn-up-projection: 0.000194000 seconds
[token:175, layer:0] 009:ffn-swiglu: 0.000001000 seconds
[token:175, layer:0] 010:ffn-down-projection: 0.000140000 seconds
[token:175, layer:0] 102:layer-compute-total: 0.000528000 seconds
[token:175, layer:1] 002:attention-norm: 0.000000000 seconds
[token:175, layer:1] 003:qkv-projection: 0.000109000 seconds
[token:175, layer:1] 004:apply-rope: 0.000001000 seconds
[token:175, layer:1] 005:compute-attention: 0.000039000 seconds
[token:175, layer:1] 006:attention-output: 0.000037000 seconds
[token:175, layer:1] 007:ffn-norm: 0.000001000 seconds
[token:175, layer:1] 008:ffn-up-projection: 0.000220000 seconds
[token:175, layer:1] 009:ffn-swiglu: 0.000001000 seconds
[token:175, layer:1] 010:ffn-down-projection: 0.000140000 seconds
[token:175, layer:1] 102:layer-compute-total: 0.000548000 seconds
[token:175, layer:2] 002:attention-norm: 0.000000000 seconds
[token:175, layer:2] 003:qkv-projection: 0.000110000 seconds
[token:175, layer:2] 004:apply-rope: 0.000001000 seconds
[token:175, layer:2] 005:compute-attention: 0.000040000 seconds
[token:175, layer:2] 006:attention-output: 0.000037000 seconds
[token:175, layer:2] 007:ffn-norm: 0.000000000 seconds
[token:175, layer:2] 008:ffn-up-projection: 0.000195000 seconds
[token:175, layer:2] 009:ffn-swiglu: 0.000001000 seconds
[token:175, layer:2] 010:ffn-down-projection: 0.000139000 seconds
[token:175, layer:2] 102:layer-compute-total: 0.000523000 seconds
[token:175, layer:3] 002:attention-norm: 0.000001000 seconds
[token:175, layer:3] 003:qkv-projection: 0.000109000 seconds
[token:175, layer:3] 004:apply-rope: 0.000002000 seconds
[token:175, layer:3] 005:compute-attention: 0.000040000 seconds
[token:175, layer:3] 006:attention-output: 0.000036000 seconds
[token:175, layer:3] 007:ffn-norm: 0.000000000 seconds
[token:175, layer:3] 008:ffn-up-projection: 0.000194000 seconds
[token:175, layer:3] 009:ffn-swiglu: 0.000001000 seconds
[token:175, layer:3] 010:ffn-down-projection: 0.000139000 seconds
[token:175, layer:3] 102:layer-compute-total: 0.000522000 seconds
[token:175, layer:4] 002:attention-norm: 0.000000000 seconds
[token:175, layer:4] 003:qkv-projection: 0.000110000 seconds
[token:175, layer:4] 004:apply-rope: 0.000002000 seconds
[token:175, layer:4] 005:compute-attention: 0.000038000 seconds
[token:175, layer:4] 006:attention-output: 0.000037000 seconds
[token:175, layer:4] 007:ffn-norm: 0.000000000 seconds
[token:175, layer:4] 008:ffn-up-projection: 0.000194000 seconds
[token:175, layer:4] 009:ffn-swiglu: 0.000001000 seconds
[token:175, layer:4] 010:ffn-down-projection: 0.000140000 seconds
[token:175, layer:4] 102:layer-compute-total: 0.000522000 seconds
[token:175, layer:5] 002:attention-norm: 0.000000000 seconds
[token:175, layer:5] 003:qkv-projection: 0.000110000 seconds
[token:175, layer:5] 004:apply-rope: 0.000001000 seconds
[token:175, layer:5] 005:compute-attention: 0.000040000 seconds
[token:175, layer:5] 006:attention-output: 0.000037000 seconds
[token:175, layer:5] 007:ffn-norm: 0.000000000 seconds
[token:175, layer:5] 008:ffn-up-projection: 0.000194000 seconds
[token:175, layer:5] 009:ffn-swiglu: 0.000001000 seconds
[token:175, layer:5] 010:ffn-down-projection: 0.000139000 seconds
[token:175, layer:5] 102:layer-compute-total: 0.000522000 seconds
[token:175] 011:final-projection: 0.004073000 seconds
[token:175] 103:forward-compute-total: 0.007239000 seconds
[token:176] 001:embedding-lookup: 0.000000000 seconds
[token:176, layer:0] 002:attention-norm: 0.000000000 seconds
[token:176, layer:0] 003:qkv-projection: 0.000116000 seconds
[token:176, layer:0] 004:apply-rope: 0.000002000 seconds
[token:176, layer:0] 005:compute-attention: 0.000039000 seconds
[token:176, layer:0] 006:attention-output: 0.000037000 seconds
[token:176, layer:0] 007:ffn-norm: 0.000000000 seconds
[token:176, layer:0] 008:ffn-up-projection: 0.000195000 seconds
[token:176, layer:0] 009:ffn-swiglu: 0.000001000 seconds
[token:176, layer:0] 010:ffn-down-projection: 0.000139000 seconds
[token:176, layer:0] 102:layer-compute-total: 0.000529000 seconds
[token:176, layer:1] 002:attention-norm: 0.000000000 seconds
[token:176, layer:1] 003:qkv-projection: 0.000110000 seconds
[token:176, layer:1] 004:apply-rope: 0.000001000 seconds
[token:176, layer:1] 005:compute-attention: 0.000040000 seconds
[token:176, layer:1] 006:attention-output: 0.000037000 seconds
[token:176, layer:1] 007:ffn-norm: 0.000000000 seconds
[token:176, layer:1] 008:ffn-up-projection: 0.000194000 seconds
[token:176, layer:1] 009:ffn-swiglu: 0.000001000 seconds
[token:176, layer:1] 010:ffn-down-projection: 0.000140000 seconds
[token:176, layer:1] 102:layer-compute-total: 0.000523000 seconds
[token:176, layer:2] 002:attention-norm: 0.000001000 seconds
[token:176, layer:2] 003:qkv-projection: 0.000110000 seconds
[token:176, layer:2] 004:apply-rope: 0.000001000 seconds
[token:176, layer:2] 005:compute-attention: 0.000038000 seconds
[token:176, layer:2] 006:attention-output: 0.000037000 seconds
[token:176, layer:2] 007:ffn-norm: 0.000000000 seconds
[token:176, layer:2] 008:ffn-up-projection: 0.000194000 seconds
[token:176, layer:2] 009:ffn-swiglu: 0.000001000 seconds
[token:176, layer:2] 010:ffn-down-projection: 0.000140000 seconds
[token:176, layer:2] 102:layer-compute-total: 0.000522000 seconds
[token:176, layer:3] 002:attention-norm: 0.000001000 seconds
[token:176, layer:3] 003:qkv-projection: 0.000110000 seconds
[token:176, layer:3] 004:apply-rope: 0.000002000 seconds
[token:176, layer:3] 005:compute-attention: 0.000039000 seconds
[token:176, layer:3] 006:attention-output: 0.000036000 seconds
[token:176, layer:3] 007:ffn-norm: 0.000000000 seconds
[token:176, layer:3] 008:ffn-up-projection: 0.000194000 seconds
[token:176, layer:3] 009:ffn-swiglu: 0.000002000 seconds
[token:176, layer:3] 010:ffn-down-projection: 0.000139000 seconds
[token:176, layer:3] 102:layer-compute-total: 0.000523000 seconds
[token:176, layer:4] 002:attention-norm: 0.000000000 seconds
[token:176, layer:4] 003:qkv-projection: 0.000110000 seconds
[token:176, layer:4] 004:apply-rope: 0.000001000 seconds
[token:176, layer:4] 005:compute-attention: 0.000039000 seconds
[token:176, layer:4] 006:attention-output: 0.000037000 seconds
[token:176, layer:4] 007:ffn-norm: 0.000000000 seconds
[token:176, layer:4] 008:ffn-up-projection: 0.000194000 seconds
[token:176, layer:4] 009:ffn-swiglu: 0.000001000 seconds
[token:176, layer:4] 010:ffn-down-projection: 0.000139000 seconds
[token:176, layer:4] 102:layer-compute-total: 0.000521000 seconds
[token:176, layer:5] 002:attention-norm: 0.000000000 seconds
[token:176, layer:5] 003:qkv-projection: 0.000109000 seconds
[token:176, layer:5] 004:apply-rope: 0.000001000 seconds
[token:176, layer:5] 005:compute-attention: 0.000037000 seconds
[token:176, layer:5] 006:attention-output: 0.000037000 seconds
[token:176, layer:5] 007:ffn-norm: 0.000000000 seconds
[token:176, layer:5] 008:ffn-up-projection: 0.000194000 seconds
[token:176, layer:5] 009:ffn-swiglu: 0.000001000 seconds
[token:176, layer:5] 010:ffn-down-projection: 0.000139000 seconds
[token:176, layer:5] 102:layer-compute-total: 0.000518000 seconds
[token:176] 011:final-projection: 0.004054000 seconds
[token:176] 103:forward-compute-total: 0.007190000 seconds
[token:177] 001:embedding-lookup: 0.000001000 seconds
[token:177, layer:0] 002:attention-norm: 0.000000000 seconds
[token:177, layer:0] 003:qkv-projection: 0.000110000 seconds
[token:177, layer:0] 004:apply-rope: 0.000002000 seconds
[token:177, layer:0] 005:compute-attention: 0.000064000 seconds
[token:177, layer:0] 006:attention-output: 0.000036000 seconds
[token:177, layer:0] 007:ffn-norm: 0.000001000 seconds
[token:177, layer:0] 008:ffn-up-projection: 0.000194000 seconds
[token:177, layer:0] 009:ffn-swiglu: 0.000001000 seconds
[token:177, layer:0] 010:ffn-down-projection: 0.000140000 seconds
[token:177, layer:0] 102:layer-compute-total: 0.000548000 seconds
[token:177, layer:1] 002:attention-norm: 0.000000000 seconds
[token:177, layer:1] 003:qkv-projection: 0.000109000 seconds
[token:177, layer:1] 004:apply-rope: 0.000001000 seconds
[token:177, layer:1] 005:compute-attention: 0.000045000 seconds
[token:177, layer:1] 006:attention-output: 0.000036000 seconds
[token:177, layer:1] 007:ffn-norm: 0.000000000 seconds
[token:177, layer:1] 008:ffn-up-projection: 0.000194000 seconds
[token:177, layer:1] 009:ffn-swiglu: 0.000001000 seconds
[token:177, layer:1] 010:ffn-down-projection: 0.000201000 seconds
[token:177, layer:1] 102:layer-compute-total: 0.000587000 seconds
[token:177, layer:2] 002:attention-norm: 0.000000000 seconds
[token:177, layer:2] 003:qkv-projection: 0.000110000 seconds
[token:177, layer:2] 004:apply-rope: 0.000002000 seconds
[token:177, layer:2] 005:compute-attention: 0.000040000 seconds
[token:177, layer:2] 006:attention-output: 0.000037000 seconds
[token:177, layer:2] 007:ffn-norm: 0.000001000 seconds
[token:177, layer:2] 008:ffn-up-projection: 0.000194000 seconds
[token:177, layer:2] 009:ffn-swiglu: 0.000001000 seconds
[token:177, layer:2] 010:ffn-down-projection: 0.000139000 seconds
[token:177, layer:2] 102:layer-compute-total: 0.000524000 seconds
[token:177, layer:3] 002:attention-norm: 0.000000000 seconds
[token:177, layer:3] 003:qkv-projection: 0.000110000 seconds
[token:177, layer:3] 004:apply-rope: 0.000001000 seconds
[token:177, layer:3] 005:compute-attention: 0.000041000 seconds
[token:177, layer:3] 006:attention-output: 0.000036000 seconds
[token:177, layer:3] 007:ffn-norm: 0.000000000 seconds
[token:177, layer:3] 008:ffn-up-projection: 0.000194000 seconds
[token:177, layer:3] 009:ffn-swiglu: 0.000001000 seconds
[token:177, layer:3] 010:ffn-down-projection: 0.000140000 seconds
[token:177, layer:3] 102:layer-compute-total: 0.000523000 seconds
[token:177, layer:4] 002:attention-norm: 0.000001000 seconds
[token:177, layer:4] 003:qkv-projection: 0.000110000 seconds
[token:177, layer:4] 004:apply-rope: 0.000001000 seconds
[token:177, layer:4] 005:compute-attention: 0.000042000 seconds
[token:177, layer:4] 006:attention-output: 0.000037000 seconds
[token:177, layer:4] 007:ffn-norm: 0.000000000 seconds
[token:177, layer:4] 008:ffn-up-projection: 0.000208000 seconds
[token:177, layer:4] 009:ffn-swiglu: 0.000001000 seconds
[token:177, layer:4] 010:ffn-down-projection: 0.000138000 seconds
[token:177, layer:4] 102:layer-compute-total: 0.000538000 seconds
[token:177, layer:5] 002:attention-norm: 0.000000000 seconds
[token:177, layer:5] 003:qkv-projection: 0.000109000 seconds
[token:177, layer:5] 004:apply-rope: 0.000001000 seconds
[token:177, layer:5] 005:compute-attention: 0.000042000 seconds
[token:177, layer:5] 006:attention-output: 0.000037000 seconds
[token:177, layer:5] 007:ffn-norm: 0.000001000 seconds
[token:177, layer:5] 008:ffn-up-projection: 0.000194000 seconds
[token:177, layer:5] 009:ffn-swiglu: 0.000002000 seconds
[token:177, layer:5] 010:ffn-down-projection: 0.000139000 seconds
[token:177, layer:5] 102:layer-compute-total: 0.000525000 seconds
[token:177] 011:final-projection: 0.004042000 seconds
[token:177] 103:forward-compute-total: 0.007288000 seconds
[token:178] 001:embedding-lookup: 0.000000000 seconds
[token:178, layer:0] 002:attention-norm: 0.000000000 seconds
[token:178, layer:0] 003:qkv-projection: 0.000111000 seconds
[token:178, layer:0] 004:apply-rope: 0.000002000 seconds
[token:178, layer:0] 005:compute-attention: 0.000042000 seconds
[token:178, layer:0] 006:attention-output: 0.000037000 seconds
[token:178, layer:0] 007:ffn-norm: 0.000000000 seconds
[token:178, layer:0] 008:ffn-up-projection: 0.000189000 seconds
[token:178, layer:0] 009:ffn-swiglu: 0.000001000 seconds
[token:178, layer:0] 010:ffn-down-projection: 0.000134000 seconds
[token:178, layer:0] 102:layer-compute-total: 0.000516000 seconds
[token:178, layer:1] 002:attention-norm: 0.000000000 seconds
[token:178, layer:1] 003:qkv-projection: 0.000105000 seconds
[token:178, layer:1] 004:apply-rope: 0.000002000 seconds
[token:178, layer:1] 005:compute-attention: 0.000040000 seconds
[token:178, layer:1] 006:attention-output: 0.000035000 seconds
[token:178, layer:1] 007:ffn-norm: 0.000000000 seconds
[token:178, layer:1] 008:ffn-up-projection: 0.000186000 seconds
[token:178, layer:1] 009:ffn-swiglu: 0.000001000 seconds
[token:178, layer:1] 010:ffn-down-projection: 0.000134000 seconds
[token:178, layer:1] 102:layer-compute-total: 0.000503000 seconds
[token:178, layer:2] 002:attention-norm: 0.000000000 seconds
[token:178, layer:2] 003:qkv-projection: 0.000106000 seconds
[token:178, layer:2] 004:apply-rope: 0.000002000 seconds
[token:178, layer:2] 005:compute-attention: 0.000039000 seconds
[token:178, layer:2] 006:attention-output: 0.000035000 seconds
[token:178, layer:2] 007:ffn-norm: 0.000000000 seconds
[token:178, layer:2] 008:ffn-up-projection: 0.000187000 seconds
[token:178, layer:2] 009:ffn-swiglu: 0.000001000 seconds
[token:178, layer:2] 010:ffn-down-projection: 0.000134000 seconds
[token:178, layer:2] 102:layer-compute-total: 0.000504000 seconds
[token:178, layer:3] 002:attention-norm: 0.000000000 seconds
[token:178, layer:3] 003:qkv-projection: 0.000105000 seconds
[token:178, layer:3] 004:apply-rope: 0.000001000 seconds
[token:178, layer:3] 005:compute-attention: 0.000038000 seconds
[token:178, layer:3] 006:attention-output: 0.000035000 seconds
[token:178, layer:3] 007:ffn-norm: 0.000001000 seconds
[token:178, layer:3] 008:ffn-up-projection: 0.000187000 seconds
[token:178, layer:3] 009:ffn-swiglu: 0.000001000 seconds
[token:178, layer:3] 010:ffn-down-projection: 0.000134000 seconds
[token:178, layer:3] 102:layer-compute-total: 0.000502000 seconds
[token:178, layer:4] 002:attention-norm: 0.000000000 seconds
[token:178, layer:4] 003:qkv-projection: 0.000105000 seconds
[token:178, layer:4] 004:apply-rope: 0.000001000 seconds
[token:178, layer:4] 005:compute-attention: 0.000039000 seconds
[token:178, layer:4] 006:attention-output: 0.000035000 seconds
[token:178, layer:4] 007:ffn-norm: 0.000000000 seconds
[token:178, layer:4] 008:ffn-up-projection: 0.000187000 seconds
[token:178, layer:4] 009:ffn-swiglu: 0.000001000 seconds
[token:178, layer:4] 010:ffn-down-projection: 0.000134000 seconds
[token:178, layer:4] 102:layer-compute-total: 0.000502000 seconds
[token:178, layer:5] 002:attention-norm: 0.000001000 seconds
[token:178, layer:5] 003:qkv-projection: 0.000106000 seconds
[token:178, layer:5] 004:apply-rope: 0.000001000 seconds
[token:178, layer:5] 005:compute-attention: 0.000038000 seconds
[token:178, layer:5] 006:attention-output: 0.000035000 seconds
[token:178, layer:5] 007:ffn-norm: 0.000001000 seconds
[token:178, layer:5] 008:ffn-up-projection: 0.000187000 seconds
[token:178, layer:5] 009:ffn-swiglu: 0.000001000 seconds
[token:178, layer:5] 010:ffn-down-projection: 0.000134000 seconds
[token:178, layer:5] 102:layer-compute-total: 0.000504000 seconds
[token:178] 011:final-projection: 0.003941000 seconds
[token:178] 103:forward-compute-total: 0.006972000 seconds
[token:179] 001:embedding-lookup: 0.000000000 seconds
[token:179, layer:0] 002:attention-norm: 0.000000000 seconds
[token:179, layer:0] 003:qkv-projection: 0.000113000 seconds
[token:179, layer:0] 004:apply-rope: 0.000002000 seconds
[token:179, layer:0] 005:compute-attention: 0.000030000 seconds
[token:179, layer:0] 006:attention-output: 0.000035000 seconds
[token:179, layer:0] 007:ffn-norm: 0.000000000 seconds
[token:179, layer:0] 008:ffn-up-projection: 0.000187000 seconds
[token:179, layer:0] 009:ffn-swiglu: 0.000001000 seconds
[token:179, layer:0] 010:ffn-down-projection: 0.000134000 seconds
[token:179, layer:0] 102:layer-compute-total: 0.000502000 seconds
[token:179, layer:1] 002:attention-norm: 0.000000000 seconds
[token:179, layer:1] 003:qkv-projection: 0.000105000 seconds
[token:179, layer:1] 004:apply-rope: 0.000001000 seconds
[token:179, layer:1] 005:compute-attention: 0.000028000 seconds
[token:179, layer:1] 006:attention-output: 0.000035000 seconds
[token:179, layer:1] 007:ffn-norm: 0.000000000 seconds
[token:179, layer:1] 008:ffn-up-projection: 0.000186000 seconds
[token:179, layer:1] 009:ffn-swiglu: 0.000001000 seconds
[token:179, layer:1] 010:ffn-down-projection: 0.000143000 seconds
[token:179, layer:1] 102:layer-compute-total: 0.000499000 seconds
[token:179, layer:2] 002:attention-norm: 0.000000000 seconds
[token:179, layer:2] 003:qkv-projection: 0.000106000 seconds
[token:179, layer:2] 004:apply-rope: 0.000001000 seconds
[token:179, layer:2] 005:compute-attention: 0.000027000 seconds
[token:179, layer:2] 006:attention-output: 0.000035000 seconds
[token:179, layer:2] 007:ffn-norm: 0.000001000 seconds
[token:179, layer:2] 008:ffn-up-projection: 0.000188000 seconds
[token:179, layer:2] 009:ffn-swiglu: 0.000002000 seconds
[token:179, layer:2] 010:ffn-down-projection: 0.000151000 seconds
[token:179, layer:2] 102:layer-compute-total: 0.000511000 seconds
[token:179, layer:3] 002:attention-norm: 0.000000000 seconds
[token:179, layer:3] 003:qkv-projection: 0.000128000 seconds
[token:179, layer:3] 004:apply-rope: 0.000002000 seconds
[token:179, layer:3] 005:compute-attention: 0.000186000 seconds
[token:179, layer:3] 006:attention-output: 0.000037000 seconds
[token:179, layer:3] 007:ffn-norm: 0.000001000 seconds
[token:179, layer:3] 008:ffn-up-projection: 0.000201000 seconds
[token:179, layer:3] 009:ffn-swiglu: 0.000001000 seconds
[token:179, layer:3] 010:ffn-down-projection: 0.000138000 seconds
[token:179, layer:3] 102:layer-compute-total: 0.000694000 seconds
[token:179, layer:4] 002:attention-norm: 0.000000000 seconds
[token:179, layer:4] 003:qkv-projection: 0.000117000 seconds
[token:179, layer:4] 004:apply-rope: 0.000002000 seconds
[token:179, layer:4] 005:compute-attention: 0.000044000 seconds
[token:179, layer:4] 006:attention-output: 0.000036000 seconds
[token:179, layer:4] 007:ffn-norm: 0.000000000 seconds
[token:179, layer:4] 008:ffn-up-projection: 0.000194000 seconds
[token:179, layer:4] 009:ffn-swiglu: 0.000001000 seconds
[token:179, layer:4] 010:ffn-down-projection: 0.000136000 seconds
[token:179, layer:4] 102:layer-compute-total: 0.000530000 seconds
[token:179, layer:5] 002:attention-norm: 0.000001000 seconds
[token:179, layer:5] 003:qkv-projection: 0.000107000 seconds
[token:179, layer:5] 004:apply-rope: 0.000001000 seconds
[token:179, layer:5] 005:compute-attention: 0.000038000 seconds
[token:179, layer:5] 006:attention-output: 0.000035000 seconds
[token:179, layer:5] 007:ffn-norm: 0.000000000 seconds
[token:179, layer:5] 008:ffn-up-projection: 0.000191000 seconds
[token:179, layer:5] 009:ffn-swiglu: 0.000001000 seconds
[token:179, layer:5] 010:ffn-down-projection: 0.000173000 seconds
[token:179, layer:5] 102:layer-compute-total: 0.000547000 seconds
[token:179] 011:final-projection: 0.004099000 seconds
[token:179] 103:forward-compute-total: 0.007382000 seconds
[token:180] 001:embedding-lookup: 0.000000000 seconds
[token:180, layer:0] 002:attention-norm: 0.000001000 seconds
[token:180, layer:0] 003:qkv-projection: 0.000111000 seconds
[token:180, layer:0] 004:apply-rope: 0.000003000 seconds
[token:180, layer:0] 005:compute-attention: 0.000043000 seconds
[token:180, layer:0] 006:attention-output: 0.000037000 seconds
[token:180, layer:0] 007:ffn-norm: 0.000001000 seconds
[token:180, layer:0] 008:ffn-up-projection: 0.000195000 seconds
[token:180, layer:0] 009:ffn-swiglu: 0.000001000 seconds
[token:180, layer:0] 010:ffn-down-projection: 0.000140000 seconds
[token:180, layer:0] 102:layer-compute-total: 0.000532000 seconds
[token:180, layer:1] 002:attention-norm: 0.000000000 seconds
[token:180, layer:1] 003:qkv-projection: 0.000110000 seconds
[token:180, layer:1] 004:apply-rope: 0.000002000 seconds
[token:180, layer:1] 005:compute-attention: 0.000044000 seconds
[token:180, layer:1] 006:attention-output: 0.000037000 seconds
[token:180, layer:1] 007:ffn-norm: 0.000000000 seconds
[token:180, layer:1] 008:ffn-up-projection: 0.000194000 seconds
[token:180, layer:1] 009:ffn-swiglu: 0.000001000 seconds
[token:180, layer:1] 010:ffn-down-projection: 0.000140000 seconds
[token:180, layer:1] 102:layer-compute-total: 0.000528000 seconds
[token:180, layer:2] 002:attention-norm: 0.000000000 seconds
[token:180, layer:2] 003:qkv-projection: 0.000110000 seconds
[token:180, layer:2] 004:apply-rope: 0.000002000 seconds
[token:180, layer:2] 005:compute-attention: 0.000043000 seconds
[token:180, layer:2] 006:attention-output: 0.000037000 seconds
[token:180, layer:2] 007:ffn-norm: 0.000001000 seconds
[token:180, layer:2] 008:ffn-up-projection: 0.000194000 seconds
[token:180, layer:2] 009:ffn-swiglu: 0.000001000 seconds
[token:180, layer:2] 010:ffn-down-projection: 0.000139000 seconds
[token:180, layer:2] 102:layer-compute-total: 0.000527000 seconds
[token:180, layer:3] 002:attention-norm: 0.000000000 seconds
[token:180, layer:3] 003:qkv-projection: 0.000109000 seconds
[token:180, layer:3] 004:apply-rope: 0.000001000 seconds
[token:180, layer:3] 005:compute-attention: 0.000041000 seconds
[token:180, layer:3] 006:attention-output: 0.000037000 seconds
[token:180, layer:3] 007:ffn-norm: 0.000000000 seconds
[token:180, layer:3] 008:ffn-up-projection: 0.000194000 seconds
[token:180, layer:3] 009:ffn-swiglu: 0.000001000 seconds
[token:180, layer:3] 010:ffn-down-projection: 0.000138000 seconds
[token:180, layer:3] 102:layer-compute-total: 0.000521000 seconds
[token:180, layer:4] 002:attention-norm: 0.000000000 seconds
[token:180, layer:4] 003:qkv-projection: 0.000107000 seconds
[token:180, layer:4] 004:apply-rope: 0.000001000 seconds
[token:180, layer:4] 005:compute-attention: 0.000041000 seconds
[token:180, layer:4] 006:attention-output: 0.000035000 seconds
[token:180, layer:4] 007:ffn-norm: 0.000000000 seconds
[token:180, layer:4] 008:ffn-up-projection: 0.000199000 seconds
[token:180, layer:4] 009:ffn-swiglu: 0.000001000 seconds
[token:180, layer:4] 010:ffn-down-projection: 0.000139000 seconds
[token:180, layer:4] 102:layer-compute-total: 0.000523000 seconds
[token:180, layer:5] 002:attention-norm: 0.000000000 seconds
[token:180, layer:5] 003:qkv-projection: 0.000110000 seconds
[token:180, layer:5] 004:apply-rope: 0.000001000 seconds
[token:180, layer:5] 005:compute-attention: 0.000040000 seconds
[token:180, layer:5] 006:attention-output: 0.000036000 seconds
[token:180, layer:5] 007:ffn-norm: 0.000001000 seconds
[token:180, layer:5] 008:ffn-up-projection: 0.000194000 seconds
[token:180, layer:5] 009:ffn-swiglu: 0.000001000 seconds
[token:180, layer:5] 010:ffn-down-projection: 0.000139000 seconds
[token:180, layer:5] 102:layer-compute-total: 0.000522000 seconds
[token:180] 011:final-projection: 0.004070000 seconds
[token:180] 103:forward-compute-total: 0.007223000 seconds
[token:181] 001:embedding-lookup: 0.000000000 seconds
[token:181, layer:0] 002:attention-norm: 0.000001000 seconds
[token:181, layer:0] 003:qkv-projection: 0.000110000 seconds
[token:181, layer:0] 004:apply-rope: 0.000001000 seconds
[token:181, layer:0] 005:compute-attention: 0.000041000 seconds
[token:181, layer:0] 006:attention-output: 0.000036000 seconds
[token:181, layer:0] 007:ffn-norm: 0.000001000 seconds
[token:181, layer:0] 008:ffn-up-projection: 0.000197000 seconds
[token:181, layer:0] 009:ffn-swiglu: 0.000001000 seconds
[token:181, layer:0] 010:ffn-down-projection: 0.000138000 seconds
[token:181, layer:0] 102:layer-compute-total: 0.000526000 seconds
[token:181, layer:1] 002:attention-norm: 0.000000000 seconds
[token:181, layer:1] 003:qkv-projection: 0.000109000 seconds
[token:181, layer:1] 004:apply-rope: 0.000001000 seconds
[token:181, layer:1] 005:compute-attention: 0.000048000 seconds
[token:181, layer:1] 006:attention-output: 0.000036000 seconds
[token:181, layer:1] 007:ffn-norm: 0.000000000 seconds
[token:181, layer:1] 008:ffn-up-projection: 0.000195000 seconds
[token:181, layer:1] 009:ffn-swiglu: 0.000001000 seconds
[token:181, layer:1] 010:ffn-down-projection: 0.000139000 seconds
[token:181, layer:1] 102:layer-compute-total: 0.000529000 seconds
[token:181, layer:2] 002:attention-norm: 0.000000000 seconds
[token:181, layer:2] 003:qkv-projection: 0.000110000 seconds
[token:181, layer:2] 004:apply-rope: 0.000001000 seconds
[token:181, layer:2] 005:compute-attention: 0.000045000 seconds
[token:181, layer:2] 006:attention-output: 0.000036000 seconds
[token:181, layer:2] 007:ffn-norm: 0.000000000 seconds
[token:181, layer:2] 008:ffn-up-projection: 0.000190000 seconds
[token:181, layer:2] 009:ffn-swiglu: 0.000001000 seconds
[token:181, layer:2] 010:ffn-down-projection: 0.000139000 seconds
[token:181, layer:2] 102:layer-compute-total: 0.000522000 seconds
[token:181, layer:3] 002:attention-norm: 0.000001000 seconds
[token:181, layer:3] 003:qkv-projection: 0.000107000 seconds
[token:181, layer:3] 004:apply-rope: 0.000002000 seconds
[token:181, layer:3] 005:compute-attention: 0.000041000 seconds
[token:181, layer:3] 006:attention-output: 0.000036000 seconds
[token:181, layer:3] 007:ffn-norm: 0.000000000 seconds
[token:181, layer:3] 008:ffn-up-projection: 0.000190000 seconds
[token:181, layer:3] 009:ffn-swiglu: 0.000001000 seconds
[token:181, layer:3] 010:ffn-down-projection: 0.000136000 seconds
[token:181, layer:3] 102:layer-compute-total: 0.000514000 seconds
[token:181, layer:4] 002:attention-norm: 0.000000000 seconds
[token:181, layer:4] 003:qkv-projection: 0.000111000 seconds
[token:181, layer:4] 004:apply-rope: 0.000001000 seconds
[token:181, layer:4] 005:compute-attention: 0.000044000 seconds
[token:181, layer:4] 006:attention-output: 0.000036000 seconds
[token:181, layer:4] 007:ffn-norm: 0.000000000 seconds
[token:181, layer:4] 008:ffn-up-projection: 0.000237000 seconds
[token:181, layer:4] 009:ffn-swiglu: 0.000001000 seconds
[token:181, layer:4] 010:ffn-down-projection: 0.000218000 seconds
[token:181, layer:4] 102:layer-compute-total: 0.000648000 seconds
[token:181, layer:5] 002:attention-norm: 0.000001000 seconds
[token:181, layer:5] 003:qkv-projection: 0.000175000 seconds
[token:181, layer:5] 004:apply-rope: 0.000021000 seconds
[token:181, layer:5] 005:compute-attention: 0.000059000 seconds
[token:181, layer:5] 006:attention-output: 0.000048000 seconds
[token:181, layer:5] 007:ffn-norm: 0.000000000 seconds
[token:181, layer:5] 008:ffn-up-projection: 0.000352000 seconds
[token:181, layer:5] 009:ffn-swiglu: 0.000001000 seconds
[token:181, layer:5] 010:ffn-down-projection: 0.000140000 seconds
[token:181, layer:5] 102:layer-compute-total: 0.000797000 seconds
[token:181] 011:final-projection: 0.004473000 seconds
[token:181] 103:forward-compute-total: 0.008009000 seconds
[token:182] 001:embedding-lookup: 0.000001000 seconds
[token:182, layer:0] 002:attention-norm: 0.000001000 seconds
[token:182, layer:0] 003:qkv-projection: 0.000110000 seconds
[token:182, layer:0] 004:apply-rope: 0.000002000 seconds
[token:182, layer:0] 005:compute-attention: 0.000044000 seconds
[token:182, layer:0] 006:attention-output: 0.000036000 seconds
[token:182, layer:0] 007:ffn-norm: 0.000001000 seconds
[token:182, layer:0] 008:ffn-up-projection: 0.000190000 seconds
[token:182, layer:0] 009:ffn-swiglu: 0.000001000 seconds
[token:182, layer:0] 010:ffn-down-projection: 0.000136000 seconds
[token:182, layer:0] 102:layer-compute-total: 0.000521000 seconds
[token:182, layer:1] 002:attention-norm: 0.000000000 seconds
[token:182, layer:1] 003:qkv-projection: 0.000106000 seconds
[token:182, layer:1] 004:apply-rope: 0.000001000 seconds
[token:182, layer:1] 005:compute-attention: 0.000041000 seconds
[token:182, layer:1] 006:attention-output: 0.000036000 seconds
[token:182, layer:1] 007:ffn-norm: 0.000001000 seconds
[token:182, layer:1] 008:ffn-up-projection: 0.000187000 seconds
[token:182, layer:1] 009:ffn-swiglu: 0.000001000 seconds
[token:182, layer:1] 010:ffn-down-projection: 0.000134000 seconds
[token:182, layer:1] 102:layer-compute-total: 0.000507000 seconds
[token:182, layer:2] 002:attention-norm: 0.000001000 seconds
[token:182, layer:2] 003:qkv-projection: 0.000106000 seconds
[token:182, layer:2] 004:apply-rope: 0.000001000 seconds
[token:182, layer:2] 005:compute-attention: 0.000040000 seconds
[token:182, layer:2] 006:attention-output: 0.000035000 seconds
[token:182, layer:2] 007:ffn-norm: 0.000001000 seconds
[token:182, layer:2] 008:ffn-up-projection: 0.000196000 seconds
[token:182, layer:2] 009:ffn-swiglu: 0.000001000 seconds
[token:182, layer:2] 010:ffn-down-projection: 0.000139000 seconds
[token:182, layer:2] 102:layer-compute-total: 0.000520000 seconds
[token:182, layer:3] 002:attention-norm: 0.000001000 seconds
[token:182, layer:3] 003:qkv-projection: 0.000109000 seconds
[token:182, layer:3] 004:apply-rope: 0.000001000 seconds
[token:182, layer:3] 005:compute-attention: 0.000040000 seconds
[token:182, layer:3] 006:attention-output: 0.000035000 seconds
[token:182, layer:3] 007:ffn-norm: 0.000000000 seconds
[token:182, layer:3] 008:ffn-up-projection: 0.000189000 seconds
[token:182, layer:3] 009:ffn-swiglu: 0.000001000 seconds
[token:182, layer:3] 010:ffn-down-projection: 0.000134000 seconds
[token:182, layer:3] 102:layer-compute-total: 0.000510000 seconds
[token:182, layer:4] 002:attention-norm: 0.000000000 seconds
[token:182, layer:4] 003:qkv-projection: 0.000106000 seconds
[token:182, layer:4] 004:apply-rope: 0.000001000 seconds
[token:182, layer:4] 005:compute-attention: 0.000040000 seconds
[token:182, layer:4] 006:attention-output: 0.000036000 seconds
[token:182, layer:4] 007:ffn-norm: 0.000000000 seconds
[token:182, layer:4] 008:ffn-up-projection: 0.000187000 seconds
[token:182, layer:4] 009:ffn-swiglu: 0.000001000 seconds
[token:182, layer:4] 010:ffn-down-projection: 0.000134000 seconds
[token:182, layer:4] 102:layer-compute-total: 0.000505000 seconds
[token:182, layer:5] 002:attention-norm: 0.000000000 seconds
[token:182, layer:5] 003:qkv-projection: 0.000106000 seconds
[token:182, layer:5] 004:apply-rope: 0.000001000 seconds
[token:182, layer:5] 005:compute-attention: 0.000040000 seconds
[token:182, layer:5] 006:attention-output: 0.000036000 seconds
[token:182, layer:5] 007:ffn-norm: 0.000000000 seconds
[token:182, layer:5] 008:ffn-up-projection: 0.000186000 seconds
[token:182, layer:5] 009:ffn-swiglu: 0.000001000 seconds
[token:182, layer:5] 010:ffn-down-projection: 0.000134000 seconds
[token:182, layer:5] 102:layer-compute-total: 0.000504000 seconds
[token:182] 011:final-projection: 0.003960000 seconds
[token:182] 103:forward-compute-total: 0.007028000 seconds
[token:183] 001:embedding-lookup: 0.000000000 seconds
[token:183, layer:0] 002:attention-norm: 0.000001000 seconds
[token:183, layer:0] 003:qkv-projection: 0.000112000 seconds
[token:183, layer:0] 004:apply-rope: 0.000002000 seconds
[token:183, layer:0] 005:compute-attention: 0.000031000 seconds
[token:183, layer:0] 006:attention-output: 0.000035000 seconds
[token:183, layer:0] 007:ffn-norm: 0.000000000 seconds
[token:183, layer:0] 008:ffn-up-projection: 0.000196000 seconds
[token:183, layer:0] 009:ffn-swiglu: 0.000001000 seconds
[token:183, layer:0] 010:ffn-down-projection: 0.000134000 seconds
[token:183, layer:0] 102:layer-compute-total: 0.000512000 seconds
[token:183, layer:1] 002:attention-norm: 0.000001000 seconds
[token:183, layer:1] 003:qkv-projection: 0.000106000 seconds
[token:183, layer:1] 004:apply-rope: 0.000001000 seconds
[token:183, layer:1] 005:compute-attention: 0.000028000 seconds
[token:183, layer:1] 006:attention-output: 0.000035000 seconds
[token:183, layer:1] 007:ffn-norm: 0.000000000 seconds
[token:183, layer:1] 008:ffn-up-projection: 0.000192000 seconds
[token:183, layer:1] 009:ffn-swiglu: 0.000002000 seconds
[token:183, layer:1] 010:ffn-down-projection: 0.000138000 seconds
[token:183, layer:1] 102:layer-compute-total: 0.000503000 seconds
[token:183, layer:2] 002:attention-norm: 0.000000000 seconds
[token:183, layer:2] 003:qkv-projection: 0.000106000 seconds
[token:183, layer:2] 004:apply-rope: 0.000001000 seconds
[token:183, layer:2] 005:compute-attention: 0.000029000 seconds
[token:183, layer:2] 006:attention-output: 0.000036000 seconds
[token:183, layer:2] 007:ffn-norm: 0.000000000 seconds
[token:183, layer:2] 008:ffn-up-projection: 0.000187000 seconds
[token:183, layer:2] 009:ffn-swiglu: 0.000001000 seconds
[token:183, layer:2] 010:ffn-down-projection: 0.000134000 seconds
[token:183, layer:2] 102:layer-compute-total: 0.000494000 seconds
[token:183, layer:3] 002:attention-norm: 0.000000000 seconds
[token:183, layer:3] 003:qkv-projection: 0.000105000 seconds
[token:183, layer:3] 004:apply-rope: 0.000001000 seconds
[token:183, layer:3] 005:compute-attention: 0.000028000 seconds
[token:183, layer:3] 006:attention-output: 0.000035000 seconds
[token:183, layer:3] 007:ffn-norm: 0.000001000 seconds
[token:183, layer:3] 008:ffn-up-projection: 0.000186000 seconds
[token:183, layer:3] 009:ffn-swiglu: 0.000001000 seconds
[token:183, layer:3] 010:ffn-down-projection: 0.000134000 seconds
[token:183, layer:3] 102:layer-compute-total: 0.000491000 seconds
[token:183, layer:4] 002:attention-norm: 0.000001000 seconds
[token:183, layer:4] 003:qkv-projection: 0.000105000 seconds
[token:183, layer:4] 004:apply-rope: 0.000001000 seconds
[token:183, layer:4] 005:compute-attention: 0.000031000 seconds
[token:183, layer:4] 006:attention-output: 0.000038000 seconds
[token:183, layer:4] 007:ffn-norm: 0.000000000 seconds
[token:183, layer:4] 008:ffn-up-projection: 0.000190000 seconds
[token:183, layer:4] 009:ffn-swiglu: 0.000001000 seconds
[token:183, layer:4] 010:ffn-down-projection: 0.000133000 seconds
[token:183, layer:4] 102:layer-compute-total: 0.000500000 seconds
[token:183, layer:5] 002:attention-norm: 0.000000000 seconds
[token:183, layer:5] 003:qkv-projection: 0.000105000 seconds
[token:183, layer:5] 004:apply-rope: 0.000001000 seconds
[token:183, layer:5] 005:compute-attention: 0.000028000 seconds
[token:183, layer:5] 006:attention-output: 0.000035000 seconds
[token:183, layer:5] 007:ffn-norm: 0.000000000 seconds
[token:183, layer:5] 008:ffn-up-projection: 0.000186000 seconds
[token:183, layer:5] 009:ffn-swiglu: 0.000001000 seconds
[token:183, layer:5] 010:ffn-down-projection: 0.000134000 seconds
[token:183, layer:5] 102:layer-compute-total: 0.000490000 seconds
[token:183] 011:final-projection: 0.004260000 seconds
[token:183] 103:forward-compute-total: 0.007250000 seconds
[token:184] 001:embedding-lookup: 0.000001000 seconds
[token:184, layer:0] 002:attention-norm: 0.000000000 seconds
[token:184, layer:0] 003:qkv-projection: 0.000116000 seconds
[token:184, layer:0] 004:apply-rope: 0.000002000 seconds
[token:184, layer:0] 005:compute-attention: 0.000039000 seconds
[token:184, layer:0] 006:attention-output: 0.000035000 seconds
[token:184, layer:0] 007:ffn-norm: 0.000001000 seconds
[token:184, layer:0] 008:ffn-up-projection: 0.000187000 seconds
[token:184, layer:0] 009:ffn-swiglu: 0.000001000 seconds
[token:184, layer:0] 010:ffn-down-projection: 0.000134000 seconds
[token:184, layer:0] 102:layer-compute-total: 0.000515000 seconds
[token:184, layer:1] 002:attention-norm: 0.000001000 seconds
[token:184, layer:1] 003:qkv-projection: 0.000109000 seconds
[token:184, layer:1] 004:apply-rope: 0.000001000 seconds
[token:184, layer:1] 005:compute-attention: 0.000041000 seconds
[token:184, layer:1] 006:attention-output: 0.000036000 seconds
[token:184, layer:1] 007:ffn-norm: 0.000000000 seconds
[token:184, layer:1] 008:ffn-up-projection: 0.000191000 seconds
[token:184, layer:1] 009:ffn-swiglu: 0.000001000 seconds
[token:184, layer:1] 010:ffn-down-projection: 0.000143000 seconds
[token:184, layer:1] 102:layer-compute-total: 0.000523000 seconds
[token:184, layer:2] 002:attention-norm: 0.000000000 seconds
[token:184, layer:2] 003:qkv-projection: 0.000109000 seconds
[token:184, layer:2] 004:apply-rope: 0.000001000 seconds
[token:184, layer:2] 005:compute-attention: 0.000040000 seconds
[token:184, layer:2] 006:attention-output: 0.000035000 seconds
[token:184, layer:2] 007:ffn-norm: 0.000000000 seconds
[token:184, layer:2] 008:ffn-up-projection: 0.000187000 seconds
[token:184, layer:2] 009:ffn-swiglu: 0.000001000 seconds
[token:184, layer:2] 010:ffn-down-projection: 0.000134000 seconds
[token:184, layer:2] 102:layer-compute-total: 0.000507000 seconds
[token:184, layer:3] 002:attention-norm: 0.000001000 seconds
[token:184, layer:3] 003:qkv-projection: 0.000108000 seconds
[token:184, layer:3] 004:apply-rope: 0.000001000 seconds
[token:184, layer:3] 005:compute-attention: 0.000041000 seconds
[token:184, layer:3] 006:attention-output: 0.000035000 seconds
[token:184, layer:3] 007:ffn-norm: 0.000000000 seconds
[token:184, layer:3] 008:ffn-up-projection: 0.000187000 seconds
[token:184, layer:3] 009:ffn-swiglu: 0.000001000 seconds
[token:184, layer:3] 010:ffn-down-projection: 0.000134000 seconds
[token:184, layer:3] 102:layer-compute-total: 0.000508000 seconds
[token:184, layer:4] 002:attention-norm: 0.000001000 seconds
[token:184, layer:4] 003:qkv-projection: 0.000108000 seconds
[token:184, layer:4] 004:apply-rope: 0.000002000 seconds
[token:184, layer:4] 005:compute-attention: 0.000043000 seconds
[token:184, layer:4] 006:attention-output: 0.000038000 seconds
[token:184, layer:4] 007:ffn-norm: 0.000000000 seconds
[token:184, layer:4] 008:ffn-up-projection: 0.000189000 seconds
[token:184, layer:4] 009:ffn-swiglu: 0.000001000 seconds
[token:184, layer:4] 010:ffn-down-projection: 0.000134000 seconds
[token:184, layer:4] 102:layer-compute-total: 0.000516000 seconds
[token:184, layer:5] 002:attention-norm: 0.000000000 seconds
[token:184, layer:5] 003:qkv-projection: 0.000109000 seconds
[token:184, layer:5] 004:apply-rope: 0.000001000 seconds
[token:184, layer:5] 005:compute-attention: 0.000041000 seconds
[token:184, layer:5] 006:attention-output: 0.000036000 seconds
[token:184, layer:5] 007:ffn-norm: 0.000001000 seconds
[token:184, layer:5] 008:ffn-up-projection: 0.000192000 seconds
[token:184, layer:5] 009:ffn-swiglu: 0.000001000 seconds
[token:184, layer:5] 010:ffn-down-projection: 0.000137000 seconds
[token:184, layer:5] 102:layer-compute-total: 0.000518000 seconds
[token:184] 011:final-projection: 0.003963000 seconds
[token:184] 103:forward-compute-total: 0.007051000 seconds
[token:185] 001:embedding-lookup: 0.000000000 seconds
[token:185, layer:0] 002:attention-norm: 0.000001000 seconds
[token:185, layer:0] 003:qkv-projection: 0.000112000 seconds
[token:185, layer:0] 004:apply-rope: 0.000001000 seconds
[token:185, layer:0] 005:compute-attention: 0.000031000 seconds
[token:185, layer:0] 006:attention-output: 0.000035000 seconds
[token:185, layer:0] 007:ffn-norm: 0.000000000 seconds
[token:185, layer:0] 008:ffn-up-projection: 0.000187000 seconds
[token:185, layer:0] 009:ffn-swiglu: 0.000001000 seconds
[token:185, layer:0] 010:ffn-down-projection: 0.000139000 seconds
[token:185, layer:0] 102:layer-compute-total: 0.000507000 seconds
[token:185, layer:1] 002:attention-norm: 0.000000000 seconds
[token:185, layer:1] 003:qkv-projection: 0.000105000 seconds
[token:185, layer:1] 004:apply-rope: 0.000002000 seconds
[token:185, layer:1] 005:compute-attention: 0.000030000 seconds
[token:185, layer:1] 006:attention-output: 0.000035000 seconds
[token:185, layer:1] 007:ffn-norm: 0.000000000 seconds
[token:185, layer:1] 008:ffn-up-projection: 0.000186000 seconds
[token:185, layer:1] 009:ffn-swiglu: 0.000001000 seconds
[token:185, layer:1] 010:ffn-down-projection: 0.000147000 seconds
[token:185, layer:1] 102:layer-compute-total: 0.000506000 seconds
[token:185, layer:2] 002:attention-norm: 0.000000000 seconds
[token:185, layer:2] 003:qkv-projection: 0.000107000 seconds
[token:185, layer:2] 004:apply-rope: 0.000001000 seconds
[token:185, layer:2] 005:compute-attention: 0.000031000 seconds
[token:185, layer:2] 006:attention-output: 0.000036000 seconds
[token:185, layer:2] 007:ffn-norm: 0.000000000 seconds
[token:185, layer:2] 008:ffn-up-projection: 0.000196000 seconds
[token:185, layer:2] 009:ffn-swiglu: 0.000002000 seconds
[token:185, layer:2] 010:ffn-down-projection: 0.000136000 seconds
[token:185, layer:2] 102:layer-compute-total: 0.000509000 seconds
[token:185, layer:3] 002:attention-norm: 0.000000000 seconds
[token:185, layer:3] 003:qkv-projection: 0.000111000 seconds
[token:185, layer:3] 004:apply-rope: 0.000001000 seconds
[token:185, layer:3] 005:compute-attention: 0.000028000 seconds
[token:185, layer:3] 006:attention-output: 0.000035000 seconds
[token:185, layer:3] 007:ffn-norm: 0.000001000 seconds
[token:185, layer:3] 008:ffn-up-projection: 0.000192000 seconds
[token:185, layer:3] 009:ffn-swiglu: 0.000001000 seconds
[token:185, layer:3] 010:ffn-down-projection: 0.000134000 seconds
[token:185, layer:3] 102:layer-compute-total: 0.000503000 seconds
[token:185, layer:4] 002:attention-norm: 0.000001000 seconds
[token:185, layer:4] 003:qkv-projection: 0.000109000 seconds
[token:185, layer:4] 004:apply-rope: 0.000001000 seconds
[token:185, layer:4] 005:compute-attention: 0.000031000 seconds
[token:185, layer:4] 006:attention-output: 0.000035000 seconds
[token:185, layer:4] 007:ffn-norm: 0.000000000 seconds
[token:185, layer:4] 008:ffn-up-projection: 0.000192000 seconds
[token:185, layer:4] 009:ffn-swiglu: 0.000001000 seconds
[token:185, layer:4] 010:ffn-down-projection: 0.000138000 seconds
[token:185, layer:4] 102:layer-compute-total: 0.000508000 seconds
[token:185, layer:5] 002:attention-norm: 0.000001000 seconds
[token:185, layer:5] 003:qkv-projection: 0.000111000 seconds
[token:185, layer:5] 004:apply-rope: 0.000001000 seconds
[token:185, layer:5] 005:compute-attention: 0.000031000 seconds
[token:185, layer:5] 006:attention-output: 0.000041000 seconds
[token:185, layer:5] 007:ffn-norm: 0.000000000 seconds
[token:185, layer:5] 008:ffn-up-projection: 0.000194000 seconds
[token:185, layer:5] 009:ffn-swiglu: 0.000001000 seconds
[token:185, layer:5] 010:ffn-down-projection: 0.000136000 seconds
[token:185, layer:5] 102:layer-compute-total: 0.000516000 seconds
[token:185] 011:final-projection: 0.004326000 seconds
[token:185] 103:forward-compute-total: 0.007375000 seconds
[token:186] 001:embedding-lookup: 0.000001000 seconds
[token:186, layer:0] 002:attention-norm: 0.000000000 seconds
[token:186, layer:0] 003:qkv-projection: 0.000112000 seconds
[token:186, layer:0] 004:apply-rope: 0.000002000 seconds
[token:186, layer:0] 005:compute-attention: 0.000040000 seconds
[token:186, layer:0] 006:attention-output: 0.000037000 seconds
[token:186, layer:0] 007:ffn-norm: 0.000000000 seconds
[token:186, layer:0] 008:ffn-up-projection: 0.000194000 seconds
[token:186, layer:0] 009:ffn-swiglu: 0.000001000 seconds
[token:186, layer:0] 010:ffn-down-projection: 0.000138000 seconds
[token:186, layer:0] 102:layer-compute-total: 0.000524000 seconds
[token:186, layer:1] 002:attention-norm: 0.000000000 seconds
[token:186, layer:1] 003:qkv-projection: 0.000105000 seconds
[token:186, layer:1] 004:apply-rope: 0.000001000 seconds
[token:186, layer:1] 005:compute-attention: 0.000040000 seconds
[token:186, layer:1] 006:attention-output: 0.000035000 seconds
[token:186, layer:1] 007:ffn-norm: 0.000001000 seconds
[token:186, layer:1] 008:ffn-up-projection: 0.000187000 seconds
[token:186, layer:1] 009:ffn-swiglu: 0.000001000 seconds
[token:186, layer:1] 010:ffn-down-projection: 0.000134000 seconds
[token:186, layer:1] 102:layer-compute-total: 0.000504000 seconds
[token:186, layer:2] 002:attention-norm: 0.000001000 seconds
[token:186, layer:2] 003:qkv-projection: 0.000108000 seconds
[token:186, layer:2] 004:apply-rope: 0.000001000 seconds
[token:186, layer:2] 005:compute-attention: 0.000040000 seconds
[token:186, layer:2] 006:attention-output: 0.000035000 seconds
[token:186, layer:2] 007:ffn-norm: 0.000001000 seconds
[token:186, layer:2] 008:ffn-up-projection: 0.000187000 seconds
[token:186, layer:2] 009:ffn-swiglu: 0.000002000 seconds
[token:186, layer:2] 010:ffn-down-projection: 0.000134000 seconds
[token:186, layer:2] 102:layer-compute-total: 0.000509000 seconds
[token:186, layer:3] 002:attention-norm: 0.000000000 seconds
[token:186, layer:3] 003:qkv-projection: 0.000105000 seconds
[token:186, layer:3] 004:apply-rope: 0.000001000 seconds
[token:186, layer:3] 005:compute-attention: 0.000042000 seconds
[token:186, layer:3] 006:attention-output: 0.000035000 seconds
[token:186, layer:3] 007:ffn-norm: 0.000000000 seconds
[token:186, layer:3] 008:ffn-up-projection: 0.000186000 seconds
[token:186, layer:3] 009:ffn-swiglu: 0.000001000 seconds
[token:186, layer:3] 010:ffn-down-projection: 0.000139000 seconds
[token:186, layer:3] 102:layer-compute-total: 0.000509000 seconds
[token:186, layer:4] 002:attention-norm: 0.000000000 seconds
[token:186, layer:4] 003:qkv-projection: 0.000107000 seconds
[token:186, layer:4] 004:apply-rope: 0.000001000 seconds
[token:186, layer:4] 005:compute-attention: 0.000040000 seconds
[token:186, layer:4] 006:attention-output: 0.000036000 seconds
[token:186, layer:4] 007:ffn-norm: 0.000001000 seconds
[token:186, layer:4] 008:ffn-up-projection: 0.000188000 seconds
[token:186, layer:4] 009:ffn-swiglu: 0.000001000 seconds
[token:186, layer:4] 010:ffn-down-projection: 0.000134000 seconds
[token:186, layer:4] 102:layer-compute-total: 0.000508000 seconds
[token:186, layer:5] 002:attention-norm: 0.000000000 seconds
[token:186, layer:5] 003:qkv-projection: 0.000106000 seconds
[token:186, layer:5] 004:apply-rope: 0.000001000 seconds
[token:186, layer:5] 005:compute-attention: 0.000039000 seconds
[token:186, layer:5] 006:attention-output: 0.000036000 seconds
[token:186, layer:5] 007:ffn-norm: 0.000000000 seconds
[token:186, layer:5] 008:ffn-up-projection: 0.000187000 seconds
[token:186, layer:5] 009:ffn-swiglu: 0.000001000 seconds
[token:186, layer:5] 010:ffn-down-projection: 0.000134000 seconds
[token:186, layer:5] 102:layer-compute-total: 0.000504000 seconds
[token:186] 011:final-projection: 0.003951000 seconds
[token:186] 103:forward-compute-total: 0.007010000 seconds
[token:187] 001:embedding-lookup: 0.000000000 seconds
[token:187, layer:0] 002:attention-norm: 0.000000000 seconds
[token:187, layer:0] 003:qkv-projection: 0.000112000 seconds
[token:187, layer:0] 004:apply-rope: 0.000002000 seconds
[token:187, layer:0] 005:compute-attention: 0.000031000 seconds
[token:187, layer:0] 006:attention-output: 0.000035000 seconds
[token:187, layer:0] 007:ffn-norm: 0.000000000 seconds
[token:187, layer:0] 008:ffn-up-projection: 0.000187000 seconds
[token:187, layer:0] 009:ffn-swiglu: 0.000001000 seconds
[token:187, layer:0] 010:ffn-down-projection: 0.000134000 seconds
[token:187, layer:0] 102:layer-compute-total: 0.000502000 seconds
[token:187, layer:1] 002:attention-norm: 0.000000000 seconds
[token:187, layer:1] 003:qkv-projection: 0.000105000 seconds
[token:187, layer:1] 004:apply-rope: 0.000001000 seconds
[token:187, layer:1] 005:compute-attention: 0.000030000 seconds
[token:187, layer:1] 006:attention-output: 0.000036000 seconds
[token:187, layer:1] 007:ffn-norm: 0.000000000 seconds
[token:187, layer:1] 008:ffn-up-projection: 0.000187000 seconds
[token:187, layer:1] 009:ffn-swiglu: 0.000001000 seconds
[token:187, layer:1] 010:ffn-down-projection: 0.000134000 seconds
[token:187, layer:1] 102:layer-compute-total: 0.000494000 seconds
[token:187, layer:2] 002:attention-norm: 0.000000000 seconds
[token:187, layer:2] 003:qkv-projection: 0.000106000 seconds
[token:187, layer:2] 004:apply-rope: 0.000001000 seconds
[token:187, layer:2] 005:compute-attention: 0.000030000 seconds
[token:187, layer:2] 006:attention-output: 0.000035000 seconds
[token:187, layer:2] 007:ffn-norm: 0.000000000 seconds
[token:187, layer:2] 008:ffn-up-projection: 0.000187000 seconds
[token:187, layer:2] 009:ffn-swiglu: 0.000002000 seconds
[token:187, layer:2] 010:ffn-down-projection: 0.000137000 seconds
[token:187, layer:2] 102:layer-compute-total: 0.000498000 seconds
[token:187, layer:3] 002:attention-norm: 0.000000000 seconds
[token:187, layer:3] 003:qkv-projection: 0.000105000 seconds
[token:187, layer:3] 004:apply-rope: 0.000001000 seconds
[token:187, layer:3] 005:compute-attention: 0.000030000 seconds
[token:187, layer:3] 006:attention-output: 0.000035000 seconds
[token:187, layer:3] 007:ffn-norm: 0.000001000 seconds
[token:187, layer:3] 008:ffn-up-projection: 0.000187000 seconds
[token:187, layer:3] 009:ffn-swiglu: 0.000001000 seconds
[token:187, layer:3] 010:ffn-down-projection: 0.000138000 seconds
[token:187, layer:3] 102:layer-compute-total: 0.000498000 seconds
[token:187, layer:4] 002:attention-norm: 0.000000000 seconds
[token:187, layer:4] 003:qkv-projection: 0.000105000 seconds
[token:187, layer:4] 004:apply-rope: 0.000001000 seconds
[token:187, layer:4] 005:compute-attention: 0.000031000 seconds
[token:187, layer:4] 006:attention-output: 0.000035000 seconds
[token:187, layer:4] 007:ffn-norm: 0.000000000 seconds
[token:187, layer:4] 008:ffn-up-projection: 0.000187000 seconds
[token:187, layer:4] 009:ffn-swiglu: 0.000001000 seconds
[token:187, layer:4] 010:ffn-down-projection: 0.000134000 seconds
[token:187, layer:4] 102:layer-compute-total: 0.000494000 seconds
[token:187, layer:5] 002:attention-norm: 0.000000000 seconds
[token:187, layer:5] 003:qkv-projection: 0.000105000 seconds
[token:187, layer:5] 004:apply-rope: 0.000001000 seconds
[token:187, layer:5] 005:compute-attention: 0.000028000 seconds
[token:187, layer:5] 006:attention-output: 0.000035000 seconds
[token:187, layer:5] 007:ffn-norm: 0.000000000 seconds
[token:187, layer:5] 008:ffn-up-projection: 0.000186000 seconds
[token:187, layer:5] 009:ffn-swiglu: 0.000001000 seconds
[token:187, layer:5] 010:ffn-down-projection: 0.000134000 seconds
[token:187, layer:5] 102:layer-compute-total: 0.000490000 seconds
[token:187] 011:final-projection: 0.004059000 seconds
[token:187] 103:forward-compute-total: 0.007035000 seconds
[token:188] 001:embedding-lookup: 0.000000000 seconds
[token:188, layer:0] 002:attention-norm: 0.000000000 seconds
[token:188, layer:0] 003:qkv-projection: 0.000111000 seconds
[token:188, layer:0] 004:apply-rope: 0.000003000 seconds
[token:188, layer:0] 005:compute-attention: 0.000041000 seconds
[token:188, layer:0] 006:attention-output: 0.000037000 seconds
[token:188, layer:0] 007:ffn-norm: 0.000001000 seconds
[token:188, layer:0] 008:ffn-up-projection: 0.000194000 seconds
[token:188, layer:0] 009:ffn-swiglu: 0.000001000 seconds
[token:188, layer:0] 010:ffn-down-projection: 0.000139000 seconds
[token:188, layer:0] 102:layer-compute-total: 0.000527000 seconds
[token:188, layer:1] 002:attention-norm: 0.000001000 seconds
[token:188, layer:1] 003:qkv-projection: 0.000110000 seconds
[token:188, layer:1] 004:apply-rope: 0.000002000 seconds
[token:188, layer:1] 005:compute-attention: 0.000041000 seconds
[token:188, layer:1] 006:attention-output: 0.000036000 seconds
[token:188, layer:1] 007:ffn-norm: 0.000000000 seconds
[token:188, layer:1] 008:ffn-up-projection: 0.000194000 seconds
[token:188, layer:1] 009:ffn-swiglu: 0.000001000 seconds
[token:188, layer:1] 010:ffn-down-projection: 0.000139000 seconds
[token:188, layer:1] 102:layer-compute-total: 0.000524000 seconds
[token:188, layer:2] 002:attention-norm: 0.000000000 seconds
[token:188, layer:2] 003:qkv-projection: 0.000110000 seconds
[token:188, layer:2] 004:apply-rope: 0.000001000 seconds
[token:188, layer:2] 005:compute-attention: 0.000039000 seconds
[token:188, layer:2] 006:attention-output: 0.000037000 seconds
[token:188, layer:2] 007:ffn-norm: 0.000000000 seconds
[token:188, layer:2] 008:ffn-up-projection: 0.000198000 seconds
[token:188, layer:2] 009:ffn-swiglu: 0.000001000 seconds
[token:188, layer:2] 010:ffn-down-projection: 0.000205000 seconds
[token:188, layer:2] 102:layer-compute-total: 0.000591000 seconds
[token:188, layer:3] 002:attention-norm: 0.000000000 seconds
[token:188, layer:3] 003:qkv-projection: 0.000124000 seconds
[token:188, layer:3] 004:apply-rope: 0.000003000 seconds
[token:188, layer:3] 005:compute-attention: 0.000043000 seconds
[token:188, layer:3] 006:attention-output: 0.000035000 seconds
[token:188, layer:3] 007:ffn-norm: 0.000001000 seconds
[token:188, layer:3] 008:ffn-up-projection: 0.000196000 seconds
[token:188, layer:3] 009:ffn-swiglu: 0.000001000 seconds
[token:188, layer:3] 010:ffn-down-projection: 0.000139000 seconds
[token:188, layer:3] 102:layer-compute-total: 0.000542000 seconds
[token:188, layer:4] 002:attention-norm: 0.000000000 seconds
[token:188, layer:4] 003:qkv-projection: 0.000106000 seconds
[token:188, layer:4] 004:apply-rope: 0.000002000 seconds
[token:188, layer:4] 005:compute-attention: 0.000042000 seconds
[token:188, layer:4] 006:attention-output: 0.000035000 seconds
[token:188, layer:4] 007:ffn-norm: 0.000000000 seconds
[token:188, layer:4] 008:ffn-up-projection: 0.000192000 seconds
[token:188, layer:4] 009:ffn-swiglu: 0.000001000 seconds
[token:188, layer:4] 010:ffn-down-projection: 0.000142000 seconds
[token:188, layer:4] 102:layer-compute-total: 0.000520000 seconds
[token:188, layer:5] 002:attention-norm: 0.000000000 seconds
[token:188, layer:5] 003:qkv-projection: 0.000110000 seconds
[token:188, layer:5] 004:apply-rope: 0.000001000 seconds
[token:188, layer:5] 005:compute-attention: 0.000041000 seconds
[token:188, layer:5] 006:attention-output: 0.000036000 seconds
[token:188, layer:5] 007:ffn-norm: 0.000000000 seconds
[token:188, layer:5] 008:ffn-up-projection: 0.000187000 seconds
[token:188, layer:5] 009:ffn-swiglu: 0.000001000 seconds
[token:188, layer:5] 010:ffn-down-projection: 0.000137000 seconds
[token:188, layer:5] 102:layer-compute-total: 0.000513000 seconds
[token:188] 011:final-projection: 0.004021000 seconds
[token:188] 103:forward-compute-total: 0.007238000 seconds
[token:189] 001:embedding-lookup: 0.000000000 seconds
[token:189, layer:0] 002:attention-norm: 0.000000000 seconds
[token:189, layer:0] 003:qkv-projection: 0.000112000 seconds
[token:189, layer:0] 004:apply-rope: 0.000002000 seconds
[token:189, layer:0] 005:compute-attention: 0.000039000 seconds
[token:189, layer:0] 006:attention-output: 0.000035000 seconds
[token:189, layer:0] 007:ffn-norm: 0.000000000 seconds
[token:189, layer:0] 008:ffn-up-projection: 0.000196000 seconds
[token:189, layer:0] 009:ffn-swiglu: 0.000001000 seconds
[token:189, layer:0] 010:ffn-down-projection: 0.000134000 seconds
[token:189, layer:0] 102:layer-compute-total: 0.000519000 seconds
[token:189, layer:1] 002:attention-norm: 0.000000000 seconds
[token:189, layer:1] 003:qkv-projection: 0.000105000 seconds
[token:189, layer:1] 004:apply-rope: 0.000001000 seconds
[token:189, layer:1] 005:compute-attention: 0.000039000 seconds
[token:189, layer:1] 006:attention-output: 0.000035000 seconds
[token:189, layer:1] 007:ffn-norm: 0.000000000 seconds
[token:189, layer:1] 008:ffn-up-projection: 0.000187000 seconds
[token:189, layer:1] 009:ffn-swiglu: 0.000001000 seconds
[token:189, layer:1] 010:ffn-down-projection: 0.000138000 seconds
[token:189, layer:1] 102:layer-compute-total: 0.000506000 seconds
[token:189, layer:2] 002:attention-norm: 0.000000000 seconds
[token:189, layer:2] 003:qkv-projection: 0.000106000 seconds
[token:189, layer:2] 004:apply-rope: 0.000001000 seconds
[token:189, layer:2] 005:compute-attention: 0.000042000 seconds
[token:189, layer:2] 006:attention-output: 0.000035000 seconds
[token:189, layer:2] 007:ffn-norm: 0.000000000 seconds
[token:189, layer:2] 008:ffn-up-projection: 0.000191000 seconds
[token:189, layer:2] 009:ffn-swiglu: 0.000001000 seconds
[token:189, layer:2] 010:ffn-down-projection: 0.000134000 seconds
[token:189, layer:2] 102:layer-compute-total: 0.000510000 seconds
[token:189, layer:3] 002:attention-norm: 0.000001000 seconds
[token:189, layer:3] 003:qkv-projection: 0.000109000 seconds
[token:189, layer:3] 004:apply-rope: 0.000001000 seconds
[token:189, layer:3] 005:compute-attention: 0.000035000 seconds
[token:189, layer:3] 006:attention-output: 0.000035000 seconds
[token:189, layer:3] 007:ffn-norm: 0.000000000 seconds
[token:189, layer:3] 008:ffn-up-projection: 0.000187000 seconds
[token:189, layer:3] 009:ffn-swiglu: 0.000001000 seconds
[token:189, layer:3] 010:ffn-down-projection: 0.000137000 seconds
[token:189, layer:3] 102:layer-compute-total: 0.000506000 seconds
[token:189, layer:4] 002:attention-norm: 0.000000000 seconds
[token:189, layer:4] 003:qkv-projection: 0.000106000 seconds
[token:189, layer:4] 004:apply-rope: 0.000001000 seconds
[token:189, layer:4] 005:compute-attention: 0.000034000 seconds
[token:189, layer:4] 006:attention-output: 0.000035000 seconds
[token:189, layer:4] 007:ffn-norm: 0.000000000 seconds
[token:189, layer:4] 008:ffn-up-projection: 0.000187000 seconds
[token:189, layer:4] 009:ffn-swiglu: 0.000001000 seconds
[token:189, layer:4] 010:ffn-down-projection: 0.000134000 seconds
[token:189, layer:4] 102:layer-compute-total: 0.000498000 seconds
[token:189, layer:5] 002:attention-norm: 0.000000000 seconds
[token:189, layer:5] 003:qkv-projection: 0.000108000 seconds
[token:189, layer:5] 004:apply-rope: 0.000002000 seconds
[token:189, layer:5] 005:compute-attention: 0.000034000 seconds
[token:189, layer:5] 006:attention-output: 0.000036000 seconds
[token:189, layer:5] 007:ffn-norm: 0.000000000 seconds
[token:189, layer:5] 008:ffn-up-projection: 0.000191000 seconds
[token:189, layer:5] 009:ffn-swiglu: 0.000001000 seconds
[token:189, layer:5] 010:ffn-down-projection: 0.000140000 seconds
[token:189, layer:5] 102:layer-compute-total: 0.000512000 seconds
[token:189] 011:final-projection: 0.003999000 seconds
[token:189] 103:forward-compute-total: 0.007050000 seconds
[token:190] 001:embedding-lookup: 0.000000000 seconds
[token:190, layer:0] 002:attention-norm: 0.000000000 seconds
[token:190, layer:0] 003:qkv-projection: 0.000112000 seconds
[token:190, layer:0] 004:apply-rope: 0.000002000 seconds
[token:190, layer:0] 005:compute-attention: 0.000036000 seconds
[token:190, layer:0] 006:attention-output: 0.000036000 seconds
[token:190, layer:0] 007:ffn-norm: 0.000000000 seconds
[token:190, layer:0] 008:ffn-up-projection: 0.000197000 seconds
[token:190, layer:0] 009:ffn-swiglu: 0.000001000 seconds
[token:190, layer:0] 010:ffn-down-projection: 0.000136000 seconds
[token:190, layer:0] 102:layer-compute-total: 0.000520000 seconds
[token:190, layer:1] 002:attention-norm: 0.000001000 seconds
[token:190, layer:1] 003:qkv-projection: 0.000159000 seconds
[token:190, layer:1] 004:apply-rope: 0.000002000 seconds
[token:190, layer:1] 005:compute-attention: 0.000044000 seconds
[token:190, layer:1] 006:attention-output: 0.000109000 seconds
[token:190, layer:1] 007:ffn-norm: 0.000001000 seconds
[token:190, layer:1] 008:ffn-up-projection: 0.000291000 seconds
[token:190, layer:1] 009:ffn-swiglu: 0.000001000 seconds
[token:190, layer:1] 010:ffn-down-projection: 0.000140000 seconds
[token:190, layer:1] 102:layer-compute-total: 0.000748000 seconds
[token:190, layer:2] 002:attention-norm: 0.000000000 seconds
[token:190, layer:2] 003:qkv-projection: 0.000110000 seconds
[token:190, layer:2] 004:apply-rope: 0.000001000 seconds
[token:190, layer:2] 005:compute-attention: 0.000039000 seconds
[token:190, layer:2] 006:attention-output: 0.000037000 seconds
[token:190, layer:2] 007:ffn-norm: 0.000000000 seconds
[token:190, layer:2] 008:ffn-up-projection: 0.000203000 seconds
[token:190, layer:2] 009:ffn-swiglu: 0.000001000 seconds
[token:190, layer:2] 010:ffn-down-projection: 0.000140000 seconds
[token:190, layer:2] 102:layer-compute-total: 0.000531000 seconds
[token:190, layer:3] 002:attention-norm: 0.000000000 seconds
[token:190, layer:3] 003:qkv-projection: 0.000114000 seconds
[token:190, layer:3] 004:apply-rope: 0.000001000 seconds
[token:190, layer:3] 005:compute-attention: 0.000040000 seconds
[token:190, layer:3] 006:attention-output: 0.000036000 seconds
[token:190, layer:3] 007:ffn-norm: 0.000000000 seconds
[token:190, layer:3] 008:ffn-up-projection: 0.000192000 seconds
[token:190, layer:3] 009:ffn-swiglu: 0.000002000 seconds
[token:190, layer:3] 010:ffn-down-projection: 0.000139000 seconds
[token:190, layer:3] 102:layer-compute-total: 0.000524000 seconds
[token:190, layer:4] 002:attention-norm: 0.000000000 seconds
[token:190, layer:4] 003:qkv-projection: 0.000107000 seconds
[token:190, layer:4] 004:apply-rope: 0.000001000 seconds
[token:190, layer:4] 005:compute-attention: 0.000044000 seconds
[token:190, layer:4] 006:attention-output: 0.000055000 seconds
[token:190, layer:4] 007:ffn-norm: 0.000000000 seconds
[token:190, layer:4] 008:ffn-up-projection: 0.000231000 seconds
[token:190, layer:4] 009:ffn-swiglu: 0.000001000 seconds
[token:190, layer:4] 010:ffn-down-projection: 0.000143000 seconds
[token:190, layer:4] 102:layer-compute-total: 0.000582000 seconds
[token:190, layer:5] 002:attention-norm: 0.000001000 seconds
[token:190, layer:5] 003:qkv-projection: 0.000105000 seconds
[token:190, layer:5] 004:apply-rope: 0.000002000 seconds
[token:190, layer:5] 005:compute-attention: 0.000045000 seconds
[token:190, layer:5] 006:attention-output: 0.000041000 seconds
[token:190, layer:5] 007:ffn-norm: 0.000000000 seconds
[token:190, layer:5] 008:ffn-up-projection: 0.000190000 seconds
[token:190, layer:5] 009:ffn-swiglu: 0.000001000 seconds
[token:190, layer:5] 010:ffn-down-projection: 0.000142000 seconds
[token:190, layer:5] 102:layer-compute-total: 0.000527000 seconds
[token:190] 011:final-projection: 0.004013000 seconds
[token:190] 103:forward-compute-total: 0.007445000 seconds
[token:191] 001:embedding-lookup: 0.000000000 seconds
[token:191, layer:0] 002:attention-norm: 0.000000000 seconds
[token:191, layer:0] 003:qkv-projection: 0.000116000 seconds
[token:191, layer:0] 004:apply-rope: 0.000002000 seconds
[token:191, layer:0] 005:compute-attention: 0.000041000 seconds
[token:191, layer:0] 006:attention-output: 0.000035000 seconds
[token:191, layer:0] 007:ffn-norm: 0.000000000 seconds
[token:191, layer:0] 008:ffn-up-projection: 0.000192000 seconds
[token:191, layer:0] 009:ffn-swiglu: 0.000001000 seconds
[token:191, layer:0] 010:ffn-down-projection: 0.000140000 seconds
[token:191, layer:0] 102:layer-compute-total: 0.000527000 seconds
[token:191, layer:1] 002:attention-norm: 0.000001000 seconds
[token:191, layer:1] 003:qkv-projection: 0.000106000 seconds
[token:191, layer:1] 004:apply-rope: 0.000002000 seconds
[token:191, layer:1] 005:compute-attention: 0.000041000 seconds
[token:191, layer:1] 006:attention-output: 0.000035000 seconds
[token:191, layer:1] 007:ffn-norm: 0.000001000 seconds
[token:191, layer:1] 008:ffn-up-projection: 0.000187000 seconds
[token:191, layer:1] 009:ffn-swiglu: 0.000001000 seconds
[token:191, layer:1] 010:ffn-down-projection: 0.000134000 seconds
[token:191, layer:1] 102:layer-compute-total: 0.000508000 seconds
[token:191, layer:2] 002:attention-norm: 0.000000000 seconds
[token:191, layer:2] 003:qkv-projection: 0.000105000 seconds
[token:191, layer:2] 004:apply-rope: 0.000001000 seconds
[token:191, layer:2] 005:compute-attention: 0.000037000 seconds
[token:191, layer:2] 006:attention-output: 0.000035000 seconds
[token:191, layer:2] 007:ffn-norm: 0.000000000 seconds
[token:191, layer:2] 008:ffn-up-projection: 0.000190000 seconds
[token:191, layer:2] 009:ffn-swiglu: 0.000001000 seconds
[token:191, layer:2] 010:ffn-down-projection: 0.000135000 seconds
[token:191, layer:2] 102:layer-compute-total: 0.000504000 seconds
[token:191, layer:3] 002:attention-norm: 0.000000000 seconds
[token:191, layer:3] 003:qkv-projection: 0.000105000 seconds
[token:191, layer:3] 004:apply-rope: 0.000002000 seconds
[token:191, layer:3] 005:compute-attention: 0.000037000 seconds
[token:191, layer:3] 006:attention-output: 0.000035000 seconds
[token:191, layer:3] 007:ffn-norm: 0.000001000 seconds
[token:191, layer:3] 008:ffn-up-projection: 0.000190000 seconds
[token:191, layer:3] 009:ffn-swiglu: 0.000001000 seconds
[token:191, layer:3] 010:ffn-down-projection: 0.000139000 seconds
[token:191, layer:3] 102:layer-compute-total: 0.000510000 seconds
[token:191, layer:4] 002:attention-norm: 0.000000000 seconds
[token:191, layer:4] 003:qkv-projection: 0.000106000 seconds
[token:191, layer:4] 004:apply-rope: 0.000001000 seconds
[token:191, layer:4] 005:compute-attention: 0.000039000 seconds
[token:191, layer:4] 006:attention-output: 0.000035000 seconds
[token:191, layer:4] 007:ffn-norm: 0.000000000 seconds
[token:191, layer:4] 008:ffn-up-projection: 0.000196000 seconds
[token:191, layer:4] 009:ffn-swiglu: 0.000001000 seconds
[token:191, layer:4] 010:ffn-down-projection: 0.000141000 seconds
[token:191, layer:4] 102:layer-compute-total: 0.000519000 seconds
[token:191, layer:5] 002:attention-norm: 0.000001000 seconds
[token:191, layer:5] 003:qkv-projection: 0.000106000 seconds
[token:191, layer:5] 004:apply-rope: 0.000001000 seconds
[token:191, layer:5] 005:compute-attention: 0.000034000 seconds
[token:191, layer:5] 006:attention-output: 0.000035000 seconds
[token:191, layer:5] 007:ffn-norm: 0.000001000 seconds
[token:191, layer:5] 008:ffn-up-projection: 0.000190000 seconds
[token:191, layer:5] 009:ffn-swiglu: 0.000001000 seconds
[token:191, layer:5] 010:ffn-down-projection: 0.000136000 seconds
[token:191, layer:5] 102:layer-compute-total: 0.000505000 seconds
[token:191] 011:final-projection: 0.003962000 seconds
[token:191] 103:forward-compute-total: 0.007035000 seconds
[token:192] 001:embedding-lookup: 0.000000000 seconds
[token:192, layer:0] 002:attention-norm: 0.000000000 seconds
[token:192, layer:0] 003:qkv-projection: 0.000112000 seconds
[token:192, layer:0] 004:apply-rope: 0.000002000 seconds
[token:192, layer:0] 005:compute-attention: 0.000030000 seconds
[token:192, layer:0] 006:attention-output: 0.000035000 seconds
[token:192, layer:0] 007:ffn-norm: 0.000000000 seconds
[token:192, layer:0] 008:ffn-up-projection: 0.000187000 seconds
[token:192, layer:0] 009:ffn-swiglu: 0.000001000 seconds
[token:192, layer:0] 010:ffn-down-projection: 0.000134000 seconds
[token:192, layer:0] 102:layer-compute-total: 0.000501000 seconds
[token:192, layer:1] 002:attention-norm: 0.000001000 seconds
[token:192, layer:1] 003:qkv-projection: 0.000105000 seconds
[token:192, layer:1] 004:apply-rope: 0.000002000 seconds
[token:192, layer:1] 005:compute-attention: 0.000031000 seconds
[token:192, layer:1] 006:attention-output: 0.000035000 seconds
[token:192, layer:1] 007:ffn-norm: 0.000001000 seconds
[token:192, layer:1] 008:ffn-up-projection: 0.000192000 seconds
[token:192, layer:1] 009:ffn-swiglu: 0.000001000 seconds
[token:192, layer:1] 010:ffn-down-projection: 0.000135000 seconds
[token:192, layer:1] 102:layer-compute-total: 0.000503000 seconds
[token:192, layer:2] 002:attention-norm: 0.000000000 seconds
[token:192, layer:2] 003:qkv-projection: 0.000108000 seconds
[token:192, layer:2] 004:apply-rope: 0.000001000 seconds
[token:192, layer:2] 005:compute-attention: 0.000032000 seconds
[token:192, layer:2] 006:attention-output: 0.000037000 seconds
[token:192, layer:2] 007:ffn-norm: 0.000000000 seconds
[token:192, layer:2] 008:ffn-up-projection: 0.000187000 seconds
[token:192, layer:2] 009:ffn-swiglu: 0.000001000 seconds
[token:192, layer:2] 010:ffn-down-projection: 0.000133000 seconds
[token:192, layer:2] 102:layer-compute-total: 0.000499000 seconds
[token:192, layer:3] 002:attention-norm: 0.000001000 seconds
[token:192, layer:3] 003:qkv-projection: 0.000105000 seconds
[token:192, layer:3] 004:apply-rope: 0.000001000 seconds
[token:192, layer:3] 005:compute-attention: 0.000029000 seconds
[token:192, layer:3] 006:attention-output: 0.000035000 seconds
[token:192, layer:3] 007:ffn-norm: 0.000000000 seconds
[token:192, layer:3] 008:ffn-up-projection: 0.000203000 seconds
[token:192, layer:3] 009:ffn-swiglu: 0.000001000 seconds
[token:192, layer:3] 010:ffn-down-projection: 0.000145000 seconds
[token:192, layer:3] 102:layer-compute-total: 0.000520000 seconds
[token:192, layer:4] 002:attention-norm: 0.000001000 seconds
[token:192, layer:4] 003:qkv-projection: 0.000119000 seconds
[token:192, layer:4] 004:apply-rope: 0.000002000 seconds
[token:192, layer:4] 005:compute-attention: 0.000034000 seconds
[token:192, layer:4] 006:attention-output: 0.000036000 seconds
[token:192, layer:4] 007:ffn-norm: 0.000000000 seconds
[token:192, layer:4] 008:ffn-up-projection: 0.000203000 seconds
[token:192, layer:4] 009:ffn-swiglu: 0.000001000 seconds
[token:192, layer:4] 010:ffn-down-projection: 0.000139000 seconds
[token:192, layer:4] 102:layer-compute-total: 0.000535000 seconds
[token:192, layer:5] 002:attention-norm: 0.000000000 seconds
[token:192, layer:5] 003:qkv-projection: 0.000195000 seconds
[token:192, layer:5] 004:apply-rope: 0.000001000 seconds
[token:192, layer:5] 005:compute-attention: 0.000040000 seconds
[token:192, layer:5] 006:attention-output: 0.000036000 seconds
[token:192, layer:5] 007:ffn-norm: 0.000000000 seconds
[token:192, layer:5] 008:ffn-up-projection: 0.000196000 seconds
[token:192, layer:5] 009:ffn-swiglu: 0.000001000 seconds
[token:192, layer:5] 010:ffn-down-projection: 0.000136000 seconds
[token:192, layer:5] 102:layer-compute-total: 0.000605000 seconds
[token:192] 011:final-projection: 0.004025000 seconds
[token:192] 103:forward-compute-total: 0.007188000 seconds
[token:193] 001:embedding-lookup: 0.000000000 seconds
[token:193, layer:0] 002:attention-norm: 0.000000000 seconds
[token:193, layer:0] 003:qkv-projection: 0.000111000 seconds
[token:193, layer:0] 004:apply-rope: 0.000001000 seconds
[token:193, layer:0] 005:compute-attention: 0.000041000 seconds
[token:193, layer:0] 006:attention-output: 0.000035000 seconds
[token:193, layer:0] 007:ffn-norm: 0.000001000 seconds
[token:193, layer:0] 008:ffn-up-projection: 0.000187000 seconds
[token:193, layer:0] 009:ffn-swiglu: 0.000001000 seconds
[token:193, layer:0] 010:ffn-down-projection: 0.000134000 seconds
[token:193, layer:0] 102:layer-compute-total: 0.000511000 seconds
[token:193, layer:1] 002:attention-norm: 0.000000000 seconds
[token:193, layer:1] 003:qkv-projection: 0.000105000 seconds
[token:193, layer:1] 004:apply-rope: 0.000002000 seconds
[token:193, layer:1] 005:compute-attention: 0.000040000 seconds
[token:193, layer:1] 006:attention-output: 0.000035000 seconds
[token:193, layer:1] 007:ffn-norm: 0.000001000 seconds
[token:193, layer:1] 008:ffn-up-projection: 0.000188000 seconds
[token:193, layer:1] 009:ffn-swiglu: 0.000001000 seconds
[token:193, layer:1] 010:ffn-down-projection: 0.000140000 seconds
[token:193, layer:1] 102:layer-compute-total: 0.000512000 seconds
[token:193, layer:2] 002:attention-norm: 0.000000000 seconds
[token:193, layer:2] 003:qkv-projection: 0.000111000 seconds
[token:193, layer:2] 004:apply-rope: 0.000001000 seconds
[token:193, layer:2] 005:compute-attention: 0.000041000 seconds
[token:193, layer:2] 006:attention-output: 0.000035000 seconds
[token:193, layer:2] 007:ffn-norm: 0.000000000 seconds
[token:193, layer:2] 008:ffn-up-projection: 0.000187000 seconds
[token:193, layer:2] 009:ffn-swiglu: 0.000002000 seconds
[token:193, layer:2] 010:ffn-down-projection: 0.000138000 seconds
[token:193, layer:2] 102:layer-compute-total: 0.000515000 seconds
[token:193, layer:3] 002:attention-norm: 0.000000000 seconds
[token:193, layer:3] 003:qkv-projection: 0.000104000 seconds
[token:193, layer:3] 004:apply-rope: 0.000002000 seconds
[token:193, layer:3] 005:compute-attention: 0.000041000 seconds
[token:193, layer:3] 006:attention-output: 0.000035000 seconds
[token:193, layer:3] 007:ffn-norm: 0.000000000 seconds
[token:193, layer:3] 008:ffn-up-projection: 0.000187000 seconds
[token:193, layer:3] 009:ffn-swiglu: 0.000001000 seconds
[token:193, layer:3] 010:ffn-down-projection: 0.000138000 seconds
[token:193, layer:3] 102:layer-compute-total: 0.000508000 seconds
[token:193, layer:4] 002:attention-norm: 0.000000000 seconds
[token:193, layer:4] 003:qkv-projection: 0.000106000 seconds
[token:193, layer:4] 004:apply-rope: 0.000001000 seconds
[token:193, layer:4] 005:compute-attention: 0.000040000 seconds
[token:193, layer:4] 006:attention-output: 0.000035000 seconds
[token:193, layer:4] 007:ffn-norm: 0.000000000 seconds
[token:193, layer:4] 008:ffn-up-projection: 0.000191000 seconds
[token:193, layer:4] 009:ffn-swiglu: 0.000001000 seconds
[token:193, layer:4] 010:ffn-down-projection: 0.000134000 seconds
[token:193, layer:4] 102:layer-compute-total: 0.000508000 seconds
[token:193, layer:5] 002:attention-norm: 0.000001000 seconds
[token:193, layer:5] 003:qkv-projection: 0.000105000 seconds
[token:193, layer:5] 004:apply-rope: 0.000002000 seconds
[token:193, layer:5] 005:compute-attention: 0.000035000 seconds
[token:193, layer:5] 006:attention-output: 0.000035000 seconds
[token:193, layer:5] 007:ffn-norm: 0.000001000 seconds
[token:193, layer:5] 008:ffn-up-projection: 0.000189000 seconds
[token:193, layer:5] 009:ffn-swiglu: 0.000001000 seconds
[token:193, layer:5] 010:ffn-down-projection: 0.000142000 seconds
[token:193, layer:5] 102:layer-compute-total: 0.000511000 seconds
[token:193] 011:final-projection: 0.003955000 seconds
[token:193] 103:forward-compute-total: 0.007020000 seconds
[token:194] 001:embedding-lookup: 0.000000000 seconds
[token:194, layer:0] 002:attention-norm: 0.000001000 seconds
[token:194, layer:0] 003:qkv-projection: 0.000114000 seconds
[token:194, layer:0] 004:apply-rope: 0.000002000 seconds
[token:194, layer:0] 005:compute-attention: 0.000031000 seconds
[token:194, layer:0] 006:attention-output: 0.000035000 seconds
[token:194, layer:0] 007:ffn-norm: 0.000000000 seconds
[token:194, layer:0] 008:ffn-up-projection: 0.000187000 seconds
[token:194, layer:0] 009:ffn-swiglu: 0.000001000 seconds
[token:194, layer:0] 010:ffn-down-projection: 0.000134000 seconds
[token:194, layer:0] 102:layer-compute-total: 0.000505000 seconds
[token:194, layer:1] 002:attention-norm: 0.000000000 seconds
[token:194, layer:1] 003:qkv-projection: 0.000106000 seconds
[token:194, layer:1] 004:apply-rope: 0.000001000 seconds
[token:194, layer:1] 005:compute-attention: 0.000031000 seconds
[token:194, layer:1] 006:attention-output: 0.000036000 seconds
[token:194, layer:1] 007:ffn-norm: 0.000000000 seconds
[token:194, layer:1] 008:ffn-up-projection: 0.000187000 seconds
[token:194, layer:1] 009:ffn-swiglu: 0.000001000 seconds
[token:194, layer:1] 010:ffn-down-projection: 0.000134000 seconds
[token:194, layer:1] 102:layer-compute-total: 0.000496000 seconds
[token:194, layer:2] 002:attention-norm: 0.000000000 seconds
[token:194, layer:2] 003:qkv-projection: 0.000107000 seconds
[token:194, layer:2] 004:apply-rope: 0.000002000 seconds
[token:194, layer:2] 005:compute-attention: 0.000030000 seconds
[token:194, layer:2] 006:attention-output: 0.000035000 seconds
[token:194, layer:2] 007:ffn-norm: 0.000001000 seconds
[token:194, layer:2] 008:ffn-up-projection: 0.000187000 seconds
[token:194, layer:2] 009:ffn-swiglu: 0.000001000 seconds
[token:194, layer:2] 010:ffn-down-projection: 0.000134000 seconds
[token:194, layer:2] 102:layer-compute-total: 0.000497000 seconds
[token:194, layer:3] 002:attention-norm: 0.000001000 seconds
[token:194, layer:3] 003:qkv-projection: 0.000110000 seconds
[token:194, layer:3] 004:apply-rope: 0.000001000 seconds
[token:194, layer:3] 005:compute-attention: 0.000031000 seconds
[token:194, layer:3] 006:attention-output: 0.000036000 seconds
[token:194, layer:3] 007:ffn-norm: 0.000001000 seconds
[token:194, layer:3] 008:ffn-up-projection: 0.000187000 seconds
[token:194, layer:3] 009:ffn-swiglu: 0.000001000 seconds
[token:194, layer:3] 010:ffn-down-projection: 0.000135000 seconds
[token:194, layer:3] 102:layer-compute-total: 0.000503000 seconds
[token:194, layer:4] 002:attention-norm: 0.000000000 seconds
[token:194, layer:4] 003:qkv-projection: 0.000107000 seconds
[token:194, layer:4] 004:apply-rope: 0.000001000 seconds
[token:194, layer:4] 005:compute-attention: 0.000033000 seconds
[token:194, layer:4] 006:attention-output: 0.000036000 seconds
[token:194, layer:4] 007:ffn-norm: 0.000000000 seconds
[token:194, layer:4] 008:ffn-up-projection: 0.000188000 seconds
[token:194, layer:4] 009:ffn-swiglu: 0.000002000 seconds
[token:194, layer:4] 010:ffn-down-projection: 0.000136000 seconds
[token:194, layer:4] 102:layer-compute-total: 0.000503000 seconds
[token:194, layer:5] 002:attention-norm: 0.000001000 seconds
[token:194, layer:5] 003:qkv-projection: 0.000106000 seconds
[token:194, layer:5] 004:apply-rope: 0.000002000 seconds
[token:194, layer:5] 005:compute-attention: 0.000030000 seconds
[token:194, layer:5] 006:attention-output: 0.000036000 seconds
[token:194, layer:5] 007:ffn-norm: 0.000000000 seconds
[token:194, layer:5] 008:ffn-up-projection: 0.000187000 seconds
[token:194, layer:5] 009:ffn-swiglu: 0.000001000 seconds
[token:194, layer:5] 010:ffn-down-projection: 0.000138000 seconds
[token:194, layer:5] 102:layer-compute-total: 0.000501000 seconds
[token:194] 011:final-projection: 0.004163000 seconds
[token:194] 103:forward-compute-total: 0.007168000 seconds
[token:195] 001:embedding-lookup: 0.000000000 seconds
[token:195, layer:0] 002:attention-norm: 0.000001000 seconds
[token:195, layer:0] 003:qkv-projection: 0.000115000 seconds
[token:195, layer:0] 004:apply-rope: 0.000002000 seconds
[token:195, layer:0] 005:compute-attention: 0.000042000 seconds
[token:195, layer:0] 006:attention-output: 0.000036000 seconds
[token:195, layer:0] 007:ffn-norm: 0.000000000 seconds
[token:195, layer:0] 008:ffn-up-projection: 0.000187000 seconds
[token:195, layer:0] 009:ffn-swiglu: 0.000001000 seconds
[token:195, layer:0] 010:ffn-down-projection: 0.000134000 seconds
[token:195, layer:0] 102:layer-compute-total: 0.000518000 seconds
[token:195, layer:1] 002:attention-norm: 0.000000000 seconds
[token:195, layer:1] 003:qkv-projection: 0.000106000 seconds
[token:195, layer:1] 004:apply-rope: 0.000001000 seconds
[token:195, layer:1] 005:compute-attention: 0.000044000 seconds
[token:195, layer:1] 006:attention-output: 0.000035000 seconds
[token:195, layer:1] 007:ffn-norm: 0.000001000 seconds
[token:195, layer:1] 008:ffn-up-projection: 0.000186000 seconds
[token:195, layer:1] 009:ffn-swiglu: 0.000001000 seconds
[token:195, layer:1] 010:ffn-down-projection: 0.000134000 seconds
[token:195, layer:1] 102:layer-compute-total: 0.000508000 seconds
[token:195, layer:2] 002:attention-norm: 0.000001000 seconds
[token:195, layer:2] 003:qkv-projection: 0.000105000 seconds
[token:195, layer:2] 004:apply-rope: 0.000001000 seconds
[token:195, layer:2] 005:compute-attention: 0.000042000 seconds
[token:195, layer:2] 006:attention-output: 0.000035000 seconds
[token:195, layer:2] 007:ffn-norm: 0.000001000 seconds
[token:195, layer:2] 008:ffn-up-projection: 0.000187000 seconds
[token:195, layer:2] 009:ffn-swiglu: 0.000001000 seconds
[token:195, layer:2] 010:ffn-down-projection: 0.000134000 seconds
[token:195, layer:2] 102:layer-compute-total: 0.000507000 seconds
[token:195, layer:3] 002:attention-norm: 0.000001000 seconds
[token:195, layer:3] 003:qkv-projection: 0.000105000 seconds
[token:195, layer:3] 004:apply-rope: 0.000001000 seconds
[token:195, layer:3] 005:compute-attention: 0.000041000 seconds
[token:195, layer:3] 006:attention-output: 0.000035000 seconds
[token:195, layer:3] 007:ffn-norm: 0.000001000 seconds
[token:195, layer:3] 008:ffn-up-projection: 0.000193000 seconds
[token:195, layer:3] 009:ffn-swiglu: 0.000001000 seconds
[token:195, layer:3] 010:ffn-down-projection: 0.000135000 seconds
[token:195, layer:3] 102:layer-compute-total: 0.000513000 seconds
[token:195, layer:4] 002:attention-norm: 0.000000000 seconds
[token:195, layer:4] 003:qkv-projection: 0.000106000 seconds
[token:195, layer:4] 004:apply-rope: 0.000002000 seconds
[token:195, layer:4] 005:compute-attention: 0.000042000 seconds
[token:195, layer:4] 006:attention-output: 0.000035000 seconds
[token:195, layer:4] 007:ffn-norm: 0.000000000 seconds
[token:195, layer:4] 008:ffn-up-projection: 0.000187000 seconds
[token:195, layer:4] 009:ffn-swiglu: 0.000001000 seconds
[token:195, layer:4] 010:ffn-down-projection: 0.000134000 seconds
[token:195, layer:4] 102:layer-compute-total: 0.000507000 seconds
[token:195, layer:5] 002:attention-norm: 0.000001000 seconds
[token:195, layer:5] 003:qkv-projection: 0.000106000 seconds
[token:195, layer:5] 004:apply-rope: 0.000001000 seconds
[token:195, layer:5] 005:compute-attention: 0.000041000 seconds
[token:195, layer:5] 006:attention-output: 0.000035000 seconds
[token:195, layer:5] 007:ffn-norm: 0.000001000 seconds
[token:195, layer:5] 008:ffn-up-projection: 0.000187000 seconds
[token:195, layer:5] 009:ffn-swiglu: 0.000001000 seconds
[token:195, layer:5] 010:ffn-down-projection: 0.000134000 seconds
[token:195, layer:5] 102:layer-compute-total: 0.000507000 seconds
[token:195] 011:final-projection: 0.003975000 seconds
[token:195] 103:forward-compute-total: 0.007035000 seconds
[token:196] 001:embedding-lookup: 0.000001000 seconds
[token:196, layer:0] 002:attention-norm: 0.000000000 seconds
[token:196, layer:0] 003:qkv-projection: 0.000111000 seconds
[token:196, layer:0] 004:apply-rope: 0.000001000 seconds
[token:196, layer:0] 005:compute-attention: 0.000033000 seconds
[token:196, layer:0] 006:attention-output: 0.000035000 seconds
[token:196, layer:0] 007:ffn-norm: 0.000000000 seconds
[token:196, layer:0] 008:ffn-up-projection: 0.000187000 seconds
[token:196, layer:0] 009:ffn-swiglu: 0.000001000 seconds
[token:196, layer:0] 010:ffn-down-projection: 0.000134000 seconds
[token:196, layer:0] 102:layer-compute-total: 0.000502000 seconds
[token:196, layer:1] 002:attention-norm: 0.000001000 seconds
[token:196, layer:1] 003:qkv-projection: 0.000105000 seconds
[token:196, layer:1] 004:apply-rope: 0.000001000 seconds
[token:196, layer:1] 005:compute-attention: 0.000034000 seconds
[token:196, layer:1] 006:attention-output: 0.000035000 seconds
[token:196, layer:1] 007:ffn-norm: 0.000000000 seconds
[token:196, layer:1] 008:ffn-up-projection: 0.000187000 seconds
[token:196, layer:1] 009:ffn-swiglu: 0.000001000 seconds
[token:196, layer:1] 010:ffn-down-projection: 0.000138000 seconds
[token:196, layer:1] 102:layer-compute-total: 0.000502000 seconds
[token:196, layer:2] 002:attention-norm: 0.000001000 seconds
[token:196, layer:2] 003:qkv-projection: 0.000106000 seconds
[token:196, layer:2] 004:apply-rope: 0.000002000 seconds
[token:196, layer:2] 005:compute-attention: 0.000032000 seconds
[token:196, layer:2] 006:attention-output: 0.000035000 seconds
[token:196, layer:2] 007:ffn-norm: 0.000000000 seconds
[token:196, layer:2] 008:ffn-up-projection: 0.000187000 seconds
[token:196, layer:2] 009:ffn-swiglu: 0.000001000 seconds
[token:196, layer:2] 010:ffn-down-projection: 0.000134000 seconds
[token:196, layer:2] 102:layer-compute-total: 0.000498000 seconds
[token:196, layer:3] 002:attention-norm: 0.000001000 seconds
[token:196, layer:3] 003:qkv-projection: 0.000105000 seconds
[token:196, layer:3] 004:apply-rope: 0.000001000 seconds
[token:196, layer:3] 005:compute-attention: 0.000031000 seconds
[token:196, layer:3] 006:attention-output: 0.000035000 seconds
[token:196, layer:3] 007:ffn-norm: 0.000000000 seconds
[token:196, layer:3] 008:ffn-up-projection: 0.000187000 seconds
[token:196, layer:3] 009:ffn-swiglu: 0.000001000 seconds
[token:196, layer:3] 010:ffn-down-projection: 0.000134000 seconds
[token:196, layer:3] 102:layer-compute-total: 0.000495000 seconds
[token:196, layer:4] 002:attention-norm: 0.000000000 seconds
[token:196, layer:4] 003:qkv-projection: 0.000106000 seconds
[token:196, layer:4] 004:apply-rope: 0.000001000 seconds
[token:196, layer:4] 005:compute-attention: 0.000033000 seconds
[token:196, layer:4] 006:attention-output: 0.000036000 seconds
[token:196, layer:4] 007:ffn-norm: 0.000001000 seconds
[token:196, layer:4] 008:ffn-up-projection: 0.000187000 seconds
[token:196, layer:4] 009:ffn-swiglu: 0.000001000 seconds
[token:196, layer:4] 010:ffn-down-projection: 0.000135000 seconds
[token:196, layer:4] 102:layer-compute-total: 0.000500000 seconds
[token:196, layer:5] 002:attention-norm: 0.000000000 seconds
[token:196, layer:5] 003:qkv-projection: 0.000105000 seconds
[token:196, layer:5] 004:apply-rope: 0.000002000 seconds
[token:196, layer:5] 005:compute-attention: 0.000031000 seconds
[token:196, layer:5] 006:attention-output: 0.000035000 seconds
[token:196, layer:5] 007:ffn-norm: 0.000000000 seconds
[token:196, layer:5] 008:ffn-up-projection: 0.000187000 seconds
[token:196, layer:5] 009:ffn-swiglu: 0.000001000 seconds
[token:196, layer:5] 010:ffn-down-projection: 0.000134000 seconds
[token:196, layer:5] 102:layer-compute-total: 0.000495000 seconds
[token:196] 011:final-projection: 0.004140000 seconds
[token:196] 103:forward-compute-total: 0.007133000 seconds
[token:197] 001:embedding-lookup: 0.000000000 seconds
[token:197, layer:0] 002:attention-norm: 0.000001000 seconds
[token:197, layer:0] 003:qkv-projection: 0.000109000 seconds
[token:197, layer:0] 004:apply-rope: 0.000002000 seconds
[token:197, layer:0] 005:compute-attention: 0.000039000 seconds
[token:197, layer:0] 006:attention-output: 0.000036000 seconds
[token:197, layer:0] 007:ffn-norm: 0.000001000 seconds
[token:197, layer:0] 008:ffn-up-projection: 0.000193000 seconds
[token:197, layer:0] 009:ffn-swiglu: 0.000001000 seconds
[token:197, layer:0] 010:ffn-down-projection: 0.000147000 seconds
[token:197, layer:0] 102:layer-compute-total: 0.000529000 seconds
[token:197, layer:1] 002:attention-norm: 0.000000000 seconds
[token:197, layer:1] 003:qkv-projection: 0.000131000 seconds
[token:197, layer:1] 004:apply-rope: 0.000002000 seconds
[token:197, layer:1] 005:compute-attention: 0.000051000 seconds
[token:197, layer:1] 006:attention-output: 0.000062000 seconds
[token:197, layer:1] 007:ffn-norm: 0.000000000 seconds
[token:197, layer:1] 008:ffn-up-projection: 0.000198000 seconds
[token:197, layer:1] 009:ffn-swiglu: 0.000001000 seconds
[token:197, layer:1] 010:ffn-down-projection: 0.000133000 seconds
[token:197, layer:1] 102:layer-compute-total: 0.000578000 seconds
[token:197, layer:2] 002:attention-norm: 0.000001000 seconds
[token:197, layer:2] 003:qkv-projection: 0.000111000 seconds
[token:197, layer:2] 004:apply-rope: 0.000001000 seconds
[token:197, layer:2] 005:compute-attention: 0.000047000 seconds
[token:197, layer:2] 006:attention-output: 0.000038000 seconds
[token:197, layer:2] 007:ffn-norm: 0.000000000 seconds
[token:197, layer:2] 008:ffn-up-projection: 0.000190000 seconds
[token:197, layer:2] 009:ffn-swiglu: 0.000001000 seconds
[token:197, layer:2] 010:ffn-down-projection: 0.000139000 seconds
[token:197, layer:2] 102:layer-compute-total: 0.000528000 seconds
[token:197, layer:3] 002:attention-norm: 0.000001000 seconds
[token:197, layer:3] 003:qkv-projection: 0.000107000 seconds
[token:197, layer:3] 004:apply-rope: 0.000001000 seconds
[token:197, layer:3] 005:compute-attention: 0.000046000 seconds
[token:197, layer:3] 006:attention-output: 0.000036000 seconds
[token:197, layer:3] 007:ffn-norm: 0.000000000 seconds
[token:197, layer:3] 008:ffn-up-projection: 0.000190000 seconds
[token:197, layer:3] 009:ffn-swiglu: 0.000001000 seconds
[token:197, layer:3] 010:ffn-down-projection: 0.000136000 seconds
[token:197, layer:3] 102:layer-compute-total: 0.000518000 seconds
[token:197, layer:4] 002:attention-norm: 0.000001000 seconds
[token:197, layer:4] 003:qkv-projection: 0.000112000 seconds
[token:197, layer:4] 004:apply-rope: 0.000001000 seconds
[token:197, layer:4] 005:compute-attention: 0.000049000 seconds
[token:197, layer:4] 006:attention-output: 0.000036000 seconds
[token:197, layer:4] 007:ffn-norm: 0.000000000 seconds
[token:197, layer:4] 008:ffn-up-projection: 0.000190000 seconds
[token:197, layer:4] 009:ffn-swiglu: 0.000001000 seconds
[token:197, layer:4] 010:ffn-down-projection: 0.000135000 seconds
[token:197, layer:4] 102:layer-compute-total: 0.000525000 seconds
[token:197, layer:5] 002:attention-norm: 0.000000000 seconds
[token:197, layer:5] 003:qkv-projection: 0.000107000 seconds
[token:197, layer:5] 004:apply-rope: 0.000002000 seconds
[token:197, layer:5] 005:compute-attention: 0.000047000 seconds
[token:197, layer:5] 006:attention-output: 0.000036000 seconds
[token:197, layer:5] 007:ffn-norm: 0.000001000 seconds
[token:197, layer:5] 008:ffn-up-projection: 0.000190000 seconds
[token:197, layer:5] 009:ffn-swiglu: 0.000001000 seconds
[token:197, layer:5] 010:ffn-down-projection: 0.000137000 seconds
[token:197, layer:5] 102:layer-compute-total: 0.000521000 seconds
[token:197] 011:final-projection: 0.004013000 seconds
[token:197] 103:forward-compute-total: 0.007212000 seconds
[token:198] 001:embedding-lookup: 0.000000000 seconds
[token:198, layer:0] 002:attention-norm: 0.000000000 seconds
[token:198, layer:0] 003:qkv-projection: 0.000116000 seconds
[token:198, layer:0] 004:apply-rope: 0.000002000 seconds
[token:198, layer:0] 005:compute-attention: 0.000044000 seconds
[token:198, layer:0] 006:attention-output: 0.000036000 seconds
[token:198, layer:0] 007:ffn-norm: 0.000000000 seconds
[token:198, layer:0] 008:ffn-up-projection: 0.000201000 seconds
[token:198, layer:0] 009:ffn-swiglu: 0.000001000 seconds
[token:198, layer:0] 010:ffn-down-projection: 0.000141000 seconds
[token:198, layer:0] 102:layer-compute-total: 0.000541000 seconds
[token:198, layer:1] 002:attention-norm: 0.000001000 seconds
[token:198, layer:1] 003:qkv-projection: 0.000106000 seconds
[token:198, layer:1] 004:apply-rope: 0.000001000 seconds
[token:198, layer:1] 005:compute-attention: 0.000045000 seconds
[token:198, layer:1] 006:attention-output: 0.000038000 seconds
[token:198, layer:1] 007:ffn-norm: 0.000000000 seconds
[token:198, layer:1] 008:ffn-up-projection: 0.000199000 seconds
[token:198, layer:1] 009:ffn-swiglu: 0.000001000 seconds
[token:198, layer:1] 010:ffn-down-projection: 0.000135000 seconds
[token:198, layer:1] 102:layer-compute-total: 0.000526000 seconds
[token:198, layer:2] 002:attention-norm: 0.000000000 seconds
[token:198, layer:2] 003:qkv-projection: 0.000109000 seconds
[token:198, layer:2] 004:apply-rope: 0.000002000 seconds
[token:198, layer:2] 005:compute-attention: 0.000044000 seconds
[token:198, layer:2] 006:attention-output: 0.000036000 seconds
[token:198, layer:2] 007:ffn-norm: 0.000001000 seconds
[token:198, layer:2] 008:ffn-up-projection: 0.000187000 seconds
[token:198, layer:2] 009:ffn-swiglu: 0.000001000 seconds
[token:198, layer:2] 010:ffn-down-projection: 0.000140000 seconds
[token:198, layer:2] 102:layer-compute-total: 0.000520000 seconds
[token:198, layer:3] 002:attention-norm: 0.000001000 seconds
[token:198, layer:3] 003:qkv-projection: 0.000109000 seconds
[token:198, layer:3] 004:apply-rope: 0.000002000 seconds
[token:198, layer:3] 005:compute-attention: 0.000045000 seconds
[token:198, layer:3] 006:attention-output: 0.000036000 seconds
[token:198, layer:3] 007:ffn-norm: 0.000000000 seconds
[token:198, layer:3] 008:ffn-up-projection: 0.000195000 seconds
[token:198, layer:3] 009:ffn-swiglu: 0.000002000 seconds
[token:198, layer:3] 010:ffn-down-projection: 0.000136000 seconds
[token:198, layer:3] 102:layer-compute-total: 0.000526000 seconds
[token:198, layer:4] 002:attention-norm: 0.000001000 seconds
[token:198, layer:4] 003:qkv-projection: 0.000105000 seconds
[token:198, layer:4] 004:apply-rope: 0.000001000 seconds
[token:198, layer:4] 005:compute-attention: 0.000042000 seconds
[token:198, layer:4] 006:attention-output: 0.000035000 seconds
[token:198, layer:4] 007:ffn-norm: 0.000001000 seconds
[token:198, layer:4] 008:ffn-up-projection: 0.000192000 seconds
[token:198, layer:4] 009:ffn-swiglu: 0.000001000 seconds
[token:198, layer:4] 010:ffn-down-projection: 0.000136000 seconds
[token:198, layer:4] 102:layer-compute-total: 0.000514000 seconds
[token:198, layer:5] 002:attention-norm: 0.000001000 seconds
[token:198, layer:5] 003:qkv-projection: 0.000107000 seconds
[token:198, layer:5] 004:apply-rope: 0.000001000 seconds
[token:198, layer:5] 005:compute-attention: 0.000042000 seconds
[token:198, layer:5] 006:attention-output: 0.000038000 seconds
[token:198, layer:5] 007:ffn-norm: 0.000000000 seconds
[token:198, layer:5] 008:ffn-up-projection: 0.000191000 seconds
[token:198, layer:5] 009:ffn-swiglu: 0.000001000 seconds
[token:198, layer:5] 010:ffn-down-projection: 0.000134000 seconds
[token:198, layer:5] 102:layer-compute-total: 0.000515000 seconds
[token:198] 011:final-projection: 0.004146000 seconds
[token:198] 103:forward-compute-total: 0.007288000 seconds
[token:199] 001:embedding-lookup: 0.000000000 seconds
[token:199, layer:0] 002:attention-norm: 0.000000000 seconds
[token:199, layer:0] 003:qkv-projection: 0.000114000 seconds
[token:199, layer:0] 004:apply-rope: 0.000002000 seconds
[token:199, layer:0] 005:compute-attention: 0.000044000 seconds
[token:199, layer:0] 006:attention-output: 0.000037000 seconds
[token:199, layer:0] 007:ffn-norm: 0.000001000 seconds
[token:199, layer:0] 008:ffn-up-projection: 0.000215000 seconds
[token:199, layer:0] 009:ffn-swiglu: 0.000002000 seconds
[token:199, layer:0] 010:ffn-down-projection: 0.000139000 seconds
[token:199, layer:0] 102:layer-compute-total: 0.000554000 seconds
[token:199, layer:1] 002:attention-norm: 0.000001000 seconds
[token:199, layer:1] 003:qkv-projection: 0.000111000 seconds
[token:199, layer:1] 004:apply-rope: 0.000002000 seconds
[token:199, layer:1] 005:compute-attention: 0.000045000 seconds
[token:199, layer:1] 006:attention-output: 0.000036000 seconds
[token:199, layer:1] 007:ffn-norm: 0.000001000 seconds
[token:199, layer:1] 008:ffn-up-projection: 0.000191000 seconds
[token:199, layer:1] 009:ffn-swiglu: 0.000001000 seconds
[token:199, layer:1] 010:ffn-down-projection: 0.000136000 seconds
[token:199, layer:1] 102:layer-compute-total: 0.000524000 seconds
[token:199, layer:2] 002:attention-norm: 0.000001000 seconds
[token:199, layer:2] 003:qkv-projection: 0.000110000 seconds
[token:199, layer:2] 004:apply-rope: 0.000001000 seconds
[token:199, layer:2] 005:compute-attention: 0.000041000 seconds
[token:199, layer:2] 006:attention-output: 0.000036000 seconds
[token:199, layer:2] 007:ffn-norm: 0.000000000 seconds
[token:199, layer:2] 008:ffn-up-projection: 0.000191000 seconds
[token:199, layer:2] 009:ffn-swiglu: 0.000001000 seconds
[token:199, layer:2] 010:ffn-down-projection: 0.000136000 seconds
[token:199, layer:2] 102:layer-compute-total: 0.000517000 seconds
[token:199, layer:3] 002:attention-norm: 0.000000000 seconds
[token:199, layer:3] 003:qkv-projection: 0.000113000 seconds
[token:199, layer:3] 004:apply-rope: 0.000008000 seconds
[token:199, layer:3] 005:compute-attention: 0.000052000 seconds
[token:199, layer:3] 006:attention-output: 0.000038000 seconds
[token:199, layer:3] 007:ffn-norm: 0.000001000 seconds
[token:199, layer:3] 008:ffn-up-projection: 0.000198000 seconds
[token:199, layer:3] 009:ffn-swiglu: 0.000001000 seconds
[token:199, layer:3] 010:ffn-down-projection: 0.000142000 seconds
[token:199, layer:3] 102:layer-compute-total: 0.000553000 seconds
[token:199, layer:4] 002:attention-norm: 0.000001000 seconds
[token:199, layer:4] 003:qkv-projection: 0.000109000 seconds
[token:199, layer:4] 004:apply-rope: 0.000001000 seconds
[token:199, layer:4] 005:compute-attention: 0.000055000 seconds
[token:199, layer:4] 006:attention-output: 0.000043000 seconds
[token:199, layer:4] 007:ffn-norm: 0.000000000 seconds
[token:199, layer:4] 008:ffn-up-projection: 0.000192000 seconds
[token:199, layer:4] 009:ffn-swiglu: 0.000001000 seconds
[token:199, layer:4] 010:ffn-down-projection: 0.000142000 seconds
[token:199, layer:4] 102:layer-compute-total: 0.000544000 seconds
[token:199, layer:5] 002:attention-norm: 0.000000000 seconds
[token:199, layer:5] 003:qkv-projection: 0.000113000 seconds
[token:199, layer:5] 004:apply-rope: 0.000002000 seconds
[token:199, layer:5] 005:compute-attention: 0.000046000 seconds
[token:199, layer:5] 006:attention-output: 0.000036000 seconds
[token:199, layer:5] 007:ffn-norm: 0.000000000 seconds
[token:199, layer:5] 008:ffn-up-projection: 0.000192000 seconds
[token:199, layer:5] 009:ffn-swiglu: 0.000001000 seconds
[token:199, layer:5] 010:ffn-down-projection: 0.000135000 seconds
[token:199, layer:5] 102:layer-compute-total: 0.000525000 seconds
[token:199] 011:final-projection: 0.003961000 seconds
[token:199] 103:forward-compute-total: 0.007178000 seconds
achieved tok/s: 126.188966
