[token:0] 001:embedding-lookup: 0.000006000 seconds
[token:0, layer:0] 002:attention-norm: 0.000021000 seconds
[token:0, layer:0] 003:qkv-projection: 0.000325000 seconds
[token:0, layer:0] 004:apply-rope: 0.000004000 seconds
[token:0, layer:0] 005:compute-attention: 0.000001000 seconds
[token:0, layer:0] 006:attention-output: 0.000108000 seconds
[token:0, layer:0] 007:ffn-norm: 0.000003000 seconds
[token:0, layer:0] 008:ffn-up-projection: 0.000560000 seconds
[token:0, layer:0] 009:ffn-swiglu: 0.000004000 seconds
[token:0, layer:0] 010:ffn-down-projection: 0.000293000 seconds
[token:0, layer:0] 102:layer-compute-total: 0.001319000 seconds
[token:0, layer:1] 002:attention-norm: 0.000000000 seconds
[token:0, layer:1] 003:qkv-projection: 0.000322000 seconds
[token:0, layer:1] 004:apply-rope: 0.000003000 seconds
[token:0, layer:1] 005:compute-attention: 0.000001000 seconds
[token:0, layer:1] 006:attention-output: 0.000110000 seconds
[token:0, layer:1] 007:ffn-norm: 0.000001000 seconds
[token:0, layer:1] 008:ffn-up-projection: 0.000673000 seconds
[token:0, layer:1] 009:ffn-swiglu: 0.000003000 seconds
[token:0, layer:1] 010:ffn-down-projection: 0.000441000 seconds
[token:0, layer:1] 102:layer-compute-total: 0.001554000 seconds
[token:0, layer:2] 002:attention-norm: 0.000000000 seconds
[token:0, layer:2] 003:qkv-projection: 0.000382000 seconds
[token:0, layer:2] 004:apply-rope: 0.000003000 seconds
[token:0, layer:2] 005:compute-attention: 0.000002000 seconds
[token:0, layer:2] 006:attention-output: 0.000125000 seconds
[token:0, layer:2] 007:ffn-norm: 0.000001000 seconds
[token:0, layer:2] 008:ffn-up-projection: 0.000637000 seconds
[token:0, layer:2] 009:ffn-swiglu: 0.000003000 seconds
[token:0, layer:2] 010:ffn-down-projection: 0.000376000 seconds
[token:0, layer:2] 102:layer-compute-total: 0.001529000 seconds
[token:0, layer:3] 002:attention-norm: 0.000001000 seconds
[token:0, layer:3] 003:qkv-projection: 0.000324000 seconds
[token:0, layer:3] 004:apply-rope: 0.000003000 seconds
[token:0, layer:3] 005:compute-attention: 0.000001000 seconds
[token:0, layer:3] 006:attention-output: 0.000107000 seconds
[token:0, layer:3] 007:ffn-norm: 0.000000000 seconds
[token:0, layer:3] 008:ffn-up-projection: 0.000569000 seconds
[token:0, layer:3] 009:ffn-swiglu: 0.000002000 seconds
[token:0, layer:3] 010:ffn-down-projection: 0.000376000 seconds
[token:0, layer:3] 102:layer-compute-total: 0.001383000 seconds
[token:0, layer:4] 002:attention-norm: 0.000000000 seconds
[token:0, layer:4] 003:qkv-projection: 0.000325000 seconds
[token:0, layer:4] 004:apply-rope: 0.000002000 seconds
[token:0, layer:4] 005:compute-attention: 0.000000000 seconds
[token:0, layer:4] 006:attention-output: 0.000108000 seconds
[token:0, layer:4] 007:ffn-norm: 0.000001000 seconds
[token:0, layer:4] 008:ffn-up-projection: 0.000569000 seconds
[token:0, layer:4] 009:ffn-swiglu: 0.000002000 seconds
[token:0, layer:4] 010:ffn-down-projection: 0.000376000 seconds
[token:0, layer:4] 102:layer-compute-total: 0.001383000 seconds
[token:0, layer:5] 002:attention-norm: 0.000001000 seconds
[token:0, layer:5] 003:qkv-projection: 0.000319000 seconds
[token:0, layer:5] 004:apply-rope: 0.000002000 seconds
[token:0, layer:5] 005:compute-attention: 0.000000000 seconds
[token:0, layer:5] 006:attention-output: 0.000106000 seconds
[token:0, layer:5] 007:ffn-norm: 0.000000000 seconds
[token:0, layer:5] 008:ffn-up-projection: 0.000426000 seconds
[token:0, layer:5] 009:ffn-swiglu: 0.000001000 seconds
[token:0, layer:5] 010:ffn-down-projection: 0.000177000 seconds
[token:0, layer:5] 102:layer-compute-total: 0.001032000 seconds
[token:0] 011:final-projection: 0.005989000 seconds
[token:0] 103:forward-compute-total: 0.014195000 seconds
[token:1] 001:embedding-lookup: 0.000001000 seconds
[token:1, layer:0] 002:attention-norm: 0.000001000 seconds
[token:1, layer:0] 003:qkv-projection: 0.000212000 seconds
[token:1, layer:0] 004:apply-rope: 0.000003000 seconds
[token:1, layer:0] 005:compute-attention: 0.000001000 seconds
[token:1, layer:0] 006:attention-output: 0.000071000 seconds
[token:1, layer:0] 007:ffn-norm: 0.000000000 seconds
[token:1, layer:0] 008:ffn-up-projection: 0.000203000 seconds
[token:1, layer:0] 009:ffn-swiglu: 0.000001000 seconds
[token:1, layer:0] 010:ffn-down-projection: 0.000138000 seconds
[token:1, layer:0] 102:layer-compute-total: 0.000630000 seconds
[token:1, layer:1] 002:attention-norm: 0.000000000 seconds
[token:1, layer:1] 003:qkv-projection: 0.000113000 seconds
[token:1, layer:1] 004:apply-rope: 0.000002000 seconds
[token:1, layer:1] 005:compute-attention: 0.000001000 seconds
[token:1, layer:1] 006:attention-output: 0.000061000 seconds
[token:1, layer:1] 007:ffn-norm: 0.000001000 seconds
[token:1, layer:1] 008:ffn-up-projection: 0.000324000 seconds
[token:1, layer:1] 009:ffn-swiglu: 0.000002000 seconds
[token:1, layer:1] 010:ffn-down-projection: 0.000231000 seconds
[token:1, layer:1] 102:layer-compute-total: 0.000735000 seconds
[token:1, layer:2] 002:attention-norm: 0.000000000 seconds
[token:1, layer:2] 003:qkv-projection: 0.000183000 seconds
[token:1, layer:2] 004:apply-rope: 0.000002000 seconds
[token:1, layer:2] 005:compute-attention: 0.000001000 seconds
[token:1, layer:2] 006:attention-output: 0.000061000 seconds
[token:1, layer:2] 007:ffn-norm: 0.000001000 seconds
[token:1, layer:2] 008:ffn-up-projection: 0.000324000 seconds
[token:1, layer:2] 009:ffn-swiglu: 0.000002000 seconds
[token:1, layer:2] 010:ffn-down-projection: 0.000231000 seconds
[token:1, layer:2] 102:layer-compute-total: 0.000805000 seconds
[token:1, layer:3] 002:attention-norm: 0.000001000 seconds
[token:1, layer:3] 003:qkv-projection: 0.000183000 seconds
[token:1, layer:3] 004:apply-rope: 0.000002000 seconds
[token:1, layer:3] 005:compute-attention: 0.000001000 seconds
[token:1, layer:3] 006:attention-output: 0.000061000 seconds
[token:1, layer:3] 007:ffn-norm: 0.000000000 seconds
[token:1, layer:3] 008:ffn-up-projection: 0.000325000 seconds
[token:1, layer:3] 009:ffn-swiglu: 0.000001000 seconds
[token:1, layer:3] 010:ffn-down-projection: 0.000232000 seconds
[token:1, layer:3] 102:layer-compute-total: 0.000806000 seconds
[token:1, layer:4] 002:attention-norm: 0.000001000 seconds
[token:1, layer:4] 003:qkv-projection: 0.000183000 seconds
[token:1, layer:4] 004:apply-rope: 0.000002000 seconds
[token:1, layer:4] 005:compute-attention: 0.000001000 seconds
[token:1, layer:4] 006:attention-output: 0.000061000 seconds
[token:1, layer:4] 007:ffn-norm: 0.000001000 seconds
[token:1, layer:4] 008:ffn-up-projection: 0.000324000 seconds
[token:1, layer:4] 009:ffn-swiglu: 0.000002000 seconds
[token:1, layer:4] 010:ffn-down-projection: 0.000231000 seconds
[token:1, layer:4] 102:layer-compute-total: 0.000806000 seconds
[token:1, layer:5] 002:attention-norm: 0.000000000 seconds
[token:1, layer:5] 003:qkv-projection: 0.000183000 seconds
[token:1, layer:5] 004:apply-rope: 0.000002000 seconds
[token:1, layer:5] 005:compute-attention: 0.000001000 seconds
[token:1, layer:5] 006:attention-output: 0.000061000 seconds
[token:1, layer:5] 007:ffn-norm: 0.000000000 seconds
[token:1, layer:5] 008:ffn-up-projection: 0.000324000 seconds
[token:1, layer:5] 009:ffn-swiglu: 0.000002000 seconds
[token:1, layer:5] 010:ffn-down-projection: 0.000232000 seconds
[token:1, layer:5] 102:layer-compute-total: 0.000805000 seconds
[token:1] 011:final-projection: 0.005174000 seconds
[token:1] 103:forward-compute-total: 0.009762000 seconds
[token:2] 001:embedding-lookup: 0.000000000 seconds
[token:2, layer:0] 002:attention-norm: 0.000000000 seconds
[token:2, layer:0] 003:qkv-projection: 0.000117000 seconds
[token:2, layer:0] 004:apply-rope: 0.000002000 seconds
[token:2, layer:0] 005:compute-attention: 0.000001000 seconds
[token:2, layer:0] 006:attention-output: 0.000039000 seconds
[token:2, layer:0] 007:ffn-norm: 0.000000000 seconds
[token:2, layer:0] 008:ffn-up-projection: 0.000207000 seconds
[token:2, layer:0] 009:ffn-swiglu: 0.000001000 seconds
[token:2, layer:0] 010:ffn-down-projection: 0.000199000 seconds
[token:2, layer:0] 102:layer-compute-total: 0.000566000 seconds
[token:2, layer:1] 002:attention-norm: 0.000000000 seconds
[token:2, layer:1] 003:qkv-projection: 0.000139000 seconds
[token:2, layer:1] 004:apply-rope: 0.000002000 seconds
[token:2, layer:1] 005:compute-attention: 0.000001000 seconds
[token:2, layer:1] 006:attention-output: 0.000039000 seconds
[token:2, layer:1] 007:ffn-norm: 0.000001000 seconds
[token:2, layer:1] 008:ffn-up-projection: 0.000206000 seconds
[token:2, layer:1] 009:ffn-swiglu: 0.000002000 seconds
[token:2, layer:1] 010:ffn-down-projection: 0.000147000 seconds
[token:2, layer:1] 102:layer-compute-total: 0.000537000 seconds
[token:2, layer:2] 002:attention-norm: 0.000001000 seconds
[token:2, layer:2] 003:qkv-projection: 0.000116000 seconds
[token:2, layer:2] 004:apply-rope: 0.000001000 seconds
[token:2, layer:2] 005:compute-attention: 0.000001000 seconds
[token:2, layer:2] 006:attention-output: 0.000039000 seconds
[token:2, layer:2] 007:ffn-norm: 0.000000000 seconds
[token:2, layer:2] 008:ffn-up-projection: 0.000207000 seconds
[token:2, layer:2] 009:ffn-swiglu: 0.000001000 seconds
[token:2, layer:2] 010:ffn-down-projection: 0.000147000 seconds
[token:2, layer:2] 102:layer-compute-total: 0.000513000 seconds
[token:2, layer:3] 002:attention-norm: 0.000000000 seconds
[token:2, layer:3] 003:qkv-projection: 0.000160000 seconds
[token:2, layer:3] 004:apply-rope: 0.000001000 seconds
[token:2, layer:3] 005:compute-attention: 0.000001000 seconds
[token:2, layer:3] 006:attention-output: 0.000055000 seconds
[token:2, layer:3] 007:ffn-norm: 0.000000000 seconds
[token:2, layer:3] 008:ffn-up-projection: 0.000292000 seconds
[token:2, layer:3] 009:ffn-swiglu: 0.000001000 seconds
[token:2, layer:3] 010:ffn-down-projection: 0.000148000 seconds
[token:2, layer:3] 102:layer-compute-total: 0.000658000 seconds
[token:2, layer:4] 002:attention-norm: 0.000000000 seconds
[token:2, layer:4] 003:qkv-projection: 0.000116000 seconds
[token:2, layer:4] 004:apply-rope: 0.000001000 seconds
[token:2, layer:4] 005:compute-attention: 0.000001000 seconds
[token:2, layer:4] 006:attention-output: 0.000039000 seconds
[token:2, layer:4] 007:ffn-norm: 0.000000000 seconds
[token:2, layer:4] 008:ffn-up-projection: 0.000209000 seconds
[token:2, layer:4] 009:ffn-swiglu: 0.000001000 seconds
[token:2, layer:4] 010:ffn-down-projection: 0.000153000 seconds
[token:2, layer:4] 102:layer-compute-total: 0.000520000 seconds
[token:2, layer:5] 002:attention-norm: 0.000001000 seconds
[token:2, layer:5] 003:qkv-projection: 0.000120000 seconds
[token:2, layer:5] 004:apply-rope: 0.000001000 seconds
[token:2, layer:5] 005:compute-attention: 0.000001000 seconds
[token:2, layer:5] 006:attention-output: 0.000040000 seconds
[token:2, layer:5] 007:ffn-norm: 0.000001000 seconds
[token:2, layer:5] 008:ffn-up-projection: 0.000215000 seconds
[token:2, layer:5] 009:ffn-swiglu: 0.000001000 seconds
[token:2, layer:5] 010:ffn-down-projection: 0.000165000 seconds
[token:2, layer:5] 102:layer-compute-total: 0.000545000 seconds
[token:2] 011:final-projection: 0.005050000 seconds
[token:2] 103:forward-compute-total: 0.008389000 seconds
[token:3] 001:embedding-lookup: 0.000001000 seconds
[token:3, layer:0] 002:attention-norm: 0.000000000 seconds
[token:3, layer:0] 003:qkv-projection: 0.000122000 seconds
[token:3, layer:0] 004:apply-rope: 0.000002000 seconds
[token:3, layer:0] 005:compute-attention: 0.000001000 seconds
[token:3, layer:0] 006:attention-output: 0.000041000 seconds
[token:3, layer:0] 007:ffn-norm: 0.000000000 seconds
[token:3, layer:0] 008:ffn-up-projection: 0.000215000 seconds
[token:3, layer:0] 009:ffn-swiglu: 0.000001000 seconds
[token:3, layer:0] 010:ffn-down-projection: 0.000163000 seconds
[token:3, layer:0] 102:layer-compute-total: 0.000545000 seconds
[token:3, layer:1] 002:attention-norm: 0.000000000 seconds
[token:3, layer:1] 003:qkv-projection: 0.000141000 seconds
[token:3, layer:1] 004:apply-rope: 0.000001000 seconds
[token:3, layer:1] 005:compute-attention: 0.000001000 seconds
[token:3, layer:1] 006:attention-output: 0.000047000 seconds
[token:3, layer:1] 007:ffn-norm: 0.000000000 seconds
[token:3, layer:1] 008:ffn-up-projection: 0.000252000 seconds
[token:3, layer:1] 009:ffn-swiglu: 0.000001000 seconds
[token:3, layer:1] 010:ffn-down-projection: 0.000180000 seconds
[token:3, layer:1] 102:layer-compute-total: 0.000623000 seconds
[token:3, layer:2] 002:attention-norm: 0.000000000 seconds
[token:3, layer:2] 003:qkv-projection: 0.000142000 seconds
[token:3, layer:2] 004:apply-rope: 0.000002000 seconds
[token:3, layer:2] 005:compute-attention: 0.000001000 seconds
[token:3, layer:2] 006:attention-output: 0.000047000 seconds
[token:3, layer:2] 007:ffn-norm: 0.000000000 seconds
[token:3, layer:2] 008:ffn-up-projection: 0.000248000 seconds
[token:3, layer:2] 009:ffn-swiglu: 0.000001000 seconds
[token:3, layer:2] 010:ffn-down-projection: 0.000164000 seconds
[token:3, layer:2] 102:layer-compute-total: 0.000605000 seconds
[token:3, layer:3] 002:attention-norm: 0.000000000 seconds
[token:3, layer:3] 003:qkv-projection: 0.000126000 seconds
[token:3, layer:3] 004:apply-rope: 0.000002000 seconds
[token:3, layer:3] 005:compute-attention: 0.000001000 seconds
[token:3, layer:3] 006:attention-output: 0.000043000 seconds
[token:3, layer:3] 007:ffn-norm: 0.000000000 seconds
[token:3, layer:3] 008:ffn-up-projection: 0.000241000 seconds
[token:3, layer:3] 009:ffn-swiglu: 0.000001000 seconds
[token:3, layer:3] 010:ffn-down-projection: 0.000181000 seconds
[token:3, layer:3] 102:layer-compute-total: 0.000595000 seconds
[token:3, layer:4] 002:attention-norm: 0.000000000 seconds
[token:3, layer:4] 003:qkv-projection: 0.000126000 seconds
[token:3, layer:4] 004:apply-rope: 0.000002000 seconds
[token:3, layer:4] 005:compute-attention: 0.000001000 seconds
[token:3, layer:4] 006:attention-output: 0.000042000 seconds
[token:3, layer:4] 007:ffn-norm: 0.000000000 seconds
[token:3, layer:4] 008:ffn-up-projection: 0.000225000 seconds
[token:3, layer:4] 009:ffn-swiglu: 0.000001000 seconds
[token:3, layer:4] 010:ffn-down-projection: 0.000162000 seconds
[token:3, layer:4] 102:layer-compute-total: 0.000559000 seconds
[token:3, layer:5] 002:attention-norm: 0.000000000 seconds
[token:3, layer:5] 003:qkv-projection: 0.000142000 seconds
[token:3, layer:5] 004:apply-rope: 0.000001000 seconds
[token:3, layer:5] 005:compute-attention: 0.000002000 seconds
[token:3, layer:5] 006:attention-output: 0.000047000 seconds
[token:3, layer:5] 007:ffn-norm: 0.000000000 seconds
[token:3, layer:5] 008:ffn-up-projection: 0.000251000 seconds
[token:3, layer:5] 009:ffn-swiglu: 0.000002000 seconds
[token:3, layer:5] 010:ffn-down-projection: 0.000180000 seconds
[token:3, layer:5] 102:layer-compute-total: 0.000625000 seconds
[token:3] 011:final-projection: 0.004893000 seconds
[token:3] 103:forward-compute-total: 0.008446000 seconds
[token:4] 001:embedding-lookup: 0.000000000 seconds
[token:4, layer:0] 002:attention-norm: 0.000001000 seconds
[token:4, layer:0] 003:qkv-projection: 0.000130000 seconds
[token:4, layer:0] 004:apply-rope: 0.000001000 seconds
[token:4, layer:0] 005:compute-attention: 0.000001000 seconds
[token:4, layer:0] 006:attention-output: 0.000042000 seconds
[token:4, layer:0] 007:ffn-norm: 0.000001000 seconds
[token:4, layer:0] 008:ffn-up-projection: 0.000224000 seconds
[token:4, layer:0] 009:ffn-swiglu: 0.000001000 seconds
[token:4, layer:0] 010:ffn-down-projection: 0.000161000 seconds
[token:4, layer:0] 102:layer-compute-total: 0.000562000 seconds
[token:4, layer:1] 002:attention-norm: 0.000001000 seconds
[token:4, layer:1] 003:qkv-projection: 0.000126000 seconds
[token:4, layer:1] 004:apply-rope: 0.000001000 seconds
[token:4, layer:1] 005:compute-attention: 0.000001000 seconds
[token:4, layer:1] 006:attention-output: 0.000042000 seconds
[token:4, layer:1] 007:ffn-norm: 0.000000000 seconds
[token:4, layer:1] 008:ffn-up-projection: 0.000256000 seconds
[token:4, layer:1] 009:ffn-swiglu: 0.000001000 seconds
[token:4, layer:1] 010:ffn-down-projection: 0.000228000 seconds
[token:4, layer:1] 102:layer-compute-total: 0.000656000 seconds
[token:4, layer:2] 002:attention-norm: 0.000001000 seconds
[token:4, layer:2] 003:qkv-projection: 0.000134000 seconds
[token:4, layer:2] 004:apply-rope: 0.000002000 seconds
[token:4, layer:2] 005:compute-attention: 0.000002000 seconds
[token:4, layer:2] 006:attention-output: 0.000044000 seconds
[token:4, layer:2] 007:ffn-norm: 0.000000000 seconds
[token:4, layer:2] 008:ffn-up-projection: 0.000237000 seconds
[token:4, layer:2] 009:ffn-swiglu: 0.000001000 seconds
[token:4, layer:2] 010:ffn-down-projection: 0.000171000 seconds
[token:4, layer:2] 102:layer-compute-total: 0.000592000 seconds
[token:4, layer:3] 002:attention-norm: 0.000000000 seconds
[token:4, layer:3] 003:qkv-projection: 0.000134000 seconds
[token:4, layer:3] 004:apply-rope: 0.000002000 seconds
[token:4, layer:3] 005:compute-attention: 0.000001000 seconds
[token:4, layer:3] 006:attention-output: 0.000045000 seconds
[token:4, layer:3] 007:ffn-norm: 0.000000000 seconds
[token:4, layer:3] 008:ffn-up-projection: 0.000236000 seconds
[token:4, layer:3] 009:ffn-swiglu: 0.000001000 seconds
[token:4, layer:3] 010:ffn-down-projection: 0.000163000 seconds
[token:4, layer:3] 102:layer-compute-total: 0.000582000 seconds
[token:4, layer:4] 002:attention-norm: 0.000000000 seconds
[token:4, layer:4] 003:qkv-projection: 0.000126000 seconds
[token:4, layer:4] 004:apply-rope: 0.000001000 seconds
[token:4, layer:4] 005:compute-attention: 0.000001000 seconds
[token:4, layer:4] 006:attention-output: 0.000043000 seconds
[token:4, layer:4] 007:ffn-norm: 0.000001000 seconds
[token:4, layer:4] 008:ffn-up-projection: 0.000226000 seconds
[token:4, layer:4] 009:ffn-swiglu: 0.000001000 seconds
[token:4, layer:4] 010:ffn-down-projection: 0.000161000 seconds
[token:4, layer:4] 102:layer-compute-total: 0.000560000 seconds
[token:4, layer:5] 002:attention-norm: 0.000000000 seconds
[token:4, layer:5] 003:qkv-projection: 0.000127000 seconds
[token:4, layer:5] 004:apply-rope: 0.000001000 seconds
[token:4, layer:5] 005:compute-attention: 0.000001000 seconds
[token:4, layer:5] 006:attention-output: 0.000042000 seconds
[token:4, layer:5] 007:ffn-norm: 0.000000000 seconds
[token:4, layer:5] 008:ffn-up-projection: 0.000225000 seconds
[token:4, layer:5] 009:ffn-swiglu: 0.000001000 seconds
[token:4, layer:5] 010:ffn-down-projection: 0.000160000 seconds
[token:4, layer:5] 102:layer-compute-total: 0.000557000 seconds
[token:4] 011:final-projection: 0.004674000 seconds
[token:4] 103:forward-compute-total: 0.008183000 seconds
[token:5] 001:embedding-lookup: 0.000000000 seconds
[token:5, layer:0] 002:attention-norm: 0.000000000 seconds
[token:5, layer:0] 003:qkv-projection: 0.000122000 seconds
[token:5, layer:0] 004:apply-rope: 0.000002000 seconds
[token:5, layer:0] 005:compute-attention: 0.000002000 seconds
[token:5, layer:0] 006:attention-output: 0.000041000 seconds
[token:5, layer:0] 007:ffn-norm: 0.000000000 seconds
[token:5, layer:0] 008:ffn-up-projection: 0.000215000 seconds
[token:5, layer:0] 009:ffn-swiglu: 0.000001000 seconds
[token:5, layer:0] 010:ffn-down-projection: 0.000154000 seconds
[token:5, layer:0] 102:layer-compute-total: 0.000537000 seconds
[token:5, layer:1] 002:attention-norm: 0.000000000 seconds
[token:5, layer:1] 003:qkv-projection: 0.000122000 seconds
[token:5, layer:1] 004:apply-rope: 0.000002000 seconds
[token:5, layer:1] 005:compute-attention: 0.000001000 seconds
[token:5, layer:1] 006:attention-output: 0.000040000 seconds
[token:5, layer:1] 007:ffn-norm: 0.000001000 seconds
[token:5, layer:1] 008:ffn-up-projection: 0.000216000 seconds
[token:5, layer:1] 009:ffn-swiglu: 0.000001000 seconds
[token:5, layer:1] 010:ffn-down-projection: 0.000153000 seconds
[token:5, layer:1] 102:layer-compute-total: 0.000536000 seconds
[token:5, layer:2] 002:attention-norm: 0.000000000 seconds
[token:5, layer:2] 003:qkv-projection: 0.000121000 seconds
[token:5, layer:2] 004:apply-rope: 0.000002000 seconds
[token:5, layer:2] 005:compute-attention: 0.000002000 seconds
[token:5, layer:2] 006:attention-output: 0.000040000 seconds
[token:5, layer:2] 007:ffn-norm: 0.000001000 seconds
[token:5, layer:2] 008:ffn-up-projection: 0.000215000 seconds
[token:5, layer:2] 009:ffn-swiglu: 0.000001000 seconds
[token:5, layer:2] 010:ffn-down-projection: 0.000154000 seconds
[token:5, layer:2] 102:layer-compute-total: 0.000536000 seconds
[token:5, layer:3] 002:attention-norm: 0.000001000 seconds
[token:5, layer:3] 003:qkv-projection: 0.000121000 seconds
[token:5, layer:3] 004:apply-rope: 0.000002000 seconds
[token:5, layer:3] 005:compute-attention: 0.000001000 seconds
[token:5, layer:3] 006:attention-output: 0.000040000 seconds
[token:5, layer:3] 007:ffn-norm: 0.000000000 seconds
[token:5, layer:3] 008:ffn-up-projection: 0.000214000 seconds
[token:5, layer:3] 009:ffn-swiglu: 0.000001000 seconds
[token:5, layer:3] 010:ffn-down-projection: 0.000155000 seconds
[token:5, layer:3] 102:layer-compute-total: 0.000535000 seconds
[token:5, layer:4] 002:attention-norm: 0.000000000 seconds
[token:5, layer:4] 003:qkv-projection: 0.000121000 seconds
[token:5, layer:4] 004:apply-rope: 0.000001000 seconds
[token:5, layer:4] 005:compute-attention: 0.000001000 seconds
[token:5, layer:4] 006:attention-output: 0.000040000 seconds
[token:5, layer:4] 007:ffn-norm: 0.000000000 seconds
[token:5, layer:4] 008:ffn-up-projection: 0.000215000 seconds
[token:5, layer:4] 009:ffn-swiglu: 0.000001000 seconds
[token:5, layer:4] 010:ffn-down-projection: 0.000154000 seconds
[token:5, layer:4] 102:layer-compute-total: 0.000533000 seconds
[token:5, layer:5] 002:attention-norm: 0.000000000 seconds
[token:5, layer:5] 003:qkv-projection: 0.000121000 seconds
[token:5, layer:5] 004:apply-rope: 0.000001000 seconds
[token:5, layer:5] 005:compute-attention: 0.000002000 seconds
[token:5, layer:5] 006:attention-output: 0.000041000 seconds
[token:5, layer:5] 007:ffn-norm: 0.000000000 seconds
[token:5, layer:5] 008:ffn-up-projection: 0.000216000 seconds
[token:5, layer:5] 009:ffn-swiglu: 0.000001000 seconds
[token:5, layer:5] 010:ffn-down-projection: 0.000155000 seconds
[token:5, layer:5] 102:layer-compute-total: 0.000537000 seconds
[token:5] 011:final-projection: 0.004428000 seconds
[token:5] 103:forward-compute-total: 0.007642000 seconds
[token:6] 001:embedding-lookup: 0.000000000 seconds
[token:6, layer:0] 002:attention-norm: 0.000000000 seconds
[token:6, layer:0] 003:qkv-projection: 0.000117000 seconds
[token:6, layer:0] 004:apply-rope: 0.000003000 seconds
[token:6, layer:0] 005:compute-attention: 0.000002000 seconds
[token:6, layer:0] 006:attention-output: 0.000039000 seconds
[token:6, layer:0] 007:ffn-norm: 0.000000000 seconds
[token:6, layer:0] 008:ffn-up-projection: 0.000250000 seconds
[token:6, layer:0] 009:ffn-swiglu: 0.000001000 seconds
[token:6, layer:0] 010:ffn-down-projection: 0.000198000 seconds
[token:6, layer:0] 102:layer-compute-total: 0.000610000 seconds
[token:6, layer:1] 002:attention-norm: 0.000000000 seconds
[token:6, layer:1] 003:qkv-projection: 0.000134000 seconds
[token:6, layer:1] 004:apply-rope: 0.000002000 seconds
[token:6, layer:1] 005:compute-attention: 0.000003000 seconds
[token:6, layer:1] 006:attention-output: 0.000040000 seconds
[token:6, layer:1] 007:ffn-norm: 0.000001000 seconds
[token:6, layer:1] 008:ffn-up-projection: 0.000208000 seconds
[token:6, layer:1] 009:ffn-swiglu: 0.000001000 seconds
[token:6, layer:1] 010:ffn-down-projection: 0.000149000 seconds
[token:6, layer:1] 102:layer-compute-total: 0.000538000 seconds
[token:6, layer:2] 002:attention-norm: 0.000000000 seconds
[token:6, layer:2] 003:qkv-projection: 0.000117000 seconds
[token:6, layer:2] 004:apply-rope: 0.000001000 seconds
[token:6, layer:2] 005:compute-attention: 0.000003000 seconds
[token:6, layer:2] 006:attention-output: 0.000039000 seconds
[token:6, layer:2] 007:ffn-norm: 0.000000000 seconds
[token:6, layer:2] 008:ffn-up-projection: 0.000207000 seconds
[token:6, layer:2] 009:ffn-swiglu: 0.000001000 seconds
[token:6, layer:2] 010:ffn-down-projection: 0.000148000 seconds
[token:6, layer:2] 102:layer-compute-total: 0.000516000 seconds
[token:6, layer:3] 002:attention-norm: 0.000000000 seconds
[token:6, layer:3] 003:qkv-projection: 0.000116000 seconds
[token:6, layer:3] 004:apply-rope: 0.000001000 seconds
[token:6, layer:3] 005:compute-attention: 0.000002000 seconds
[token:6, layer:3] 006:attention-output: 0.000039000 seconds
[token:6, layer:3] 007:ffn-norm: 0.000000000 seconds
[token:6, layer:3] 008:ffn-up-projection: 0.000206000 seconds
[token:6, layer:3] 009:ffn-swiglu: 0.000001000 seconds
[token:6, layer:3] 010:ffn-down-projection: 0.000148000 seconds
[token:6, layer:3] 102:layer-compute-total: 0.000513000 seconds
[token:6, layer:4] 002:attention-norm: 0.000001000 seconds
[token:6, layer:4] 003:qkv-projection: 0.000116000 seconds
[token:6, layer:4] 004:apply-rope: 0.000001000 seconds
[token:6, layer:4] 005:compute-attention: 0.000002000 seconds
[token:6, layer:4] 006:attention-output: 0.000039000 seconds
[token:6, layer:4] 007:ffn-norm: 0.000000000 seconds
[token:6, layer:4] 008:ffn-up-projection: 0.000206000 seconds
[token:6, layer:4] 009:ffn-swiglu: 0.000002000 seconds
[token:6, layer:4] 010:ffn-down-projection: 0.000148000 seconds
[token:6, layer:4] 102:layer-compute-total: 0.000515000 seconds
[token:6, layer:5] 002:attention-norm: 0.000000000 seconds
[token:6, layer:5] 003:qkv-projection: 0.000116000 seconds
[token:6, layer:5] 004:apply-rope: 0.000001000 seconds
[token:6, layer:5] 005:compute-attention: 0.000002000 seconds
[token:6, layer:5] 006:attention-output: 0.000039000 seconds
[token:6, layer:5] 007:ffn-norm: 0.000000000 seconds
[token:6, layer:5] 008:ffn-up-projection: 0.000199000 seconds
[token:6, layer:5] 009:ffn-swiglu: 0.000001000 seconds
[token:6, layer:5] 010:ffn-down-projection: 0.000144000 seconds
[token:6, layer:5] 102:layer-compute-total: 0.000502000 seconds
[token:6] 011:final-projection: 0.004143000 seconds
[token:6] 103:forward-compute-total: 0.007337000 seconds
[token:7] 001:embedding-lookup: 0.000000000 seconds
[token:7, layer:0] 002:attention-norm: 0.000000000 seconds
[token:7, layer:0] 003:qkv-projection: 0.000110000 seconds
[token:7, layer:0] 004:apply-rope: 0.000001000 seconds
[token:7, layer:0] 005:compute-attention: 0.000003000 seconds
[token:7, layer:0] 006:attention-output: 0.000037000 seconds
[token:7, layer:0] 007:ffn-norm: 0.000000000 seconds
[token:7, layer:0] 008:ffn-up-projection: 0.000194000 seconds
[token:7, layer:0] 009:ffn-swiglu: 0.000001000 seconds
[token:7, layer:0] 010:ffn-down-projection: 0.000140000 seconds
[token:7, layer:0] 102:layer-compute-total: 0.000486000 seconds
[token:7, layer:1] 002:attention-norm: 0.000000000 seconds
[token:7, layer:1] 003:qkv-projection: 0.000109000 seconds
[token:7, layer:1] 004:apply-rope: 0.000001000 seconds
[token:7, layer:1] 005:compute-attention: 0.000001000 seconds
[token:7, layer:1] 006:attention-output: 0.000037000 seconds
[token:7, layer:1] 007:ffn-norm: 0.000000000 seconds
[token:7, layer:1] 008:ffn-up-projection: 0.000195000 seconds
[token:7, layer:1] 009:ffn-swiglu: 0.000001000 seconds
[token:7, layer:1] 010:ffn-down-projection: 0.000140000 seconds
[token:7, layer:1] 102:layer-compute-total: 0.000484000 seconds
[token:7, layer:2] 002:attention-norm: 0.000000000 seconds
[token:7, layer:2] 003:qkv-projection: 0.000110000 seconds
[token:7, layer:2] 004:apply-rope: 0.000001000 seconds
[token:7, layer:2] 005:compute-attention: 0.000002000 seconds
[token:7, layer:2] 006:attention-output: 0.000037000 seconds
[token:7, layer:2] 007:ffn-norm: 0.000001000 seconds
[token:7, layer:2] 008:ffn-up-projection: 0.000194000 seconds
[token:7, layer:2] 009:ffn-swiglu: 0.000001000 seconds
[token:7, layer:2] 010:ffn-down-projection: 0.000139000 seconds
[token:7, layer:2] 102:layer-compute-total: 0.000485000 seconds
[token:7, layer:3] 002:attention-norm: 0.000001000 seconds
[token:7, layer:3] 003:qkv-projection: 0.000112000 seconds
[token:7, layer:3] 004:apply-rope: 0.000001000 seconds
[token:7, layer:3] 005:compute-attention: 0.000001000 seconds
[token:7, layer:3] 006:attention-output: 0.000037000 seconds
[token:7, layer:3] 007:ffn-norm: 0.000001000 seconds
[token:7, layer:3] 008:ffn-up-projection: 0.000194000 seconds
[token:7, layer:3] 009:ffn-swiglu: 0.000001000 seconds
[token:7, layer:3] 010:ffn-down-projection: 0.000139000 seconds
[token:7, layer:3] 102:layer-compute-total: 0.000487000 seconds
[token:7, layer:4] 002:attention-norm: 0.000000000 seconds
[token:7, layer:4] 003:qkv-projection: 0.000112000 seconds
[token:7, layer:4] 004:apply-rope: 0.000001000 seconds
[token:7, layer:4] 005:compute-attention: 0.000001000 seconds
[token:7, layer:4] 006:attention-output: 0.000036000 seconds
[token:7, layer:4] 007:ffn-norm: 0.000001000 seconds
[token:7, layer:4] 008:ffn-up-projection: 0.000194000 seconds
[token:7, layer:4] 009:ffn-swiglu: 0.000001000 seconds
[token:7, layer:4] 010:ffn-down-projection: 0.000139000 seconds
[token:7, layer:4] 102:layer-compute-total: 0.000485000 seconds
[token:7, layer:5] 002:attention-norm: 0.000000000 seconds
[token:7, layer:5] 003:qkv-projection: 0.000111000 seconds
[token:7, layer:5] 004:apply-rope: 0.000002000 seconds
[token:7, layer:5] 005:compute-attention: 0.000002000 seconds
[token:7, layer:5] 006:attention-output: 0.000037000 seconds
[token:7, layer:5] 007:ffn-norm: 0.000000000 seconds
[token:7, layer:5] 008:ffn-up-projection: 0.000197000 seconds
[token:7, layer:5] 009:ffn-swiglu: 0.000001000 seconds
[token:7, layer:5] 010:ffn-down-projection: 0.000139000 seconds
[token:7, layer:5] 102:layer-compute-total: 0.000489000 seconds
[token:7] 011:final-projection: 0.004025000 seconds
[token:7] 103:forward-compute-total: 0.006941000 seconds
[token:8] 001:embedding-lookup: 0.000000000 seconds
[token:8, layer:0] 002:attention-norm: 0.000000000 seconds
[token:8, layer:0] 003:qkv-projection: 0.000110000 seconds
[token:8, layer:0] 004:apply-rope: 0.000001000 seconds
[token:8, layer:0] 005:compute-attention: 0.000002000 seconds
[token:8, layer:0] 006:attention-output: 0.000037000 seconds
[token:8, layer:0] 007:ffn-norm: 0.000001000 seconds
[token:8, layer:0] 008:ffn-up-projection: 0.000199000 seconds
[token:8, layer:0] 009:ffn-swiglu: 0.000001000 seconds
[token:8, layer:0] 010:ffn-down-projection: 0.000135000 seconds
[token:8, layer:0] 102:layer-compute-total: 0.000486000 seconds
[token:8, layer:1] 002:attention-norm: 0.000001000 seconds
[token:8, layer:1] 003:qkv-projection: 0.000106000 seconds
[token:8, layer:1] 004:apply-rope: 0.000002000 seconds
[token:8, layer:1] 005:compute-attention: 0.000002000 seconds
[token:8, layer:1] 006:attention-output: 0.000036000 seconds
[token:8, layer:1] 007:ffn-norm: 0.000000000 seconds
[token:8, layer:1] 008:ffn-up-projection: 0.000189000 seconds
[token:8, layer:1] 009:ffn-swiglu: 0.000001000 seconds
[token:8, layer:1] 010:ffn-down-projection: 0.000136000 seconds
[token:8, layer:1] 102:layer-compute-total: 0.000473000 seconds
[token:8, layer:2] 002:attention-norm: 0.000000000 seconds
[token:8, layer:2] 003:qkv-projection: 0.000111000 seconds
[token:8, layer:2] 004:apply-rope: 0.000001000 seconds
[token:8, layer:2] 005:compute-attention: 0.000002000 seconds
[token:8, layer:2] 006:attention-output: 0.000035000 seconds
[token:8, layer:2] 007:ffn-norm: 0.000000000 seconds
[token:8, layer:2] 008:ffn-up-projection: 0.000190000 seconds
[token:8, layer:2] 009:ffn-swiglu: 0.000001000 seconds
[token:8, layer:2] 010:ffn-down-projection: 0.000136000 seconds
[token:8, layer:2] 102:layer-compute-total: 0.000476000 seconds
[token:8, layer:3] 002:attention-norm: 0.000001000 seconds
[token:8, layer:3] 003:qkv-projection: 0.000106000 seconds
[token:8, layer:3] 004:apply-rope: 0.000002000 seconds
[token:8, layer:3] 005:compute-attention: 0.000002000 seconds
[token:8, layer:3] 006:attention-output: 0.000036000 seconds
[token:8, layer:3] 007:ffn-norm: 0.000001000 seconds
[token:8, layer:3] 008:ffn-up-projection: 0.000211000 seconds
[token:8, layer:3] 009:ffn-swiglu: 0.000001000 seconds
[token:8, layer:3] 010:ffn-down-projection: 0.000165000 seconds
[token:8, layer:3] 102:layer-compute-total: 0.000525000 seconds
[token:8, layer:4] 002:attention-norm: 0.000000000 seconds
[token:8, layer:4] 003:qkv-projection: 0.000110000 seconds
[token:8, layer:4] 004:apply-rope: 0.000001000 seconds
[token:8, layer:4] 005:compute-attention: 0.000002000 seconds
[token:8, layer:4] 006:attention-output: 0.000037000 seconds
[token:8, layer:4] 007:ffn-norm: 0.000001000 seconds
[token:8, layer:4] 008:ffn-up-projection: 0.000189000 seconds
[token:8, layer:4] 009:ffn-swiglu: 0.000001000 seconds
[token:8, layer:4] 010:ffn-down-projection: 0.000138000 seconds
[token:8, layer:4] 102:layer-compute-total: 0.000479000 seconds
[token:8, layer:5] 002:attention-norm: 0.000000000 seconds
[token:8, layer:5] 003:qkv-projection: 0.000108000 seconds
[token:8, layer:5] 004:apply-rope: 0.000001000 seconds
[token:8, layer:5] 005:compute-attention: 0.000002000 seconds
[token:8, layer:5] 006:attention-output: 0.000035000 seconds
[token:8, layer:5] 007:ffn-norm: 0.000000000 seconds
[token:8, layer:5] 008:ffn-up-projection: 0.000187000 seconds
[token:8, layer:5] 009:ffn-swiglu: 0.000001000 seconds
[token:8, layer:5] 010:ffn-down-projection: 0.000134000 seconds
[token:8, layer:5] 102:layer-compute-total: 0.000468000 seconds
[token:8] 011:final-projection: 0.003963000 seconds
[token:8] 103:forward-compute-total: 0.006870000 seconds
[token:9] 001:embedding-lookup: 0.000001000 seconds
[token:9, layer:0] 002:attention-norm: 0.000001000 seconds
[token:9, layer:0] 003:qkv-projection: 0.000114000 seconds
[token:9, layer:0] 004:apply-rope: 0.000002000 seconds
[token:9, layer:0] 005:compute-attention: 0.000003000 seconds
[token:9, layer:0] 006:attention-output: 0.000035000 seconds
[token:9, layer:0] 007:ffn-norm: 0.000001000 seconds
[token:9, layer:0] 008:ffn-up-projection: 0.000188000 seconds
[token:9, layer:0] 009:ffn-swiglu: 0.000002000 seconds
[token:9, layer:0] 010:ffn-down-projection: 0.000137000 seconds
[token:9, layer:0] 102:layer-compute-total: 0.000483000 seconds
[token:9, layer:1] 002:attention-norm: 0.000000000 seconds
[token:9, layer:1] 003:qkv-projection: 0.000105000 seconds
[token:9, layer:1] 004:apply-rope: 0.000001000 seconds
[token:9, layer:1] 005:compute-attention: 0.000002000 seconds
[token:9, layer:1] 006:attention-output: 0.000035000 seconds
[token:9, layer:1] 007:ffn-norm: 0.000000000 seconds
[token:9, layer:1] 008:ffn-up-projection: 0.000186000 seconds
[token:9, layer:1] 009:ffn-swiglu: 0.000001000 seconds
[token:9, layer:1] 010:ffn-down-projection: 0.000134000 seconds
[token:9, layer:1] 102:layer-compute-total: 0.000464000 seconds
[token:9, layer:2] 002:attention-norm: 0.000000000 seconds
[token:9, layer:2] 003:qkv-projection: 0.000106000 seconds
[token:9, layer:2] 004:apply-rope: 0.000001000 seconds
[token:9, layer:2] 005:compute-attention: 0.000003000 seconds
[token:9, layer:2] 006:attention-output: 0.000035000 seconds
[token:9, layer:2] 007:ffn-norm: 0.000000000 seconds
[token:9, layer:2] 008:ffn-up-projection: 0.000187000 seconds
[token:9, layer:2] 009:ffn-swiglu: 0.000001000 seconds
[token:9, layer:2] 010:ffn-down-projection: 0.000133000 seconds
[token:9, layer:2] 102:layer-compute-total: 0.000466000 seconds
[token:9, layer:3] 002:attention-norm: 0.000001000 seconds
[token:9, layer:3] 003:qkv-projection: 0.000105000 seconds
[token:9, layer:3] 004:apply-rope: 0.000001000 seconds
[token:9, layer:3] 005:compute-attention: 0.000002000 seconds
[token:9, layer:3] 006:attention-output: 0.000035000 seconds
[token:9, layer:3] 007:ffn-norm: 0.000000000 seconds
[token:9, layer:3] 008:ffn-up-projection: 0.000192000 seconds
[token:9, layer:3] 009:ffn-swiglu: 0.000001000 seconds
[token:9, layer:3] 010:ffn-down-projection: 0.000134000 seconds
[token:9, layer:3] 102:layer-compute-total: 0.000471000 seconds
[token:9, layer:4] 002:attention-norm: 0.000001000 seconds
[token:9, layer:4] 003:qkv-projection: 0.000105000 seconds
[token:9, layer:4] 004:apply-rope: 0.000001000 seconds
[token:9, layer:4] 005:compute-attention: 0.000002000 seconds
[token:9, layer:4] 006:attention-output: 0.000035000 seconds
[token:9, layer:4] 007:ffn-norm: 0.000000000 seconds
[token:9, layer:4] 008:ffn-up-projection: 0.000187000 seconds
[token:9, layer:4] 009:ffn-swiglu: 0.000001000 seconds
[token:9, layer:4] 010:ffn-down-projection: 0.000141000 seconds
[token:9, layer:4] 102:layer-compute-total: 0.000473000 seconds
[token:9, layer:5] 002:attention-norm: 0.000000000 seconds
[token:9, layer:5] 003:qkv-projection: 0.000106000 seconds
[token:9, layer:5] 004:apply-rope: 0.000002000 seconds
[token:9, layer:5] 005:compute-attention: 0.000002000 seconds
[token:9, layer:5] 006:attention-output: 0.000035000 seconds
[token:9, layer:5] 007:ffn-norm: 0.000001000 seconds
[token:9, layer:5] 008:ffn-up-projection: 0.000187000 seconds
[token:9, layer:5] 009:ffn-swiglu: 0.000001000 seconds
[token:9, layer:5] 010:ffn-down-projection: 0.000134000 seconds
[token:9, layer:5] 102:layer-compute-total: 0.000468000 seconds
[token:9] 011:final-projection: 0.003982000 seconds
[token:9] 103:forward-compute-total: 0.006808000 seconds
[token:10] 001:embedding-lookup: 0.000000000 seconds
[token:10, layer:0] 002:attention-norm: 0.000001000 seconds
[token:10, layer:0] 003:qkv-projection: 0.000111000 seconds
[token:10, layer:0] 004:apply-rope: 0.000001000 seconds
[token:10, layer:0] 005:compute-attention: 0.000002000 seconds
[token:10, layer:0] 006:attention-output: 0.000035000 seconds
[token:10, layer:0] 007:ffn-norm: 0.000000000 seconds
[token:10, layer:0] 008:ffn-up-projection: 0.000187000 seconds
[token:10, layer:0] 009:ffn-swiglu: 0.000001000 seconds
[token:10, layer:0] 010:ffn-down-projection: 0.000134000 seconds
[token:10, layer:0] 102:layer-compute-total: 0.000472000 seconds
[token:10, layer:1] 002:attention-norm: 0.000000000 seconds
[token:10, layer:1] 003:qkv-projection: 0.000105000 seconds
[token:10, layer:1] 004:apply-rope: 0.000001000 seconds
[token:10, layer:1] 005:compute-attention: 0.000002000 seconds
[token:10, layer:1] 006:attention-output: 0.000035000 seconds
[token:10, layer:1] 007:ffn-norm: 0.000000000 seconds
[token:10, layer:1] 008:ffn-up-projection: 0.000186000 seconds
[token:10, layer:1] 009:ffn-swiglu: 0.000001000 seconds
[token:10, layer:1] 010:ffn-down-projection: 0.000134000 seconds
[token:10, layer:1] 102:layer-compute-total: 0.000464000 seconds
[token:10, layer:2] 002:attention-norm: 0.000001000 seconds
[token:10, layer:2] 003:qkv-projection: 0.000114000 seconds
[token:10, layer:2] 004:apply-rope: 0.000002000 seconds
[token:10, layer:2] 005:compute-attention: 0.000002000 seconds
[token:10, layer:2] 006:attention-output: 0.000036000 seconds
[token:10, layer:2] 007:ffn-norm: 0.000000000 seconds
[token:10, layer:2] 008:ffn-up-projection: 0.000186000 seconds
[token:10, layer:2] 009:ffn-swiglu: 0.000001000 seconds
[token:10, layer:2] 010:ffn-down-projection: 0.000134000 seconds
[token:10, layer:2] 102:layer-compute-total: 0.000476000 seconds
[token:10, layer:3] 002:attention-norm: 0.000000000 seconds
[token:10, layer:3] 003:qkv-projection: 0.000105000 seconds
[token:10, layer:3] 004:apply-rope: 0.000002000 seconds
[token:10, layer:3] 005:compute-attention: 0.000002000 seconds
[token:10, layer:3] 006:attention-output: 0.000035000 seconds
[token:10, layer:3] 007:ffn-norm: 0.000000000 seconds
[token:10, layer:3] 008:ffn-up-projection: 0.000200000 seconds
[token:10, layer:3] 009:ffn-swiglu: 0.000001000 seconds
[token:10, layer:3] 010:ffn-down-projection: 0.000145000 seconds
[token:10, layer:3] 102:layer-compute-total: 0.000490000 seconds
[token:10, layer:4] 002:attention-norm: 0.000000000 seconds
[token:10, layer:4] 003:qkv-projection: 0.000110000 seconds
[token:10, layer:4] 004:apply-rope: 0.000002000 seconds
[token:10, layer:4] 005:compute-attention: 0.000002000 seconds
[token:10, layer:4] 006:attention-output: 0.000036000 seconds
[token:10, layer:4] 007:ffn-norm: 0.000000000 seconds
[token:10, layer:4] 008:ffn-up-projection: 0.000195000 seconds
[token:10, layer:4] 009:ffn-swiglu: 0.000001000 seconds
[token:10, layer:4] 010:ffn-down-projection: 0.000135000 seconds
[token:10, layer:4] 102:layer-compute-total: 0.000481000 seconds
[token:10, layer:5] 002:attention-norm: 0.000000000 seconds
[token:10, layer:5] 003:qkv-projection: 0.000107000 seconds
[token:10, layer:5] 004:apply-rope: 0.000002000 seconds
[token:10, layer:5] 005:compute-attention: 0.000002000 seconds
[token:10, layer:5] 006:attention-output: 0.000036000 seconds
[token:10, layer:5] 007:ffn-norm: 0.000001000 seconds
[token:10, layer:5] 008:ffn-up-projection: 0.000190000 seconds
[token:10, layer:5] 009:ffn-swiglu: 0.000001000 seconds
[token:10, layer:5] 010:ffn-down-projection: 0.000141000 seconds
[token:10, layer:5] 102:layer-compute-total: 0.000480000 seconds
[token:10] 011:final-projection: 0.004151000 seconds
[token:10] 103:forward-compute-total: 0.007014000 seconds
[token:11] 001:embedding-lookup: 0.000000000 seconds
[token:11, layer:0] 002:attention-norm: 0.000001000 seconds
[token:11, layer:0] 003:qkv-projection: 0.000115000 seconds
[token:11, layer:0] 004:apply-rope: 0.000002000 seconds
[token:11, layer:0] 005:compute-attention: 0.000003000 seconds
[token:11, layer:0] 006:attention-output: 0.000035000 seconds
[token:11, layer:0] 007:ffn-norm: 0.000000000 seconds
[token:11, layer:0] 008:ffn-up-projection: 0.000187000 seconds
[token:11, layer:0] 009:ffn-swiglu: 0.000001000 seconds
[token:11, layer:0] 010:ffn-down-projection: 0.000134000 seconds
[token:11, layer:0] 102:layer-compute-total: 0.000478000 seconds
[token:11, layer:1] 002:attention-norm: 0.000001000 seconds
[token:11, layer:1] 003:qkv-projection: 0.000105000 seconds
[token:11, layer:1] 004:apply-rope: 0.000002000 seconds
[token:11, layer:1] 005:compute-attention: 0.000003000 seconds
[token:11, layer:1] 006:attention-output: 0.000036000 seconds
[token:11, layer:1] 007:ffn-norm: 0.000000000 seconds
[token:11, layer:1] 008:ffn-up-projection: 0.000187000 seconds
[token:11, layer:1] 009:ffn-swiglu: 0.000001000 seconds
[token:11, layer:1] 010:ffn-down-projection: 0.000134000 seconds
[token:11, layer:1] 102:layer-compute-total: 0.000469000 seconds
[token:11, layer:2] 002:attention-norm: 0.000001000 seconds
[token:11, layer:2] 003:qkv-projection: 0.000105000 seconds
[token:11, layer:2] 004:apply-rope: 0.000001000 seconds
[token:11, layer:2] 005:compute-attention: 0.000003000 seconds
[token:11, layer:2] 006:attention-output: 0.000035000 seconds
[token:11, layer:2] 007:ffn-norm: 0.000000000 seconds
[token:11, layer:2] 008:ffn-up-projection: 0.000187000 seconds
[token:11, layer:2] 009:ffn-swiglu: 0.000001000 seconds
[token:11, layer:2] 010:ffn-down-projection: 0.000134000 seconds
[token:11, layer:2] 102:layer-compute-total: 0.000467000 seconds
[token:11, layer:3] 002:attention-norm: 0.000000000 seconds
[token:11, layer:3] 003:qkv-projection: 0.000105000 seconds
[token:11, layer:3] 004:apply-rope: 0.000001000 seconds
[token:11, layer:3] 005:compute-attention: 0.000002000 seconds
[token:11, layer:3] 006:attention-output: 0.000035000 seconds
[token:11, layer:3] 007:ffn-norm: 0.000000000 seconds
[token:11, layer:3] 008:ffn-up-projection: 0.000190000 seconds
[token:11, layer:3] 009:ffn-swiglu: 0.000001000 seconds
[token:11, layer:3] 010:ffn-down-projection: 0.000134000 seconds
[token:11, layer:3] 102:layer-compute-total: 0.000468000 seconds
[token:11, layer:4] 002:attention-norm: 0.000001000 seconds
[token:11, layer:4] 003:qkv-projection: 0.000110000 seconds
[token:11, layer:4] 004:apply-rope: 0.000002000 seconds
[token:11, layer:4] 005:compute-attention: 0.000002000 seconds
[token:11, layer:4] 006:attention-output: 0.000035000 seconds
[token:11, layer:4] 007:ffn-norm: 0.000000000 seconds
[token:11, layer:4] 008:ffn-up-projection: 0.000187000 seconds
[token:11, layer:4] 009:ffn-swiglu: 0.000001000 seconds
[token:11, layer:4] 010:ffn-down-projection: 0.000134000 seconds
[token:11, layer:4] 102:layer-compute-total: 0.000472000 seconds
[token:11, layer:5] 002:attention-norm: 0.000000000 seconds
[token:11, layer:5] 003:qkv-projection: 0.000110000 seconds
[token:11, layer:5] 004:apply-rope: 0.000002000 seconds
[token:11, layer:5] 005:compute-attention: 0.000003000 seconds
[token:11, layer:5] 006:attention-output: 0.000035000 seconds
[token:11, layer:5] 007:ffn-norm: 0.000000000 seconds
[token:11, layer:5] 008:ffn-up-projection: 0.000192000 seconds
[token:11, layer:5] 009:ffn-swiglu: 0.000001000 seconds
[token:11, layer:5] 010:ffn-down-projection: 0.000134000 seconds
[token:11, layer:5] 102:layer-compute-total: 0.000477000 seconds
[token:11] 011:final-projection: 0.003933000 seconds
[token:11] 103:forward-compute-total: 0.006764000 seconds
[token:12] 001:embedding-lookup: 0.000000000 seconds
[token:12, layer:0] 002:attention-norm: 0.000001000 seconds
[token:12, layer:0] 003:qkv-projection: 0.000112000 seconds
[token:12, layer:0] 004:apply-rope: 0.000002000 seconds
[token:12, layer:0] 005:compute-attention: 0.000002000 seconds
[token:12, layer:0] 006:attention-output: 0.000035000 seconds
[token:12, layer:0] 007:ffn-norm: 0.000001000 seconds
[token:12, layer:0] 008:ffn-up-projection: 0.000187000 seconds
[token:12, layer:0] 009:ffn-swiglu: 0.000001000 seconds
[token:12, layer:0] 010:ffn-down-projection: 0.000134000 seconds
[token:12, layer:0] 102:layer-compute-total: 0.000475000 seconds
[token:12, layer:1] 002:attention-norm: 0.000000000 seconds
[token:12, layer:1] 003:qkv-projection: 0.000105000 seconds
[token:12, layer:1] 004:apply-rope: 0.000001000 seconds
[token:12, layer:1] 005:compute-attention: 0.000003000 seconds
[token:12, layer:1] 006:attention-output: 0.000035000 seconds
[token:12, layer:1] 007:ffn-norm: 0.000000000 seconds
[token:12, layer:1] 008:ffn-up-projection: 0.000187000 seconds
[token:12, layer:1] 009:ffn-swiglu: 0.000001000 seconds
[token:12, layer:1] 010:ffn-down-projection: 0.000134000 seconds
[token:12, layer:1] 102:layer-compute-total: 0.000466000 seconds
[token:12, layer:2] 002:attention-norm: 0.000000000 seconds
[token:12, layer:2] 003:qkv-projection: 0.000105000 seconds
[token:12, layer:2] 004:apply-rope: 0.000001000 seconds
[token:12, layer:2] 005:compute-attention: 0.000003000 seconds
[token:12, layer:2] 006:attention-output: 0.000035000 seconds
[token:12, layer:2] 007:ffn-norm: 0.000000000 seconds
[token:12, layer:2] 008:ffn-up-projection: 0.000187000 seconds
[token:12, layer:2] 009:ffn-swiglu: 0.000001000 seconds
[token:12, layer:2] 010:ffn-down-projection: 0.000134000 seconds
[token:12, layer:2] 102:layer-compute-total: 0.000466000 seconds
[token:12, layer:3] 002:attention-norm: 0.000000000 seconds
[token:12, layer:3] 003:qkv-projection: 0.000110000 seconds
[token:12, layer:3] 004:apply-rope: 0.000001000 seconds
[token:12, layer:3] 005:compute-attention: 0.000003000 seconds
[token:12, layer:3] 006:attention-output: 0.000035000 seconds
[token:12, layer:3] 007:ffn-norm: 0.000001000 seconds
[token:12, layer:3] 008:ffn-up-projection: 0.000187000 seconds
[token:12, layer:3] 009:ffn-swiglu: 0.000001000 seconds
[token:12, layer:3] 010:ffn-down-projection: 0.000134000 seconds
[token:12, layer:3] 102:layer-compute-total: 0.000472000 seconds
[token:12, layer:4] 002:attention-norm: 0.000001000 seconds
[token:12, layer:4] 003:qkv-projection: 0.000106000 seconds
[token:12, layer:4] 004:apply-rope: 0.000001000 seconds
[token:12, layer:4] 005:compute-attention: 0.000002000 seconds
[token:12, layer:4] 006:attention-output: 0.000035000 seconds
[token:12, layer:4] 007:ffn-norm: 0.000000000 seconds
[token:12, layer:4] 008:ffn-up-projection: 0.000190000 seconds
[token:12, layer:4] 009:ffn-swiglu: 0.000001000 seconds
[token:12, layer:4] 010:ffn-down-projection: 0.000135000 seconds
[token:12, layer:4] 102:layer-compute-total: 0.000471000 seconds
[token:12, layer:5] 002:attention-norm: 0.000001000 seconds
[token:12, layer:5] 003:qkv-projection: 0.000105000 seconds
[token:12, layer:5] 004:apply-rope: 0.000001000 seconds
[token:12, layer:5] 005:compute-attention: 0.000002000 seconds
[token:12, layer:5] 006:attention-output: 0.000035000 seconds
[token:12, layer:5] 007:ffn-norm: 0.000000000 seconds
[token:12, layer:5] 008:ffn-up-projection: 0.000187000 seconds
[token:12, layer:5] 009:ffn-swiglu: 0.000001000 seconds
[token:12, layer:5] 010:ffn-down-projection: 0.000134000 seconds
[token:12, layer:5] 102:layer-compute-total: 0.000466000 seconds
[token:12] 011:final-projection: 0.004055000 seconds
[token:12] 103:forward-compute-total: 0.006871000 seconds
[token:13] 001:embedding-lookup: 0.000000000 seconds
[token:13, layer:0] 002:attention-norm: 0.000000000 seconds
[token:13, layer:0] 003:qkv-projection: 0.000218000 seconds
[token:13, layer:0] 004:apply-rope: 0.000002000 seconds
[token:13, layer:0] 005:compute-attention: 0.000004000 seconds
[token:13, layer:0] 006:attention-output: 0.000057000 seconds
[token:13, layer:0] 007:ffn-norm: 0.000001000 seconds
[token:13, layer:0] 008:ffn-up-projection: 0.000193000 seconds
[token:13, layer:0] 009:ffn-swiglu: 0.000001000 seconds
[token:13, layer:0] 010:ffn-down-projection: 0.000145000 seconds
[token:13, layer:0] 102:layer-compute-total: 0.000621000 seconds
[token:13, layer:1] 002:attention-norm: 0.000000000 seconds
[token:13, layer:1] 003:qkv-projection: 0.000111000 seconds
[token:13, layer:1] 004:apply-rope: 0.000001000 seconds
[token:13, layer:1] 005:compute-attention: 0.000004000 seconds
[token:13, layer:1] 006:attention-output: 0.000036000 seconds
[token:13, layer:1] 007:ffn-norm: 0.000000000 seconds
[token:13, layer:1] 008:ffn-up-projection: 0.000198000 seconds
[token:13, layer:1] 009:ffn-swiglu: 0.000001000 seconds
[token:13, layer:1] 010:ffn-down-projection: 0.000136000 seconds
[token:13, layer:1] 102:layer-compute-total: 0.000487000 seconds
[token:13, layer:2] 002:attention-norm: 0.000000000 seconds
[token:13, layer:2] 003:qkv-projection: 0.000111000 seconds
[token:13, layer:2] 004:apply-rope: 0.000001000 seconds
[token:13, layer:2] 005:compute-attention: 0.000004000 seconds
[token:13, layer:2] 006:attention-output: 0.000035000 seconds
[token:13, layer:2] 007:ffn-norm: 0.000000000 seconds
[token:13, layer:2] 008:ffn-up-projection: 0.000187000 seconds
[token:13, layer:2] 009:ffn-swiglu: 0.000001000 seconds
[token:13, layer:2] 010:ffn-down-projection: 0.000138000 seconds
[token:13, layer:2] 102:layer-compute-total: 0.000477000 seconds
[token:13, layer:3] 002:attention-norm: 0.000000000 seconds
[token:13, layer:3] 003:qkv-projection: 0.000105000 seconds
[token:13, layer:3] 004:apply-rope: 0.000001000 seconds
[token:13, layer:3] 005:compute-attention: 0.000004000 seconds
[token:13, layer:3] 006:attention-output: 0.000035000 seconds
[token:13, layer:3] 007:ffn-norm: 0.000000000 seconds
[token:13, layer:3] 008:ffn-up-projection: 0.000187000 seconds
[token:13, layer:3] 009:ffn-swiglu: 0.000001000 seconds
[token:13, layer:3] 010:ffn-down-projection: 0.000143000 seconds
[token:13, layer:3] 102:layer-compute-total: 0.000476000 seconds
[token:13, layer:4] 002:attention-norm: 0.000001000 seconds
[token:13, layer:4] 003:qkv-projection: 0.000110000 seconds
[token:13, layer:4] 004:apply-rope: 0.000002000 seconds
[token:13, layer:4] 005:compute-attention: 0.000003000 seconds
[token:13, layer:4] 006:attention-output: 0.000037000 seconds
[token:13, layer:4] 007:ffn-norm: 0.000000000 seconds
[token:13, layer:4] 008:ffn-up-projection: 0.000194000 seconds
[token:13, layer:4] 009:ffn-swiglu: 0.000001000 seconds
[token:13, layer:4] 010:ffn-down-projection: 0.000140000 seconds
[token:13, layer:4] 102:layer-compute-total: 0.000488000 seconds
[token:13, layer:5] 002:attention-norm: 0.000000000 seconds
[token:13, layer:5] 003:qkv-projection: 0.000110000 seconds
[token:13, layer:5] 004:apply-rope: 0.000001000 seconds
[token:13, layer:5] 005:compute-attention: 0.000003000 seconds
[token:13, layer:5] 006:attention-output: 0.000036000 seconds
[token:13, layer:5] 007:ffn-norm: 0.000000000 seconds
[token:13, layer:5] 008:ffn-up-projection: 0.000195000 seconds
[token:13, layer:5] 009:ffn-swiglu: 0.000001000 seconds
[token:13, layer:5] 010:ffn-down-projection: 0.000139000 seconds
[token:13, layer:5] 102:layer-compute-total: 0.000485000 seconds
[token:13] 011:final-projection: 0.004333000 seconds
[token:13] 103:forward-compute-total: 0.007367000 seconds
[token:14] 001:embedding-lookup: 0.000001000 seconds
[token:14, layer:0] 002:attention-norm: 0.000000000 seconds
[token:14, layer:0] 003:qkv-projection: 0.000116000 seconds
[token:14, layer:0] 004:apply-rope: 0.000002000 seconds
[token:14, layer:0] 005:compute-attention: 0.000004000 seconds
[token:14, layer:0] 006:attention-output: 0.000037000 seconds
[token:14, layer:0] 007:ffn-norm: 0.000001000 seconds
[token:14, layer:0] 008:ffn-up-projection: 0.000194000 seconds
[token:14, layer:0] 009:ffn-swiglu: 0.000001000 seconds
[token:14, layer:0] 010:ffn-down-projection: 0.000140000 seconds
[token:14, layer:0] 102:layer-compute-total: 0.000495000 seconds
[token:14, layer:1] 002:attention-norm: 0.000001000 seconds
[token:14, layer:1] 003:qkv-projection: 0.000112000 seconds
[token:14, layer:1] 004:apply-rope: 0.000002000 seconds
[token:14, layer:1] 005:compute-attention: 0.000004000 seconds
[token:14, layer:1] 006:attention-output: 0.000037000 seconds
[token:14, layer:1] 007:ffn-norm: 0.000000000 seconds
[token:14, layer:1] 008:ffn-up-projection: 0.000194000 seconds
[token:14, layer:1] 009:ffn-swiglu: 0.000001000 seconds
[token:14, layer:1] 010:ffn-down-projection: 0.000139000 seconds
[token:14, layer:1] 102:layer-compute-total: 0.000490000 seconds
[token:14, layer:2] 002:attention-norm: 0.000001000 seconds
[token:14, layer:2] 003:qkv-projection: 0.000112000 seconds
[token:14, layer:2] 004:apply-rope: 0.000001000 seconds
[token:14, layer:2] 005:compute-attention: 0.000003000 seconds
[token:14, layer:2] 006:attention-output: 0.000037000 seconds
[token:14, layer:2] 007:ffn-norm: 0.000001000 seconds
[token:14, layer:2] 008:ffn-up-projection: 0.000194000 seconds
[token:14, layer:2] 009:ffn-swiglu: 0.000001000 seconds
[token:14, layer:2] 010:ffn-down-projection: 0.000139000 seconds
[token:14, layer:2] 102:layer-compute-total: 0.000489000 seconds
[token:14, layer:3] 002:attention-norm: 0.000000000 seconds
[token:14, layer:3] 003:qkv-projection: 0.000111000 seconds
[token:14, layer:3] 004:apply-rope: 0.000002000 seconds
[token:14, layer:3] 005:compute-attention: 0.000003000 seconds
[token:14, layer:3] 006:attention-output: 0.000036000 seconds
[token:14, layer:3] 007:ffn-norm: 0.000000000 seconds
[token:14, layer:3] 008:ffn-up-projection: 0.000195000 seconds
[token:14, layer:3] 009:ffn-swiglu: 0.000001000 seconds
[token:14, layer:3] 010:ffn-down-projection: 0.000140000 seconds
[token:14, layer:3] 102:layer-compute-total: 0.000488000 seconds
[token:14, layer:4] 002:attention-norm: 0.000000000 seconds
[token:14, layer:4] 003:qkv-projection: 0.000112000 seconds
[token:14, layer:4] 004:apply-rope: 0.000001000 seconds
[token:14, layer:4] 005:compute-attention: 0.000003000 seconds
[token:14, layer:4] 006:attention-output: 0.000036000 seconds
[token:14, layer:4] 007:ffn-norm: 0.000001000 seconds
[token:14, layer:4] 008:ffn-up-projection: 0.000194000 seconds
[token:14, layer:4] 009:ffn-swiglu: 0.000001000 seconds
[token:14, layer:4] 010:ffn-down-projection: 0.000140000 seconds
[token:14, layer:4] 102:layer-compute-total: 0.000488000 seconds
[token:14, layer:5] 002:attention-norm: 0.000000000 seconds
[token:14, layer:5] 003:qkv-projection: 0.000112000 seconds
[token:14, layer:5] 004:apply-rope: 0.000001000 seconds
[token:14, layer:5] 005:compute-attention: 0.000003000 seconds
[token:14, layer:5] 006:attention-output: 0.000036000 seconds
[token:14, layer:5] 007:ffn-norm: 0.000001000 seconds
[token:14, layer:5] 008:ffn-up-projection: 0.000194000 seconds
[token:14, layer:5] 009:ffn-swiglu: 0.000001000 seconds
[token:14, layer:5] 010:ffn-down-projection: 0.000139000 seconds
[token:14, layer:5] 102:layer-compute-total: 0.000487000 seconds
[token:14] 011:final-projection: 0.004105000 seconds
[token:14] 103:forward-compute-total: 0.007043000 seconds
[token:15] 001:embedding-lookup: 0.000000000 seconds
[token:15, layer:0] 002:attention-norm: 0.000001000 seconds
[token:15, layer:0] 003:qkv-projection: 0.000111000 seconds
[token:15, layer:0] 004:apply-rope: 0.000002000 seconds
[token:15, layer:0] 005:compute-attention: 0.000004000 seconds
[token:15, layer:0] 006:attention-output: 0.000037000 seconds
[token:15, layer:0] 007:ffn-norm: 0.000001000 seconds
[token:15, layer:0] 008:ffn-up-projection: 0.000219000 seconds
[token:15, layer:0] 009:ffn-swiglu: 0.000001000 seconds
[token:15, layer:0] 010:ffn-down-projection: 0.000243000 seconds
[token:15, layer:0] 102:layer-compute-total: 0.000619000 seconds
[token:15, layer:1] 002:attention-norm: 0.000000000 seconds
[token:15, layer:1] 003:qkv-projection: 0.000251000 seconds
[token:15, layer:1] 004:apply-rope: 0.000001000 seconds
[token:15, layer:1] 005:compute-attention: 0.000004000 seconds
[token:15, layer:1] 006:attention-output: 0.000037000 seconds
[token:15, layer:1] 007:ffn-norm: 0.000000000 seconds
[token:15, layer:1] 008:ffn-up-projection: 0.000194000 seconds
[token:15, layer:1] 009:ffn-swiglu: 0.000001000 seconds
[token:15, layer:1] 010:ffn-down-projection: 0.000139000 seconds
[token:15, layer:1] 102:layer-compute-total: 0.000627000 seconds
[token:15, layer:2] 002:attention-norm: 0.000000000 seconds
[token:15, layer:2] 003:qkv-projection: 0.000111000 seconds
[token:15, layer:2] 004:apply-rope: 0.000001000 seconds
[token:15, layer:2] 005:compute-attention: 0.000004000 seconds
[token:15, layer:2] 006:attention-output: 0.000037000 seconds
[token:15, layer:2] 007:ffn-norm: 0.000000000 seconds
[token:15, layer:2] 008:ffn-up-projection: 0.000194000 seconds
[token:15, layer:2] 009:ffn-swiglu: 0.000001000 seconds
[token:15, layer:2] 010:ffn-down-projection: 0.000139000 seconds
[token:15, layer:2] 102:layer-compute-total: 0.000487000 seconds
[token:15, layer:3] 002:attention-norm: 0.000000000 seconds
[token:15, layer:3] 003:qkv-projection: 0.000109000 seconds
[token:15, layer:3] 004:apply-rope: 0.000001000 seconds
[token:15, layer:3] 005:compute-attention: 0.000004000 seconds
[token:15, layer:3] 006:attention-output: 0.000037000 seconds
[token:15, layer:3] 007:ffn-norm: 0.000000000 seconds
[token:15, layer:3] 008:ffn-up-projection: 0.000194000 seconds
[token:15, layer:3] 009:ffn-swiglu: 0.000001000 seconds
[token:15, layer:3] 010:ffn-down-projection: 0.000140000 seconds
[token:15, layer:3] 102:layer-compute-total: 0.000486000 seconds
[token:15, layer:4] 002:attention-norm: 0.000000000 seconds
[token:15, layer:4] 003:qkv-projection: 0.000109000 seconds
[token:15, layer:4] 004:apply-rope: 0.000002000 seconds
[token:15, layer:4] 005:compute-attention: 0.000004000 seconds
[token:15, layer:4] 006:attention-output: 0.000036000 seconds
[token:15, layer:4] 007:ffn-norm: 0.000000000 seconds
[token:15, layer:4] 008:ffn-up-projection: 0.000194000 seconds
[token:15, layer:4] 009:ffn-swiglu: 0.000001000 seconds
[token:15, layer:4] 010:ffn-down-projection: 0.000140000 seconds
[token:15, layer:4] 102:layer-compute-total: 0.000486000 seconds
[token:15, layer:5] 002:attention-norm: 0.000001000 seconds
[token:15, layer:5] 003:qkv-projection: 0.000109000 seconds
[token:15, layer:5] 004:apply-rope: 0.000001000 seconds
[token:15, layer:5] 005:compute-attention: 0.000004000 seconds
[token:15, layer:5] 006:attention-output: 0.000037000 seconds
[token:15, layer:5] 007:ffn-norm: 0.000001000 seconds
[token:15, layer:5] 008:ffn-up-projection: 0.000197000 seconds
[token:15, layer:5] 009:ffn-swiglu: 0.000001000 seconds
[token:15, layer:5] 010:ffn-down-projection: 0.000139000 seconds
[token:15, layer:5] 102:layer-compute-total: 0.000490000 seconds
[token:15] 011:final-projection: 0.004041000 seconds
[token:15] 103:forward-compute-total: 0.007236000 seconds
[token:16] 001:embedding-lookup: 0.000000000 seconds
[token:16, layer:0] 002:attention-norm: 0.000001000 seconds
[token:16, layer:0] 003:qkv-projection: 0.000110000 seconds
[token:16, layer:0] 004:apply-rope: 0.000002000 seconds
[token:16, layer:0] 005:compute-attention: 0.000005000 seconds
[token:16, layer:0] 006:attention-output: 0.000036000 seconds
[token:16, layer:0] 007:ffn-norm: 0.000000000 seconds
[token:16, layer:0] 008:ffn-up-projection: 0.000203000 seconds
[token:16, layer:0] 009:ffn-swiglu: 0.000001000 seconds
[token:16, layer:0] 010:ffn-down-projection: 0.000140000 seconds
[token:16, layer:0] 102:layer-compute-total: 0.000498000 seconds
[token:16, layer:1] 002:attention-norm: 0.000000000 seconds
[token:16, layer:1] 003:qkv-projection: 0.000110000 seconds
[token:16, layer:1] 004:apply-rope: 0.000001000 seconds
[token:16, layer:1] 005:compute-attention: 0.000003000 seconds
[token:16, layer:1] 006:attention-output: 0.000037000 seconds
[token:16, layer:1] 007:ffn-norm: 0.000001000 seconds
[token:16, layer:1] 008:ffn-up-projection: 0.000195000 seconds
[token:16, layer:1] 009:ffn-swiglu: 0.000001000 seconds
[token:16, layer:1] 010:ffn-down-projection: 0.000139000 seconds
[token:16, layer:1] 102:layer-compute-total: 0.000487000 seconds
[token:16, layer:2] 002:attention-norm: 0.000000000 seconds
[token:16, layer:2] 003:qkv-projection: 0.000112000 seconds
[token:16, layer:2] 004:apply-rope: 0.000001000 seconds
[token:16, layer:2] 005:compute-attention: 0.000004000 seconds
[token:16, layer:2] 006:attention-output: 0.000037000 seconds
[token:16, layer:2] 007:ffn-norm: 0.000001000 seconds
[token:16, layer:2] 008:ffn-up-projection: 0.000194000 seconds
[token:16, layer:2] 009:ffn-swiglu: 0.000001000 seconds
[token:16, layer:2] 010:ffn-down-projection: 0.000139000 seconds
[token:16, layer:2] 102:layer-compute-total: 0.000489000 seconds
[token:16, layer:3] 002:attention-norm: 0.000000000 seconds
[token:16, layer:3] 003:qkv-projection: 0.000110000 seconds
[token:16, layer:3] 004:apply-rope: 0.000002000 seconds
[token:16, layer:3] 005:compute-attention: 0.000003000 seconds
[token:16, layer:3] 006:attention-output: 0.000036000 seconds
[token:16, layer:3] 007:ffn-norm: 0.000000000 seconds
[token:16, layer:3] 008:ffn-up-projection: 0.000194000 seconds
[token:16, layer:3] 009:ffn-swiglu: 0.000001000 seconds
[token:16, layer:3] 010:ffn-down-projection: 0.000139000 seconds
[token:16, layer:3] 102:layer-compute-total: 0.000485000 seconds
[token:16, layer:4] 002:attention-norm: 0.000000000 seconds
[token:16, layer:4] 003:qkv-projection: 0.000110000 seconds
[token:16, layer:4] 004:apply-rope: 0.000001000 seconds
[token:16, layer:4] 005:compute-attention: 0.000003000 seconds
[token:16, layer:4] 006:attention-output: 0.000036000 seconds
[token:16, layer:4] 007:ffn-norm: 0.000001000 seconds
[token:16, layer:4] 008:ffn-up-projection: 0.000193000 seconds
[token:16, layer:4] 009:ffn-swiglu: 0.000001000 seconds
[token:16, layer:4] 010:ffn-down-projection: 0.000140000 seconds
[token:16, layer:4] 102:layer-compute-total: 0.000485000 seconds
[token:16, layer:5] 002:attention-norm: 0.000000000 seconds
[token:16, layer:5] 003:qkv-projection: 0.000109000 seconds
[token:16, layer:5] 004:apply-rope: 0.000001000 seconds
[token:16, layer:5] 005:compute-attention: 0.000004000 seconds
[token:16, layer:5] 006:attention-output: 0.000036000 seconds
[token:16, layer:5] 007:ffn-norm: 0.000000000 seconds
[token:16, layer:5] 008:ffn-up-projection: 0.000194000 seconds
[token:16, layer:5] 009:ffn-swiglu: 0.000001000 seconds
[token:16, layer:5] 010:ffn-down-projection: 0.000139000 seconds
[token:16, layer:5] 102:layer-compute-total: 0.000484000 seconds
[token:16] 011:final-projection: 0.004080000 seconds
[token:16] 103:forward-compute-total: 0.007008000 seconds
[token:17] 001:embedding-lookup: 0.000000000 seconds
[token:17, layer:0] 002:attention-norm: 0.000000000 seconds
[token:17, layer:0] 003:qkv-projection: 0.000110000 seconds
[token:17, layer:0] 004:apply-rope: 0.000002000 seconds
[token:17, layer:0] 005:compute-attention: 0.000003000 seconds
[token:17, layer:0] 006:attention-output: 0.000037000 seconds
[token:17, layer:0] 007:ffn-norm: 0.000001000 seconds
[token:17, layer:0] 008:ffn-up-projection: 0.000195000 seconds
[token:17, layer:0] 009:ffn-swiglu: 0.000001000 seconds
[token:17, layer:0] 010:ffn-down-projection: 0.000140000 seconds
[token:17, layer:0] 102:layer-compute-total: 0.000489000 seconds
[token:17, layer:1] 002:attention-norm: 0.000001000 seconds
[token:17, layer:1] 003:qkv-projection: 0.000109000 seconds
[token:17, layer:1] 004:apply-rope: 0.000001000 seconds
[token:17, layer:1] 005:compute-attention: 0.000003000 seconds
[token:17, layer:1] 006:attention-output: 0.000036000 seconds
[token:17, layer:1] 007:ffn-norm: 0.000000000 seconds
[token:17, layer:1] 008:ffn-up-projection: 0.000194000 seconds
[token:17, layer:1] 009:ffn-swiglu: 0.000001000 seconds
[token:17, layer:1] 010:ffn-down-projection: 0.000139000 seconds
[token:17, layer:1] 102:layer-compute-total: 0.000484000 seconds
[token:17, layer:2] 002:attention-norm: 0.000001000 seconds
[token:17, layer:2] 003:qkv-projection: 0.000109000 seconds
[token:17, layer:2] 004:apply-rope: 0.000001000 seconds
[token:17, layer:2] 005:compute-attention: 0.000004000 seconds
[token:17, layer:2] 006:attention-output: 0.000037000 seconds
[token:17, layer:2] 007:ffn-norm: 0.000000000 seconds
[token:17, layer:2] 008:ffn-up-projection: 0.000194000 seconds
[token:17, layer:2] 009:ffn-swiglu: 0.000001000 seconds
[token:17, layer:2] 010:ffn-down-projection: 0.000139000 seconds
[token:17, layer:2] 102:layer-compute-total: 0.000486000 seconds
[token:17, layer:3] 002:attention-norm: 0.000001000 seconds
[token:17, layer:3] 003:qkv-projection: 0.000147000 seconds
[token:17, layer:3] 004:apply-rope: 0.000002000 seconds
[token:17, layer:3] 005:compute-attention: 0.000005000 seconds
[token:17, layer:3] 006:attention-output: 0.000049000 seconds
[token:17, layer:3] 007:ffn-norm: 0.000000000 seconds
[token:17, layer:3] 008:ffn-up-projection: 0.000195000 seconds
[token:17, layer:3] 009:ffn-swiglu: 0.000001000 seconds
[token:17, layer:3] 010:ffn-down-projection: 0.000140000 seconds
[token:17, layer:3] 102:layer-compute-total: 0.000540000 seconds
[token:17, layer:4] 002:attention-norm: 0.000000000 seconds
[token:17, layer:4] 003:qkv-projection: 0.000111000 seconds
[token:17, layer:4] 004:apply-rope: 0.000001000 seconds
[token:17, layer:4] 005:compute-attention: 0.000004000 seconds
[token:17, layer:4] 006:attention-output: 0.000037000 seconds
[token:17, layer:4] 007:ffn-norm: 0.000001000 seconds
[token:17, layer:4] 008:ffn-up-projection: 0.000194000 seconds
[token:17, layer:4] 009:ffn-swiglu: 0.000001000 seconds
[token:17, layer:4] 010:ffn-down-projection: 0.000140000 seconds
[token:17, layer:4] 102:layer-compute-total: 0.000489000 seconds
[token:17, layer:5] 002:attention-norm: 0.000000000 seconds
[token:17, layer:5] 003:qkv-projection: 0.000109000 seconds
[token:17, layer:5] 004:apply-rope: 0.000001000 seconds
[token:17, layer:5] 005:compute-attention: 0.000003000 seconds
[token:17, layer:5] 006:attention-output: 0.000037000 seconds
[token:17, layer:5] 007:ffn-norm: 0.000000000 seconds
[token:17, layer:5] 008:ffn-up-projection: 0.000194000 seconds
[token:17, layer:5] 009:ffn-swiglu: 0.000001000 seconds
[token:17, layer:5] 010:ffn-down-projection: 0.000139000 seconds
[token:17, layer:5] 102:layer-compute-total: 0.000484000 seconds
[token:17] 011:final-projection: 0.004047000 seconds
[token:17] 103:forward-compute-total: 0.007019000 seconds
[token:18] 001:embedding-lookup: 0.000000000 seconds
[token:18, layer:0] 002:attention-norm: 0.000000000 seconds
[token:18, layer:0] 003:qkv-projection: 0.000110000 seconds
[token:18, layer:0] 004:apply-rope: 0.000001000 seconds
[token:18, layer:0] 005:compute-attention: 0.000004000 seconds
[token:18, layer:0] 006:attention-output: 0.000037000 seconds
[token:18, layer:0] 007:ffn-norm: 0.000000000 seconds
[token:18, layer:0] 008:ffn-up-projection: 0.000195000 seconds
[token:18, layer:0] 009:ffn-swiglu: 0.000001000 seconds
[token:18, layer:0] 010:ffn-down-projection: 0.000140000 seconds
[token:18, layer:0] 102:layer-compute-total: 0.000488000 seconds
[token:18, layer:1] 002:attention-norm: 0.000000000 seconds
[token:18, layer:1] 003:qkv-projection: 0.000109000 seconds
[token:18, layer:1] 004:apply-rope: 0.000002000 seconds
[token:18, layer:1] 005:compute-attention: 0.000004000 seconds
[token:18, layer:1] 006:attention-output: 0.000036000 seconds
[token:18, layer:1] 007:ffn-norm: 0.000000000 seconds
[token:18, layer:1] 008:ffn-up-projection: 0.000194000 seconds
[token:18, layer:1] 009:ffn-swiglu: 0.000002000 seconds
[token:18, layer:1] 010:ffn-down-projection: 0.000139000 seconds
[token:18, layer:1] 102:layer-compute-total: 0.000486000 seconds
[token:18, layer:2] 002:attention-norm: 0.000000000 seconds
[token:18, layer:2] 003:qkv-projection: 0.000110000 seconds
[token:18, layer:2] 004:apply-rope: 0.000001000 seconds
[token:18, layer:2] 005:compute-attention: 0.000005000 seconds
[token:18, layer:2] 006:attention-output: 0.000036000 seconds
[token:18, layer:2] 007:ffn-norm: 0.000000000 seconds
[token:18, layer:2] 008:ffn-up-projection: 0.000194000 seconds
[token:18, layer:2] 009:ffn-swiglu: 0.000001000 seconds
[token:18, layer:2] 010:ffn-down-projection: 0.000139000 seconds
[token:18, layer:2] 102:layer-compute-total: 0.000486000 seconds
[token:18, layer:3] 002:attention-norm: 0.000000000 seconds
[token:18, layer:3] 003:qkv-projection: 0.000109000 seconds
[token:18, layer:3] 004:apply-rope: 0.000002000 seconds
[token:18, layer:3] 005:compute-attention: 0.000004000 seconds
[token:18, layer:3] 006:attention-output: 0.000036000 seconds
[token:18, layer:3] 007:ffn-norm: 0.000000000 seconds
[token:18, layer:3] 008:ffn-up-projection: 0.000194000 seconds
[token:18, layer:3] 009:ffn-swiglu: 0.000002000 seconds
[token:18, layer:3] 010:ffn-down-projection: 0.000140000 seconds
[token:18, layer:3] 102:layer-compute-total: 0.000487000 seconds
[token:18, layer:4] 002:attention-norm: 0.000001000 seconds
[token:18, layer:4] 003:qkv-projection: 0.000110000 seconds
[token:18, layer:4] 004:apply-rope: 0.000002000 seconds
[token:18, layer:4] 005:compute-attention: 0.000004000 seconds
[token:18, layer:4] 006:attention-output: 0.000036000 seconds
[token:18, layer:4] 007:ffn-norm: 0.000001000 seconds
[token:18, layer:4] 008:ffn-up-projection: 0.000194000 seconds
[token:18, layer:4] 009:ffn-swiglu: 0.000001000 seconds
[token:18, layer:4] 010:ffn-down-projection: 0.000140000 seconds
[token:18, layer:4] 102:layer-compute-total: 0.000489000 seconds
[token:18, layer:5] 002:attention-norm: 0.000000000 seconds
[token:18, layer:5] 003:qkv-projection: 0.000109000 seconds
[token:18, layer:5] 004:apply-rope: 0.000001000 seconds
[token:18, layer:5] 005:compute-attention: 0.000004000 seconds
[token:18, layer:5] 006:attention-output: 0.000036000 seconds
[token:18, layer:5] 007:ffn-norm: 0.000001000 seconds
[token:18, layer:5] 008:ffn-up-projection: 0.000194000 seconds
[token:18, layer:5] 009:ffn-swiglu: 0.000001000 seconds
[token:18, layer:5] 010:ffn-down-projection: 0.000140000 seconds
[token:18, layer:5] 102:layer-compute-total: 0.000486000 seconds
[token:18] 011:final-projection: 0.004047000 seconds
[token:18] 103:forward-compute-total: 0.006969000 seconds
[token:19] 001:embedding-lookup: 0.000001000 seconds
[token:19, layer:0] 002:attention-norm: 0.000001000 seconds
[token:19, layer:0] 003:qkv-projection: 0.000110000 seconds
[token:19, layer:0] 004:apply-rope: 0.000002000 seconds
[token:19, layer:0] 005:compute-attention: 0.000004000 seconds
[token:19, layer:0] 006:attention-output: 0.000036000 seconds
[token:19, layer:0] 007:ffn-norm: 0.000000000 seconds
[token:19, layer:0] 008:ffn-up-projection: 0.000194000 seconds
[token:19, layer:0] 009:ffn-swiglu: 0.000001000 seconds
[token:19, layer:0] 010:ffn-down-projection: 0.000139000 seconds
[token:19, layer:0] 102:layer-compute-total: 0.000487000 seconds
[token:19, layer:1] 002:attention-norm: 0.000000000 seconds
[token:19, layer:1] 003:qkv-projection: 0.000109000 seconds
[token:19, layer:1] 004:apply-rope: 0.000002000 seconds
[token:19, layer:1] 005:compute-attention: 0.000003000 seconds
[token:19, layer:1] 006:attention-output: 0.000036000 seconds
[token:19, layer:1] 007:ffn-norm: 0.000000000 seconds
[token:19, layer:1] 008:ffn-up-projection: 0.000195000 seconds
[token:19, layer:1] 009:ffn-swiglu: 0.000001000 seconds
[token:19, layer:1] 010:ffn-down-projection: 0.000139000 seconds
[token:19, layer:1] 102:layer-compute-total: 0.000485000 seconds
[token:19, layer:2] 002:attention-norm: 0.000000000 seconds
[token:19, layer:2] 003:qkv-projection: 0.000109000 seconds
[token:19, layer:2] 004:apply-rope: 0.000001000 seconds
[token:19, layer:2] 005:compute-attention: 0.000003000 seconds
[token:19, layer:2] 006:attention-output: 0.000036000 seconds
[token:19, layer:2] 007:ffn-norm: 0.000000000 seconds
[token:19, layer:2] 008:ffn-up-projection: 0.000196000 seconds
[token:19, layer:2] 009:ffn-swiglu: 0.000001000 seconds
[token:19, layer:2] 010:ffn-down-projection: 0.000139000 seconds
[token:19, layer:2] 102:layer-compute-total: 0.000485000 seconds
[token:19, layer:3] 002:attention-norm: 0.000000000 seconds
[token:19, layer:3] 003:qkv-projection: 0.000109000 seconds
[token:19, layer:3] 004:apply-rope: 0.000001000 seconds
[token:19, layer:3] 005:compute-attention: 0.000004000 seconds
[token:19, layer:3] 006:attention-output: 0.000037000 seconds
[token:19, layer:3] 007:ffn-norm: 0.000000000 seconds
[token:19, layer:3] 008:ffn-up-projection: 0.000194000 seconds
[token:19, layer:3] 009:ffn-swiglu: 0.000002000 seconds
[token:19, layer:3] 010:ffn-down-projection: 0.000139000 seconds
[token:19, layer:3] 102:layer-compute-total: 0.000486000 seconds
[token:19, layer:4] 002:attention-norm: 0.000000000 seconds
[token:19, layer:4] 003:qkv-projection: 0.000110000 seconds
[token:19, layer:4] 004:apply-rope: 0.000001000 seconds
[token:19, layer:4] 005:compute-attention: 0.000004000 seconds
[token:19, layer:4] 006:attention-output: 0.000037000 seconds
[token:19, layer:4] 007:ffn-norm: 0.000000000 seconds
[token:19, layer:4] 008:ffn-up-projection: 0.000194000 seconds
[token:19, layer:4] 009:ffn-swiglu: 0.000001000 seconds
[token:19, layer:4] 010:ffn-down-projection: 0.000139000 seconds
[token:19, layer:4] 102:layer-compute-total: 0.000486000 seconds
[token:19, layer:5] 002:attention-norm: 0.000000000 seconds
[token:19, layer:5] 003:qkv-projection: 0.000109000 seconds
[token:19, layer:5] 004:apply-rope: 0.000001000 seconds
[token:19, layer:5] 005:compute-attention: 0.000004000 seconds
[token:19, layer:5] 006:attention-output: 0.000037000 seconds
[token:19, layer:5] 007:ffn-norm: 0.000001000 seconds
[token:19, layer:5] 008:ffn-up-projection: 0.000194000 seconds
[token:19, layer:5] 009:ffn-swiglu: 0.000001000 seconds
[token:19, layer:5] 010:ffn-down-projection: 0.000140000 seconds
[token:19, layer:5] 102:layer-compute-total: 0.000487000 seconds
[token:19] 011:final-projection: 0.004242000 seconds
[token:19] 103:forward-compute-total: 0.007159000 seconds
[token:20] 001:embedding-lookup: 0.000000000 seconds
[token:20, layer:0] 002:attention-norm: 0.000000000 seconds
[token:20, layer:0] 003:qkv-projection: 0.000113000 seconds
[token:20, layer:0] 004:apply-rope: 0.000002000 seconds
[token:20, layer:0] 005:compute-attention: 0.000005000 seconds
[token:20, layer:0] 006:attention-output: 0.000035000 seconds
[token:20, layer:0] 007:ffn-norm: 0.000001000 seconds
[token:20, layer:0] 008:ffn-up-projection: 0.000187000 seconds
[token:20, layer:0] 009:ffn-swiglu: 0.000001000 seconds
[token:20, layer:0] 010:ffn-down-projection: 0.000134000 seconds
[token:20, layer:0] 102:layer-compute-total: 0.000478000 seconds
[token:20, layer:1] 002:attention-norm: 0.000000000 seconds
[token:20, layer:1] 003:qkv-projection: 0.000105000 seconds
[token:20, layer:1] 004:apply-rope: 0.000001000 seconds
[token:20, layer:1] 005:compute-attention: 0.000004000 seconds
[token:20, layer:1] 006:attention-output: 0.000036000 seconds
[token:20, layer:1] 007:ffn-norm: 0.000000000 seconds
[token:20, layer:1] 008:ffn-up-projection: 0.000191000 seconds
[token:20, layer:1] 009:ffn-swiglu: 0.000001000 seconds
[token:20, layer:1] 010:ffn-down-projection: 0.000134000 seconds
[token:20, layer:1] 102:layer-compute-total: 0.000472000 seconds
[token:20, layer:2] 002:attention-norm: 0.000001000 seconds
[token:20, layer:2] 003:qkv-projection: 0.000105000 seconds
[token:20, layer:2] 004:apply-rope: 0.000001000 seconds
[token:20, layer:2] 005:compute-attention: 0.000005000 seconds
[token:20, layer:2] 006:attention-output: 0.000035000 seconds
[token:20, layer:2] 007:ffn-norm: 0.000000000 seconds
[token:20, layer:2] 008:ffn-up-projection: 0.000187000 seconds
[token:20, layer:2] 009:ffn-swiglu: 0.000001000 seconds
[token:20, layer:2] 010:ffn-down-projection: 0.000134000 seconds
[token:20, layer:2] 102:layer-compute-total: 0.000469000 seconds
[token:20, layer:3] 002:attention-norm: 0.000000000 seconds
[token:20, layer:3] 003:qkv-projection: 0.000105000 seconds
[token:20, layer:3] 004:apply-rope: 0.000001000 seconds
[token:20, layer:3] 005:compute-attention: 0.000005000 seconds
[token:20, layer:3] 006:attention-output: 0.000035000 seconds
[token:20, layer:3] 007:ffn-norm: 0.000000000 seconds
[token:20, layer:3] 008:ffn-up-projection: 0.000187000 seconds
[token:20, layer:3] 009:ffn-swiglu: 0.000001000 seconds
[token:20, layer:3] 010:ffn-down-projection: 0.000134000 seconds
[token:20, layer:3] 102:layer-compute-total: 0.000468000 seconds
[token:20, layer:4] 002:attention-norm: 0.000000000 seconds
[token:20, layer:4] 003:qkv-projection: 0.000110000 seconds
[token:20, layer:4] 004:apply-rope: 0.000001000 seconds
[token:20, layer:4] 005:compute-attention: 0.000004000 seconds
[token:20, layer:4] 006:attention-output: 0.000035000 seconds
[token:20, layer:4] 007:ffn-norm: 0.000000000 seconds
[token:20, layer:4] 008:ffn-up-projection: 0.000187000 seconds
[token:20, layer:4] 009:ffn-swiglu: 0.000001000 seconds
[token:20, layer:4] 010:ffn-down-projection: 0.000134000 seconds
[token:20, layer:4] 102:layer-compute-total: 0.000472000 seconds
[token:20, layer:5] 002:attention-norm: 0.000000000 seconds
[token:20, layer:5] 003:qkv-projection: 0.000106000 seconds
[token:20, layer:5] 004:apply-rope: 0.000001000 seconds
[token:20, layer:5] 005:compute-attention: 0.000005000 seconds
[token:20, layer:5] 006:attention-output: 0.000035000 seconds
[token:20, layer:5] 007:ffn-norm: 0.000000000 seconds
[token:20, layer:5] 008:ffn-up-projection: 0.000190000 seconds
[token:20, layer:5] 009:ffn-swiglu: 0.000001000 seconds
[token:20, layer:5] 010:ffn-down-projection: 0.000134000 seconds
[token:20, layer:5] 102:layer-compute-total: 0.000472000 seconds
[token:20] 011:final-projection: 0.003971000 seconds
[token:20] 103:forward-compute-total: 0.006802000 seconds
[token:21] 001:embedding-lookup: 0.000000000 seconds
[token:21, layer:0] 002:attention-norm: 0.000001000 seconds
[token:21, layer:0] 003:qkv-projection: 0.000112000 seconds
[token:21, layer:0] 004:apply-rope: 0.000002000 seconds
[token:21, layer:0] 005:compute-attention: 0.000004000 seconds
[token:21, layer:0] 006:attention-output: 0.000035000 seconds
[token:21, layer:0] 007:ffn-norm: 0.000000000 seconds
[token:21, layer:0] 008:ffn-up-projection: 0.000191000 seconds
[token:21, layer:0] 009:ffn-swiglu: 0.000001000 seconds
[token:21, layer:0] 010:ffn-down-projection: 0.000134000 seconds
[token:21, layer:0] 102:layer-compute-total: 0.000480000 seconds
[token:21, layer:1] 002:attention-norm: 0.000000000 seconds
[token:21, layer:1] 003:qkv-projection: 0.000105000 seconds
[token:21, layer:1] 004:apply-rope: 0.000002000 seconds
[token:21, layer:1] 005:compute-attention: 0.000004000 seconds
[token:21, layer:1] 006:attention-output: 0.000035000 seconds
[token:21, layer:1] 007:ffn-norm: 0.000000000 seconds
[token:21, layer:1] 008:ffn-up-projection: 0.000187000 seconds
[token:21, layer:1] 009:ffn-swiglu: 0.000001000 seconds
[token:21, layer:1] 010:ffn-down-projection: 0.000134000 seconds
[token:21, layer:1] 102:layer-compute-total: 0.000468000 seconds
[token:21, layer:2] 002:attention-norm: 0.000000000 seconds
[token:21, layer:2] 003:qkv-projection: 0.000106000 seconds
[token:21, layer:2] 004:apply-rope: 0.000001000 seconds
[token:21, layer:2] 005:compute-attention: 0.000004000 seconds
[token:21, layer:2] 006:attention-output: 0.000035000 seconds
[token:21, layer:2] 007:ffn-norm: 0.000000000 seconds
[token:21, layer:2] 008:ffn-up-projection: 0.000187000 seconds
[token:21, layer:2] 009:ffn-swiglu: 0.000001000 seconds
[token:21, layer:2] 010:ffn-down-projection: 0.000134000 seconds
[token:21, layer:2] 102:layer-compute-total: 0.000468000 seconds
[token:21, layer:3] 002:attention-norm: 0.000000000 seconds
[token:21, layer:3] 003:qkv-projection: 0.000105000 seconds
[token:21, layer:3] 004:apply-rope: 0.000001000 seconds
[token:21, layer:3] 005:compute-attention: 0.000003000 seconds
[token:21, layer:3] 006:attention-output: 0.000035000 seconds
[token:21, layer:3] 007:ffn-norm: 0.000000000 seconds
[token:21, layer:3] 008:ffn-up-projection: 0.000190000 seconds
[token:21, layer:3] 009:ffn-swiglu: 0.000001000 seconds
[token:21, layer:3] 010:ffn-down-projection: 0.000134000 seconds
[token:21, layer:3] 102:layer-compute-total: 0.000469000 seconds
[token:21, layer:4] 002:attention-norm: 0.000000000 seconds
[token:21, layer:4] 003:qkv-projection: 0.000105000 seconds
[token:21, layer:4] 004:apply-rope: 0.000001000 seconds
[token:21, layer:4] 005:compute-attention: 0.000004000 seconds
[token:21, layer:4] 006:attention-output: 0.000035000 seconds
[token:21, layer:4] 007:ffn-norm: 0.000000000 seconds
[token:21, layer:4] 008:ffn-up-projection: 0.000191000 seconds
[token:21, layer:4] 009:ffn-swiglu: 0.000001000 seconds
[token:21, layer:4] 010:ffn-down-projection: 0.000134000 seconds
[token:21, layer:4] 102:layer-compute-total: 0.000471000 seconds
[token:21, layer:5] 002:attention-norm: 0.000000000 seconds
[token:21, layer:5] 003:qkv-projection: 0.000105000 seconds
[token:21, layer:5] 004:apply-rope: 0.000001000 seconds
[token:21, layer:5] 005:compute-attention: 0.000004000 seconds
[token:21, layer:5] 006:attention-output: 0.000035000 seconds
[token:21, layer:5] 007:ffn-norm: 0.000000000 seconds
[token:21, layer:5] 008:ffn-up-projection: 0.000187000 seconds
[token:21, layer:5] 009:ffn-swiglu: 0.000001000 seconds
[token:21, layer:5] 010:ffn-down-projection: 0.000134000 seconds
[token:21, layer:5] 102:layer-compute-total: 0.000467000 seconds
[token:21] 011:final-projection: 0.004307000 seconds
[token:21] 103:forward-compute-total: 0.007130000 seconds
[token:22] 001:embedding-lookup: 0.000001000 seconds
[token:22, layer:0] 002:attention-norm: 0.000000000 seconds
[token:22, layer:0] 003:qkv-projection: 0.000113000 seconds
[token:22, layer:0] 004:apply-rope: 0.000002000 seconds
[token:22, layer:0] 005:compute-attention: 0.000005000 seconds
[token:22, layer:0] 006:attention-output: 0.000035000 seconds
[token:22, layer:0] 007:ffn-norm: 0.000000000 seconds
[token:22, layer:0] 008:ffn-up-projection: 0.000187000 seconds
[token:22, layer:0] 009:ffn-swiglu: 0.000001000 seconds
[token:22, layer:0] 010:ffn-down-projection: 0.000135000 seconds
[token:22, layer:0] 102:layer-compute-total: 0.000478000 seconds
[token:22, layer:1] 002:attention-norm: 0.000000000 seconds
[token:22, layer:1] 003:qkv-projection: 0.000106000 seconds
[token:22, layer:1] 004:apply-rope: 0.000001000 seconds
[token:22, layer:1] 005:compute-attention: 0.000006000 seconds
[token:22, layer:1] 006:attention-output: 0.000035000 seconds
[token:22, layer:1] 007:ffn-norm: 0.000001000 seconds
[token:22, layer:1] 008:ffn-up-projection: 0.000187000 seconds
[token:22, layer:1] 009:ffn-swiglu: 0.000001000 seconds
[token:22, layer:1] 010:ffn-down-projection: 0.000134000 seconds
[token:22, layer:1] 102:layer-compute-total: 0.000471000 seconds
[token:22, layer:2] 002:attention-norm: 0.000001000 seconds
[token:22, layer:2] 003:qkv-projection: 0.000107000 seconds
[token:22, layer:2] 004:apply-rope: 0.000001000 seconds
[token:22, layer:2] 005:compute-attention: 0.000006000 seconds
[token:22, layer:2] 006:attention-output: 0.000035000 seconds
[token:22, layer:2] 007:ffn-norm: 0.000000000 seconds
[token:22, layer:2] 008:ffn-up-projection: 0.000190000 seconds
[token:22, layer:2] 009:ffn-swiglu: 0.000001000 seconds
[token:22, layer:2] 010:ffn-down-projection: 0.000134000 seconds
[token:22, layer:2] 102:layer-compute-total: 0.000475000 seconds
[token:22, layer:3] 002:attention-norm: 0.000000000 seconds
[token:22, layer:3] 003:qkv-projection: 0.000106000 seconds
[token:22, layer:3] 004:apply-rope: 0.000002000 seconds
[token:22, layer:3] 005:compute-attention: 0.000005000 seconds
[token:22, layer:3] 006:attention-output: 0.000038000 seconds
[token:22, layer:3] 007:ffn-norm: 0.000000000 seconds
[token:22, layer:3] 008:ffn-up-projection: 0.000192000 seconds
[token:22, layer:3] 009:ffn-swiglu: 0.000001000 seconds
[token:22, layer:3] 010:ffn-down-projection: 0.000135000 seconds
[token:22, layer:3] 102:layer-compute-total: 0.000479000 seconds
[token:22, layer:4] 002:attention-norm: 0.000000000 seconds
[token:22, layer:4] 003:qkv-projection: 0.000107000 seconds
[token:22, layer:4] 004:apply-rope: 0.000001000 seconds
[token:22, layer:4] 005:compute-attention: 0.000005000 seconds
[token:22, layer:4] 006:attention-output: 0.000036000 seconds
[token:22, layer:4] 007:ffn-norm: 0.000000000 seconds
[token:22, layer:4] 008:ffn-up-projection: 0.000187000 seconds
[token:22, layer:4] 009:ffn-swiglu: 0.000001000 seconds
[token:22, layer:4] 010:ffn-down-projection: 0.000134000 seconds
[token:22, layer:4] 102:layer-compute-total: 0.000471000 seconds
[token:22, layer:5] 002:attention-norm: 0.000000000 seconds
[token:22, layer:5] 003:qkv-projection: 0.000106000 seconds
[token:22, layer:5] 004:apply-rope: 0.000001000 seconds
[token:22, layer:5] 005:compute-attention: 0.000005000 seconds
[token:22, layer:5] 006:attention-output: 0.000035000 seconds
[token:22, layer:5] 007:ffn-norm: 0.000001000 seconds
[token:22, layer:5] 008:ffn-up-projection: 0.000186000 seconds
[token:22, layer:5] 009:ffn-swiglu: 0.000001000 seconds
[token:22, layer:5] 010:ffn-down-projection: 0.000134000 seconds
[token:22, layer:5] 102:layer-compute-total: 0.000469000 seconds
[token:22] 011:final-projection: 0.003982000 seconds
[token:22] 103:forward-compute-total: 0.006826000 seconds
[token:23] 001:embedding-lookup: 0.000000000 seconds
[token:23, layer:0] 002:attention-norm: 0.000001000 seconds
[token:23, layer:0] 003:qkv-projection: 0.000112000 seconds
[token:23, layer:0] 004:apply-rope: 0.000002000 seconds
[token:23, layer:0] 005:compute-attention: 0.000004000 seconds
[token:23, layer:0] 006:attention-output: 0.000035000 seconds
[token:23, layer:0] 007:ffn-norm: 0.000000000 seconds
[token:23, layer:0] 008:ffn-up-projection: 0.000189000 seconds
[token:23, layer:0] 009:ffn-swiglu: 0.000001000 seconds
[token:23, layer:0] 010:ffn-down-projection: 0.000134000 seconds
[token:23, layer:0] 102:layer-compute-total: 0.000478000 seconds
[token:23, layer:1] 002:attention-norm: 0.000000000 seconds
[token:23, layer:1] 003:qkv-projection: 0.000105000 seconds
[token:23, layer:1] 004:apply-rope: 0.000001000 seconds
[token:23, layer:1] 005:compute-attention: 0.000004000 seconds
[token:23, layer:1] 006:attention-output: 0.000035000 seconds
[token:23, layer:1] 007:ffn-norm: 0.000000000 seconds
[token:23, layer:1] 008:ffn-up-projection: 0.000187000 seconds
[token:23, layer:1] 009:ffn-swiglu: 0.000001000 seconds
[token:23, layer:1] 010:ffn-down-projection: 0.000134000 seconds
[token:23, layer:1] 102:layer-compute-total: 0.000467000 seconds
[token:23, layer:2] 002:attention-norm: 0.000000000 seconds
[token:23, layer:2] 003:qkv-projection: 0.000105000 seconds
[token:23, layer:2] 004:apply-rope: 0.000002000 seconds
[token:23, layer:2] 005:compute-attention: 0.000004000 seconds
[token:23, layer:2] 006:attention-output: 0.000035000 seconds
[token:23, layer:2] 007:ffn-norm: 0.000000000 seconds
[token:23, layer:2] 008:ffn-up-projection: 0.000195000 seconds
[token:23, layer:2] 009:ffn-swiglu: 0.000001000 seconds
[token:23, layer:2] 010:ffn-down-projection: 0.000134000 seconds
[token:23, layer:2] 102:layer-compute-total: 0.000476000 seconds
[token:23, layer:3] 002:attention-norm: 0.000000000 seconds
[token:23, layer:3] 003:qkv-projection: 0.000105000 seconds
[token:23, layer:3] 004:apply-rope: 0.000001000 seconds
[token:23, layer:3] 005:compute-attention: 0.000003000 seconds
[token:23, layer:3] 006:attention-output: 0.000035000 seconds
[token:23, layer:3] 007:ffn-norm: 0.000000000 seconds
[token:23, layer:3] 008:ffn-up-projection: 0.000187000 seconds
[token:23, layer:3] 009:ffn-swiglu: 0.000001000 seconds
[token:23, layer:3] 010:ffn-down-projection: 0.000135000 seconds
[token:23, layer:3] 102:layer-compute-total: 0.000467000 seconds
[token:23, layer:4] 002:attention-norm: 0.000001000 seconds
[token:23, layer:4] 003:qkv-projection: 0.000105000 seconds
[token:23, layer:4] 004:apply-rope: 0.000001000 seconds
[token:23, layer:4] 005:compute-attention: 0.000004000 seconds
[token:23, layer:4] 006:attention-output: 0.000036000 seconds
[token:23, layer:4] 007:ffn-norm: 0.000000000 seconds
[token:23, layer:4] 008:ffn-up-projection: 0.000186000 seconds
[token:23, layer:4] 009:ffn-swiglu: 0.000001000 seconds
[token:23, layer:4] 010:ffn-down-projection: 0.000134000 seconds
[token:23, layer:4] 102:layer-compute-total: 0.000468000 seconds
[token:23, layer:5] 002:attention-norm: 0.000001000 seconds
[token:23, layer:5] 003:qkv-projection: 0.000105000 seconds
[token:23, layer:5] 004:apply-rope: 0.000001000 seconds
[token:23, layer:5] 005:compute-attention: 0.000004000 seconds
[token:23, layer:5] 006:attention-output: 0.000035000 seconds
[token:23, layer:5] 007:ffn-norm: 0.000000000 seconds
[token:23, layer:5] 008:ffn-up-projection: 0.000186000 seconds
[token:23, layer:5] 009:ffn-swiglu: 0.000001000 seconds
[token:23, layer:5] 010:ffn-down-projection: 0.000134000 seconds
[token:23, layer:5] 102:layer-compute-total: 0.000467000 seconds
[token:23] 011:final-projection: 0.004004000 seconds
[token:23] 103:forward-compute-total: 0.006827000 seconds
[token:24] 001:embedding-lookup: 0.000000000 seconds
[token:24, layer:0] 002:attention-norm: 0.000000000 seconds
[token:24, layer:0] 003:qkv-projection: 0.000216000 seconds
[token:24, layer:0] 004:apply-rope: 0.000001000 seconds
[token:24, layer:0] 005:compute-attention: 0.000005000 seconds
[token:24, layer:0] 006:attention-output: 0.000040000 seconds
[token:24, layer:0] 007:ffn-norm: 0.000000000 seconds
[token:24, layer:0] 008:ffn-up-projection: 0.000207000 seconds
[token:24, layer:0] 009:ffn-swiglu: 0.000001000 seconds
[token:24, layer:0] 010:ffn-down-projection: 0.000140000 seconds
[token:24, layer:0] 102:layer-compute-total: 0.000610000 seconds
[token:24, layer:1] 002:attention-norm: 0.000000000 seconds
[token:24, layer:1] 003:qkv-projection: 0.000112000 seconds
[token:24, layer:1] 004:apply-rope: 0.000002000 seconds
[token:24, layer:1] 005:compute-attention: 0.000008000 seconds
[token:24, layer:1] 006:attention-output: 0.000035000 seconds
[token:24, layer:1] 007:ffn-norm: 0.000001000 seconds
[token:24, layer:1] 008:ffn-up-projection: 0.000203000 seconds
[token:24, layer:1] 009:ffn-swiglu: 0.000001000 seconds
[token:24, layer:1] 010:ffn-down-projection: 0.000144000 seconds
[token:24, layer:1] 102:layer-compute-total: 0.000506000 seconds
[token:24, layer:2] 002:attention-norm: 0.000000000 seconds
[token:24, layer:2] 003:qkv-projection: 0.000107000 seconds
[token:24, layer:2] 004:apply-rope: 0.000002000 seconds
[token:24, layer:2] 005:compute-attention: 0.000006000 seconds
[token:24, layer:2] 006:attention-output: 0.000036000 seconds
[token:24, layer:2] 007:ffn-norm: 0.000000000 seconds
[token:24, layer:2] 008:ffn-up-projection: 0.000187000 seconds
[token:24, layer:2] 009:ffn-swiglu: 0.000001000 seconds
[token:24, layer:2] 010:ffn-down-projection: 0.000134000 seconds
[token:24, layer:2] 102:layer-compute-total: 0.000473000 seconds
[token:24, layer:3] 002:attention-norm: 0.000000000 seconds
[token:24, layer:3] 003:qkv-projection: 0.000105000 seconds
[token:24, layer:3] 004:apply-rope: 0.000001000 seconds
[token:24, layer:3] 005:compute-attention: 0.000006000 seconds
[token:24, layer:3] 006:attention-output: 0.000035000 seconds
[token:24, layer:3] 007:ffn-norm: 0.000000000 seconds
[token:24, layer:3] 008:ffn-up-projection: 0.000187000 seconds
[token:24, layer:3] 009:ffn-swiglu: 0.000002000 seconds
[token:24, layer:3] 010:ffn-down-projection: 0.000132000 seconds
[token:24, layer:3] 102:layer-compute-total: 0.000468000 seconds
[token:24, layer:4] 002:attention-norm: 0.000000000 seconds
[token:24, layer:4] 003:qkv-projection: 0.000105000 seconds
[token:24, layer:4] 004:apply-rope: 0.000001000 seconds
[token:24, layer:4] 005:compute-attention: 0.000007000 seconds
[token:24, layer:4] 006:attention-output: 0.000036000 seconds
[token:24, layer:4] 007:ffn-norm: 0.000001000 seconds
[token:24, layer:4] 008:ffn-up-projection: 0.000187000 seconds
[token:24, layer:4] 009:ffn-swiglu: 0.000001000 seconds
[token:24, layer:4] 010:ffn-down-projection: 0.000139000 seconds
[token:24, layer:4] 102:layer-compute-total: 0.000477000 seconds
[token:24, layer:5] 002:attention-norm: 0.000001000 seconds
[token:24, layer:5] 003:qkv-projection: 0.000105000 seconds
[token:24, layer:5] 004:apply-rope: 0.000002000 seconds
[token:24, layer:5] 005:compute-attention: 0.000007000 seconds
[token:24, layer:5] 006:attention-output: 0.000035000 seconds
[token:24, layer:5] 007:ffn-norm: 0.000000000 seconds
[token:24, layer:5] 008:ffn-up-projection: 0.000187000 seconds
[token:24, layer:5] 009:ffn-swiglu: 0.000001000 seconds
[token:24, layer:5] 010:ffn-down-projection: 0.000134000 seconds
[token:24, layer:5] 102:layer-compute-total: 0.000472000 seconds
[token:24] 011:final-projection: 0.003961000 seconds
[token:24] 103:forward-compute-total: 0.006967000 seconds
[token:25] 001:embedding-lookup: 0.000000000 seconds
[token:25, layer:0] 002:attention-norm: 0.000000000 seconds
[token:25, layer:0] 003:qkv-projection: 0.000113000 seconds
[token:25, layer:0] 004:apply-rope: 0.000002000 seconds
[token:25, layer:0] 005:compute-attention: 0.000005000 seconds
[token:25, layer:0] 006:attention-output: 0.000036000 seconds
[token:25, layer:0] 007:ffn-norm: 0.000001000 seconds
[token:25, layer:0] 008:ffn-up-projection: 0.000186000 seconds
[token:25, layer:0] 009:ffn-swiglu: 0.000001000 seconds
[token:25, layer:0] 010:ffn-down-projection: 0.000133000 seconds
[token:25, layer:0] 102:layer-compute-total: 0.000477000 seconds
[token:25, layer:1] 002:attention-norm: 0.000000000 seconds
[token:25, layer:1] 003:qkv-projection: 0.000106000 seconds
[token:25, layer:1] 004:apply-rope: 0.000002000 seconds
[token:25, layer:1] 005:compute-attention: 0.000005000 seconds
[token:25, layer:1] 006:attention-output: 0.000038000 seconds
[token:25, layer:1] 007:ffn-norm: 0.000000000 seconds
[token:25, layer:1] 008:ffn-up-projection: 0.000187000 seconds
[token:25, layer:1] 009:ffn-swiglu: 0.000001000 seconds
[token:25, layer:1] 010:ffn-down-projection: 0.000134000 seconds
[token:25, layer:1] 102:layer-compute-total: 0.000473000 seconds
[token:25, layer:2] 002:attention-norm: 0.000000000 seconds
[token:25, layer:2] 003:qkv-projection: 0.000106000 seconds
[token:25, layer:2] 004:apply-rope: 0.000001000 seconds
[token:25, layer:2] 005:compute-attention: 0.000005000 seconds
[token:25, layer:2] 006:attention-output: 0.000035000 seconds
[token:25, layer:2] 007:ffn-norm: 0.000000000 seconds
[token:25, layer:2] 008:ffn-up-projection: 0.000190000 seconds
[token:25, layer:2] 009:ffn-swiglu: 0.000001000 seconds
[token:25, layer:2] 010:ffn-down-projection: 0.000135000 seconds
[token:25, layer:2] 102:layer-compute-total: 0.000473000 seconds
[token:25, layer:3] 002:attention-norm: 0.000000000 seconds
[token:25, layer:3] 003:qkv-projection: 0.000105000 seconds
[token:25, layer:3] 004:apply-rope: 0.000001000 seconds
[token:25, layer:3] 005:compute-attention: 0.000004000 seconds
[token:25, layer:3] 006:attention-output: 0.000036000 seconds
[token:25, layer:3] 007:ffn-norm: 0.000000000 seconds
[token:25, layer:3] 008:ffn-up-projection: 0.000187000 seconds
[token:25, layer:3] 009:ffn-swiglu: 0.000001000 seconds
[token:25, layer:3] 010:ffn-down-projection: 0.000134000 seconds
[token:25, layer:3] 102:layer-compute-total: 0.000468000 seconds
[token:25, layer:4] 002:attention-norm: 0.000000000 seconds
[token:25, layer:4] 003:qkv-projection: 0.000105000 seconds
[token:25, layer:4] 004:apply-rope: 0.000002000 seconds
[token:25, layer:4] 005:compute-attention: 0.000004000 seconds
[token:25, layer:4] 006:attention-output: 0.000035000 seconds
[token:25, layer:4] 007:ffn-norm: 0.000001000 seconds
[token:25, layer:4] 008:ffn-up-projection: 0.000186000 seconds
[token:25, layer:4] 009:ffn-swiglu: 0.000001000 seconds
[token:25, layer:4] 010:ffn-down-projection: 0.000134000 seconds
[token:25, layer:4] 102:layer-compute-total: 0.000468000 seconds
[token:25, layer:5] 002:attention-norm: 0.000001000 seconds
[token:25, layer:5] 003:qkv-projection: 0.000108000 seconds
[token:25, layer:5] 004:apply-rope: 0.000002000 seconds
[token:25, layer:5] 005:compute-attention: 0.000004000 seconds
[token:25, layer:5] 006:attention-output: 0.000035000 seconds
[token:25, layer:5] 007:ffn-norm: 0.000000000 seconds
[token:25, layer:5] 008:ffn-up-projection: 0.000187000 seconds
[token:25, layer:5] 009:ffn-swiglu: 0.000001000 seconds
[token:25, layer:5] 010:ffn-down-projection: 0.000134000 seconds
[token:25, layer:5] 102:layer-compute-total: 0.000472000 seconds
[token:25] 011:final-projection: 0.003938000 seconds
[token:25] 103:forward-compute-total: 0.006769000 seconds
[token:26] 001:embedding-lookup: 0.000000000 seconds
[token:26, layer:0] 002:attention-norm: 0.000000000 seconds
[token:26, layer:0] 003:qkv-projection: 0.000117000 seconds
[token:26, layer:0] 004:apply-rope: 0.000001000 seconds
[token:26, layer:0] 005:compute-attention: 0.000004000 seconds
[token:26, layer:0] 006:attention-output: 0.000039000 seconds
[token:26, layer:0] 007:ffn-norm: 0.000000000 seconds
[token:26, layer:0] 008:ffn-up-projection: 0.000195000 seconds
[token:26, layer:0] 009:ffn-swiglu: 0.000001000 seconds
[token:26, layer:0] 010:ffn-down-projection: 0.000140000 seconds
[token:26, layer:0] 102:layer-compute-total: 0.000497000 seconds
[token:26, layer:1] 002:attention-norm: 0.000000000 seconds
[token:26, layer:1] 003:qkv-projection: 0.000107000 seconds
[token:26, layer:1] 004:apply-rope: 0.000002000 seconds
[token:26, layer:1] 005:compute-attention: 0.000004000 seconds
[token:26, layer:1] 006:attention-output: 0.000036000 seconds
[token:26, layer:1] 007:ffn-norm: 0.000000000 seconds
[token:26, layer:1] 008:ffn-up-projection: 0.000190000 seconds
[token:26, layer:1] 009:ffn-swiglu: 0.000001000 seconds
[token:26, layer:1] 010:ffn-down-projection: 0.000136000 seconds
[token:26, layer:1] 102:layer-compute-total: 0.000476000 seconds
[token:26, layer:2] 002:attention-norm: 0.000000000 seconds
[token:26, layer:2] 003:qkv-projection: 0.000109000 seconds
[token:26, layer:2] 004:apply-rope: 0.000001000 seconds
[token:26, layer:2] 005:compute-attention: 0.000004000 seconds
[token:26, layer:2] 006:attention-output: 0.000036000 seconds
[token:26, layer:2] 007:ffn-norm: 0.000001000 seconds
[token:26, layer:2] 008:ffn-up-projection: 0.000189000 seconds
[token:26, layer:2] 009:ffn-swiglu: 0.000001000 seconds
[token:26, layer:2] 010:ffn-down-projection: 0.000136000 seconds
[token:26, layer:2] 102:layer-compute-total: 0.000477000 seconds
[token:26, layer:3] 002:attention-norm: 0.000000000 seconds
[token:26, layer:3] 003:qkv-projection: 0.000107000 seconds
[token:26, layer:3] 004:apply-rope: 0.000001000 seconds
[token:26, layer:3] 005:compute-attention: 0.000005000 seconds
[token:26, layer:3] 006:attention-output: 0.000036000 seconds
[token:26, layer:3] 007:ffn-norm: 0.000000000 seconds
[token:26, layer:3] 008:ffn-up-projection: 0.000194000 seconds
[token:26, layer:3] 009:ffn-swiglu: 0.000001000 seconds
[token:26, layer:3] 010:ffn-down-projection: 0.000149000 seconds
[token:26, layer:3] 102:layer-compute-total: 0.000493000 seconds
[token:26, layer:4] 002:attention-norm: 0.000000000 seconds
[token:26, layer:4] 003:qkv-projection: 0.000114000 seconds
[token:26, layer:4] 004:apply-rope: 0.000002000 seconds
[token:26, layer:4] 005:compute-attention: 0.000005000 seconds
[token:26, layer:4] 006:attention-output: 0.000041000 seconds
[token:26, layer:4] 007:ffn-norm: 0.000000000 seconds
[token:26, layer:4] 008:ffn-up-projection: 0.000256000 seconds
[token:26, layer:4] 009:ffn-swiglu: 0.000002000 seconds
[token:26, layer:4] 010:ffn-down-projection: 0.000137000 seconds
[token:26, layer:4] 102:layer-compute-total: 0.000557000 seconds
[token:26, layer:5] 002:attention-norm: 0.000000000 seconds
[token:26, layer:5] 003:qkv-projection: 0.000118000 seconds
[token:26, layer:5] 004:apply-rope: 0.000001000 seconds
[token:26, layer:5] 005:compute-attention: 0.000006000 seconds
[token:26, layer:5] 006:attention-output: 0.000035000 seconds
[token:26, layer:5] 007:ffn-norm: 0.000001000 seconds
[token:26, layer:5] 008:ffn-up-projection: 0.000192000 seconds
[token:26, layer:5] 009:ffn-swiglu: 0.000001000 seconds
[token:26, layer:5] 010:ffn-down-projection: 0.000142000 seconds
[token:26, layer:5] 102:layer-compute-total: 0.000496000 seconds
[token:26] 011:final-projection: 0.003948000 seconds
[token:26] 103:forward-compute-total: 0.006944000 seconds
[token:27] 001:embedding-lookup: 0.000000000 seconds
[token:27, layer:0] 002:attention-norm: 0.000000000 seconds
[token:27, layer:0] 003:qkv-projection: 0.000112000 seconds
[token:27, layer:0] 004:apply-rope: 0.000002000 seconds
[token:27, layer:0] 005:compute-attention: 0.000006000 seconds
[token:27, layer:0] 006:attention-output: 0.000038000 seconds
[token:27, layer:0] 007:ffn-norm: 0.000001000 seconds
[token:27, layer:0] 008:ffn-up-projection: 0.000192000 seconds
[token:27, layer:0] 009:ffn-swiglu: 0.000001000 seconds
[token:27, layer:0] 010:ffn-down-projection: 0.000134000 seconds
[token:27, layer:0] 102:layer-compute-total: 0.000486000 seconds
[token:27, layer:1] 002:attention-norm: 0.000000000 seconds
[token:27, layer:1] 003:qkv-projection: 0.000105000 seconds
[token:27, layer:1] 004:apply-rope: 0.000001000 seconds
[token:27, layer:1] 005:compute-attention: 0.000005000 seconds
[token:27, layer:1] 006:attention-output: 0.000036000 seconds
[token:27, layer:1] 007:ffn-norm: 0.000000000 seconds
[token:27, layer:1] 008:ffn-up-projection: 0.000187000 seconds
[token:27, layer:1] 009:ffn-swiglu: 0.000001000 seconds
[token:27, layer:1] 010:ffn-down-projection: 0.000134000 seconds
[token:27, layer:1] 102:layer-compute-total: 0.000469000 seconds
[token:27, layer:2] 002:attention-norm: 0.000000000 seconds
[token:27, layer:2] 003:qkv-projection: 0.000105000 seconds
[token:27, layer:2] 004:apply-rope: 0.000001000 seconds
[token:27, layer:2] 005:compute-attention: 0.000005000 seconds
[token:27, layer:2] 006:attention-output: 0.000035000 seconds
[token:27, layer:2] 007:ffn-norm: 0.000000000 seconds
[token:27, layer:2] 008:ffn-up-projection: 0.000187000 seconds
[token:27, layer:2] 009:ffn-swiglu: 0.000001000 seconds
[token:27, layer:2] 010:ffn-down-projection: 0.000133000 seconds
[token:27, layer:2] 102:layer-compute-total: 0.000467000 seconds
[token:27, layer:3] 002:attention-norm: 0.000000000 seconds
[token:27, layer:3] 003:qkv-projection: 0.000105000 seconds
[token:27, layer:3] 004:apply-rope: 0.000001000 seconds
[token:27, layer:3] 005:compute-attention: 0.000005000 seconds
[token:27, layer:3] 006:attention-output: 0.000035000 seconds
[token:27, layer:3] 007:ffn-norm: 0.000001000 seconds
[token:27, layer:3] 008:ffn-up-projection: 0.000187000 seconds
[token:27, layer:3] 009:ffn-swiglu: 0.000002000 seconds
[token:27, layer:3] 010:ffn-down-projection: 0.000134000 seconds
[token:27, layer:3] 102:layer-compute-total: 0.000470000 seconds
[token:27, layer:4] 002:attention-norm: 0.000000000 seconds
[token:27, layer:4] 003:qkv-projection: 0.000105000 seconds
[token:27, layer:4] 004:apply-rope: 0.000001000 seconds
[token:27, layer:4] 005:compute-attention: 0.000005000 seconds
[token:27, layer:4] 006:attention-output: 0.000039000 seconds
[token:27, layer:4] 007:ffn-norm: 0.000001000 seconds
[token:27, layer:4] 008:ffn-up-projection: 0.000187000 seconds
[token:27, layer:4] 009:ffn-swiglu: 0.000001000 seconds
[token:27, layer:4] 010:ffn-down-projection: 0.000134000 seconds
[token:27, layer:4] 102:layer-compute-total: 0.000473000 seconds
[token:27, layer:5] 002:attention-norm: 0.000000000 seconds
[token:27, layer:5] 003:qkv-projection: 0.000109000 seconds
[token:27, layer:5] 004:apply-rope: 0.000001000 seconds
[token:27, layer:5] 005:compute-attention: 0.000004000 seconds
[token:27, layer:5] 006:attention-output: 0.000035000 seconds
[token:27, layer:5] 007:ffn-norm: 0.000000000 seconds
[token:27, layer:5] 008:ffn-up-projection: 0.000188000 seconds
[token:27, layer:5] 009:ffn-swiglu: 0.000001000 seconds
[token:27, layer:5] 010:ffn-down-projection: 0.000134000 seconds
[token:27, layer:5] 102:layer-compute-total: 0.000472000 seconds
[token:27] 011:final-projection: 0.003946000 seconds
[token:27] 103:forward-compute-total: 0.006783000 seconds
[token:28] 001:embedding-lookup: 0.000000000 seconds
[token:28, layer:0] 002:attention-norm: 0.000000000 seconds
[token:28, layer:0] 003:qkv-projection: 0.000115000 seconds
[token:28, layer:0] 004:apply-rope: 0.000001000 seconds
[token:28, layer:0] 005:compute-attention: 0.000005000 seconds
[token:28, layer:0] 006:attention-output: 0.000036000 seconds
[token:28, layer:0] 007:ffn-norm: 0.000000000 seconds
[token:28, layer:0] 008:ffn-up-projection: 0.000190000 seconds
[token:28, layer:0] 009:ffn-swiglu: 0.000002000 seconds
[token:28, layer:0] 010:ffn-down-projection: 0.000134000 seconds
[token:28, layer:0] 102:layer-compute-total: 0.000483000 seconds
[token:28, layer:1] 002:attention-norm: 0.000000000 seconds
[token:28, layer:1] 003:qkv-projection: 0.000107000 seconds
[token:28, layer:1] 004:apply-rope: 0.000001000 seconds
[token:28, layer:1] 005:compute-attention: 0.000005000 seconds
[token:28, layer:1] 006:attention-output: 0.000036000 seconds
[token:28, layer:1] 007:ffn-norm: 0.000000000 seconds
[token:28, layer:1] 008:ffn-up-projection: 0.000187000 seconds
[token:28, layer:1] 009:ffn-swiglu: 0.000001000 seconds
[token:28, layer:1] 010:ffn-down-projection: 0.000135000 seconds
[token:28, layer:1] 102:layer-compute-total: 0.000472000 seconds
[token:28, layer:2] 002:attention-norm: 0.000000000 seconds
[token:28, layer:2] 003:qkv-projection: 0.000114000 seconds
[token:28, layer:2] 004:apply-rope: 0.000001000 seconds
[token:28, layer:2] 005:compute-attention: 0.000004000 seconds
[token:28, layer:2] 006:attention-output: 0.000036000 seconds
[token:28, layer:2] 007:ffn-norm: 0.000001000 seconds
[token:28, layer:2] 008:ffn-up-projection: 0.000187000 seconds
[token:28, layer:2] 009:ffn-swiglu: 0.000001000 seconds
[token:28, layer:2] 010:ffn-down-projection: 0.000134000 seconds
[token:28, layer:2] 102:layer-compute-total: 0.000478000 seconds
[token:28, layer:3] 002:attention-norm: 0.000000000 seconds
[token:28, layer:3] 003:qkv-projection: 0.000107000 seconds
[token:28, layer:3] 004:apply-rope: 0.000001000 seconds
[token:28, layer:3] 005:compute-attention: 0.000005000 seconds
[token:28, layer:3] 006:attention-output: 0.000035000 seconds
[token:28, layer:3] 007:ffn-norm: 0.000000000 seconds
[token:28, layer:3] 008:ffn-up-projection: 0.000186000 seconds
[token:28, layer:3] 009:ffn-swiglu: 0.000001000 seconds
[token:28, layer:3] 010:ffn-down-projection: 0.000135000 seconds
[token:28, layer:3] 102:layer-compute-total: 0.000470000 seconds
[token:28, layer:4] 002:attention-norm: 0.000000000 seconds
[token:28, layer:4] 003:qkv-projection: 0.000114000 seconds
[token:28, layer:4] 004:apply-rope: 0.000001000 seconds
[token:28, layer:4] 005:compute-attention: 0.000005000 seconds
[token:28, layer:4] 006:attention-output: 0.000040000 seconds
[token:28, layer:4] 007:ffn-norm: 0.000000000 seconds
[token:28, layer:4] 008:ffn-up-projection: 0.000194000 seconds
[token:28, layer:4] 009:ffn-swiglu: 0.000001000 seconds
[token:28, layer:4] 010:ffn-down-projection: 0.000140000 seconds
[token:28, layer:4] 102:layer-compute-total: 0.000495000 seconds
[token:28, layer:5] 002:attention-norm: 0.000000000 seconds
[token:28, layer:5] 003:qkv-projection: 0.000118000 seconds
[token:28, layer:5] 004:apply-rope: 0.000002000 seconds
[token:28, layer:5] 005:compute-attention: 0.000005000 seconds
[token:28, layer:5] 006:attention-output: 0.000035000 seconds
[token:28, layer:5] 007:ffn-norm: 0.000001000 seconds
[token:28, layer:5] 008:ffn-up-projection: 0.000190000 seconds
[token:28, layer:5] 009:ffn-swiglu: 0.000001000 seconds
[token:28, layer:5] 010:ffn-down-projection: 0.000136000 seconds
[token:28, layer:5] 102:layer-compute-total: 0.000488000 seconds
[token:28] 011:final-projection: 0.004110000 seconds
[token:28] 103:forward-compute-total: 0.006996000 seconds
[token:29] 001:embedding-lookup: 0.000000000 seconds
[token:29, layer:0] 002:attention-norm: 0.000000000 seconds
[token:29, layer:0] 003:qkv-projection: 0.000112000 seconds
[token:29, layer:0] 004:apply-rope: 0.000002000 seconds
[token:29, layer:0] 005:compute-attention: 0.000006000 seconds
[token:29, layer:0] 006:attention-output: 0.000035000 seconds
[token:29, layer:0] 007:ffn-norm: 0.000000000 seconds
[token:29, layer:0] 008:ffn-up-projection: 0.000186000 seconds
[token:29, layer:0] 009:ffn-swiglu: 0.000001000 seconds
[token:29, layer:0] 010:ffn-down-projection: 0.000134000 seconds
[token:29, layer:0] 102:layer-compute-total: 0.000476000 seconds
[token:29, layer:1] 002:attention-norm: 0.000000000 seconds
[token:29, layer:1] 003:qkv-projection: 0.000105000 seconds
[token:29, layer:1] 004:apply-rope: 0.000002000 seconds
[token:29, layer:1] 005:compute-attention: 0.000006000 seconds
[token:29, layer:1] 006:attention-output: 0.000035000 seconds
[token:29, layer:1] 007:ffn-norm: 0.000000000 seconds
[token:29, layer:1] 008:ffn-up-projection: 0.000186000 seconds
[token:29, layer:1] 009:ffn-swiglu: 0.000001000 seconds
[token:29, layer:1] 010:ffn-down-projection: 0.000134000 seconds
[token:29, layer:1] 102:layer-compute-total: 0.000469000 seconds
[token:29, layer:2] 002:attention-norm: 0.000000000 seconds
[token:29, layer:2] 003:qkv-projection: 0.000105000 seconds
[token:29, layer:2] 004:apply-rope: 0.000001000 seconds
[token:29, layer:2] 005:compute-attention: 0.000006000 seconds
[token:29, layer:2] 006:attention-output: 0.000035000 seconds
[token:29, layer:2] 007:ffn-norm: 0.000000000 seconds
[token:29, layer:2] 008:ffn-up-projection: 0.000187000 seconds
[token:29, layer:2] 009:ffn-swiglu: 0.000001000 seconds
[token:29, layer:2] 010:ffn-down-projection: 0.000134000 seconds
[token:29, layer:2] 102:layer-compute-total: 0.000469000 seconds
[token:29, layer:3] 002:attention-norm: 0.000000000 seconds
[token:29, layer:3] 003:qkv-projection: 0.000105000 seconds
[token:29, layer:3] 004:apply-rope: 0.000002000 seconds
[token:29, layer:3] 005:compute-attention: 0.000006000 seconds
[token:29, layer:3] 006:attention-output: 0.000035000 seconds
[token:29, layer:3] 007:ffn-norm: 0.000001000 seconds
[token:29, layer:3] 008:ffn-up-projection: 0.000187000 seconds
[token:29, layer:3] 009:ffn-swiglu: 0.000001000 seconds
[token:29, layer:3] 010:ffn-down-projection: 0.000135000 seconds
[token:29, layer:3] 102:layer-compute-total: 0.000472000 seconds
[token:29, layer:4] 002:attention-norm: 0.000001000 seconds
[token:29, layer:4] 003:qkv-projection: 0.000106000 seconds
[token:29, layer:4] 004:apply-rope: 0.000001000 seconds
[token:29, layer:4] 005:compute-attention: 0.000006000 seconds
[token:29, layer:4] 006:attention-output: 0.000035000 seconds
[token:29, layer:4] 007:ffn-norm: 0.000000000 seconds
[token:29, layer:4] 008:ffn-up-projection: 0.000190000 seconds
[token:29, layer:4] 009:ffn-swiglu: 0.000001000 seconds
[token:29, layer:4] 010:ffn-down-projection: 0.000134000 seconds
[token:29, layer:4] 102:layer-compute-total: 0.000474000 seconds
[token:29, layer:5] 002:attention-norm: 0.000000000 seconds
[token:29, layer:5] 003:qkv-projection: 0.000105000 seconds
[token:29, layer:5] 004:apply-rope: 0.000001000 seconds
[token:29, layer:5] 005:compute-attention: 0.000007000 seconds
[token:29, layer:5] 006:attention-output: 0.000035000 seconds
[token:29, layer:5] 007:ffn-norm: 0.000000000 seconds
[token:29, layer:5] 008:ffn-up-projection: 0.000187000 seconds
[token:29, layer:5] 009:ffn-swiglu: 0.000001000 seconds
[token:29, layer:5] 010:ffn-down-projection: 0.000134000 seconds
[token:29, layer:5] 102:layer-compute-total: 0.000470000 seconds
[token:29] 011:final-projection: 0.003953000 seconds
[token:29] 103:forward-compute-total: 0.006783000 seconds
[token:30] 001:embedding-lookup: 0.000000000 seconds
[token:30, layer:0] 002:attention-norm: 0.000000000 seconds
[token:30, layer:0] 003:qkv-projection: 0.000115000 seconds
[token:30, layer:0] 004:apply-rope: 0.000002000 seconds
[token:30, layer:0] 005:compute-attention: 0.000005000 seconds
[token:30, layer:0] 006:attention-output: 0.000035000 seconds
[token:30, layer:0] 007:ffn-norm: 0.000000000 seconds
[token:30, layer:0] 008:ffn-up-projection: 0.000187000 seconds
[token:30, layer:0] 009:ffn-swiglu: 0.000001000 seconds
[token:30, layer:0] 010:ffn-down-projection: 0.000134000 seconds
[token:30, layer:0] 102:layer-compute-total: 0.000479000 seconds
[token:30, layer:1] 002:attention-norm: 0.000000000 seconds
[token:30, layer:1] 003:qkv-projection: 0.000105000 seconds
[token:30, layer:1] 004:apply-rope: 0.000001000 seconds
[token:30, layer:1] 005:compute-attention: 0.000004000 seconds
[token:30, layer:1] 006:attention-output: 0.000035000 seconds
[token:30, layer:1] 007:ffn-norm: 0.000000000 seconds
[token:30, layer:1] 008:ffn-up-projection: 0.000187000 seconds
[token:30, layer:1] 009:ffn-swiglu: 0.000001000 seconds
[token:30, layer:1] 010:ffn-down-projection: 0.000134000 seconds
[token:30, layer:1] 102:layer-compute-total: 0.000467000 seconds
[token:30, layer:2] 002:attention-norm: 0.000000000 seconds
[token:30, layer:2] 003:qkv-projection: 0.000105000 seconds
[token:30, layer:2] 004:apply-rope: 0.000001000 seconds
[token:30, layer:2] 005:compute-attention: 0.000005000 seconds
[token:30, layer:2] 006:attention-output: 0.000035000 seconds
[token:30, layer:2] 007:ffn-norm: 0.000000000 seconds
[token:30, layer:2] 008:ffn-up-projection: 0.000187000 seconds
[token:30, layer:2] 009:ffn-swiglu: 0.000001000 seconds
[token:30, layer:2] 010:ffn-down-projection: 0.000134000 seconds
[token:30, layer:2] 102:layer-compute-total: 0.000468000 seconds
[token:30, layer:3] 002:attention-norm: 0.000000000 seconds
[token:30, layer:3] 003:qkv-projection: 0.000105000 seconds
[token:30, layer:3] 004:apply-rope: 0.000001000 seconds
[token:30, layer:3] 005:compute-attention: 0.000005000 seconds
[token:30, layer:3] 006:attention-output: 0.000035000 seconds
[token:30, layer:3] 007:ffn-norm: 0.000001000 seconds
[token:30, layer:3] 008:ffn-up-projection: 0.000187000 seconds
[token:30, layer:3] 009:ffn-swiglu: 0.000001000 seconds
[token:30, layer:3] 010:ffn-down-projection: 0.000134000 seconds
[token:30, layer:3] 102:layer-compute-total: 0.000469000 seconds
[token:30, layer:4] 002:attention-norm: 0.000001000 seconds
[token:30, layer:4] 003:qkv-projection: 0.000113000 seconds
[token:30, layer:4] 004:apply-rope: 0.000001000 seconds
[token:30, layer:4] 005:compute-attention: 0.000005000 seconds
[token:30, layer:4] 006:attention-output: 0.000036000 seconds
[token:30, layer:4] 007:ffn-norm: 0.000001000 seconds
[token:30, layer:4] 008:ffn-up-projection: 0.000187000 seconds
[token:30, layer:4] 009:ffn-swiglu: 0.000001000 seconds
[token:30, layer:4] 010:ffn-down-projection: 0.000134000 seconds
[token:30, layer:4] 102:layer-compute-total: 0.000479000 seconds
[token:30, layer:5] 002:attention-norm: 0.000000000 seconds
[token:30, layer:5] 003:qkv-projection: 0.000105000 seconds
[token:30, layer:5] 004:apply-rope: 0.000001000 seconds
[token:30, layer:5] 005:compute-attention: 0.000005000 seconds
[token:30, layer:5] 006:attention-output: 0.000035000 seconds
[token:30, layer:5] 007:ffn-norm: 0.000001000 seconds
[token:30, layer:5] 008:ffn-up-projection: 0.000190000 seconds
[token:30, layer:5] 009:ffn-swiglu: 0.000001000 seconds
[token:30, layer:5] 010:ffn-down-projection: 0.000134000 seconds
[token:30, layer:5] 102:layer-compute-total: 0.000472000 seconds
[token:30] 011:final-projection: 0.004144000 seconds
[token:30] 103:forward-compute-total: 0.006978000 seconds
[token:31] 001:embedding-lookup: 0.000001000 seconds
[token:31, layer:0] 002:attention-norm: 0.000001000 seconds
[token:31, layer:0] 003:qkv-projection: 0.000117000 seconds
[token:31, layer:0] 004:apply-rope: 0.000001000 seconds
[token:31, layer:0] 005:compute-attention: 0.000007000 seconds
[token:31, layer:0] 006:attention-output: 0.000036000 seconds
[token:31, layer:0] 007:ffn-norm: 0.000001000 seconds
[token:31, layer:0] 008:ffn-up-projection: 0.000187000 seconds
[token:31, layer:0] 009:ffn-swiglu: 0.000001000 seconds
[token:31, layer:0] 010:ffn-down-projection: 0.000133000 seconds
[token:31, layer:0] 102:layer-compute-total: 0.000484000 seconds
[token:31, layer:1] 002:attention-norm: 0.000001000 seconds
[token:31, layer:1] 003:qkv-projection: 0.000105000 seconds
[token:31, layer:1] 004:apply-rope: 0.000002000 seconds
[token:31, layer:1] 005:compute-attention: 0.000006000 seconds
[token:31, layer:1] 006:attention-output: 0.000035000 seconds
[token:31, layer:1] 007:ffn-norm: 0.000001000 seconds
[token:31, layer:1] 008:ffn-up-projection: 0.000186000 seconds
[token:31, layer:1] 009:ffn-swiglu: 0.000001000 seconds
[token:31, layer:1] 010:ffn-down-projection: 0.000133000 seconds
[token:31, layer:1] 102:layer-compute-total: 0.000470000 seconds
[token:31, layer:2] 002:attention-norm: 0.000000000 seconds
[token:31, layer:2] 003:qkv-projection: 0.000105000 seconds
[token:31, layer:2] 004:apply-rope: 0.000001000 seconds
[token:31, layer:2] 005:compute-attention: 0.000006000 seconds
[token:31, layer:2] 006:attention-output: 0.000035000 seconds
[token:31, layer:2] 007:ffn-norm: 0.000000000 seconds
[token:31, layer:2] 008:ffn-up-projection: 0.000189000 seconds
[token:31, layer:2] 009:ffn-swiglu: 0.000001000 seconds
[token:31, layer:2] 010:ffn-down-projection: 0.000133000 seconds
[token:31, layer:2] 102:layer-compute-total: 0.000470000 seconds
[token:31, layer:3] 002:attention-norm: 0.000001000 seconds
[token:31, layer:3] 003:qkv-projection: 0.000105000 seconds
[token:31, layer:3] 004:apply-rope: 0.000001000 seconds
[token:31, layer:3] 005:compute-attention: 0.000006000 seconds
[token:31, layer:3] 006:attention-output: 0.000035000 seconds
[token:31, layer:3] 007:ffn-norm: 0.000000000 seconds
[token:31, layer:3] 008:ffn-up-projection: 0.000187000 seconds
[token:31, layer:3] 009:ffn-swiglu: 0.000001000 seconds
[token:31, layer:3] 010:ffn-down-projection: 0.000134000 seconds
[token:31, layer:3] 102:layer-compute-total: 0.000470000 seconds
[token:31, layer:4] 002:attention-norm: 0.000001000 seconds
[token:31, layer:4] 003:qkv-projection: 0.000105000 seconds
[token:31, layer:4] 004:apply-rope: 0.000001000 seconds
[token:31, layer:4] 005:compute-attention: 0.000006000 seconds
[token:31, layer:4] 006:attention-output: 0.000035000 seconds
[token:31, layer:4] 007:ffn-norm: 0.000001000 seconds
[token:31, layer:4] 008:ffn-up-projection: 0.000187000 seconds
[token:31, layer:4] 009:ffn-swiglu: 0.000001000 seconds
[token:31, layer:4] 010:ffn-down-projection: 0.000133000 seconds
[token:31, layer:4] 102:layer-compute-total: 0.000470000 seconds
[token:31, layer:5] 002:attention-norm: 0.000000000 seconds
[token:31, layer:5] 003:qkv-projection: 0.000105000 seconds
[token:31, layer:5] 004:apply-rope: 0.000001000 seconds
[token:31, layer:5] 005:compute-attention: 0.000007000 seconds
[token:31, layer:5] 006:attention-output: 0.000035000 seconds
[token:31, layer:5] 007:ffn-norm: 0.000000000 seconds
[token:31, layer:5] 008:ffn-up-projection: 0.000186000 seconds
[token:31, layer:5] 009:ffn-swiglu: 0.000001000 seconds
[token:31, layer:5] 010:ffn-down-projection: 0.000134000 seconds
[token:31, layer:5] 102:layer-compute-total: 0.000469000 seconds
[token:31] 011:final-projection: 0.003964000 seconds
[token:31] 103:forward-compute-total: 0.006798000 seconds
[token:32] 001:embedding-lookup: 0.000001000 seconds
[token:32, layer:0] 002:attention-norm: 0.000001000 seconds
[token:32, layer:0] 003:qkv-projection: 0.000112000 seconds
[token:32, layer:0] 004:apply-rope: 0.000001000 seconds
[token:32, layer:0] 005:compute-attention: 0.000005000 seconds
[token:32, layer:0] 006:attention-output: 0.000035000 seconds
[token:32, layer:0] 007:ffn-norm: 0.000001000 seconds
[token:32, layer:0] 008:ffn-up-projection: 0.000187000 seconds
[token:32, layer:0] 009:ffn-swiglu: 0.000001000 seconds
[token:32, layer:0] 010:ffn-down-projection: 0.000134000 seconds
[token:32, layer:0] 102:layer-compute-total: 0.000477000 seconds
[token:32, layer:1] 002:attention-norm: 0.000000000 seconds
[token:32, layer:1] 003:qkv-projection: 0.000115000 seconds
[token:32, layer:1] 004:apply-rope: 0.000001000 seconds
[token:32, layer:1] 005:compute-attention: 0.000005000 seconds
[token:32, layer:1] 006:attention-output: 0.000035000 seconds
[token:32, layer:1] 007:ffn-norm: 0.000000000 seconds
[token:32, layer:1] 008:ffn-up-projection: 0.000187000 seconds
[token:32, layer:1] 009:ffn-swiglu: 0.000001000 seconds
[token:32, layer:1] 010:ffn-down-projection: 0.000134000 seconds
[token:32, layer:1] 102:layer-compute-total: 0.000478000 seconds
[token:32, layer:2] 002:attention-norm: 0.000000000 seconds
[token:32, layer:2] 003:qkv-projection: 0.000105000 seconds
[token:32, layer:2] 004:apply-rope: 0.000001000 seconds
[token:32, layer:2] 005:compute-attention: 0.000005000 seconds
[token:32, layer:2] 006:attention-output: 0.000035000 seconds
[token:32, layer:2] 007:ffn-norm: 0.000001000 seconds
[token:32, layer:2] 008:ffn-up-projection: 0.000187000 seconds
[token:32, layer:2] 009:ffn-swiglu: 0.000001000 seconds
[token:32, layer:2] 010:ffn-down-projection: 0.000134000 seconds
[token:32, layer:2] 102:layer-compute-total: 0.000469000 seconds
[token:32, layer:3] 002:attention-norm: 0.000001000 seconds
[token:32, layer:3] 003:qkv-projection: 0.000104000 seconds
[token:32, layer:3] 004:apply-rope: 0.000001000 seconds
[token:32, layer:3] 005:compute-attention: 0.000005000 seconds
[token:32, layer:3] 006:attention-output: 0.000035000 seconds
[token:32, layer:3] 007:ffn-norm: 0.000000000 seconds
[token:32, layer:3] 008:ffn-up-projection: 0.000187000 seconds
[token:32, layer:3] 009:ffn-swiglu: 0.000001000 seconds
[token:32, layer:3] 010:ffn-down-projection: 0.000134000 seconds
[token:32, layer:3] 102:layer-compute-total: 0.000468000 seconds
[token:32, layer:4] 002:attention-norm: 0.000000000 seconds
[token:32, layer:4] 003:qkv-projection: 0.000105000 seconds
[token:32, layer:4] 004:apply-rope: 0.000002000 seconds
[token:32, layer:4] 005:compute-attention: 0.000005000 seconds
[token:32, layer:4] 006:attention-output: 0.000035000 seconds
[token:32, layer:4] 007:ffn-norm: 0.000000000 seconds
[token:32, layer:4] 008:ffn-up-projection: 0.000186000 seconds
[token:32, layer:4] 009:ffn-swiglu: 0.000001000 seconds
[token:32, layer:4] 010:ffn-down-projection: 0.000138000 seconds
[token:32, layer:4] 102:layer-compute-total: 0.000472000 seconds
[token:32, layer:5] 002:attention-norm: 0.000001000 seconds
[token:32, layer:5] 003:qkv-projection: 0.000107000 seconds
[token:32, layer:5] 004:apply-rope: 0.000001000 seconds
[token:32, layer:5] 005:compute-attention: 0.000005000 seconds
[token:32, layer:5] 006:attention-output: 0.000036000 seconds
[token:32, layer:5] 007:ffn-norm: 0.000000000 seconds
[token:32, layer:5] 008:ffn-up-projection: 0.000188000 seconds
[token:32, layer:5] 009:ffn-swiglu: 0.000001000 seconds
[token:32, layer:5] 010:ffn-down-projection: 0.000134000 seconds
[token:32, layer:5] 102:layer-compute-total: 0.000473000 seconds
[token:32] 011:final-projection: 0.004019000 seconds
[token:32] 103:forward-compute-total: 0.006857000 seconds
[token:33] 001:embedding-lookup: 0.000000000 seconds
[token:33, layer:0] 002:attention-norm: 0.000000000 seconds
[token:33, layer:0] 003:qkv-projection: 0.000109000 seconds
[token:33, layer:0] 004:apply-rope: 0.000002000 seconds
[token:33, layer:0] 005:compute-attention: 0.000006000 seconds
[token:33, layer:0] 006:attention-output: 0.000035000 seconds
[token:33, layer:0] 007:ffn-norm: 0.000000000 seconds
[token:33, layer:0] 008:ffn-up-projection: 0.000193000 seconds
[token:33, layer:0] 009:ffn-swiglu: 0.000001000 seconds
[token:33, layer:0] 010:ffn-down-projection: 0.000159000 seconds
[token:33, layer:0] 102:layer-compute-total: 0.000505000 seconds
[token:33, layer:1] 002:attention-norm: 0.000000000 seconds
[token:33, layer:1] 003:qkv-projection: 0.000152000 seconds
[token:33, layer:1] 004:apply-rope: 0.000041000 seconds
[token:33, layer:1] 005:compute-attention: 0.000006000 seconds
[token:33, layer:1] 006:attention-output: 0.000041000 seconds
[token:33, layer:1] 007:ffn-norm: 0.000001000 seconds
[token:33, layer:1] 008:ffn-up-projection: 0.000193000 seconds
[token:33, layer:1] 009:ffn-swiglu: 0.000001000 seconds
[token:33, layer:1] 010:ffn-down-projection: 0.000139000 seconds
[token:33, layer:1] 102:layer-compute-total: 0.000574000 seconds
[token:33, layer:2] 002:attention-norm: 0.000000000 seconds
[token:33, layer:2] 003:qkv-projection: 0.000109000 seconds
[token:33, layer:2] 004:apply-rope: 0.000002000 seconds
[token:33, layer:2] 005:compute-attention: 0.000007000 seconds
[token:33, layer:2] 006:attention-output: 0.000037000 seconds
[token:33, layer:2] 007:ffn-norm: 0.000000000 seconds
[token:33, layer:2] 008:ffn-up-projection: 0.000193000 seconds
[token:33, layer:2] 009:ffn-swiglu: 0.000001000 seconds
[token:33, layer:2] 010:ffn-down-projection: 0.000136000 seconds
[token:33, layer:2] 102:layer-compute-total: 0.000485000 seconds
[token:33, layer:3] 002:attention-norm: 0.000000000 seconds
[token:33, layer:3] 003:qkv-projection: 0.000107000 seconds
[token:33, layer:3] 004:apply-rope: 0.000001000 seconds
[token:33, layer:3] 005:compute-attention: 0.000008000 seconds
[token:33, layer:3] 006:attention-output: 0.000035000 seconds
[token:33, layer:3] 007:ffn-norm: 0.000001000 seconds
[token:33, layer:3] 008:ffn-up-projection: 0.000187000 seconds
[token:33, layer:3] 009:ffn-swiglu: 0.000001000 seconds
[token:33, layer:3] 010:ffn-down-projection: 0.000135000 seconds
[token:33, layer:3] 102:layer-compute-total: 0.000475000 seconds
[token:33, layer:4] 002:attention-norm: 0.000001000 seconds
[token:33, layer:4] 003:qkv-projection: 0.000106000 seconds
[token:33, layer:4] 004:apply-rope: 0.000001000 seconds
[token:33, layer:4] 005:compute-attention: 0.000008000 seconds
[token:33, layer:4] 006:attention-output: 0.000035000 seconds
[token:33, layer:4] 007:ffn-norm: 0.000001000 seconds
[token:33, layer:4] 008:ffn-up-projection: 0.000186000 seconds
[token:33, layer:4] 009:ffn-swiglu: 0.000001000 seconds
[token:33, layer:4] 010:ffn-down-projection: 0.000135000 seconds
[token:33, layer:4] 102:layer-compute-total: 0.000474000 seconds
[token:33, layer:5] 002:attention-norm: 0.000001000 seconds
[token:33, layer:5] 003:qkv-projection: 0.000105000 seconds
[token:33, layer:5] 004:apply-rope: 0.000001000 seconds
[token:33, layer:5] 005:compute-attention: 0.000007000 seconds
[token:33, layer:5] 006:attention-output: 0.000035000 seconds
[token:33, layer:5] 007:ffn-norm: 0.000000000 seconds
[token:33, layer:5] 008:ffn-up-projection: 0.000187000 seconds
[token:33, layer:5] 009:ffn-swiglu: 0.000001000 seconds
[token:33, layer:5] 010:ffn-down-projection: 0.000134000 seconds
[token:33, layer:5] 102:layer-compute-total: 0.000471000 seconds
[token:33] 011:final-projection: 0.003976000 seconds
[token:33] 103:forward-compute-total: 0.006960000 seconds
[token:34] 001:embedding-lookup: 0.000001000 seconds
[token:34, layer:0] 002:attention-norm: 0.000000000 seconds
[token:34, layer:0] 003:qkv-projection: 0.000112000 seconds
[token:34, layer:0] 004:apply-rope: 0.000002000 seconds
[token:34, layer:0] 005:compute-attention: 0.000007000 seconds
[token:34, layer:0] 006:attention-output: 0.000035000 seconds
[token:34, layer:0] 007:ffn-norm: 0.000000000 seconds
[token:34, layer:0] 008:ffn-up-projection: 0.000187000 seconds
[token:34, layer:0] 009:ffn-swiglu: 0.000001000 seconds
[token:34, layer:0] 010:ffn-down-projection: 0.000134000 seconds
[token:34, layer:0] 102:layer-compute-total: 0.000478000 seconds
[token:34, layer:1] 002:attention-norm: 0.000000000 seconds
[token:34, layer:1] 003:qkv-projection: 0.000105000 seconds
[token:34, layer:1] 004:apply-rope: 0.000001000 seconds
[token:34, layer:1] 005:compute-attention: 0.000006000 seconds
[token:34, layer:1] 006:attention-output: 0.000035000 seconds
[token:34, layer:1] 007:ffn-norm: 0.000001000 seconds
[token:34, layer:1] 008:ffn-up-projection: 0.000194000 seconds
[token:34, layer:1] 009:ffn-swiglu: 0.000001000 seconds
[token:34, layer:1] 010:ffn-down-projection: 0.000134000 seconds
[token:34, layer:1] 102:layer-compute-total: 0.000477000 seconds
[token:34, layer:2] 002:attention-norm: 0.000000000 seconds
[token:34, layer:2] 003:qkv-projection: 0.000111000 seconds
[token:34, layer:2] 004:apply-rope: 0.000001000 seconds
[token:34, layer:2] 005:compute-attention: 0.000006000 seconds
[token:34, layer:2] 006:attention-output: 0.000038000 seconds
[token:34, layer:2] 007:ffn-norm: 0.000000000 seconds
[token:34, layer:2] 008:ffn-up-projection: 0.000193000 seconds
[token:34, layer:2] 009:ffn-swiglu: 0.000001000 seconds
[token:34, layer:2] 010:ffn-down-projection: 0.000136000 seconds
[token:34, layer:2] 102:layer-compute-total: 0.000486000 seconds
[token:34, layer:3] 002:attention-norm: 0.000001000 seconds
[token:34, layer:3] 003:qkv-projection: 0.000106000 seconds
[token:34, layer:3] 004:apply-rope: 0.000002000 seconds
[token:34, layer:3] 005:compute-attention: 0.000006000 seconds
[token:34, layer:3] 006:attention-output: 0.000035000 seconds
[token:34, layer:3] 007:ffn-norm: 0.000000000 seconds
[token:34, layer:3] 008:ffn-up-projection: 0.000187000 seconds
[token:34, layer:3] 009:ffn-swiglu: 0.000001000 seconds
[token:34, layer:3] 010:ffn-down-projection: 0.000134000 seconds
[token:34, layer:3] 102:layer-compute-total: 0.000472000 seconds
[token:34, layer:4] 002:attention-norm: 0.000001000 seconds
[token:34, layer:4] 003:qkv-projection: 0.000105000 seconds
[token:34, layer:4] 004:apply-rope: 0.000002000 seconds
[token:34, layer:4] 005:compute-attention: 0.000006000 seconds
[token:34, layer:4] 006:attention-output: 0.000035000 seconds
[token:34, layer:4] 007:ffn-norm: 0.000000000 seconds
[token:34, layer:4] 008:ffn-up-projection: 0.000187000 seconds
[token:34, layer:4] 009:ffn-swiglu: 0.000001000 seconds
[token:34, layer:4] 010:ffn-down-projection: 0.000134000 seconds
[token:34, layer:4] 102:layer-compute-total: 0.000471000 seconds
[token:34, layer:5] 002:attention-norm: 0.000000000 seconds
[token:34, layer:5] 003:qkv-projection: 0.000105000 seconds
[token:34, layer:5] 004:apply-rope: 0.000001000 seconds
[token:34, layer:5] 005:compute-attention: 0.000005000 seconds
[token:34, layer:5] 006:attention-output: 0.000035000 seconds
[token:34, layer:5] 007:ffn-norm: 0.000001000 seconds
[token:34, layer:5] 008:ffn-up-projection: 0.000187000 seconds
[token:34, layer:5] 009:ffn-swiglu: 0.000001000 seconds
[token:34, layer:5] 010:ffn-down-projection: 0.000134000 seconds
[token:34, layer:5] 102:layer-compute-total: 0.000469000 seconds
[token:34] 011:final-projection: 0.003953000 seconds
[token:34] 103:forward-compute-total: 0.006807000 seconds
[token:35] 001:embedding-lookup: 0.000000000 seconds
[token:35, layer:0] 002:attention-norm: 0.000000000 seconds
[token:35, layer:0] 003:qkv-projection: 0.000112000 seconds
[token:35, layer:0] 004:apply-rope: 0.000002000 seconds
[token:35, layer:0] 005:compute-attention: 0.000006000 seconds
[token:35, layer:0] 006:attention-output: 0.000036000 seconds
[token:35, layer:0] 007:ffn-norm: 0.000001000 seconds
[token:35, layer:0] 008:ffn-up-projection: 0.000194000 seconds
[token:35, layer:0] 009:ffn-swiglu: 0.000001000 seconds
[token:35, layer:0] 010:ffn-down-projection: 0.000136000 seconds
[token:35, layer:0] 102:layer-compute-total: 0.000488000 seconds
[token:35, layer:1] 002:attention-norm: 0.000001000 seconds
[token:35, layer:1] 003:qkv-projection: 0.000106000 seconds
[token:35, layer:1] 004:apply-rope: 0.000001000 seconds
[token:35, layer:1] 005:compute-attention: 0.000006000 seconds
[token:35, layer:1] 006:attention-output: 0.000036000 seconds
[token:35, layer:1] 007:ffn-norm: 0.000001000 seconds
[token:35, layer:1] 008:ffn-up-projection: 0.000187000 seconds
[token:35, layer:1] 009:ffn-swiglu: 0.000001000 seconds
[token:35, layer:1] 010:ffn-down-projection: 0.000134000 seconds
[token:35, layer:1] 102:layer-compute-total: 0.000473000 seconds
[token:35, layer:2] 002:attention-norm: 0.000000000 seconds
[token:35, layer:2] 003:qkv-projection: 0.000105000 seconds
[token:35, layer:2] 004:apply-rope: 0.000001000 seconds
[token:35, layer:2] 005:compute-attention: 0.000006000 seconds
[token:35, layer:2] 006:attention-output: 0.000035000 seconds
[token:35, layer:2] 007:ffn-norm: 0.000000000 seconds
[token:35, layer:2] 008:ffn-up-projection: 0.000195000 seconds
[token:35, layer:2] 009:ffn-swiglu: 0.000001000 seconds
[token:35, layer:2] 010:ffn-down-projection: 0.000139000 seconds
[token:35, layer:2] 102:layer-compute-total: 0.000482000 seconds
[token:35, layer:3] 002:attention-norm: 0.000000000 seconds
[token:35, layer:3] 003:qkv-projection: 0.000109000 seconds
[token:35, layer:3] 004:apply-rope: 0.000001000 seconds
[token:35, layer:3] 005:compute-attention: 0.000006000 seconds
[token:35, layer:3] 006:attention-output: 0.000037000 seconds
[token:35, layer:3] 007:ffn-norm: 0.000001000 seconds
[token:35, layer:3] 008:ffn-up-projection: 0.000194000 seconds
[token:35, layer:3] 009:ffn-swiglu: 0.000002000 seconds
[token:35, layer:3] 010:ffn-down-projection: 0.000145000 seconds
[token:35, layer:3] 102:layer-compute-total: 0.000495000 seconds
[token:35, layer:4] 002:attention-norm: 0.000000000 seconds
[token:35, layer:4] 003:qkv-projection: 0.000111000 seconds
[token:35, layer:4] 004:apply-rope: 0.000002000 seconds
[token:35, layer:4] 005:compute-attention: 0.000006000 seconds
[token:35, layer:4] 006:attention-output: 0.000036000 seconds
[token:35, layer:4] 007:ffn-norm: 0.000001000 seconds
[token:35, layer:4] 008:ffn-up-projection: 0.000196000 seconds
[token:35, layer:4] 009:ffn-swiglu: 0.000001000 seconds
[token:35, layer:4] 010:ffn-down-projection: 0.000136000 seconds
[token:35, layer:4] 102:layer-compute-total: 0.000489000 seconds
[token:35, layer:5] 002:attention-norm: 0.000000000 seconds
[token:35, layer:5] 003:qkv-projection: 0.000107000 seconds
[token:35, layer:5] 004:apply-rope: 0.000001000 seconds
[token:35, layer:5] 005:compute-attention: 0.000005000 seconds
[token:35, layer:5] 006:attention-output: 0.000035000 seconds
[token:35, layer:5] 007:ffn-norm: 0.000001000 seconds
[token:35, layer:5] 008:ffn-up-projection: 0.000190000 seconds
[token:35, layer:5] 009:ffn-swiglu: 0.000001000 seconds
[token:35, layer:5] 010:ffn-down-projection: 0.000135000 seconds
[token:35, layer:5] 102:layer-compute-total: 0.000475000 seconds
[token:35] 011:final-projection: 0.004161000 seconds
[token:35] 103:forward-compute-total: 0.007063000 seconds
[token:36] 001:embedding-lookup: 0.000000000 seconds
[token:36, layer:0] 002:attention-norm: 0.000000000 seconds
[token:36, layer:0] 003:qkv-projection: 0.000112000 seconds
[token:36, layer:0] 004:apply-rope: 0.000002000 seconds
[token:36, layer:0] 005:compute-attention: 0.000008000 seconds
[token:36, layer:0] 006:attention-output: 0.000035000 seconds
[token:36, layer:0] 007:ffn-norm: 0.000001000 seconds
[token:36, layer:0] 008:ffn-up-projection: 0.000191000 seconds
[token:36, layer:0] 009:ffn-swiglu: 0.000001000 seconds
[token:36, layer:0] 010:ffn-down-projection: 0.000134000 seconds
[token:36, layer:0] 102:layer-compute-total: 0.000484000 seconds
[token:36, layer:1] 002:attention-norm: 0.000000000 seconds
[token:36, layer:1] 003:qkv-projection: 0.000105000 seconds
[token:36, layer:1] 004:apply-rope: 0.000001000 seconds
[token:36, layer:1] 005:compute-attention: 0.000008000 seconds
[token:36, layer:1] 006:attention-output: 0.000035000 seconds
[token:36, layer:1] 007:ffn-norm: 0.000001000 seconds
[token:36, layer:1] 008:ffn-up-projection: 0.000187000 seconds
[token:36, layer:1] 009:ffn-swiglu: 0.000001000 seconds
[token:36, layer:1] 010:ffn-down-projection: 0.000134000 seconds
[token:36, layer:1] 102:layer-compute-total: 0.000472000 seconds
[token:36, layer:2] 002:attention-norm: 0.000001000 seconds
[token:36, layer:2] 003:qkv-projection: 0.000105000 seconds
[token:36, layer:2] 004:apply-rope: 0.000002000 seconds
[token:36, layer:2] 005:compute-attention: 0.000009000 seconds
[token:36, layer:2] 006:attention-output: 0.000037000 seconds
[token:36, layer:2] 007:ffn-norm: 0.000000000 seconds
[token:36, layer:2] 008:ffn-up-projection: 0.000187000 seconds
[token:36, layer:2] 009:ffn-swiglu: 0.000001000 seconds
[token:36, layer:2] 010:ffn-down-projection: 0.000137000 seconds
[token:36, layer:2] 102:layer-compute-total: 0.000479000 seconds
[token:36, layer:3] 002:attention-norm: 0.000001000 seconds
[token:36, layer:3] 003:qkv-projection: 0.000105000 seconds
[token:36, layer:3] 004:apply-rope: 0.000001000 seconds
[token:36, layer:3] 005:compute-attention: 0.000008000 seconds
[token:36, layer:3] 006:attention-output: 0.000035000 seconds
[token:36, layer:3] 007:ffn-norm: 0.000001000 seconds
[token:36, layer:3] 008:ffn-up-projection: 0.000191000 seconds
[token:36, layer:3] 009:ffn-swiglu: 0.000001000 seconds
[token:36, layer:3] 010:ffn-down-projection: 0.000134000 seconds
[token:36, layer:3] 102:layer-compute-total: 0.000477000 seconds
[token:36, layer:4] 002:attention-norm: 0.000000000 seconds
[token:36, layer:4] 003:qkv-projection: 0.000105000 seconds
[token:36, layer:4] 004:apply-rope: 0.000001000 seconds
[token:36, layer:4] 005:compute-attention: 0.000008000 seconds
[token:36, layer:4] 006:attention-output: 0.000036000 seconds
[token:36, layer:4] 007:ffn-norm: 0.000000000 seconds
[token:36, layer:4] 008:ffn-up-projection: 0.000187000 seconds
[token:36, layer:4] 009:ffn-swiglu: 0.000001000 seconds
[token:36, layer:4] 010:ffn-down-projection: 0.000134000 seconds
[token:36, layer:4] 102:layer-compute-total: 0.000472000 seconds
[token:36, layer:5] 002:attention-norm: 0.000000000 seconds
[token:36, layer:5] 003:qkv-projection: 0.000105000 seconds
[token:36, layer:5] 004:apply-rope: 0.000001000 seconds
[token:36, layer:5] 005:compute-attention: 0.000007000 seconds
[token:36, layer:5] 006:attention-output: 0.000035000 seconds
[token:36, layer:5] 007:ffn-norm: 0.000000000 seconds
[token:36, layer:5] 008:ffn-up-projection: 0.000187000 seconds
[token:36, layer:5] 009:ffn-swiglu: 0.000001000 seconds
[token:36, layer:5] 010:ffn-down-projection: 0.000134000 seconds
[token:36, layer:5] 102:layer-compute-total: 0.000470000 seconds
[token:36] 011:final-projection: 0.003956000 seconds
[token:36] 103:forward-compute-total: 0.006810000 seconds
[token:37] 001:embedding-lookup: 0.000000000 seconds
[token:37, layer:0] 002:attention-norm: 0.000000000 seconds
[token:37, layer:0] 003:qkv-projection: 0.000111000 seconds
[token:37, layer:0] 004:apply-rope: 0.000001000 seconds
[token:37, layer:0] 005:compute-attention: 0.000006000 seconds
[token:37, layer:0] 006:attention-output: 0.000036000 seconds
[token:37, layer:0] 007:ffn-norm: 0.000000000 seconds
[token:37, layer:0] 008:ffn-up-projection: 0.000187000 seconds
[token:37, layer:0] 009:ffn-swiglu: 0.000001000 seconds
[token:37, layer:0] 010:ffn-down-projection: 0.000138000 seconds
[token:37, layer:0] 102:layer-compute-total: 0.000480000 seconds
[token:37, layer:1] 002:attention-norm: 0.000000000 seconds
[token:37, layer:1] 003:qkv-projection: 0.000104000 seconds
[token:37, layer:1] 004:apply-rope: 0.000002000 seconds
[token:37, layer:1] 005:compute-attention: 0.000006000 seconds
[token:37, layer:1] 006:attention-output: 0.000035000 seconds
[token:37, layer:1] 007:ffn-norm: 0.000000000 seconds
[token:37, layer:1] 008:ffn-up-projection: 0.000186000 seconds
[token:37, layer:1] 009:ffn-swiglu: 0.000001000 seconds
[token:37, layer:1] 010:ffn-down-projection: 0.000134000 seconds
[token:37, layer:1] 102:layer-compute-total: 0.000468000 seconds
[token:37, layer:2] 002:attention-norm: 0.000001000 seconds
[token:37, layer:2] 003:qkv-projection: 0.000106000 seconds
[token:37, layer:2] 004:apply-rope: 0.000001000 seconds
[token:37, layer:2] 005:compute-attention: 0.000006000 seconds
[token:37, layer:2] 006:attention-output: 0.000035000 seconds
[token:37, layer:2] 007:ffn-norm: 0.000001000 seconds
[token:37, layer:2] 008:ffn-up-projection: 0.000187000 seconds
[token:37, layer:2] 009:ffn-swiglu: 0.000001000 seconds
[token:37, layer:2] 010:ffn-down-projection: 0.000134000 seconds
[token:37, layer:2] 102:layer-compute-total: 0.000472000 seconds
[token:37, layer:3] 002:attention-norm: 0.000000000 seconds
[token:37, layer:3] 003:qkv-projection: 0.000104000 seconds
[token:37, layer:3] 004:apply-rope: 0.000001000 seconds
[token:37, layer:3] 005:compute-attention: 0.000006000 seconds
[token:37, layer:3] 006:attention-output: 0.000035000 seconds
[token:37, layer:3] 007:ffn-norm: 0.000001000 seconds
[token:37, layer:3] 008:ffn-up-projection: 0.000187000 seconds
[token:37, layer:3] 009:ffn-swiglu: 0.000001000 seconds
[token:37, layer:3] 010:ffn-down-projection: 0.000138000 seconds
[token:37, layer:3] 102:layer-compute-total: 0.000473000 seconds
[token:37, layer:4] 002:attention-norm: 0.000000000 seconds
[token:37, layer:4] 003:qkv-projection: 0.000105000 seconds
[token:37, layer:4] 004:apply-rope: 0.000002000 seconds
[token:37, layer:4] 005:compute-attention: 0.000006000 seconds
[token:37, layer:4] 006:attention-output: 0.000035000 seconds
[token:37, layer:4] 007:ffn-norm: 0.000000000 seconds
[token:37, layer:4] 008:ffn-up-projection: 0.000186000 seconds
[token:37, layer:4] 009:ffn-swiglu: 0.000001000 seconds
[token:37, layer:4] 010:ffn-down-projection: 0.000135000 seconds
[token:37, layer:4] 102:layer-compute-total: 0.000470000 seconds
[token:37, layer:5] 002:attention-norm: 0.000000000 seconds
[token:37, layer:5] 003:qkv-projection: 0.000105000 seconds
[token:37, layer:5] 004:apply-rope: 0.000001000 seconds
[token:37, layer:5] 005:compute-attention: 0.000005000 seconds
[token:37, layer:5] 006:attention-output: 0.000035000 seconds
[token:37, layer:5] 007:ffn-norm: 0.000001000 seconds
[token:37, layer:5] 008:ffn-up-projection: 0.000187000 seconds
[token:37, layer:5] 009:ffn-swiglu: 0.000001000 seconds
[token:37, layer:5] 010:ffn-down-projection: 0.000134000 seconds
[token:37, layer:5] 102:layer-compute-total: 0.000469000 seconds
[token:37] 011:final-projection: 0.004242000 seconds
[token:37] 103:forward-compute-total: 0.007074000 seconds
[token:38] 001:embedding-lookup: 0.000001000 seconds
[token:38, layer:0] 002:attention-norm: 0.000000000 seconds
[token:38, layer:0] 003:qkv-projection: 0.000110000 seconds
[token:38, layer:0] 004:apply-rope: 0.000002000 seconds
[token:38, layer:0] 005:compute-attention: 0.000008000 seconds
[token:38, layer:0] 006:attention-output: 0.000035000 seconds
[token:38, layer:0] 007:ffn-norm: 0.000000000 seconds
[token:38, layer:0] 008:ffn-up-projection: 0.000187000 seconds
[token:38, layer:0] 009:ffn-swiglu: 0.000001000 seconds
[token:38, layer:0] 010:ffn-down-projection: 0.000134000 seconds
[token:38, layer:0] 102:layer-compute-total: 0.000477000 seconds
[token:38, layer:1] 002:attention-norm: 0.000000000 seconds
[token:38, layer:1] 003:qkv-projection: 0.000105000 seconds
[token:38, layer:1] 004:apply-rope: 0.000001000 seconds
[token:38, layer:1] 005:compute-attention: 0.000007000 seconds
[token:38, layer:1] 006:attention-output: 0.000035000 seconds
[token:38, layer:1] 007:ffn-norm: 0.000000000 seconds
[token:38, layer:1] 008:ffn-up-projection: 0.000186000 seconds
[token:38, layer:1] 009:ffn-swiglu: 0.000001000 seconds
[token:38, layer:1] 010:ffn-down-projection: 0.000134000 seconds
[token:38, layer:1] 102:layer-compute-total: 0.000469000 seconds
[token:38, layer:2] 002:attention-norm: 0.000001000 seconds
[token:38, layer:2] 003:qkv-projection: 0.000105000 seconds
[token:38, layer:2] 004:apply-rope: 0.000001000 seconds
[token:38, layer:2] 005:compute-attention: 0.000007000 seconds
[token:38, layer:2] 006:attention-output: 0.000035000 seconds
[token:38, layer:2] 007:ffn-norm: 0.000000000 seconds
[token:38, layer:2] 008:ffn-up-projection: 0.000187000 seconds
[token:38, layer:2] 009:ffn-swiglu: 0.000001000 seconds
[token:38, layer:2] 010:ffn-down-projection: 0.000134000 seconds
[token:38, layer:2] 102:layer-compute-total: 0.000471000 seconds
[token:38, layer:3] 002:attention-norm: 0.000000000 seconds
[token:38, layer:3] 003:qkv-projection: 0.000105000 seconds
[token:38, layer:3] 004:apply-rope: 0.000001000 seconds
[token:38, layer:3] 005:compute-attention: 0.000008000 seconds
[token:38, layer:3] 006:attention-output: 0.000035000 seconds
[token:38, layer:3] 007:ffn-norm: 0.000000000 seconds
[token:38, layer:3] 008:ffn-up-projection: 0.000187000 seconds
[token:38, layer:3] 009:ffn-swiglu: 0.000001000 seconds
[token:38, layer:3] 010:ffn-down-projection: 0.000134000 seconds
[token:38, layer:3] 102:layer-compute-total: 0.000471000 seconds
[token:38, layer:4] 002:attention-norm: 0.000000000 seconds
[token:38, layer:4] 003:qkv-projection: 0.000106000 seconds
[token:38, layer:4] 004:apply-rope: 0.000001000 seconds
[token:38, layer:4] 005:compute-attention: 0.000008000 seconds
[token:38, layer:4] 006:attention-output: 0.000035000 seconds
[token:38, layer:4] 007:ffn-norm: 0.000000000 seconds
[token:38, layer:4] 008:ffn-up-projection: 0.000192000 seconds
[token:38, layer:4] 009:ffn-swiglu: 0.000001000 seconds
[token:38, layer:4] 010:ffn-down-projection: 0.000134000 seconds
[token:38, layer:4] 102:layer-compute-total: 0.000477000 seconds
[token:38, layer:5] 002:attention-norm: 0.000000000 seconds
[token:38, layer:5] 003:qkv-projection: 0.000105000 seconds
[token:38, layer:5] 004:apply-rope: 0.000001000 seconds
[token:38, layer:5] 005:compute-attention: 0.000007000 seconds
[token:38, layer:5] 006:attention-output: 0.000035000 seconds
[token:38, layer:5] 007:ffn-norm: 0.000000000 seconds
[token:38, layer:5] 008:ffn-up-projection: 0.000187000 seconds
[token:38, layer:5] 009:ffn-swiglu: 0.000001000 seconds
[token:38, layer:5] 010:ffn-down-projection: 0.000134000 seconds
[token:38, layer:5] 102:layer-compute-total: 0.000470000 seconds
[token:38] 011:final-projection: 0.003948000 seconds
[token:38] 103:forward-compute-total: 0.006784000 seconds
[token:39] 001:embedding-lookup: 0.000000000 seconds
[token:39, layer:0] 002:attention-norm: 0.000000000 seconds
[token:39, layer:0] 003:qkv-projection: 0.000112000 seconds
[token:39, layer:0] 004:apply-rope: 0.000001000 seconds
[token:39, layer:0] 005:compute-attention: 0.000006000 seconds
[token:39, layer:0] 006:attention-output: 0.000036000 seconds
[token:39, layer:0] 007:ffn-norm: 0.000000000 seconds
[token:39, layer:0] 008:ffn-up-projection: 0.000187000 seconds
[token:39, layer:0] 009:ffn-swiglu: 0.000001000 seconds
[token:39, layer:0] 010:ffn-down-projection: 0.000134000 seconds
[token:39, layer:0] 102:layer-compute-total: 0.000477000 seconds
[token:39, layer:1] 002:attention-norm: 0.000000000 seconds
[token:39, layer:1] 003:qkv-projection: 0.000110000 seconds
[token:39, layer:1] 004:apply-rope: 0.000001000 seconds
[token:39, layer:1] 005:compute-attention: 0.000006000 seconds
[token:39, layer:1] 006:attention-output: 0.000035000 seconds
[token:39, layer:1] 007:ffn-norm: 0.000000000 seconds
[token:39, layer:1] 008:ffn-up-projection: 0.000187000 seconds
[token:39, layer:1] 009:ffn-swiglu: 0.000001000 seconds
[token:39, layer:1] 010:ffn-down-projection: 0.000136000 seconds
[token:39, layer:1] 102:layer-compute-total: 0.000476000 seconds
[token:39, layer:2] 002:attention-norm: 0.000000000 seconds
[token:39, layer:2] 003:qkv-projection: 0.000105000 seconds
[token:39, layer:2] 004:apply-rope: 0.000001000 seconds
[token:39, layer:2] 005:compute-attention: 0.000006000 seconds
[token:39, layer:2] 006:attention-output: 0.000035000 seconds
[token:39, layer:2] 007:ffn-norm: 0.000001000 seconds
[token:39, layer:2] 008:ffn-up-projection: 0.000187000 seconds
[token:39, layer:2] 009:ffn-swiglu: 0.000001000 seconds
[token:39, layer:2] 010:ffn-down-projection: 0.000134000 seconds
[token:39, layer:2] 102:layer-compute-total: 0.000470000 seconds
[token:39, layer:3] 002:attention-norm: 0.000000000 seconds
[token:39, layer:3] 003:qkv-projection: 0.000105000 seconds
[token:39, layer:3] 004:apply-rope: 0.000002000 seconds
[token:39, layer:3] 005:compute-attention: 0.000006000 seconds
[token:39, layer:3] 006:attention-output: 0.000035000 seconds
[token:39, layer:3] 007:ffn-norm: 0.000000000 seconds
[token:39, layer:3] 008:ffn-up-projection: 0.000186000 seconds
[token:39, layer:3] 009:ffn-swiglu: 0.000001000 seconds
[token:39, layer:3] 010:ffn-down-projection: 0.000134000 seconds
[token:39, layer:3] 102:layer-compute-total: 0.000469000 seconds
[token:39, layer:4] 002:attention-norm: 0.000000000 seconds
[token:39, layer:4] 003:qkv-projection: 0.000105000 seconds
[token:39, layer:4] 004:apply-rope: 0.000001000 seconds
[token:39, layer:4] 005:compute-attention: 0.000007000 seconds
[token:39, layer:4] 006:attention-output: 0.000035000 seconds
[token:39, layer:4] 007:ffn-norm: 0.000000000 seconds
[token:39, layer:4] 008:ffn-up-projection: 0.000187000 seconds
[token:39, layer:4] 009:ffn-swiglu: 0.000001000 seconds
[token:39, layer:4] 010:ffn-down-projection: 0.000136000 seconds
[token:39, layer:4] 102:layer-compute-total: 0.000472000 seconds
[token:39, layer:5] 002:attention-norm: 0.000000000 seconds
[token:39, layer:5] 003:qkv-projection: 0.000107000 seconds
[token:39, layer:5] 004:apply-rope: 0.000001000 seconds
[token:39, layer:5] 005:compute-attention: 0.000006000 seconds
[token:39, layer:5] 006:attention-output: 0.000035000 seconds
[token:39, layer:5] 007:ffn-norm: 0.000000000 seconds
[token:39, layer:5] 008:ffn-up-projection: 0.000187000 seconds
[token:39, layer:5] 009:ffn-swiglu: 0.000001000 seconds
[token:39, layer:5] 010:ffn-down-projection: 0.000134000 seconds
[token:39, layer:5] 102:layer-compute-total: 0.000471000 seconds
[token:39] 011:final-projection: 0.004010000 seconds
[token:39] 103:forward-compute-total: 0.006845000 seconds
[token:40] 001:embedding-lookup: 0.000000000 seconds
[token:40, layer:0] 002:attention-norm: 0.000001000 seconds
[token:40, layer:0] 003:qkv-projection: 0.000109000 seconds
[token:40, layer:0] 004:apply-rope: 0.000002000 seconds
[token:40, layer:0] 005:compute-attention: 0.000006000 seconds
[token:40, layer:0] 006:attention-output: 0.000036000 seconds
[token:40, layer:0] 007:ffn-norm: 0.000000000 seconds
[token:40, layer:0] 008:ffn-up-projection: 0.000213000 seconds
[token:40, layer:0] 009:ffn-swiglu: 0.000002000 seconds
[token:40, layer:0] 010:ffn-down-projection: 0.000224000 seconds
[token:40, layer:0] 102:layer-compute-total: 0.000593000 seconds
[token:40, layer:1] 002:attention-norm: 0.000001000 seconds
[token:40, layer:1] 003:qkv-projection: 0.000111000 seconds
[token:40, layer:1] 004:apply-rope: 0.000002000 seconds
[token:40, layer:1] 005:compute-attention: 0.000007000 seconds
[token:40, layer:1] 006:attention-output: 0.000037000 seconds
[token:40, layer:1] 007:ffn-norm: 0.000001000 seconds
[token:40, layer:1] 008:ffn-up-projection: 0.000189000 seconds
[token:40, layer:1] 009:ffn-swiglu: 0.000001000 seconds
[token:40, layer:1] 010:ffn-down-projection: 0.000137000 seconds
[token:40, layer:1] 102:layer-compute-total: 0.000486000 seconds
[token:40, layer:2] 002:attention-norm: 0.000001000 seconds
[token:40, layer:2] 003:qkv-projection: 0.000111000 seconds
[token:40, layer:2] 004:apply-rope: 0.000001000 seconds
[token:40, layer:2] 005:compute-attention: 0.000008000 seconds
[token:40, layer:2] 006:attention-output: 0.000036000 seconds
[token:40, layer:2] 007:ffn-norm: 0.000001000 seconds
[token:40, layer:2] 008:ffn-up-projection: 0.000187000 seconds
[token:40, layer:2] 009:ffn-swiglu: 0.000002000 seconds
[token:40, layer:2] 010:ffn-down-projection: 0.000140000 seconds
[token:40, layer:2] 102:layer-compute-total: 0.000487000 seconds
[token:40, layer:3] 002:attention-norm: 0.000001000 seconds
[token:40, layer:3] 003:qkv-projection: 0.000105000 seconds
[token:40, layer:3] 004:apply-rope: 0.000001000 seconds
[token:40, layer:3] 005:compute-attention: 0.000009000 seconds
[token:40, layer:3] 006:attention-output: 0.000035000 seconds
[token:40, layer:3] 007:ffn-norm: 0.000000000 seconds
[token:40, layer:3] 008:ffn-up-projection: 0.000187000 seconds
[token:40, layer:3] 009:ffn-swiglu: 0.000001000 seconds
[token:40, layer:3] 010:ffn-down-projection: 0.000134000 seconds
[token:40, layer:3] 102:layer-compute-total: 0.000473000 seconds
[token:40, layer:4] 002:attention-norm: 0.000000000 seconds
[token:40, layer:4] 003:qkv-projection: 0.000106000 seconds
[token:40, layer:4] 004:apply-rope: 0.000001000 seconds
[token:40, layer:4] 005:compute-attention: 0.000009000 seconds
[token:40, layer:4] 006:attention-output: 0.000035000 seconds
[token:40, layer:4] 007:ffn-norm: 0.000000000 seconds
[token:40, layer:4] 008:ffn-up-projection: 0.000187000 seconds
[token:40, layer:4] 009:ffn-swiglu: 0.000001000 seconds
[token:40, layer:4] 010:ffn-down-projection: 0.000134000 seconds
[token:40, layer:4] 102:layer-compute-total: 0.000473000 seconds
[token:40, layer:5] 002:attention-norm: 0.000000000 seconds
[token:40, layer:5] 003:qkv-projection: 0.000105000 seconds
[token:40, layer:5] 004:apply-rope: 0.000001000 seconds
[token:40, layer:5] 005:compute-attention: 0.000008000 seconds
[token:40, layer:5] 006:attention-output: 0.000035000 seconds
[token:40, layer:5] 007:ffn-norm: 0.000001000 seconds
[token:40, layer:5] 008:ffn-up-projection: 0.000187000 seconds
[token:40, layer:5] 009:ffn-swiglu: 0.000001000 seconds
[token:40, layer:5] 010:ffn-down-projection: 0.000134000 seconds
[token:40, layer:5] 102:layer-compute-total: 0.000472000 seconds
[token:40] 011:final-projection: 0.003972000 seconds
[token:40] 103:forward-compute-total: 0.006956000 seconds
[token:41] 001:embedding-lookup: 0.000000000 seconds
[token:41, layer:0] 002:attention-norm: 0.000000000 seconds
[token:41, layer:0] 003:qkv-projection: 0.000113000 seconds
[token:41, layer:0] 004:apply-rope: 0.000002000 seconds
[token:41, layer:0] 005:compute-attention: 0.000008000 seconds
[token:41, layer:0] 006:attention-output: 0.000035000 seconds
[token:41, layer:0] 007:ffn-norm: 0.000001000 seconds
[token:41, layer:0] 008:ffn-up-projection: 0.000193000 seconds
[token:41, layer:0] 009:ffn-swiglu: 0.000001000 seconds
[token:41, layer:0] 010:ffn-down-projection: 0.000134000 seconds
[token:41, layer:0] 102:layer-compute-total: 0.000487000 seconds
[token:41, layer:1] 002:attention-norm: 0.000000000 seconds
[token:41, layer:1] 003:qkv-projection: 0.000105000 seconds
[token:41, layer:1] 004:apply-rope: 0.000001000 seconds
[token:41, layer:1] 005:compute-attention: 0.000007000 seconds
[token:41, layer:1] 006:attention-output: 0.000036000 seconds
[token:41, layer:1] 007:ffn-norm: 0.000001000 seconds
[token:41, layer:1] 008:ffn-up-projection: 0.000189000 seconds
[token:41, layer:1] 009:ffn-swiglu: 0.000001000 seconds
[token:41, layer:1] 010:ffn-down-projection: 0.000134000 seconds
[token:41, layer:1] 102:layer-compute-total: 0.000474000 seconds
[token:41, layer:2] 002:attention-norm: 0.000000000 seconds
[token:41, layer:2] 003:qkv-projection: 0.000111000 seconds
[token:41, layer:2] 004:apply-rope: 0.000001000 seconds
[token:41, layer:2] 005:compute-attention: 0.000007000 seconds
[token:41, layer:2] 006:attention-output: 0.000035000 seconds
[token:41, layer:2] 007:ffn-norm: 0.000000000 seconds
[token:41, layer:2] 008:ffn-up-projection: 0.000187000 seconds
[token:41, layer:2] 009:ffn-swiglu: 0.000001000 seconds
[token:41, layer:2] 010:ffn-down-projection: 0.000134000 seconds
[token:41, layer:2] 102:layer-compute-total: 0.000476000 seconds
[token:41, layer:3] 002:attention-norm: 0.000001000 seconds
[token:41, layer:3] 003:qkv-projection: 0.000105000 seconds
[token:41, layer:3] 004:apply-rope: 0.000001000 seconds
[token:41, layer:3] 005:compute-attention: 0.000006000 seconds
[token:41, layer:3] 006:attention-output: 0.000036000 seconds
[token:41, layer:3] 007:ffn-norm: 0.000000000 seconds
[token:41, layer:3] 008:ffn-up-projection: 0.000199000 seconds
[token:41, layer:3] 009:ffn-swiglu: 0.000001000 seconds
[token:41, layer:3] 010:ffn-down-projection: 0.000134000 seconds
[token:41, layer:3] 102:layer-compute-total: 0.000483000 seconds
[token:41, layer:4] 002:attention-norm: 0.000000000 seconds
[token:41, layer:4] 003:qkv-projection: 0.000106000 seconds
[token:41, layer:4] 004:apply-rope: 0.000001000 seconds
[token:41, layer:4] 005:compute-attention: 0.000007000 seconds
[token:41, layer:4] 006:attention-output: 0.000036000 seconds
[token:41, layer:4] 007:ffn-norm: 0.000000000 seconds
[token:41, layer:4] 008:ffn-up-projection: 0.000196000 seconds
[token:41, layer:4] 009:ffn-swiglu: 0.000001000 seconds
[token:41, layer:4] 010:ffn-down-projection: 0.000139000 seconds
[token:41, layer:4] 102:layer-compute-total: 0.000486000 seconds
[token:41, layer:5] 002:attention-norm: 0.000000000 seconds
[token:41, layer:5] 003:qkv-projection: 0.000109000 seconds
[token:41, layer:5] 004:apply-rope: 0.000002000 seconds
[token:41, layer:5] 005:compute-attention: 0.000006000 seconds
[token:41, layer:5] 006:attention-output: 0.000036000 seconds
[token:41, layer:5] 007:ffn-norm: 0.000000000 seconds
[token:41, layer:5] 008:ffn-up-projection: 0.000195000 seconds
[token:41, layer:5] 009:ffn-swiglu: 0.000001000 seconds
[token:41, layer:5] 010:ffn-down-projection: 0.000139000 seconds
[token:41, layer:5] 102:layer-compute-total: 0.000488000 seconds
[token:41] 011:final-projection: 0.003979000 seconds
[token:41] 103:forward-compute-total: 0.006873000 seconds
[token:42] 001:embedding-lookup: 0.000000000 seconds
[token:42, layer:0] 002:attention-norm: 0.000000000 seconds
[token:42, layer:0] 003:qkv-projection: 0.000120000 seconds
[token:42, layer:0] 004:apply-rope: 0.000002000 seconds
[token:42, layer:0] 005:compute-attention: 0.000006000 seconds
[token:42, layer:0] 006:attention-output: 0.000035000 seconds
[token:42, layer:0] 007:ffn-norm: 0.000000000 seconds
[token:42, layer:0] 008:ffn-up-projection: 0.000189000 seconds
[token:42, layer:0] 009:ffn-swiglu: 0.000001000 seconds
[token:42, layer:0] 010:ffn-down-projection: 0.000143000 seconds
[token:42, layer:0] 102:layer-compute-total: 0.000496000 seconds
[token:42, layer:1] 002:attention-norm: 0.000001000 seconds
[token:42, layer:1] 003:qkv-projection: 0.000113000 seconds
[token:42, layer:1] 004:apply-rope: 0.000001000 seconds
[token:42, layer:1] 005:compute-attention: 0.000007000 seconds
[token:42, layer:1] 006:attention-output: 0.000036000 seconds
[token:42, layer:1] 007:ffn-norm: 0.000001000 seconds
[token:42, layer:1] 008:ffn-up-projection: 0.000210000 seconds
[token:42, layer:1] 009:ffn-swiglu: 0.000001000 seconds
[token:42, layer:1] 010:ffn-down-projection: 0.000136000 seconds
[token:42, layer:1] 102:layer-compute-total: 0.000506000 seconds
[token:42, layer:2] 002:attention-norm: 0.000000000 seconds
[token:42, layer:2] 003:qkv-projection: 0.000111000 seconds
[token:42, layer:2] 004:apply-rope: 0.000002000 seconds
[token:42, layer:2] 005:compute-attention: 0.000007000 seconds
[token:42, layer:2] 006:attention-output: 0.000036000 seconds
[token:42, layer:2] 007:ffn-norm: 0.000001000 seconds
[token:42, layer:2] 008:ffn-up-projection: 0.000190000 seconds
[token:42, layer:2] 009:ffn-swiglu: 0.000001000 seconds
[token:42, layer:2] 010:ffn-down-projection: 0.000136000 seconds
[token:42, layer:2] 102:layer-compute-total: 0.000484000 seconds
[token:42, layer:3] 002:attention-norm: 0.000000000 seconds
[token:42, layer:3] 003:qkv-projection: 0.000109000 seconds
[token:42, layer:3] 004:apply-rope: 0.000001000 seconds
[token:42, layer:3] 005:compute-attention: 0.000007000 seconds
[token:42, layer:3] 006:attention-output: 0.000035000 seconds
[token:42, layer:3] 007:ffn-norm: 0.000000000 seconds
[token:42, layer:3] 008:ffn-up-projection: 0.000190000 seconds
[token:42, layer:3] 009:ffn-swiglu: 0.000001000 seconds
[token:42, layer:3] 010:ffn-down-projection: 0.000136000 seconds
[token:42, layer:3] 102:layer-compute-total: 0.000479000 seconds
[token:42, layer:4] 002:attention-norm: 0.000001000 seconds
[token:42, layer:4] 003:qkv-projection: 0.000109000 seconds
[token:42, layer:4] 004:apply-rope: 0.000001000 seconds
[token:42, layer:4] 005:compute-attention: 0.000007000 seconds
[token:42, layer:4] 006:attention-output: 0.000036000 seconds
[token:42, layer:4] 007:ffn-norm: 0.000001000 seconds
[token:42, layer:4] 008:ffn-up-projection: 0.000206000 seconds
[token:42, layer:4] 009:ffn-swiglu: 0.000003000 seconds
[token:42, layer:4] 010:ffn-down-projection: 0.000209000 seconds
[token:42, layer:4] 102:layer-compute-total: 0.000573000 seconds
[token:42, layer:5] 002:attention-norm: 0.000000000 seconds
[token:42, layer:5] 003:qkv-projection: 0.000119000 seconds
[token:42, layer:5] 004:apply-rope: 0.000002000 seconds
[token:42, layer:5] 005:compute-attention: 0.000007000 seconds
[token:42, layer:5] 006:attention-output: 0.000035000 seconds
[token:42, layer:5] 007:ffn-norm: 0.000000000 seconds
[token:42, layer:5] 008:ffn-up-projection: 0.000193000 seconds
[token:42, layer:5] 009:ffn-swiglu: 0.000002000 seconds
[token:42, layer:5] 010:ffn-down-projection: 0.000136000 seconds
[token:42, layer:5] 102:layer-compute-total: 0.000494000 seconds
[token:42] 011:final-projection: 0.003960000 seconds
[token:42] 103:forward-compute-total: 0.006992000 seconds
[token:43] 001:embedding-lookup: 0.000000000 seconds
[token:43, layer:0] 002:attention-norm: 0.000001000 seconds
[token:43, layer:0] 003:qkv-projection: 0.000113000 seconds
[token:43, layer:0] 004:apply-rope: 0.000001000 seconds
[token:43, layer:0] 005:compute-attention: 0.000008000 seconds
[token:43, layer:0] 006:attention-output: 0.000035000 seconds
[token:43, layer:0] 007:ffn-norm: 0.000000000 seconds
[token:43, layer:0] 008:ffn-up-projection: 0.000187000 seconds
[token:43, layer:0] 009:ffn-swiglu: 0.000001000 seconds
[token:43, layer:0] 010:ffn-down-projection: 0.000134000 seconds
[token:43, layer:0] 102:layer-compute-total: 0.000480000 seconds
[token:43, layer:1] 002:attention-norm: 0.000000000 seconds
[token:43, layer:1] 003:qkv-projection: 0.000105000 seconds
[token:43, layer:1] 004:apply-rope: 0.000001000 seconds
[token:43, layer:1] 005:compute-attention: 0.000010000 seconds
[token:43, layer:1] 006:attention-output: 0.000037000 seconds
[token:43, layer:1] 007:ffn-norm: 0.000000000 seconds
[token:43, layer:1] 008:ffn-up-projection: 0.000186000 seconds
[token:43, layer:1] 009:ffn-swiglu: 0.000001000 seconds
[token:43, layer:1] 010:ffn-down-projection: 0.000137000 seconds
[token:43, layer:1] 102:layer-compute-total: 0.000477000 seconds
[token:43, layer:2] 002:attention-norm: 0.000000000 seconds
[token:43, layer:2] 003:qkv-projection: 0.000105000 seconds
[token:43, layer:2] 004:apply-rope: 0.000001000 seconds
[token:43, layer:2] 005:compute-attention: 0.000009000 seconds
[token:43, layer:2] 006:attention-output: 0.000035000 seconds
[token:43, layer:2] 007:ffn-norm: 0.000000000 seconds
[token:43, layer:2] 008:ffn-up-projection: 0.000187000 seconds
[token:43, layer:2] 009:ffn-swiglu: 0.000001000 seconds
[token:43, layer:2] 010:ffn-down-projection: 0.000135000 seconds
[token:43, layer:2] 102:layer-compute-total: 0.000473000 seconds
[token:43, layer:3] 002:attention-norm: 0.000000000 seconds
[token:43, layer:3] 003:qkv-projection: 0.000105000 seconds
[token:43, layer:3] 004:apply-rope: 0.000001000 seconds
[token:43, layer:3] 005:compute-attention: 0.000008000 seconds
[token:43, layer:3] 006:attention-output: 0.000035000 seconds
[token:43, layer:3] 007:ffn-norm: 0.000000000 seconds
[token:43, layer:3] 008:ffn-up-projection: 0.000187000 seconds
[token:43, layer:3] 009:ffn-swiglu: 0.000001000 seconds
[token:43, layer:3] 010:ffn-down-projection: 0.000134000 seconds
[token:43, layer:3] 102:layer-compute-total: 0.000471000 seconds
[token:43, layer:4] 002:attention-norm: 0.000001000 seconds
[token:43, layer:4] 003:qkv-projection: 0.000105000 seconds
[token:43, layer:4] 004:apply-rope: 0.000001000 seconds
[token:43, layer:4] 005:compute-attention: 0.000008000 seconds
[token:43, layer:4] 006:attention-output: 0.000036000 seconds
[token:43, layer:4] 007:ffn-norm: 0.000000000 seconds
[token:43, layer:4] 008:ffn-up-projection: 0.000187000 seconds
[token:43, layer:4] 009:ffn-swiglu: 0.000001000 seconds
[token:43, layer:4] 010:ffn-down-projection: 0.000134000 seconds
[token:43, layer:4] 102:layer-compute-total: 0.000473000 seconds
[token:43, layer:5] 002:attention-norm: 0.000000000 seconds
[token:43, layer:5] 003:qkv-projection: 0.000106000 seconds
[token:43, layer:5] 004:apply-rope: 0.000001000 seconds
[token:43, layer:5] 005:compute-attention: 0.000007000 seconds
[token:43, layer:5] 006:attention-output: 0.000035000 seconds
[token:43, layer:5] 007:ffn-norm: 0.000000000 seconds
[token:43, layer:5] 008:ffn-up-projection: 0.000186000 seconds
[token:43, layer:5] 009:ffn-swiglu: 0.000002000 seconds
[token:43, layer:5] 010:ffn-down-projection: 0.000134000 seconds
[token:43, layer:5] 102:layer-compute-total: 0.000471000 seconds
[token:43] 011:final-projection: 0.003954000 seconds
[token:43] 103:forward-compute-total: 0.006799000 seconds
[token:44] 001:embedding-lookup: 0.000001000 seconds
[token:44, layer:0] 002:attention-norm: 0.000000000 seconds
[token:44, layer:0] 003:qkv-projection: 0.000111000 seconds
[token:44, layer:0] 004:apply-rope: 0.000002000 seconds
[token:44, layer:0] 005:compute-attention: 0.000007000 seconds
[token:44, layer:0] 006:attention-output: 0.000036000 seconds
[token:44, layer:0] 007:ffn-norm: 0.000000000 seconds
[token:44, layer:0] 008:ffn-up-projection: 0.000187000 seconds
[token:44, layer:0] 009:ffn-swiglu: 0.000001000 seconds
[token:44, layer:0] 010:ffn-down-projection: 0.000142000 seconds
[token:44, layer:0] 102:layer-compute-total: 0.000486000 seconds
[token:44, layer:1] 002:attention-norm: 0.000000000 seconds
[token:44, layer:1] 003:qkv-projection: 0.000105000 seconds
[token:44, layer:1] 004:apply-rope: 0.000001000 seconds
[token:44, layer:1] 005:compute-attention: 0.000006000 seconds
[token:44, layer:1] 006:attention-output: 0.000035000 seconds
[token:44, layer:1] 007:ffn-norm: 0.000000000 seconds
[token:44, layer:1] 008:ffn-up-projection: 0.000187000 seconds
[token:44, layer:1] 009:ffn-swiglu: 0.000001000 seconds
[token:44, layer:1] 010:ffn-down-projection: 0.000134000 seconds
[token:44, layer:1] 102:layer-compute-total: 0.000469000 seconds
[token:44, layer:2] 002:attention-norm: 0.000000000 seconds
[token:44, layer:2] 003:qkv-projection: 0.000105000 seconds
[token:44, layer:2] 004:apply-rope: 0.000001000 seconds
[token:44, layer:2] 005:compute-attention: 0.000006000 seconds
[token:44, layer:2] 006:attention-output: 0.000035000 seconds
[token:44, layer:2] 007:ffn-norm: 0.000000000 seconds
[token:44, layer:2] 008:ffn-up-projection: 0.000187000 seconds
[token:44, layer:2] 009:ffn-swiglu: 0.000001000 seconds
[token:44, layer:2] 010:ffn-down-projection: 0.000134000 seconds
[token:44, layer:2] 102:layer-compute-total: 0.000469000 seconds
[token:44, layer:3] 002:attention-norm: 0.000000000 seconds
[token:44, layer:3] 003:qkv-projection: 0.000104000 seconds
[token:44, layer:3] 004:apply-rope: 0.000001000 seconds
[token:44, layer:3] 005:compute-attention: 0.000006000 seconds
[token:44, layer:3] 006:attention-output: 0.000035000 seconds
[token:44, layer:3] 007:ffn-norm: 0.000001000 seconds
[token:44, layer:3] 008:ffn-up-projection: 0.000187000 seconds
[token:44, layer:3] 009:ffn-swiglu: 0.000001000 seconds
[token:44, layer:3] 010:ffn-down-projection: 0.000134000 seconds
[token:44, layer:3] 102:layer-compute-total: 0.000469000 seconds
[token:44, layer:4] 002:attention-norm: 0.000001000 seconds
[token:44, layer:4] 003:qkv-projection: 0.000106000 seconds
[token:44, layer:4] 004:apply-rope: 0.000001000 seconds
[token:44, layer:4] 005:compute-attention: 0.000007000 seconds
[token:44, layer:4] 006:attention-output: 0.000035000 seconds
[token:44, layer:4] 007:ffn-norm: 0.000000000 seconds
[token:44, layer:4] 008:ffn-up-projection: 0.000187000 seconds
[token:44, layer:4] 009:ffn-swiglu: 0.000001000 seconds
[token:44, layer:4] 010:ffn-down-projection: 0.000138000 seconds
[token:44, layer:4] 102:layer-compute-total: 0.000476000 seconds
[token:44, layer:5] 002:attention-norm: 0.000001000 seconds
[token:44, layer:5] 003:qkv-projection: 0.000116000 seconds
[token:44, layer:5] 004:apply-rope: 0.000002000 seconds
[token:44, layer:5] 005:compute-attention: 0.000007000 seconds
[token:44, layer:5] 006:attention-output: 0.000038000 seconds
[token:44, layer:5] 007:ffn-norm: 0.000000000 seconds
[token:44, layer:5] 008:ffn-up-projection: 0.000203000 seconds
[token:44, layer:5] 009:ffn-swiglu: 0.000001000 seconds
[token:44, layer:5] 010:ffn-down-projection: 0.000139000 seconds
[token:44, layer:5] 102:layer-compute-total: 0.000507000 seconds
[token:44] 011:final-projection: 0.004230000 seconds
[token:44] 103:forward-compute-total: 0.007107000 seconds
[token:45] 001:embedding-lookup: 0.000000000 seconds
[token:45, layer:0] 002:attention-norm: 0.000000000 seconds
[token:45, layer:0] 003:qkv-projection: 0.000112000 seconds
[token:45, layer:0] 004:apply-rope: 0.000002000 seconds
[token:45, layer:0] 005:compute-attention: 0.000010000 seconds
[token:45, layer:0] 006:attention-output: 0.000035000 seconds
[token:45, layer:0] 007:ffn-norm: 0.000000000 seconds
[token:45, layer:0] 008:ffn-up-projection: 0.000187000 seconds
[token:45, layer:0] 009:ffn-swiglu: 0.000002000 seconds
[token:45, layer:0] 010:ffn-down-projection: 0.000134000 seconds
[token:45, layer:0] 102:layer-compute-total: 0.000482000 seconds
[token:45, layer:1] 002:attention-norm: 0.000000000 seconds
[token:45, layer:1] 003:qkv-projection: 0.000105000 seconds
[token:45, layer:1] 004:apply-rope: 0.000001000 seconds
[token:45, layer:1] 005:compute-attention: 0.000009000 seconds
[token:45, layer:1] 006:attention-output: 0.000035000 seconds
[token:45, layer:1] 007:ffn-norm: 0.000001000 seconds
[token:45, layer:1] 008:ffn-up-projection: 0.000186000 seconds
[token:45, layer:1] 009:ffn-swiglu: 0.000001000 seconds
[token:45, layer:1] 010:ffn-down-projection: 0.000134000 seconds
[token:45, layer:1] 102:layer-compute-total: 0.000472000 seconds
[token:45, layer:2] 002:attention-norm: 0.000000000 seconds
[token:45, layer:2] 003:qkv-projection: 0.000106000 seconds
[token:45, layer:2] 004:apply-rope: 0.000001000 seconds
[token:45, layer:2] 005:compute-attention: 0.000010000 seconds
[token:45, layer:2] 006:attention-output: 0.000035000 seconds
[token:45, layer:2] 007:ffn-norm: 0.000000000 seconds
[token:45, layer:2] 008:ffn-up-projection: 0.000190000 seconds
[token:45, layer:2] 009:ffn-swiglu: 0.000001000 seconds
[token:45, layer:2] 010:ffn-down-projection: 0.000134000 seconds
[token:45, layer:2] 102:layer-compute-total: 0.000477000 seconds
[token:45, layer:3] 002:attention-norm: 0.000000000 seconds
[token:45, layer:3] 003:qkv-projection: 0.000104000 seconds
[token:45, layer:3] 004:apply-rope: 0.000001000 seconds
[token:45, layer:3] 005:compute-attention: 0.000010000 seconds
[token:45, layer:3] 006:attention-output: 0.000036000 seconds
[token:45, layer:3] 007:ffn-norm: 0.000000000 seconds
[token:45, layer:3] 008:ffn-up-projection: 0.000187000 seconds
[token:45, layer:3] 009:ffn-swiglu: 0.000001000 seconds
[token:45, layer:3] 010:ffn-down-projection: 0.000134000 seconds
[token:45, layer:3] 102:layer-compute-total: 0.000473000 seconds
[token:45, layer:4] 002:attention-norm: 0.000000000 seconds
[token:45, layer:4] 003:qkv-projection: 0.000105000 seconds
[token:45, layer:4] 004:apply-rope: 0.000001000 seconds
[token:45, layer:4] 005:compute-attention: 0.000010000 seconds
[token:45, layer:4] 006:attention-output: 0.000036000 seconds
[token:45, layer:4] 007:ffn-norm: 0.000001000 seconds
[token:45, layer:4] 008:ffn-up-projection: 0.000187000 seconds
[token:45, layer:4] 009:ffn-swiglu: 0.000001000 seconds
[token:45, layer:4] 010:ffn-down-projection: 0.000134000 seconds
[token:45, layer:4] 102:layer-compute-total: 0.000475000 seconds
[token:45, layer:5] 002:attention-norm: 0.000001000 seconds
[token:45, layer:5] 003:qkv-projection: 0.000105000 seconds
[token:45, layer:5] 004:apply-rope: 0.000001000 seconds
[token:45, layer:5] 005:compute-attention: 0.000010000 seconds
[token:45, layer:5] 006:attention-output: 0.000035000 seconds
[token:45, layer:5] 007:ffn-norm: 0.000000000 seconds
[token:45, layer:5] 008:ffn-up-projection: 0.000187000 seconds
[token:45, layer:5] 009:ffn-swiglu: 0.000001000 seconds
[token:45, layer:5] 010:ffn-down-projection: 0.000135000 seconds
[token:45, layer:5] 102:layer-compute-total: 0.000475000 seconds
[token:45] 011:final-projection: 0.003950000 seconds
[token:45] 103:forward-compute-total: 0.006804000 seconds
[token:46] 001:embedding-lookup: 0.000000000 seconds
[token:46, layer:0] 002:attention-norm: 0.000000000 seconds
[token:46, layer:0] 003:qkv-projection: 0.000111000 seconds
[token:46, layer:0] 004:apply-rope: 0.000001000 seconds
[token:46, layer:0] 005:compute-attention: 0.000008000 seconds
[token:46, layer:0] 006:attention-output: 0.000035000 seconds
[token:46, layer:0] 007:ffn-norm: 0.000000000 seconds
[token:46, layer:0] 008:ffn-up-projection: 0.000187000 seconds
[token:46, layer:0] 009:ffn-swiglu: 0.000001000 seconds
[token:46, layer:0] 010:ffn-down-projection: 0.000135000 seconds
[token:46, layer:0] 102:layer-compute-total: 0.000478000 seconds
[token:46, layer:1] 002:attention-norm: 0.000000000 seconds
[token:46, layer:1] 003:qkv-projection: 0.000105000 seconds
[token:46, layer:1] 004:apply-rope: 0.000001000 seconds
[token:46, layer:1] 005:compute-attention: 0.000007000 seconds
[token:46, layer:1] 006:attention-output: 0.000035000 seconds
[token:46, layer:1] 007:ffn-norm: 0.000001000 seconds
[token:46, layer:1] 008:ffn-up-projection: 0.000187000 seconds
[token:46, layer:1] 009:ffn-swiglu: 0.000001000 seconds
[token:46, layer:1] 010:ffn-down-projection: 0.000141000 seconds
[token:46, layer:1] 102:layer-compute-total: 0.000478000 seconds
[token:46, layer:2] 002:attention-norm: 0.000000000 seconds
[token:46, layer:2] 003:qkv-projection: 0.000105000 seconds
[token:46, layer:2] 004:apply-rope: 0.000001000 seconds
[token:46, layer:2] 005:compute-attention: 0.000007000 seconds
[token:46, layer:2] 006:attention-output: 0.000036000 seconds
[token:46, layer:2] 007:ffn-norm: 0.000001000 seconds
[token:46, layer:2] 008:ffn-up-projection: 0.000191000 seconds
[token:46, layer:2] 009:ffn-swiglu: 0.000001000 seconds
[token:46, layer:2] 010:ffn-down-projection: 0.000134000 seconds
[token:46, layer:2] 102:layer-compute-total: 0.000476000 seconds
[token:46, layer:3] 002:attention-norm: 0.000001000 seconds
[token:46, layer:3] 003:qkv-projection: 0.000110000 seconds
[token:46, layer:3] 004:apply-rope: 0.000001000 seconds
[token:46, layer:3] 005:compute-attention: 0.000007000 seconds
[token:46, layer:3] 006:attention-output: 0.000036000 seconds
[token:46, layer:3] 007:ffn-norm: 0.000000000 seconds
[token:46, layer:3] 008:ffn-up-projection: 0.000187000 seconds
[token:46, layer:3] 009:ffn-swiglu: 0.000001000 seconds
[token:46, layer:3] 010:ffn-down-projection: 0.000134000 seconds
[token:46, layer:3] 102:layer-compute-total: 0.000477000 seconds
[token:46, layer:4] 002:attention-norm: 0.000000000 seconds
[token:46, layer:4] 003:qkv-projection: 0.000105000 seconds
[token:46, layer:4] 004:apply-rope: 0.000001000 seconds
[token:46, layer:4] 005:compute-attention: 0.000007000 seconds
[token:46, layer:4] 006:attention-output: 0.000035000 seconds
[token:46, layer:4] 007:ffn-norm: 0.000001000 seconds
[token:46, layer:4] 008:ffn-up-projection: 0.000187000 seconds
[token:46, layer:4] 009:ffn-swiglu: 0.000001000 seconds
[token:46, layer:4] 010:ffn-down-projection: 0.000135000 seconds
[token:46, layer:4] 102:layer-compute-total: 0.000472000 seconds
[token:46, layer:5] 002:attention-norm: 0.000000000 seconds
[token:46, layer:5] 003:qkv-projection: 0.000105000 seconds
[token:46, layer:5] 004:apply-rope: 0.000001000 seconds
[token:46, layer:5] 005:compute-attention: 0.000008000 seconds
[token:46, layer:5] 006:attention-output: 0.000035000 seconds
[token:46, layer:5] 007:ffn-norm: 0.000000000 seconds
[token:46, layer:5] 008:ffn-up-projection: 0.000187000 seconds
[token:46, layer:5] 009:ffn-swiglu: 0.000001000 seconds
[token:46, layer:5] 010:ffn-down-projection: 0.000134000 seconds
[token:46, layer:5] 102:layer-compute-total: 0.000471000 seconds
[token:46] 011:final-projection: 0.004014000 seconds
[token:46] 103:forward-compute-total: 0.006866000 seconds
[token:47] 001:embedding-lookup: 0.000000000 seconds
[token:47, layer:0] 002:attention-norm: 0.000000000 seconds
[token:47, layer:0] 003:qkv-projection: 0.000108000 seconds
[token:47, layer:0] 004:apply-rope: 0.000002000 seconds
[token:47, layer:0] 005:compute-attention: 0.000008000 seconds
[token:47, layer:0] 006:attention-output: 0.000036000 seconds
[token:47, layer:0] 007:ffn-norm: 0.000001000 seconds
[token:47, layer:0] 008:ffn-up-projection: 0.000189000 seconds
[token:47, layer:0] 009:ffn-swiglu: 0.000001000 seconds
[token:47, layer:0] 010:ffn-down-projection: 0.000136000 seconds
[token:47, layer:0] 102:layer-compute-total: 0.000481000 seconds
[token:47, layer:1] 002:attention-norm: 0.000000000 seconds
[token:47, layer:1] 003:qkv-projection: 0.000122000 seconds
[token:47, layer:1] 004:apply-rope: 0.000001000 seconds
[token:47, layer:1] 005:compute-attention: 0.000011000 seconds
[token:47, layer:1] 006:attention-output: 0.000036000 seconds
[token:47, layer:1] 007:ffn-norm: 0.000001000 seconds
[token:47, layer:1] 008:ffn-up-projection: 0.000194000 seconds
[token:47, layer:1] 009:ffn-swiglu: 0.000001000 seconds
[token:47, layer:1] 010:ffn-down-projection: 0.000221000 seconds
[token:47, layer:1] 102:layer-compute-total: 0.000587000 seconds
[token:47, layer:2] 002:attention-norm: 0.000000000 seconds
[token:47, layer:2] 003:qkv-projection: 0.000117000 seconds
[token:47, layer:2] 004:apply-rope: 0.000002000 seconds
[token:47, layer:2] 005:compute-attention: 0.000011000 seconds
[token:47, layer:2] 006:attention-output: 0.000037000 seconds
[token:47, layer:2] 007:ffn-norm: 0.000000000 seconds
[token:47, layer:2] 008:ffn-up-projection: 0.000199000 seconds
[token:47, layer:2] 009:ffn-swiglu: 0.000002000 seconds
[token:47, layer:2] 010:ffn-down-projection: 0.000139000 seconds
[token:47, layer:2] 102:layer-compute-total: 0.000507000 seconds
[token:47, layer:3] 002:attention-norm: 0.000000000 seconds
[token:47, layer:3] 003:qkv-projection: 0.000114000 seconds
[token:47, layer:3] 004:apply-rope: 0.000001000 seconds
[token:47, layer:3] 005:compute-attention: 0.000013000 seconds
[token:47, layer:3] 006:attention-output: 0.000036000 seconds
[token:47, layer:3] 007:ffn-norm: 0.000001000 seconds
[token:47, layer:3] 008:ffn-up-projection: 0.000196000 seconds
[token:47, layer:3] 009:ffn-swiglu: 0.000001000 seconds
[token:47, layer:3] 010:ffn-down-projection: 0.000140000 seconds
[token:47, layer:3] 102:layer-compute-total: 0.000502000 seconds
[token:47, layer:4] 002:attention-norm: 0.000001000 seconds
[token:47, layer:4] 003:qkv-projection: 0.000109000 seconds
[token:47, layer:4] 004:apply-rope: 0.000001000 seconds
[token:47, layer:4] 005:compute-attention: 0.000017000 seconds
[token:47, layer:4] 006:attention-output: 0.000037000 seconds
[token:47, layer:4] 007:ffn-norm: 0.000000000 seconds
[token:47, layer:4] 008:ffn-up-projection: 0.000196000 seconds
[token:47, layer:4] 009:ffn-swiglu: 0.000001000 seconds
[token:47, layer:4] 010:ffn-down-projection: 0.000134000 seconds
[token:47, layer:4] 102:layer-compute-total: 0.000496000 seconds
[token:47, layer:5] 002:attention-norm: 0.000001000 seconds
[token:47, layer:5] 003:qkv-projection: 0.000105000 seconds
[token:47, layer:5] 004:apply-rope: 0.000001000 seconds
[token:47, layer:5] 005:compute-attention: 0.000011000 seconds
[token:47, layer:5] 006:attention-output: 0.000035000 seconds
[token:47, layer:5] 007:ffn-norm: 0.000000000 seconds
[token:47, layer:5] 008:ffn-up-projection: 0.000187000 seconds
[token:47, layer:5] 009:ffn-swiglu: 0.000001000 seconds
[token:47, layer:5] 010:ffn-down-projection: 0.000134000 seconds
[token:47, layer:5] 102:layer-compute-total: 0.000475000 seconds
[token:47] 011:final-projection: 0.004077000 seconds
[token:47] 103:forward-compute-total: 0.007125000 seconds
[token:48] 001:embedding-lookup: 0.000000000 seconds
[token:48, layer:0] 002:attention-norm: 0.000001000 seconds
[token:48, layer:0] 003:qkv-projection: 0.000111000 seconds
[token:48, layer:0] 004:apply-rope: 0.000002000 seconds
[token:48, layer:0] 005:compute-attention: 0.000014000 seconds
[token:48, layer:0] 006:attention-output: 0.000037000 seconds
[token:48, layer:0] 007:ffn-norm: 0.000000000 seconds
[token:48, layer:0] 008:ffn-up-projection: 0.000417000 seconds
[token:48, layer:0] 009:ffn-swiglu: 0.000001000 seconds
[token:48, layer:0] 010:ffn-down-projection: 0.000220000 seconds
[token:48, layer:0] 102:layer-compute-total: 0.000803000 seconds
[token:48, layer:1] 002:attention-norm: 0.000001000 seconds
[token:48, layer:1] 003:qkv-projection: 0.000215000 seconds
[token:48, layer:1] 004:apply-rope: 0.000001000 seconds
[token:48, layer:1] 005:compute-attention: 0.000015000 seconds
[token:48, layer:1] 006:attention-output: 0.000036000 seconds
[token:48, layer:1] 007:ffn-norm: 0.000000000 seconds
[token:48, layer:1] 008:ffn-up-projection: 0.000194000 seconds
[token:48, layer:1] 009:ffn-swiglu: 0.000001000 seconds
[token:48, layer:1] 010:ffn-down-projection: 0.000140000 seconds
[token:48, layer:1] 102:layer-compute-total: 0.000603000 seconds
[token:48, layer:2] 002:attention-norm: 0.000000000 seconds
[token:48, layer:2] 003:qkv-projection: 0.000113000 seconds
[token:48, layer:2] 004:apply-rope: 0.000001000 seconds
[token:48, layer:2] 005:compute-attention: 0.000015000 seconds
[token:48, layer:2] 006:attention-output: 0.000037000 seconds
[token:48, layer:2] 007:ffn-norm: 0.000000000 seconds
[token:48, layer:2] 008:ffn-up-projection: 0.000195000 seconds
[token:48, layer:2] 009:ffn-swiglu: 0.000001000 seconds
[token:48, layer:2] 010:ffn-down-projection: 0.000140000 seconds
[token:48, layer:2] 102:layer-compute-total: 0.000502000 seconds
[token:48, layer:3] 002:attention-norm: 0.000000000 seconds
[token:48, layer:3] 003:qkv-projection: 0.000109000 seconds
[token:48, layer:3] 004:apply-rope: 0.000001000 seconds
[token:48, layer:3] 005:compute-attention: 0.000013000 seconds
[token:48, layer:3] 006:attention-output: 0.000037000 seconds
[token:48, layer:3] 007:ffn-norm: 0.000000000 seconds
[token:48, layer:3] 008:ffn-up-projection: 0.000194000 seconds
[token:48, layer:3] 009:ffn-swiglu: 0.000001000 seconds
[token:48, layer:3] 010:ffn-down-projection: 0.000139000 seconds
[token:48, layer:3] 102:layer-compute-total: 0.000494000 seconds
[token:48, layer:4] 002:attention-norm: 0.000000000 seconds
[token:48, layer:4] 003:qkv-projection: 0.000110000 seconds
[token:48, layer:4] 004:apply-rope: 0.000002000 seconds
[token:48, layer:4] 005:compute-attention: 0.000012000 seconds
[token:48, layer:4] 006:attention-output: 0.000036000 seconds
[token:48, layer:4] 007:ffn-norm: 0.000001000 seconds
[token:48, layer:4] 008:ffn-up-projection: 0.000194000 seconds
[token:48, layer:4] 009:ffn-swiglu: 0.000001000 seconds
[token:48, layer:4] 010:ffn-down-projection: 0.000139000 seconds
[token:48, layer:4] 102:layer-compute-total: 0.000495000 seconds
[token:48, layer:5] 002:attention-norm: 0.000000000 seconds
[token:48, layer:5] 003:qkv-projection: 0.000111000 seconds
[token:48, layer:5] 004:apply-rope: 0.000001000 seconds
[token:48, layer:5] 005:compute-attention: 0.000011000 seconds
[token:48, layer:5] 006:attention-output: 0.000036000 seconds
[token:48, layer:5] 007:ffn-norm: 0.000000000 seconds
[token:48, layer:5] 008:ffn-up-projection: 0.000194000 seconds
[token:48, layer:5] 009:ffn-swiglu: 0.000001000 seconds
[token:48, layer:5] 010:ffn-down-projection: 0.000139000 seconds
[token:48, layer:5] 102:layer-compute-total: 0.000493000 seconds
[token:48] 011:final-projection: 0.004512000 seconds
[token:48] 103:forward-compute-total: 0.007902000 seconds
[token:49] 001:embedding-lookup: 0.000000000 seconds
[token:49, layer:0] 002:attention-norm: 0.000000000 seconds
[token:49, layer:0] 003:qkv-projection: 0.000193000 seconds
[token:49, layer:0] 004:apply-rope: 0.000013000 seconds
[token:49, layer:0] 005:compute-attention: 0.000014000 seconds
[token:49, layer:0] 006:attention-output: 0.000037000 seconds
[token:49, layer:0] 007:ffn-norm: 0.000001000 seconds
[token:49, layer:0] 008:ffn-up-projection: 0.000195000 seconds
[token:49, layer:0] 009:ffn-swiglu: 0.000001000 seconds
[token:49, layer:0] 010:ffn-down-projection: 0.000139000 seconds
[token:49, layer:0] 102:layer-compute-total: 0.000593000 seconds
[token:49, layer:1] 002:attention-norm: 0.000000000 seconds
[token:49, layer:1] 003:qkv-projection: 0.000110000 seconds
[token:49, layer:1] 004:apply-rope: 0.000002000 seconds
[token:49, layer:1] 005:compute-attention: 0.000012000 seconds
[token:49, layer:1] 006:attention-output: 0.000036000 seconds
[token:49, layer:1] 007:ffn-norm: 0.000000000 seconds
[token:49, layer:1] 008:ffn-up-projection: 0.000194000 seconds
[token:49, layer:1] 009:ffn-swiglu: 0.000001000 seconds
[token:49, layer:1] 010:ffn-down-projection: 0.000139000 seconds
[token:49, layer:1] 102:layer-compute-total: 0.000494000 seconds
[token:49, layer:2] 002:attention-norm: 0.000000000 seconds
[token:49, layer:2] 003:qkv-projection: 0.000110000 seconds
[token:49, layer:2] 004:apply-rope: 0.000002000 seconds
[token:49, layer:2] 005:compute-attention: 0.000012000 seconds
[token:49, layer:2] 006:attention-output: 0.000036000 seconds
[token:49, layer:2] 007:ffn-norm: 0.000001000 seconds
[token:49, layer:2] 008:ffn-up-projection: 0.000195000 seconds
[token:49, layer:2] 009:ffn-swiglu: 0.000001000 seconds
[token:49, layer:2] 010:ffn-down-projection: 0.000139000 seconds
[token:49, layer:2] 102:layer-compute-total: 0.000496000 seconds
[token:49, layer:3] 002:attention-norm: 0.000000000 seconds
[token:49, layer:3] 003:qkv-projection: 0.000109000 seconds
[token:49, layer:3] 004:apply-rope: 0.000001000 seconds
[token:49, layer:3] 005:compute-attention: 0.000012000 seconds
[token:49, layer:3] 006:attention-output: 0.000037000 seconds
[token:49, layer:3] 007:ffn-norm: 0.000000000 seconds
[token:49, layer:3] 008:ffn-up-projection: 0.000194000 seconds
[token:49, layer:3] 009:ffn-swiglu: 0.000001000 seconds
[token:49, layer:3] 010:ffn-down-projection: 0.000139000 seconds
[token:49, layer:3] 102:layer-compute-total: 0.000493000 seconds
[token:49, layer:4] 002:attention-norm: 0.000000000 seconds
[token:49, layer:4] 003:qkv-projection: 0.000110000 seconds
[token:49, layer:4] 004:apply-rope: 0.000001000 seconds
[token:49, layer:4] 005:compute-attention: 0.000011000 seconds
[token:49, layer:4] 006:attention-output: 0.000037000 seconds
[token:49, layer:4] 007:ffn-norm: 0.000000000 seconds
[token:49, layer:4] 008:ffn-up-projection: 0.000194000 seconds
[token:49, layer:4] 009:ffn-swiglu: 0.000001000 seconds
[token:49, layer:4] 010:ffn-down-projection: 0.000140000 seconds
[token:49, layer:4] 102:layer-compute-total: 0.000494000 seconds
[token:49, layer:5] 002:attention-norm: 0.000000000 seconds
[token:49, layer:5] 003:qkv-projection: 0.000109000 seconds
[token:49, layer:5] 004:apply-rope: 0.000001000 seconds
[token:49, layer:5] 005:compute-attention: 0.000012000 seconds
[token:49, layer:5] 006:attention-output: 0.000037000 seconds
[token:49, layer:5] 007:ffn-norm: 0.000001000 seconds
[token:49, layer:5] 008:ffn-up-projection: 0.000194000 seconds
[token:49, layer:5] 009:ffn-swiglu: 0.000001000 seconds
[token:49, layer:5] 010:ffn-down-projection: 0.000139000 seconds
[token:49, layer:5] 102:layer-compute-total: 0.000494000 seconds
[token:49] 011:final-projection: 0.003987000 seconds
[token:49] 103:forward-compute-total: 0.007051000 seconds
[token:50] 001:embedding-lookup: 0.000000000 seconds
[token:50, layer:0] 002:attention-norm: 0.000000000 seconds
[token:50, layer:0] 003:qkv-projection: 0.000111000 seconds
[token:50, layer:0] 004:apply-rope: 0.000002000 seconds
[token:50, layer:0] 005:compute-attention: 0.000010000 seconds
[token:50, layer:0] 006:attention-output: 0.000036000 seconds
[token:50, layer:0] 007:ffn-norm: 0.000001000 seconds
[token:50, layer:0] 008:ffn-up-projection: 0.000194000 seconds
[token:50, layer:0] 009:ffn-swiglu: 0.000001000 seconds
[token:50, layer:0] 010:ffn-down-projection: 0.000139000 seconds
[token:50, layer:0] 102:layer-compute-total: 0.000494000 seconds
[token:50, layer:1] 002:attention-norm: 0.000001000 seconds
[token:50, layer:1] 003:qkv-projection: 0.000105000 seconds
[token:50, layer:1] 004:apply-rope: 0.000001000 seconds
[token:50, layer:1] 005:compute-attention: 0.000009000 seconds
[token:50, layer:1] 006:attention-output: 0.000035000 seconds
[token:50, layer:1] 007:ffn-norm: 0.000000000 seconds
[token:50, layer:1] 008:ffn-up-projection: 0.000190000 seconds
[token:50, layer:1] 009:ffn-swiglu: 0.000001000 seconds
[token:50, layer:1] 010:ffn-down-projection: 0.000136000 seconds
[token:50, layer:1] 102:layer-compute-total: 0.000478000 seconds
[token:50, layer:2] 002:attention-norm: 0.000000000 seconds
[token:50, layer:2] 003:qkv-projection: 0.000107000 seconds
[token:50, layer:2] 004:apply-rope: 0.000001000 seconds
[token:50, layer:2] 005:compute-attention: 0.000009000 seconds
[token:50, layer:2] 006:attention-output: 0.000036000 seconds
[token:50, layer:2] 007:ffn-norm: 0.000001000 seconds
[token:50, layer:2] 008:ffn-up-projection: 0.000193000 seconds
[token:50, layer:2] 009:ffn-swiglu: 0.000001000 seconds
[token:50, layer:2] 010:ffn-down-projection: 0.000139000 seconds
[token:50, layer:2] 102:layer-compute-total: 0.000487000 seconds
[token:50, layer:3] 002:attention-norm: 0.000001000 seconds
[token:50, layer:3] 003:qkv-projection: 0.000109000 seconds
[token:50, layer:3] 004:apply-rope: 0.000001000 seconds
[token:50, layer:3] 005:compute-attention: 0.000009000 seconds
[token:50, layer:3] 006:attention-output: 0.000036000 seconds
[token:50, layer:3] 007:ffn-norm: 0.000001000 seconds
[token:50, layer:3] 008:ffn-up-projection: 0.000192000 seconds
[token:50, layer:3] 009:ffn-swiglu: 0.000001000 seconds
[token:50, layer:3] 010:ffn-down-projection: 0.000134000 seconds
[token:50, layer:3] 102:layer-compute-total: 0.000484000 seconds
[token:50, layer:4] 002:attention-norm: 0.000000000 seconds
[token:50, layer:4] 003:qkv-projection: 0.000105000 seconds
[token:50, layer:4] 004:apply-rope: 0.000001000 seconds
[token:50, layer:4] 005:compute-attention: 0.000008000 seconds
[token:50, layer:4] 006:attention-output: 0.000035000 seconds
[token:50, layer:4] 007:ffn-norm: 0.000000000 seconds
[token:50, layer:4] 008:ffn-up-projection: 0.000186000 seconds
[token:50, layer:4] 009:ffn-swiglu: 0.000001000 seconds
[token:50, layer:4] 010:ffn-down-projection: 0.000134000 seconds
[token:50, layer:4] 102:layer-compute-total: 0.000470000 seconds
[token:50, layer:5] 002:attention-norm: 0.000000000 seconds
[token:50, layer:5] 003:qkv-projection: 0.000106000 seconds
[token:50, layer:5] 004:apply-rope: 0.000001000 seconds
[token:50, layer:5] 005:compute-attention: 0.000007000 seconds
[token:50, layer:5] 006:attention-output: 0.000035000 seconds
[token:50, layer:5] 007:ffn-norm: 0.000001000 seconds
[token:50, layer:5] 008:ffn-up-projection: 0.000187000 seconds
[token:50, layer:5] 009:ffn-swiglu: 0.000001000 seconds
[token:50, layer:5] 010:ffn-down-projection: 0.000134000 seconds
[token:50, layer:5] 102:layer-compute-total: 0.000472000 seconds
[token:50] 011:final-projection: 0.003980000 seconds
[token:50] 103:forward-compute-total: 0.006865000 seconds
[token:51] 001:embedding-lookup: 0.000001000 seconds
[token:51, layer:0] 002:attention-norm: 0.000000000 seconds
[token:51, layer:0] 003:qkv-projection: 0.000114000 seconds
[token:51, layer:0] 004:apply-rope: 0.000002000 seconds
[token:51, layer:0] 005:compute-attention: 0.000008000 seconds
[token:51, layer:0] 006:attention-output: 0.000036000 seconds
[token:51, layer:0] 007:ffn-norm: 0.000000000 seconds
[token:51, layer:0] 008:ffn-up-projection: 0.000193000 seconds
[token:51, layer:0] 009:ffn-swiglu: 0.000001000 seconds
[token:51, layer:0] 010:ffn-down-projection: 0.000142000 seconds
[token:51, layer:0] 102:layer-compute-total: 0.000496000 seconds
[token:51, layer:1] 002:attention-norm: 0.000000000 seconds
[token:51, layer:1] 003:qkv-projection: 0.000110000 seconds
[token:51, layer:1] 004:apply-rope: 0.000001000 seconds
[token:51, layer:1] 005:compute-attention: 0.000008000 seconds
[token:51, layer:1] 006:attention-output: 0.000036000 seconds
[token:51, layer:1] 007:ffn-norm: 0.000001000 seconds
[token:51, layer:1] 008:ffn-up-projection: 0.000190000 seconds
[token:51, layer:1] 009:ffn-swiglu: 0.000001000 seconds
[token:51, layer:1] 010:ffn-down-projection: 0.000136000 seconds
[token:51, layer:1] 102:layer-compute-total: 0.000483000 seconds
[token:51, layer:2] 002:attention-norm: 0.000000000 seconds
[token:51, layer:2] 003:qkv-projection: 0.000110000 seconds
[token:51, layer:2] 004:apply-rope: 0.000001000 seconds
[token:51, layer:2] 005:compute-attention: 0.000008000 seconds
[token:51, layer:2] 006:attention-output: 0.000036000 seconds
[token:51, layer:2] 007:ffn-norm: 0.000000000 seconds
[token:51, layer:2] 008:ffn-up-projection: 0.000190000 seconds
[token:51, layer:2] 009:ffn-swiglu: 0.000001000 seconds
[token:51, layer:2] 010:ffn-down-projection: 0.000139000 seconds
[token:51, layer:2] 102:layer-compute-total: 0.000485000 seconds
[token:51, layer:3] 002:attention-norm: 0.000000000 seconds
[token:51, layer:3] 003:qkv-projection: 0.000107000 seconds
[token:51, layer:3] 004:apply-rope: 0.000001000 seconds
[token:51, layer:3] 005:compute-attention: 0.000009000 seconds
[token:51, layer:3] 006:attention-output: 0.000036000 seconds
[token:51, layer:3] 007:ffn-norm: 0.000000000 seconds
[token:51, layer:3] 008:ffn-up-projection: 0.000191000 seconds
[token:51, layer:3] 009:ffn-swiglu: 0.000001000 seconds
[token:51, layer:3] 010:ffn-down-projection: 0.000163000 seconds
[token:51, layer:3] 102:layer-compute-total: 0.000508000 seconds
[token:51, layer:4] 002:attention-norm: 0.000000000 seconds
[token:51, layer:4] 003:qkv-projection: 0.000226000 seconds
[token:51, layer:4] 004:apply-rope: 0.000002000 seconds
[token:51, layer:4] 005:compute-attention: 0.000010000 seconds
[token:51, layer:4] 006:attention-output: 0.000035000 seconds
[token:51, layer:4] 007:ffn-norm: 0.000000000 seconds
[token:51, layer:4] 008:ffn-up-projection: 0.000210000 seconds
[token:51, layer:4] 009:ffn-swiglu: 0.000001000 seconds
[token:51, layer:4] 010:ffn-down-projection: 0.000136000 seconds
[token:51, layer:4] 102:layer-compute-total: 0.000620000 seconds
[token:51, layer:5] 002:attention-norm: 0.000000000 seconds
[token:51, layer:5] 003:qkv-projection: 0.000105000 seconds
[token:51, layer:5] 004:apply-rope: 0.000002000 seconds
[token:51, layer:5] 005:compute-attention: 0.000010000 seconds
[token:51, layer:5] 006:attention-output: 0.000038000 seconds
[token:51, layer:5] 007:ffn-norm: 0.000000000 seconds
[token:51, layer:5] 008:ffn-up-projection: 0.000187000 seconds
[token:51, layer:5] 009:ffn-swiglu: 0.000001000 seconds
[token:51, layer:5] 010:ffn-down-projection: 0.000134000 seconds
[token:51, layer:5] 102:layer-compute-total: 0.000477000 seconds
[token:51] 011:final-projection: 0.003951000 seconds
[token:51] 103:forward-compute-total: 0.007021000 seconds
[token:52] 001:embedding-lookup: 0.000000000 seconds
[token:52, layer:0] 002:attention-norm: 0.000000000 seconds
[token:52, layer:0] 003:qkv-projection: 0.000112000 seconds
[token:52, layer:0] 004:apply-rope: 0.000002000 seconds
[token:52, layer:0] 005:compute-attention: 0.000010000 seconds
[token:52, layer:0] 006:attention-output: 0.000035000 seconds
[token:52, layer:0] 007:ffn-norm: 0.000000000 seconds
[token:52, layer:0] 008:ffn-up-projection: 0.000187000 seconds
[token:52, layer:0] 009:ffn-swiglu: 0.000001000 seconds
[token:52, layer:0] 010:ffn-down-projection: 0.000134000 seconds
[token:52, layer:0] 102:layer-compute-total: 0.000481000 seconds
[token:52, layer:1] 002:attention-norm: 0.000001000 seconds
[token:52, layer:1] 003:qkv-projection: 0.000105000 seconds
[token:52, layer:1] 004:apply-rope: 0.000001000 seconds
[token:52, layer:1] 005:compute-attention: 0.000009000 seconds
[token:52, layer:1] 006:attention-output: 0.000035000 seconds
[token:52, layer:1] 007:ffn-norm: 0.000000000 seconds
[token:52, layer:1] 008:ffn-up-projection: 0.000187000 seconds
[token:52, layer:1] 009:ffn-swiglu: 0.000001000 seconds
[token:52, layer:1] 010:ffn-down-projection: 0.000134000 seconds
[token:52, layer:1] 102:layer-compute-total: 0.000473000 seconds
[token:52, layer:2] 002:attention-norm: 0.000000000 seconds
[token:52, layer:2] 003:qkv-projection: 0.000106000 seconds
[token:52, layer:2] 004:apply-rope: 0.000002000 seconds
[token:52, layer:2] 005:compute-attention: 0.000010000 seconds
[token:52, layer:2] 006:attention-output: 0.000035000 seconds
[token:52, layer:2] 007:ffn-norm: 0.000000000 seconds
[token:52, layer:2] 008:ffn-up-projection: 0.000188000 seconds
[token:52, layer:2] 009:ffn-swiglu: 0.000001000 seconds
[token:52, layer:2] 010:ffn-down-projection: 0.000135000 seconds
[token:52, layer:2] 102:layer-compute-total: 0.000477000 seconds
[token:52, layer:3] 002:attention-norm: 0.000000000 seconds
[token:52, layer:3] 003:qkv-projection: 0.000107000 seconds
[token:52, layer:3] 004:apply-rope: 0.000002000 seconds
[token:52, layer:3] 005:compute-attention: 0.000010000 seconds
[token:52, layer:3] 006:attention-output: 0.000035000 seconds
[token:52, layer:3] 007:ffn-norm: 0.000001000 seconds
[token:52, layer:3] 008:ffn-up-projection: 0.000191000 seconds
[token:52, layer:3] 009:ffn-swiglu: 0.000001000 seconds
[token:52, layer:3] 010:ffn-down-projection: 0.000135000 seconds
[token:52, layer:3] 102:layer-compute-total: 0.000482000 seconds
[token:52, layer:4] 002:attention-norm: 0.000000000 seconds
[token:52, layer:4] 003:qkv-projection: 0.000105000 seconds
[token:52, layer:4] 004:apply-rope: 0.000001000 seconds
[token:52, layer:4] 005:compute-attention: 0.000009000 seconds
[token:52, layer:4] 006:attention-output: 0.000035000 seconds
[token:52, layer:4] 007:ffn-norm: 0.000000000 seconds
[token:52, layer:4] 008:ffn-up-projection: 0.000194000 seconds
[token:52, layer:4] 009:ffn-swiglu: 0.000001000 seconds
[token:52, layer:4] 010:ffn-down-projection: 0.000134000 seconds
[token:52, layer:4] 102:layer-compute-total: 0.000479000 seconds
[token:52, layer:5] 002:attention-norm: 0.000000000 seconds
[token:52, layer:5] 003:qkv-projection: 0.000105000 seconds
[token:52, layer:5] 004:apply-rope: 0.000001000 seconds
[token:52, layer:5] 005:compute-attention: 0.000008000 seconds
[token:52, layer:5] 006:attention-output: 0.000039000 seconds
[token:52, layer:5] 007:ffn-norm: 0.000000000 seconds
[token:52, layer:5] 008:ffn-up-projection: 0.000187000 seconds
[token:52, layer:5] 009:ffn-swiglu: 0.000001000 seconds
[token:52, layer:5] 010:ffn-down-projection: 0.000138000 seconds
[token:52, layer:5] 102:layer-compute-total: 0.000479000 seconds
[token:52] 011:final-projection: 0.003925000 seconds
[token:52] 103:forward-compute-total: 0.006796000 seconds
[token:53] 001:embedding-lookup: 0.000000000 seconds
[token:53, layer:0] 002:attention-norm: 0.000000000 seconds
[token:53, layer:0] 003:qkv-projection: 0.000111000 seconds
[token:53, layer:0] 004:apply-rope: 0.000001000 seconds
[token:53, layer:0] 005:compute-attention: 0.000008000 seconds
[token:53, layer:0] 006:attention-output: 0.000035000 seconds
[token:53, layer:0] 007:ffn-norm: 0.000000000 seconds
[token:53, layer:0] 008:ffn-up-projection: 0.000187000 seconds
[token:53, layer:0] 009:ffn-swiglu: 0.000001000 seconds
[token:53, layer:0] 010:ffn-down-projection: 0.000134000 seconds
[token:53, layer:0] 102:layer-compute-total: 0.000477000 seconds
[token:53, layer:1] 002:attention-norm: 0.000000000 seconds
[token:53, layer:1] 003:qkv-projection: 0.000105000 seconds
[token:53, layer:1] 004:apply-rope: 0.000002000 seconds
[token:53, layer:1] 005:compute-attention: 0.000008000 seconds
[token:53, layer:1] 006:attention-output: 0.000035000 seconds
[token:53, layer:1] 007:ffn-norm: 0.000000000 seconds
[token:53, layer:1] 008:ffn-up-projection: 0.000187000 seconds
[token:53, layer:1] 009:ffn-swiglu: 0.000001000 seconds
[token:53, layer:1] 010:ffn-down-projection: 0.000138000 seconds
[token:53, layer:1] 102:layer-compute-total: 0.000476000 seconds
[token:53, layer:2] 002:attention-norm: 0.000000000 seconds
[token:53, layer:2] 003:qkv-projection: 0.000106000 seconds
[token:53, layer:2] 004:apply-rope: 0.000001000 seconds
[token:53, layer:2] 005:compute-attention: 0.000008000 seconds
[token:53, layer:2] 006:attention-output: 0.000035000 seconds
[token:53, layer:2] 007:ffn-norm: 0.000000000 seconds
[token:53, layer:2] 008:ffn-up-projection: 0.000186000 seconds
[token:53, layer:2] 009:ffn-swiglu: 0.000002000 seconds
[token:53, layer:2] 010:ffn-down-projection: 0.000134000 seconds
[token:53, layer:2] 102:layer-compute-total: 0.000472000 seconds
[token:53, layer:3] 002:attention-norm: 0.000000000 seconds
[token:53, layer:3] 003:qkv-projection: 0.000105000 seconds
[token:53, layer:3] 004:apply-rope: 0.000002000 seconds
[token:53, layer:3] 005:compute-attention: 0.000008000 seconds
[token:53, layer:3] 006:attention-output: 0.000035000 seconds
[token:53, layer:3] 007:ffn-norm: 0.000001000 seconds
[token:53, layer:3] 008:ffn-up-projection: 0.000186000 seconds
[token:53, layer:3] 009:ffn-swiglu: 0.000001000 seconds
[token:53, layer:3] 010:ffn-down-projection: 0.000147000 seconds
[token:53, layer:3] 102:layer-compute-total: 0.000485000 seconds
[token:53, layer:4] 002:attention-norm: 0.000000000 seconds
[token:53, layer:4] 003:qkv-projection: 0.000112000 seconds
[token:53, layer:4] 004:apply-rope: 0.000002000 seconds
[token:53, layer:4] 005:compute-attention: 0.000007000 seconds
[token:53, layer:4] 006:attention-output: 0.000036000 seconds
[token:53, layer:4] 007:ffn-norm: 0.000000000 seconds
[token:53, layer:4] 008:ffn-up-projection: 0.000193000 seconds
[token:53, layer:4] 009:ffn-swiglu: 0.000001000 seconds
[token:53, layer:4] 010:ffn-down-projection: 0.000140000 seconds
[token:53, layer:4] 102:layer-compute-total: 0.000491000 seconds
[token:53, layer:5] 002:attention-norm: 0.000000000 seconds
[token:53, layer:5] 003:qkv-projection: 0.000111000 seconds
[token:53, layer:5] 004:apply-rope: 0.000001000 seconds
[token:53, layer:5] 005:compute-attention: 0.000008000 seconds
[token:53, layer:5] 006:attention-output: 0.000036000 seconds
[token:53, layer:5] 007:ffn-norm: 0.000000000 seconds
[token:53, layer:5] 008:ffn-up-projection: 0.000189000 seconds
[token:53, layer:5] 009:ffn-swiglu: 0.000001000 seconds
[token:53, layer:5] 010:ffn-down-projection: 0.000136000 seconds
[token:53, layer:5] 102:layer-compute-total: 0.000482000 seconds
[token:53] 011:final-projection: 0.004199000 seconds
[token:53] 103:forward-compute-total: 0.007082000 seconds
[token:54] 001:embedding-lookup: 0.000000000 seconds
[token:54, layer:0] 002:attention-norm: 0.000000000 seconds
[token:54, layer:0] 003:qkv-projection: 0.000113000 seconds
[token:54, layer:0] 004:apply-rope: 0.000002000 seconds
[token:54, layer:0] 005:compute-attention: 0.000011000 seconds
[token:54, layer:0] 006:attention-output: 0.000035000 seconds
[token:54, layer:0] 007:ffn-norm: 0.000000000 seconds
[token:54, layer:0] 008:ffn-up-projection: 0.000187000 seconds
[token:54, layer:0] 009:ffn-swiglu: 0.000001000 seconds
[token:54, layer:0] 010:ffn-down-projection: 0.000134000 seconds
[token:54, layer:0] 102:layer-compute-total: 0.000483000 seconds
[token:54, layer:1] 002:attention-norm: 0.000000000 seconds
[token:54, layer:1] 003:qkv-projection: 0.000105000 seconds
[token:54, layer:1] 004:apply-rope: 0.000001000 seconds
[token:54, layer:1] 005:compute-attention: 0.000011000 seconds
[token:54, layer:1] 006:attention-output: 0.000035000 seconds
[token:54, layer:1] 007:ffn-norm: 0.000000000 seconds
[token:54, layer:1] 008:ffn-up-projection: 0.000186000 seconds
[token:54, layer:1] 009:ffn-swiglu: 0.000001000 seconds
[token:54, layer:1] 010:ffn-down-projection: 0.000134000 seconds
[token:54, layer:1] 102:layer-compute-total: 0.000473000 seconds
[token:54, layer:2] 002:attention-norm: 0.000000000 seconds
[token:54, layer:2] 003:qkv-projection: 0.000105000 seconds
[token:54, layer:2] 004:apply-rope: 0.000001000 seconds
[token:54, layer:2] 005:compute-attention: 0.000011000 seconds
[token:54, layer:2] 006:attention-output: 0.000035000 seconds
[token:54, layer:2] 007:ffn-norm: 0.000000000 seconds
[token:54, layer:2] 008:ffn-up-projection: 0.000190000 seconds
[token:54, layer:2] 009:ffn-swiglu: 0.000001000 seconds
[token:54, layer:2] 010:ffn-down-projection: 0.000134000 seconds
[token:54, layer:2] 102:layer-compute-total: 0.000477000 seconds
[token:54, layer:3] 002:attention-norm: 0.000000000 seconds
[token:54, layer:3] 003:qkv-projection: 0.000105000 seconds
[token:54, layer:3] 004:apply-rope: 0.000001000 seconds
[token:54, layer:3] 005:compute-attention: 0.000010000 seconds
[token:54, layer:3] 006:attention-output: 0.000035000 seconds
[token:54, layer:3] 007:ffn-norm: 0.000001000 seconds
[token:54, layer:3] 008:ffn-up-projection: 0.000187000 seconds
[token:54, layer:3] 009:ffn-swiglu: 0.000001000 seconds
[token:54, layer:3] 010:ffn-down-projection: 0.000134000 seconds
[token:54, layer:3] 102:layer-compute-total: 0.000474000 seconds
[token:54, layer:4] 002:attention-norm: 0.000000000 seconds
[token:54, layer:4] 003:qkv-projection: 0.000106000 seconds
[token:54, layer:4] 004:apply-rope: 0.000002000 seconds
[token:54, layer:4] 005:compute-attention: 0.000012000 seconds
[token:54, layer:4] 006:attention-output: 0.000037000 seconds
[token:54, layer:4] 007:ffn-norm: 0.000001000 seconds
[token:54, layer:4] 008:ffn-up-projection: 0.000191000 seconds
[token:54, layer:4] 009:ffn-swiglu: 0.000001000 seconds
[token:54, layer:4] 010:ffn-down-projection: 0.000133000 seconds
[token:54, layer:4] 102:layer-compute-total: 0.000483000 seconds
[token:54, layer:5] 002:attention-norm: 0.000000000 seconds
[token:54, layer:5] 003:qkv-projection: 0.000111000 seconds
[token:54, layer:5] 004:apply-rope: 0.000001000 seconds
[token:54, layer:5] 005:compute-attention: 0.000011000 seconds
[token:54, layer:5] 006:attention-output: 0.000036000 seconds
[token:54, layer:5] 007:ffn-norm: 0.000000000 seconds
[token:54, layer:5] 008:ffn-up-projection: 0.000189000 seconds
[token:54, layer:5] 009:ffn-swiglu: 0.000001000 seconds
[token:54, layer:5] 010:ffn-down-projection: 0.000133000 seconds
[token:54, layer:5] 102:layer-compute-total: 0.000482000 seconds
[token:54] 011:final-projection: 0.003957000 seconds
[token:54] 103:forward-compute-total: 0.006829000 seconds
[token:55] 001:embedding-lookup: 0.000000000 seconds
[token:55, layer:0] 002:attention-norm: 0.000000000 seconds
[token:55, layer:0] 003:qkv-projection: 0.000113000 seconds
[token:55, layer:0] 004:apply-rope: 0.000002000 seconds
[token:55, layer:0] 005:compute-attention: 0.000008000 seconds
[token:55, layer:0] 006:attention-output: 0.000035000 seconds
[token:55, layer:0] 007:ffn-norm: 0.000000000 seconds
[token:55, layer:0] 008:ffn-up-projection: 0.000187000 seconds
[token:55, layer:0] 009:ffn-swiglu: 0.000001000 seconds
[token:55, layer:0] 010:ffn-down-projection: 0.000136000 seconds
[token:55, layer:0] 102:layer-compute-total: 0.000482000 seconds
[token:55, layer:1] 002:attention-norm: 0.000000000 seconds
[token:55, layer:1] 003:qkv-projection: 0.000105000 seconds
[token:55, layer:1] 004:apply-rope: 0.000002000 seconds
[token:55, layer:1] 005:compute-attention: 0.000008000 seconds
[token:55, layer:1] 006:attention-output: 0.000035000 seconds
[token:55, layer:1] 007:ffn-norm: 0.000001000 seconds
[token:55, layer:1] 008:ffn-up-projection: 0.000187000 seconds
[token:55, layer:1] 009:ffn-swiglu: 0.000001000 seconds
[token:55, layer:1] 010:ffn-down-projection: 0.000134000 seconds
[token:55, layer:1] 102:layer-compute-total: 0.000473000 seconds
[token:55, layer:2] 002:attention-norm: 0.000000000 seconds
[token:55, layer:2] 003:qkv-projection: 0.000105000 seconds
[token:55, layer:2] 004:apply-rope: 0.000001000 seconds
[token:55, layer:2] 005:compute-attention: 0.000009000 seconds
[token:55, layer:2] 006:attention-output: 0.000035000 seconds
[token:55, layer:2] 007:ffn-norm: 0.000001000 seconds
[token:55, layer:2] 008:ffn-up-projection: 0.000187000 seconds
[token:55, layer:2] 009:ffn-swiglu: 0.000001000 seconds
[token:55, layer:2] 010:ffn-down-projection: 0.000134000 seconds
[token:55, layer:2] 102:layer-compute-total: 0.000473000 seconds
[token:55, layer:3] 002:attention-norm: 0.000000000 seconds
[token:55, layer:3] 003:qkv-projection: 0.000105000 seconds
[token:55, layer:3] 004:apply-rope: 0.000001000 seconds
[token:55, layer:3] 005:compute-attention: 0.000008000 seconds
[token:55, layer:3] 006:attention-output: 0.000035000 seconds
[token:55, layer:3] 007:ffn-norm: 0.000000000 seconds
[token:55, layer:3] 008:ffn-up-projection: 0.000187000 seconds
[token:55, layer:3] 009:ffn-swiglu: 0.000001000 seconds
[token:55, layer:3] 010:ffn-down-projection: 0.000134000 seconds
[token:55, layer:3] 102:layer-compute-total: 0.000471000 seconds
[token:55, layer:4] 002:attention-norm: 0.000000000 seconds
[token:55, layer:4] 003:qkv-projection: 0.000105000 seconds
[token:55, layer:4] 004:apply-rope: 0.000001000 seconds
[token:55, layer:4] 005:compute-attention: 0.000008000 seconds
[token:55, layer:4] 006:attention-output: 0.000036000 seconds
[token:55, layer:4] 007:ffn-norm: 0.000000000 seconds
[token:55, layer:4] 008:ffn-up-projection: 0.000187000 seconds
[token:55, layer:4] 009:ffn-swiglu: 0.000001000 seconds
[token:55, layer:4] 010:ffn-down-projection: 0.000134000 seconds
[token:55, layer:4] 102:layer-compute-total: 0.000472000 seconds
[token:55, layer:5] 002:attention-norm: 0.000001000 seconds
[token:55, layer:5] 003:qkv-projection: 0.000105000 seconds
[token:55, layer:5] 004:apply-rope: 0.000001000 seconds
[token:55, layer:5] 005:compute-attention: 0.000008000 seconds
[token:55, layer:5] 006:attention-output: 0.000035000 seconds
[token:55, layer:5] 007:ffn-norm: 0.000000000 seconds
[token:55, layer:5] 008:ffn-up-projection: 0.000191000 seconds
[token:55, layer:5] 009:ffn-swiglu: 0.000001000 seconds
[token:55, layer:5] 010:ffn-down-projection: 0.000134000 seconds
[token:55, layer:5] 102:layer-compute-total: 0.000476000 seconds
[token:55] 011:final-projection: 0.004196000 seconds
[token:55] 103:forward-compute-total: 0.007043000 seconds
[token:56] 001:embedding-lookup: 0.000000000 seconds
[token:56, layer:0] 002:attention-norm: 0.000000000 seconds
[token:56, layer:0] 003:qkv-projection: 0.000116000 seconds
[token:56, layer:0] 004:apply-rope: 0.000002000 seconds
[token:56, layer:0] 005:compute-attention: 0.000012000 seconds
[token:56, layer:0] 006:attention-output: 0.000035000 seconds
[token:56, layer:0] 007:ffn-norm: 0.000000000 seconds
[token:56, layer:0] 008:ffn-up-projection: 0.000186000 seconds
[token:56, layer:0] 009:ffn-swiglu: 0.000001000 seconds
[token:56, layer:0] 010:ffn-down-projection: 0.000138000 seconds
[token:56, layer:0] 102:layer-compute-total: 0.000490000 seconds
[token:56, layer:1] 002:attention-norm: 0.000000000 seconds
[token:56, layer:1] 003:qkv-projection: 0.000107000 seconds
[token:56, layer:1] 004:apply-rope: 0.000001000 seconds
[token:56, layer:1] 005:compute-attention: 0.000011000 seconds
[token:56, layer:1] 006:attention-output: 0.000035000 seconds
[token:56, layer:1] 007:ffn-norm: 0.000001000 seconds
[token:56, layer:1] 008:ffn-up-projection: 0.000187000 seconds
[token:56, layer:1] 009:ffn-swiglu: 0.000001000 seconds
[token:56, layer:1] 010:ffn-down-projection: 0.000139000 seconds
[token:56, layer:1] 102:layer-compute-total: 0.000482000 seconds
[token:56, layer:2] 002:attention-norm: 0.000000000 seconds
[token:56, layer:2] 003:qkv-projection: 0.000107000 seconds
[token:56, layer:2] 004:apply-rope: 0.000001000 seconds
[token:56, layer:2] 005:compute-attention: 0.000011000 seconds
[token:56, layer:2] 006:attention-output: 0.000035000 seconds
[token:56, layer:2] 007:ffn-norm: 0.000000000 seconds
[token:56, layer:2] 008:ffn-up-projection: 0.000193000 seconds
[token:56, layer:2] 009:ffn-swiglu: 0.000001000 seconds
[token:56, layer:2] 010:ffn-down-projection: 0.000133000 seconds
[token:56, layer:2] 102:layer-compute-total: 0.000481000 seconds
[token:56, layer:3] 002:attention-norm: 0.000000000 seconds
[token:56, layer:3] 003:qkv-projection: 0.000108000 seconds
[token:56, layer:3] 004:apply-rope: 0.000002000 seconds
[token:56, layer:3] 005:compute-attention: 0.000011000 seconds
[token:56, layer:3] 006:attention-output: 0.000035000 seconds
[token:56, layer:3] 007:ffn-norm: 0.000001000 seconds
[token:56, layer:3] 008:ffn-up-projection: 0.000187000 seconds
[token:56, layer:3] 009:ffn-swiglu: 0.000001000 seconds
[token:56, layer:3] 010:ffn-down-projection: 0.000134000 seconds
[token:56, layer:3] 102:layer-compute-total: 0.000479000 seconds
[token:56, layer:4] 002:attention-norm: 0.000000000 seconds
[token:56, layer:4] 003:qkv-projection: 0.000108000 seconds
[token:56, layer:4] 004:apply-rope: 0.000002000 seconds
[token:56, layer:4] 005:compute-attention: 0.000012000 seconds
[token:56, layer:4] 006:attention-output: 0.000035000 seconds
[token:56, layer:4] 007:ffn-norm: 0.000001000 seconds
[token:56, layer:4] 008:ffn-up-projection: 0.000187000 seconds
[token:56, layer:4] 009:ffn-swiglu: 0.000001000 seconds
[token:56, layer:4] 010:ffn-down-projection: 0.000134000 seconds
[token:56, layer:4] 102:layer-compute-total: 0.000480000 seconds
[token:56, layer:5] 002:attention-norm: 0.000000000 seconds
[token:56, layer:5] 003:qkv-projection: 0.000108000 seconds
[token:56, layer:5] 004:apply-rope: 0.000001000 seconds
[token:56, layer:5] 005:compute-attention: 0.000011000 seconds
[token:56, layer:5] 006:attention-output: 0.000035000 seconds
[token:56, layer:5] 007:ffn-norm: 0.000001000 seconds
[token:56, layer:5] 008:ffn-up-projection: 0.000187000 seconds
[token:56, layer:5] 009:ffn-swiglu: 0.000001000 seconds
[token:56, layer:5] 010:ffn-down-projection: 0.000134000 seconds
[token:56, layer:5] 102:layer-compute-total: 0.000478000 seconds
[token:56] 011:final-projection: 0.003972000 seconds
[token:56] 103:forward-compute-total: 0.006862000 seconds
[token:57] 001:embedding-lookup: 0.000000000 seconds
[token:57, layer:0] 002:attention-norm: 0.000001000 seconds
[token:57, layer:0] 003:qkv-projection: 0.000117000 seconds
[token:57, layer:0] 004:apply-rope: 0.000002000 seconds
[token:57, layer:0] 005:compute-attention: 0.000009000 seconds
[token:57, layer:0] 006:attention-output: 0.000035000 seconds
[token:57, layer:0] 007:ffn-norm: 0.000000000 seconds
[token:57, layer:0] 008:ffn-up-projection: 0.000187000 seconds
[token:57, layer:0] 009:ffn-swiglu: 0.000001000 seconds
[token:57, layer:0] 010:ffn-down-projection: 0.000134000 seconds
[token:57, layer:0] 102:layer-compute-total: 0.000486000 seconds
[token:57, layer:1] 002:attention-norm: 0.000000000 seconds
[token:57, layer:1] 003:qkv-projection: 0.000105000 seconds
[token:57, layer:1] 004:apply-rope: 0.000002000 seconds
[token:57, layer:1] 005:compute-attention: 0.000009000 seconds
[token:57, layer:1] 006:attention-output: 0.000035000 seconds
[token:57, layer:1] 007:ffn-norm: 0.000000000 seconds
[token:57, layer:1] 008:ffn-up-projection: 0.000187000 seconds
[token:57, layer:1] 009:ffn-swiglu: 0.000001000 seconds
[token:57, layer:1] 010:ffn-down-projection: 0.000134000 seconds
[token:57, layer:1] 102:layer-compute-total: 0.000473000 seconds
[token:57, layer:2] 002:attention-norm: 0.000000000 seconds
[token:57, layer:2] 003:qkv-projection: 0.000113000 seconds
[token:57, layer:2] 004:apply-rope: 0.000001000 seconds
[token:57, layer:2] 005:compute-attention: 0.000008000 seconds
[token:57, layer:2] 006:attention-output: 0.000035000 seconds
[token:57, layer:2] 007:ffn-norm: 0.000000000 seconds
[token:57, layer:2] 008:ffn-up-projection: 0.000187000 seconds
[token:57, layer:2] 009:ffn-swiglu: 0.000001000 seconds
[token:57, layer:2] 010:ffn-down-projection: 0.000134000 seconds
[token:57, layer:2] 102:layer-compute-total: 0.000479000 seconds
[token:57, layer:3] 002:attention-norm: 0.000000000 seconds
[token:57, layer:3] 003:qkv-projection: 0.000105000 seconds
[token:57, layer:3] 004:apply-rope: 0.000002000 seconds
[token:57, layer:3] 005:compute-attention: 0.000008000 seconds
[token:57, layer:3] 006:attention-output: 0.000035000 seconds
[token:57, layer:3] 007:ffn-norm: 0.000001000 seconds
[token:57, layer:3] 008:ffn-up-projection: 0.000187000 seconds
[token:57, layer:3] 009:ffn-swiglu: 0.000001000 seconds
[token:57, layer:3] 010:ffn-down-projection: 0.000134000 seconds
[token:57, layer:3] 102:layer-compute-total: 0.000473000 seconds
[token:57, layer:4] 002:attention-norm: 0.000001000 seconds
[token:57, layer:4] 003:qkv-projection: 0.000105000 seconds
[token:57, layer:4] 004:apply-rope: 0.000001000 seconds
[token:57, layer:4] 005:compute-attention: 0.000008000 seconds
[token:57, layer:4] 006:attention-output: 0.000035000 seconds
[token:57, layer:4] 007:ffn-norm: 0.000001000 seconds
[token:57, layer:4] 008:ffn-up-projection: 0.000187000 seconds
[token:57, layer:4] 009:ffn-swiglu: 0.000001000 seconds
[token:57, layer:4] 010:ffn-down-projection: 0.000134000 seconds
[token:57, layer:4] 102:layer-compute-total: 0.000473000 seconds
[token:57, layer:5] 002:attention-norm: 0.000001000 seconds
[token:57, layer:5] 003:qkv-projection: 0.000105000 seconds
[token:57, layer:5] 004:apply-rope: 0.000001000 seconds
[token:57, layer:5] 005:compute-attention: 0.000008000 seconds
[token:57, layer:5] 006:attention-output: 0.000035000 seconds
[token:57, layer:5] 007:ffn-norm: 0.000000000 seconds
[token:57, layer:5] 008:ffn-up-projection: 0.000186000 seconds
[token:57, layer:5] 009:ffn-swiglu: 0.000001000 seconds
[token:57, layer:5] 010:ffn-down-projection: 0.000135000 seconds
[token:57, layer:5] 102:layer-compute-total: 0.000472000 seconds
[token:57] 011:final-projection: 0.003988000 seconds
[token:57] 103:forward-compute-total: 0.006844000 seconds
[token:58] 001:embedding-lookup: 0.000000000 seconds
[token:58, layer:0] 002:attention-norm: 0.000000000 seconds
[token:58, layer:0] 003:qkv-projection: 0.000111000 seconds
[token:58, layer:0] 004:apply-rope: 0.000002000 seconds
[token:58, layer:0] 005:compute-attention: 0.000009000 seconds
[token:58, layer:0] 006:attention-output: 0.000036000 seconds
[token:58, layer:0] 007:ffn-norm: 0.000000000 seconds
[token:58, layer:0] 008:ffn-up-projection: 0.000190000 seconds
[token:58, layer:0] 009:ffn-swiglu: 0.000001000 seconds
[token:58, layer:0] 010:ffn-down-projection: 0.000136000 seconds
[token:58, layer:0] 102:layer-compute-total: 0.000485000 seconds
[token:58, layer:1] 002:attention-norm: 0.000000000 seconds
[token:58, layer:1] 003:qkv-projection: 0.000109000 seconds
[token:58, layer:1] 004:apply-rope: 0.000002000 seconds
[token:58, layer:1] 005:compute-attention: 0.000010000 seconds
[token:58, layer:1] 006:attention-output: 0.000035000 seconds
[token:58, layer:1] 007:ffn-norm: 0.000000000 seconds
[token:58, layer:1] 008:ffn-up-projection: 0.000422000 seconds
[token:58, layer:1] 009:ffn-swiglu: 0.000002000 seconds
[token:58, layer:1] 010:ffn-down-projection: 0.000161000 seconds
[token:58, layer:1] 102:layer-compute-total: 0.000741000 seconds
[token:58, layer:2] 002:attention-norm: 0.000001000 seconds
[token:58, layer:2] 003:qkv-projection: 0.000117000 seconds
[token:58, layer:2] 004:apply-rope: 0.000002000 seconds
[token:58, layer:2] 005:compute-attention: 0.000013000 seconds
[token:58, layer:2] 006:attention-output: 0.000035000 seconds
[token:58, layer:2] 007:ffn-norm: 0.000000000 seconds
[token:58, layer:2] 008:ffn-up-projection: 0.000190000 seconds
[token:58, layer:2] 009:ffn-swiglu: 0.000001000 seconds
[token:58, layer:2] 010:ffn-down-projection: 0.000139000 seconds
[token:58, layer:2] 102:layer-compute-total: 0.000498000 seconds
[token:58, layer:3] 002:attention-norm: 0.000001000 seconds
[token:58, layer:3] 003:qkv-projection: 0.000105000 seconds
[token:58, layer:3] 004:apply-rope: 0.000001000 seconds
[token:58, layer:3] 005:compute-attention: 0.000011000 seconds
[token:58, layer:3] 006:attention-output: 0.000035000 seconds
[token:58, layer:3] 007:ffn-norm: 0.000000000 seconds
[token:58, layer:3] 008:ffn-up-projection: 0.000187000 seconds
[token:58, layer:3] 009:ffn-swiglu: 0.000001000 seconds
[token:58, layer:3] 010:ffn-down-projection: 0.000134000 seconds
[token:58, layer:3] 102:layer-compute-total: 0.000475000 seconds
[token:58, layer:4] 002:attention-norm: 0.000000000 seconds
[token:58, layer:4] 003:qkv-projection: 0.000105000 seconds
[token:58, layer:4] 004:apply-rope: 0.000002000 seconds
[token:58, layer:4] 005:compute-attention: 0.000012000 seconds
[token:58, layer:4] 006:attention-output: 0.000035000 seconds
[token:58, layer:4] 007:ffn-norm: 0.000000000 seconds
[token:58, layer:4] 008:ffn-up-projection: 0.000186000 seconds
[token:58, layer:4] 009:ffn-swiglu: 0.000001000 seconds
[token:58, layer:4] 010:ffn-down-projection: 0.000137000 seconds
[token:58, layer:4] 102:layer-compute-total: 0.000478000 seconds
[token:58, layer:5] 002:attention-norm: 0.000000000 seconds
[token:58, layer:5] 003:qkv-projection: 0.000106000 seconds
[token:58, layer:5] 004:apply-rope: 0.000002000 seconds
[token:58, layer:5] 005:compute-attention: 0.000012000 seconds
[token:58, layer:5] 006:attention-output: 0.000035000 seconds
[token:58, layer:5] 007:ffn-norm: 0.000000000 seconds
[token:58, layer:5] 008:ffn-up-projection: 0.000187000 seconds
[token:58, layer:5] 009:ffn-swiglu: 0.000001000 seconds
[token:58, layer:5] 010:ffn-down-projection: 0.000134000 seconds
[token:58, layer:5] 102:layer-compute-total: 0.000477000 seconds
[token:58] 011:final-projection: 0.003947000 seconds
[token:58] 103:forward-compute-total: 0.007101000 seconds
[token:59] 001:embedding-lookup: 0.000000000 seconds
[token:59, layer:0] 002:attention-norm: 0.000000000 seconds
[token:59, layer:0] 003:qkv-projection: 0.000113000 seconds
[token:59, layer:0] 004:apply-rope: 0.000001000 seconds
[token:59, layer:0] 005:compute-attention: 0.000012000 seconds
[token:59, layer:0] 006:attention-output: 0.000035000 seconds
[token:59, layer:0] 007:ffn-norm: 0.000000000 seconds
[token:59, layer:0] 008:ffn-up-projection: 0.000187000 seconds
[token:59, layer:0] 009:ffn-swiglu: 0.000001000 seconds
[token:59, layer:0] 010:ffn-down-projection: 0.000135000 seconds
[token:59, layer:0] 102:layer-compute-total: 0.000484000 seconds
[token:59, layer:1] 002:attention-norm: 0.000001000 seconds
[token:59, layer:1] 003:qkv-projection: 0.000105000 seconds
[token:59, layer:1] 004:apply-rope: 0.000001000 seconds
[token:59, layer:1] 005:compute-attention: 0.000011000 seconds
[token:59, layer:1] 006:attention-output: 0.000035000 seconds
[token:59, layer:1] 007:ffn-norm: 0.000000000 seconds
[token:59, layer:1] 008:ffn-up-projection: 0.000186000 seconds
[token:59, layer:1] 009:ffn-swiglu: 0.000001000 seconds
[token:59, layer:1] 010:ffn-down-projection: 0.000133000 seconds
[token:59, layer:1] 102:layer-compute-total: 0.000473000 seconds
[token:59, layer:2] 002:attention-norm: 0.000000000 seconds
[token:59, layer:2] 003:qkv-projection: 0.000105000 seconds
[token:59, layer:2] 004:apply-rope: 0.000001000 seconds
[token:59, layer:2] 005:compute-attention: 0.000010000 seconds
[token:59, layer:2] 006:attention-output: 0.000035000 seconds
[token:59, layer:2] 007:ffn-norm: 0.000001000 seconds
[token:59, layer:2] 008:ffn-up-projection: 0.000191000 seconds
[token:59, layer:2] 009:ffn-swiglu: 0.000002000 seconds
[token:59, layer:2] 010:ffn-down-projection: 0.000134000 seconds
[token:59, layer:2] 102:layer-compute-total: 0.000479000 seconds
[token:59, layer:3] 002:attention-norm: 0.000000000 seconds
[token:59, layer:3] 003:qkv-projection: 0.000104000 seconds
[token:59, layer:3] 004:apply-rope: 0.000001000 seconds
[token:59, layer:3] 005:compute-attention: 0.000010000 seconds
[token:59, layer:3] 006:attention-output: 0.000035000 seconds
[token:59, layer:3] 007:ffn-norm: 0.000000000 seconds
[token:59, layer:3] 008:ffn-up-projection: 0.000187000 seconds
[token:59, layer:3] 009:ffn-swiglu: 0.000001000 seconds
[token:59, layer:3] 010:ffn-down-projection: 0.000141000 seconds
[token:59, layer:3] 102:layer-compute-total: 0.000479000 seconds
[token:59, layer:4] 002:attention-norm: 0.000001000 seconds
[token:59, layer:4] 003:qkv-projection: 0.000108000 seconds
[token:59, layer:4] 004:apply-rope: 0.000002000 seconds
[token:59, layer:4] 005:compute-attention: 0.000009000 seconds
[token:59, layer:4] 006:attention-output: 0.000035000 seconds
[token:59, layer:4] 007:ffn-norm: 0.000001000 seconds
[token:59, layer:4] 008:ffn-up-projection: 0.000187000 seconds
[token:59, layer:4] 009:ffn-swiglu: 0.000001000 seconds
[token:59, layer:4] 010:ffn-down-projection: 0.000134000 seconds
[token:59, layer:4] 102:layer-compute-total: 0.000478000 seconds
[token:59, layer:5] 002:attention-norm: 0.000000000 seconds
[token:59, layer:5] 003:qkv-projection: 0.000105000 seconds
[token:59, layer:5] 004:apply-rope: 0.000001000 seconds
[token:59, layer:5] 005:compute-attention: 0.000010000 seconds
[token:59, layer:5] 006:attention-output: 0.000035000 seconds
[token:59, layer:5] 007:ffn-norm: 0.000000000 seconds
[token:59, layer:5] 008:ffn-up-projection: 0.000186000 seconds
[token:59, layer:5] 009:ffn-swiglu: 0.000001000 seconds
[token:59, layer:5] 010:ffn-down-projection: 0.000134000 seconds
[token:59, layer:5] 102:layer-compute-total: 0.000472000 seconds
[token:59] 011:final-projection: 0.003941000 seconds
[token:59] 103:forward-compute-total: 0.006806000 seconds
[token:60] 001:embedding-lookup: 0.000000000 seconds
[token:60, layer:0] 002:attention-norm: 0.000001000 seconds
[token:60, layer:0] 003:qkv-projection: 0.000111000 seconds
[token:60, layer:0] 004:apply-rope: 0.000001000 seconds
[token:60, layer:0] 005:compute-attention: 0.000009000 seconds
[token:60, layer:0] 006:attention-output: 0.000035000 seconds
[token:60, layer:0] 007:ffn-norm: 0.000000000 seconds
[token:60, layer:0] 008:ffn-up-projection: 0.000187000 seconds
[token:60, layer:0] 009:ffn-swiglu: 0.000001000 seconds
[token:60, layer:0] 010:ffn-down-projection: 0.000134000 seconds
[token:60, layer:0] 102:layer-compute-total: 0.000479000 seconds
[token:60, layer:1] 002:attention-norm: 0.000001000 seconds
[token:60, layer:1] 003:qkv-projection: 0.000105000 seconds
[token:60, layer:1] 004:apply-rope: 0.000001000 seconds
[token:60, layer:1] 005:compute-attention: 0.000009000 seconds
[token:60, layer:1] 006:attention-output: 0.000035000 seconds
[token:60, layer:1] 007:ffn-norm: 0.000000000 seconds
[token:60, layer:1] 008:ffn-up-projection: 0.000193000 seconds
[token:60, layer:1] 009:ffn-swiglu: 0.000001000 seconds
[token:60, layer:1] 010:ffn-down-projection: 0.000141000 seconds
[token:60, layer:1] 102:layer-compute-total: 0.000486000 seconds
[token:60, layer:2] 002:attention-norm: 0.000000000 seconds
[token:60, layer:2] 003:qkv-projection: 0.000110000 seconds
[token:60, layer:2] 004:apply-rope: 0.000002000 seconds
[token:60, layer:2] 005:compute-attention: 0.000009000 seconds
[token:60, layer:2] 006:attention-output: 0.000036000 seconds
[token:60, layer:2] 007:ffn-norm: 0.000000000 seconds
[token:60, layer:2] 008:ffn-up-projection: 0.000189000 seconds
[token:60, layer:2] 009:ffn-swiglu: 0.000001000 seconds
[token:60, layer:2] 010:ffn-down-projection: 0.000136000 seconds
[token:60, layer:2] 102:layer-compute-total: 0.000483000 seconds
[token:60, layer:3] 002:attention-norm: 0.000000000 seconds
[token:60, layer:3] 003:qkv-projection: 0.000107000 seconds
[token:60, layer:3] 004:apply-rope: 0.000002000 seconds
[token:60, layer:3] 005:compute-attention: 0.000010000 seconds
[token:60, layer:3] 006:attention-output: 0.000036000 seconds
[token:60, layer:3] 007:ffn-norm: 0.000000000 seconds
[token:60, layer:3] 008:ffn-up-projection: 0.000193000 seconds
[token:60, layer:3] 009:ffn-swiglu: 0.000001000 seconds
[token:60, layer:3] 010:ffn-down-projection: 0.000136000 seconds
[token:60, layer:3] 102:layer-compute-total: 0.000485000 seconds
[token:60, layer:4] 002:attention-norm: 0.000000000 seconds
[token:60, layer:4] 003:qkv-projection: 0.000107000 seconds
[token:60, layer:4] 004:apply-rope: 0.000001000 seconds
[token:60, layer:4] 005:compute-attention: 0.000009000 seconds
[token:60, layer:4] 006:attention-output: 0.000035000 seconds
[token:60, layer:4] 007:ffn-norm: 0.000000000 seconds
[token:60, layer:4] 008:ffn-up-projection: 0.000189000 seconds
[token:60, layer:4] 009:ffn-swiglu: 0.000001000 seconds
[token:60, layer:4] 010:ffn-down-projection: 0.000136000 seconds
[token:60, layer:4] 102:layer-compute-total: 0.000478000 seconds
[token:60, layer:5] 002:attention-norm: 0.000000000 seconds
[token:60, layer:5] 003:qkv-projection: 0.000107000 seconds
[token:60, layer:5] 004:apply-rope: 0.000002000 seconds
[token:60, layer:5] 005:compute-attention: 0.000009000 seconds
[token:60, layer:5] 006:attention-output: 0.000036000 seconds
[token:60, layer:5] 007:ffn-norm: 0.000000000 seconds
[token:60, layer:5] 008:ffn-up-projection: 0.000190000 seconds
[token:60, layer:5] 009:ffn-swiglu: 0.000001000 seconds
[token:60, layer:5] 010:ffn-down-projection: 0.000136000 seconds
[token:60, layer:5] 102:layer-compute-total: 0.000481000 seconds
[token:60] 011:final-projection: 0.004526000 seconds
[token:60] 103:forward-compute-total: 0.007418000 seconds
[token:61] 001:embedding-lookup: 0.000000000 seconds
[token:61, layer:0] 002:attention-norm: 0.000001000 seconds
[token:61, layer:0] 003:qkv-projection: 0.000113000 seconds
[token:61, layer:0] 004:apply-rope: 0.000001000 seconds
[token:61, layer:0] 005:compute-attention: 0.000014000 seconds
[token:61, layer:0] 006:attention-output: 0.000035000 seconds
[token:61, layer:0] 007:ffn-norm: 0.000000000 seconds
[token:61, layer:0] 008:ffn-up-projection: 0.000193000 seconds
[token:61, layer:0] 009:ffn-swiglu: 0.000001000 seconds
[token:61, layer:0] 010:ffn-down-projection: 0.000134000 seconds
[token:61, layer:0] 102:layer-compute-total: 0.000492000 seconds
[token:61, layer:1] 002:attention-norm: 0.000000000 seconds
[token:61, layer:1] 003:qkv-projection: 0.000109000 seconds
[token:61, layer:1] 004:apply-rope: 0.000001000 seconds
[token:61, layer:1] 005:compute-attention: 0.000014000 seconds
[token:61, layer:1] 006:attention-output: 0.000035000 seconds
[token:61, layer:1] 007:ffn-norm: 0.000000000 seconds
[token:61, layer:1] 008:ffn-up-projection: 0.000186000 seconds
[token:61, layer:1] 009:ffn-swiglu: 0.000001000 seconds
[token:61, layer:1] 010:ffn-down-projection: 0.000137000 seconds
[token:61, layer:1] 102:layer-compute-total: 0.000483000 seconds
[token:61, layer:2] 002:attention-norm: 0.000000000 seconds
[token:61, layer:2] 003:qkv-projection: 0.000105000 seconds
[token:61, layer:2] 004:apply-rope: 0.000001000 seconds
[token:61, layer:2] 005:compute-attention: 0.000014000 seconds
[token:61, layer:2] 006:attention-output: 0.000035000 seconds
[token:61, layer:2] 007:ffn-norm: 0.000001000 seconds
[token:61, layer:2] 008:ffn-up-projection: 0.000187000 seconds
[token:61, layer:2] 009:ffn-swiglu: 0.000001000 seconds
[token:61, layer:2] 010:ffn-down-projection: 0.000134000 seconds
[token:61, layer:2] 102:layer-compute-total: 0.000478000 seconds
[token:61, layer:3] 002:attention-norm: 0.000001000 seconds
[token:61, layer:3] 003:qkv-projection: 0.000107000 seconds
[token:61, layer:3] 004:apply-rope: 0.000001000 seconds
[token:61, layer:3] 005:compute-attention: 0.000013000 seconds
[token:61, layer:3] 006:attention-output: 0.000035000 seconds
[token:61, layer:3] 007:ffn-norm: 0.000000000 seconds
[token:61, layer:3] 008:ffn-up-projection: 0.000187000 seconds
[token:61, layer:3] 009:ffn-swiglu: 0.000001000 seconds
[token:61, layer:3] 010:ffn-down-projection: 0.000134000 seconds
[token:61, layer:3] 102:layer-compute-total: 0.000479000 seconds
[token:61, layer:4] 002:attention-norm: 0.000000000 seconds
[token:61, layer:4] 003:qkv-projection: 0.000107000 seconds
[token:61, layer:4] 004:apply-rope: 0.000001000 seconds
[token:61, layer:4] 005:compute-attention: 0.000013000 seconds
[token:61, layer:4] 006:attention-output: 0.000035000 seconds
[token:61, layer:4] 007:ffn-norm: 0.000001000 seconds
[token:61, layer:4] 008:ffn-up-projection: 0.000186000 seconds
[token:61, layer:4] 009:ffn-swiglu: 0.000001000 seconds
[token:61, layer:4] 010:ffn-down-projection: 0.000138000 seconds
[token:61, layer:4] 102:layer-compute-total: 0.000482000 seconds
[token:61, layer:5] 002:attention-norm: 0.000000000 seconds
[token:61, layer:5] 003:qkv-projection: 0.000109000 seconds
[token:61, layer:5] 004:apply-rope: 0.000001000 seconds
[token:61, layer:5] 005:compute-attention: 0.000013000 seconds
[token:61, layer:5] 006:attention-output: 0.000035000 seconds
[token:61, layer:5] 007:ffn-norm: 0.000000000 seconds
[token:61, layer:5] 008:ffn-up-projection: 0.000192000 seconds
[token:61, layer:5] 009:ffn-swiglu: 0.000001000 seconds
[token:61, layer:5] 010:ffn-down-projection: 0.000140000 seconds
[token:61, layer:5] 102:layer-compute-total: 0.000491000 seconds
[token:61] 011:final-projection: 0.003940000 seconds
[token:61] 103:forward-compute-total: 0.006845000 seconds
[token:62] 001:embedding-lookup: 0.000001000 seconds
[token:62, layer:0] 002:attention-norm: 0.000000000 seconds
[token:62, layer:0] 003:qkv-projection: 0.000112000 seconds
[token:62, layer:0] 004:apply-rope: 0.000001000 seconds
[token:62, layer:0] 005:compute-attention: 0.000010000 seconds
[token:62, layer:0] 006:attention-output: 0.000035000 seconds
[token:62, layer:0] 007:ffn-norm: 0.000001000 seconds
[token:62, layer:0] 008:ffn-up-projection: 0.000187000 seconds
[token:62, layer:0] 009:ffn-swiglu: 0.000001000 seconds
[token:62, layer:0] 010:ffn-down-projection: 0.000134000 seconds
[token:62, layer:0] 102:layer-compute-total: 0.000481000 seconds
[token:62, layer:1] 002:attention-norm: 0.000000000 seconds
[token:62, layer:1] 003:qkv-projection: 0.000105000 seconds
[token:62, layer:1] 004:apply-rope: 0.000001000 seconds
[token:62, layer:1] 005:compute-attention: 0.000010000 seconds
[token:62, layer:1] 006:attention-output: 0.000036000 seconds
[token:62, layer:1] 007:ffn-norm: 0.000001000 seconds
[token:62, layer:1] 008:ffn-up-projection: 0.000187000 seconds
[token:62, layer:1] 009:ffn-swiglu: 0.000001000 seconds
[token:62, layer:1] 010:ffn-down-projection: 0.000134000 seconds
[token:62, layer:1] 102:layer-compute-total: 0.000475000 seconds
[token:62, layer:2] 002:attention-norm: 0.000001000 seconds
[token:62, layer:2] 003:qkv-projection: 0.000105000 seconds
[token:62, layer:2] 004:apply-rope: 0.000001000 seconds
[token:62, layer:2] 005:compute-attention: 0.000009000 seconds
[token:62, layer:2] 006:attention-output: 0.000035000 seconds
[token:62, layer:2] 007:ffn-norm: 0.000000000 seconds
[token:62, layer:2] 008:ffn-up-projection: 0.000187000 seconds
[token:62, layer:2] 009:ffn-swiglu: 0.000001000 seconds
[token:62, layer:2] 010:ffn-down-projection: 0.000134000 seconds
[token:62, layer:2] 102:layer-compute-total: 0.000473000 seconds
[token:62, layer:3] 002:attention-norm: 0.000000000 seconds
[token:62, layer:3] 003:qkv-projection: 0.000105000 seconds
[token:62, layer:3] 004:apply-rope: 0.000001000 seconds
[token:62, layer:3] 005:compute-attention: 0.000010000 seconds
[token:62, layer:3] 006:attention-output: 0.000035000 seconds
[token:62, layer:3] 007:ffn-norm: 0.000000000 seconds
[token:62, layer:3] 008:ffn-up-projection: 0.000187000 seconds
[token:62, layer:3] 009:ffn-swiglu: 0.000001000 seconds
[token:62, layer:3] 010:ffn-down-projection: 0.000134000 seconds
[token:62, layer:3] 102:layer-compute-total: 0.000473000 seconds
[token:62, layer:4] 002:attention-norm: 0.000000000 seconds
[token:62, layer:4] 003:qkv-projection: 0.000108000 seconds
[token:62, layer:4] 004:apply-rope: 0.000001000 seconds
[token:62, layer:4] 005:compute-attention: 0.000010000 seconds
[token:62, layer:4] 006:attention-output: 0.000039000 seconds
[token:62, layer:4] 007:ffn-norm: 0.000000000 seconds
[token:62, layer:4] 008:ffn-up-projection: 0.000186000 seconds
[token:62, layer:4] 009:ffn-swiglu: 0.000001000 seconds
[token:62, layer:4] 010:ffn-down-projection: 0.000136000 seconds
[token:62, layer:4] 102:layer-compute-total: 0.000481000 seconds
[token:62, layer:5] 002:attention-norm: 0.000000000 seconds
[token:62, layer:5] 003:qkv-projection: 0.000115000 seconds
[token:62, layer:5] 004:apply-rope: 0.000001000 seconds
[token:62, layer:5] 005:compute-attention: 0.000009000 seconds
[token:62, layer:5] 006:attention-output: 0.000036000 seconds
[token:62, layer:5] 007:ffn-norm: 0.000000000 seconds
[token:62, layer:5] 008:ffn-up-projection: 0.000193000 seconds
[token:62, layer:5] 009:ffn-swiglu: 0.000001000 seconds
[token:62, layer:5] 010:ffn-down-projection: 0.000141000 seconds
[token:62, layer:5] 102:layer-compute-total: 0.000496000 seconds
[token:62] 011:final-projection: 0.004091000 seconds
[token:62] 103:forward-compute-total: 0.006971000 seconds
[token:63] 001:embedding-lookup: 0.000000000 seconds
[token:63, layer:0] 002:attention-norm: 0.000001000 seconds
[token:63, layer:0] 003:qkv-projection: 0.000113000 seconds
[token:63, layer:0] 004:apply-rope: 0.000002000 seconds
[token:63, layer:0] 005:compute-attention: 0.000013000 seconds
[token:63, layer:0] 006:attention-output: 0.000036000 seconds
[token:63, layer:0] 007:ffn-norm: 0.000000000 seconds
[token:63, layer:0] 008:ffn-up-projection: 0.000190000 seconds
[token:63, layer:0] 009:ffn-swiglu: 0.000001000 seconds
[token:63, layer:0] 010:ffn-down-projection: 0.000136000 seconds
[token:63, layer:0] 102:layer-compute-total: 0.000492000 seconds
[token:63, layer:1] 002:attention-norm: 0.000000000 seconds
[token:63, layer:1] 003:qkv-projection: 0.000107000 seconds
[token:63, layer:1] 004:apply-rope: 0.000001000 seconds
[token:63, layer:1] 005:compute-attention: 0.000012000 seconds
[token:63, layer:1] 006:attention-output: 0.000035000 seconds
[token:63, layer:1] 007:ffn-norm: 0.000001000 seconds
[token:63, layer:1] 008:ffn-up-projection: 0.000190000 seconds
[token:63, layer:1] 009:ffn-swiglu: 0.000001000 seconds
[token:63, layer:1] 010:ffn-down-projection: 0.000137000 seconds
[token:63, layer:1] 102:layer-compute-total: 0.000484000 seconds
[token:63, layer:2] 002:attention-norm: 0.000000000 seconds
[token:63, layer:2] 003:qkv-projection: 0.000107000 seconds
[token:63, layer:2] 004:apply-rope: 0.000001000 seconds
[token:63, layer:2] 005:compute-attention: 0.000014000 seconds
[token:63, layer:2] 006:attention-output: 0.000036000 seconds
[token:63, layer:2] 007:ffn-norm: 0.000000000 seconds
[token:63, layer:2] 008:ffn-up-projection: 0.000192000 seconds
[token:63, layer:2] 009:ffn-swiglu: 0.000001000 seconds
[token:63, layer:2] 010:ffn-down-projection: 0.000136000 seconds
[token:63, layer:2] 102:layer-compute-total: 0.000487000 seconds
[token:63, layer:3] 002:attention-norm: 0.000000000 seconds
[token:63, layer:3] 003:qkv-projection: 0.000111000 seconds
[token:63, layer:3] 004:apply-rope: 0.000001000 seconds
[token:63, layer:3] 005:compute-attention: 0.000014000 seconds
[token:63, layer:3] 006:attention-output: 0.000036000 seconds
[token:63, layer:3] 007:ffn-norm: 0.000000000 seconds
[token:63, layer:3] 008:ffn-up-projection: 0.000194000 seconds
[token:63, layer:3] 009:ffn-swiglu: 0.000001000 seconds
[token:63, layer:3] 010:ffn-down-projection: 0.000140000 seconds
[token:63, layer:3] 102:layer-compute-total: 0.000497000 seconds
[token:63, layer:4] 002:attention-norm: 0.000000000 seconds
[token:63, layer:4] 003:qkv-projection: 0.000109000 seconds
[token:63, layer:4] 004:apply-rope: 0.000001000 seconds
[token:63, layer:4] 005:compute-attention: 0.000014000 seconds
[token:63, layer:4] 006:attention-output: 0.000036000 seconds
[token:63, layer:4] 007:ffn-norm: 0.000001000 seconds
[token:63, layer:4] 008:ffn-up-projection: 0.000190000 seconds
[token:63, layer:4] 009:ffn-swiglu: 0.000001000 seconds
[token:63, layer:4] 010:ffn-down-projection: 0.000136000 seconds
[token:63, layer:4] 102:layer-compute-total: 0.000488000 seconds
[token:63, layer:5] 002:attention-norm: 0.000001000 seconds
[token:63, layer:5] 003:qkv-projection: 0.000107000 seconds
[token:63, layer:5] 004:apply-rope: 0.000001000 seconds
[token:63, layer:5] 005:compute-attention: 0.000016000 seconds
[token:63, layer:5] 006:attention-output: 0.000036000 seconds
[token:63, layer:5] 007:ffn-norm: 0.000001000 seconds
[token:63, layer:5] 008:ffn-up-projection: 0.000194000 seconds
[token:63, layer:5] 009:ffn-swiglu: 0.000001000 seconds
[token:63, layer:5] 010:ffn-down-projection: 0.000139000 seconds
[token:63, layer:5] 102:layer-compute-total: 0.000496000 seconds
[token:63] 011:final-projection: 0.004063000 seconds
[token:63] 103:forward-compute-total: 0.007007000 seconds
[token:64] 001:embedding-lookup: 0.000000000 seconds
[token:64, layer:0] 002:attention-norm: 0.000000000 seconds
[token:64, layer:0] 003:qkv-projection: 0.000113000 seconds
[token:64, layer:0] 004:apply-rope: 0.000002000 seconds
[token:64, layer:0] 005:compute-attention: 0.000014000 seconds
[token:64, layer:0] 006:attention-output: 0.000035000 seconds
[token:64, layer:0] 007:ffn-norm: 0.000000000 seconds
[token:64, layer:0] 008:ffn-up-projection: 0.000190000 seconds
[token:64, layer:0] 009:ffn-swiglu: 0.000001000 seconds
[token:64, layer:0] 010:ffn-down-projection: 0.000136000 seconds
[token:64, layer:0] 102:layer-compute-total: 0.000491000 seconds
[token:64, layer:1] 002:attention-norm: 0.000001000 seconds
[token:64, layer:1] 003:qkv-projection: 0.000112000 seconds
[token:64, layer:1] 004:apply-rope: 0.000001000 seconds
[token:64, layer:1] 005:compute-attention: 0.000014000 seconds
[token:64, layer:1] 006:attention-output: 0.000035000 seconds
[token:64, layer:1] 007:ffn-norm: 0.000000000 seconds
[token:64, layer:1] 008:ffn-up-projection: 0.000196000 seconds
[token:64, layer:1] 009:ffn-swiglu: 0.000001000 seconds
[token:64, layer:1] 010:ffn-down-projection: 0.000136000 seconds
[token:64, layer:1] 102:layer-compute-total: 0.000496000 seconds
[token:64, layer:2] 002:attention-norm: 0.000000000 seconds
[token:64, layer:2] 003:qkv-projection: 0.000107000 seconds
[token:64, layer:2] 004:apply-rope: 0.000001000 seconds
[token:64, layer:2] 005:compute-attention: 0.000013000 seconds
[token:64, layer:2] 006:attention-output: 0.000036000 seconds
[token:64, layer:2] 007:ffn-norm: 0.000000000 seconds
[token:64, layer:2] 008:ffn-up-projection: 0.000190000 seconds
[token:64, layer:2] 009:ffn-swiglu: 0.000001000 seconds
[token:64, layer:2] 010:ffn-down-projection: 0.000137000 seconds
[token:64, layer:2] 102:layer-compute-total: 0.000485000 seconds
[token:64, layer:3] 002:attention-norm: 0.000001000 seconds
[token:64, layer:3] 003:qkv-projection: 0.000107000 seconds
[token:64, layer:3] 004:apply-rope: 0.000001000 seconds
[token:64, layer:3] 005:compute-attention: 0.000014000 seconds
[token:64, layer:3] 006:attention-output: 0.000035000 seconds
[token:64, layer:3] 007:ffn-norm: 0.000000000 seconds
[token:64, layer:3] 008:ffn-up-projection: 0.000189000 seconds
[token:64, layer:3] 009:ffn-swiglu: 0.000001000 seconds
[token:64, layer:3] 010:ffn-down-projection: 0.000136000 seconds
[token:64, layer:3] 102:layer-compute-total: 0.000484000 seconds
[token:64, layer:4] 002:attention-norm: 0.000001000 seconds
[token:64, layer:4] 003:qkv-projection: 0.000107000 seconds
[token:64, layer:4] 004:apply-rope: 0.000001000 seconds
[token:64, layer:4] 005:compute-attention: 0.000014000 seconds
[token:64, layer:4] 006:attention-output: 0.000035000 seconds
[token:64, layer:4] 007:ffn-norm: 0.000000000 seconds
[token:64, layer:4] 008:ffn-up-projection: 0.000190000 seconds
[token:64, layer:4] 009:ffn-swiglu: 0.000001000 seconds
[token:64, layer:4] 010:ffn-down-projection: 0.000137000 seconds
[token:64, layer:4] 102:layer-compute-total: 0.000486000 seconds
[token:64, layer:5] 002:attention-norm: 0.000001000 seconds
[token:64, layer:5] 003:qkv-projection: 0.000106000 seconds
[token:64, layer:5] 004:apply-rope: 0.000001000 seconds
[token:64, layer:5] 005:compute-attention: 0.000014000 seconds
[token:64, layer:5] 006:attention-output: 0.000036000 seconds
[token:64, layer:5] 007:ffn-norm: 0.000000000 seconds
[token:64, layer:5] 008:ffn-up-projection: 0.000194000 seconds
[token:64, layer:5] 009:ffn-swiglu: 0.000001000 seconds
[token:64, layer:5] 010:ffn-down-projection: 0.000152000 seconds
[token:64, layer:5] 102:layer-compute-total: 0.000505000 seconds
[token:64] 011:final-projection: 0.004598000 seconds
[token:64] 103:forward-compute-total: 0.007545000 seconds
[token:65] 001:embedding-lookup: 0.000000000 seconds
[token:65, layer:0] 002:attention-norm: 0.000001000 seconds
[token:65, layer:0] 003:qkv-projection: 0.000113000 seconds
[token:65, layer:0] 004:apply-rope: 0.000002000 seconds
[token:65, layer:0] 005:compute-attention: 0.000017000 seconds
[token:65, layer:0] 006:attention-output: 0.000036000 seconds
[token:65, layer:0] 007:ffn-norm: 0.000001000 seconds
[token:65, layer:0] 008:ffn-up-projection: 0.000196000 seconds
[token:65, layer:0] 009:ffn-swiglu: 0.000002000 seconds
[token:65, layer:0] 010:ffn-down-projection: 0.000142000 seconds
[token:65, layer:0] 102:layer-compute-total: 0.000510000 seconds
[token:65, layer:1] 002:attention-norm: 0.000001000 seconds
[token:65, layer:1] 003:qkv-projection: 0.000119000 seconds
[token:65, layer:1] 004:apply-rope: 0.000002000 seconds
[token:65, layer:1] 005:compute-attention: 0.000015000 seconds
[token:65, layer:1] 006:attention-output: 0.000037000 seconds
[token:65, layer:1] 007:ffn-norm: 0.000000000 seconds
[token:65, layer:1] 008:ffn-up-projection: 0.000200000 seconds
[token:65, layer:1] 009:ffn-swiglu: 0.000001000 seconds
[token:65, layer:1] 010:ffn-down-projection: 0.000142000 seconds
[token:65, layer:1] 102:layer-compute-total: 0.000517000 seconds
[token:65, layer:2] 002:attention-norm: 0.000000000 seconds
[token:65, layer:2] 003:qkv-projection: 0.000112000 seconds
[token:65, layer:2] 004:apply-rope: 0.000002000 seconds
[token:65, layer:2] 005:compute-attention: 0.000017000 seconds
[token:65, layer:2] 006:attention-output: 0.000036000 seconds
[token:65, layer:2] 007:ffn-norm: 0.000000000 seconds
[token:65, layer:2] 008:ffn-up-projection: 0.000195000 seconds
[token:65, layer:2] 009:ffn-swiglu: 0.000001000 seconds
[token:65, layer:2] 010:ffn-down-projection: 0.000141000 seconds
[token:65, layer:2] 102:layer-compute-total: 0.000504000 seconds
[token:65, layer:3] 002:attention-norm: 0.000000000 seconds
[token:65, layer:3] 003:qkv-projection: 0.000112000 seconds
[token:65, layer:3] 004:apply-rope: 0.000001000 seconds
[token:65, layer:3] 005:compute-attention: 0.000015000 seconds
[token:65, layer:3] 006:attention-output: 0.000040000 seconds
[token:65, layer:3] 007:ffn-norm: 0.000000000 seconds
[token:65, layer:3] 008:ffn-up-projection: 0.000201000 seconds
[token:65, layer:3] 009:ffn-swiglu: 0.000001000 seconds
[token:65, layer:3] 010:ffn-down-projection: 0.000136000 seconds
[token:65, layer:3] 102:layer-compute-total: 0.000506000 seconds
[token:65, layer:4] 002:attention-norm: 0.000000000 seconds
[token:65, layer:4] 003:qkv-projection: 0.000107000 seconds
[token:65, layer:4] 004:apply-rope: 0.000003000 seconds
[token:65, layer:4] 005:compute-attention: 0.000016000 seconds
[token:65, layer:4] 006:attention-output: 0.000036000 seconds
[token:65, layer:4] 007:ffn-norm: 0.000001000 seconds
[token:65, layer:4] 008:ffn-up-projection: 0.000193000 seconds
[token:65, layer:4] 009:ffn-swiglu: 0.000001000 seconds
[token:65, layer:4] 010:ffn-down-projection: 0.000134000 seconds
[token:65, layer:4] 102:layer-compute-total: 0.000491000 seconds
[token:65, layer:5] 002:attention-norm: 0.000000000 seconds
[token:65, layer:5] 003:qkv-projection: 0.000107000 seconds
[token:65, layer:5] 004:apply-rope: 0.000002000 seconds
[token:65, layer:5] 005:compute-attention: 0.000015000 seconds
[token:65, layer:5] 006:attention-output: 0.000038000 seconds
[token:65, layer:5] 007:ffn-norm: 0.000000000 seconds
[token:65, layer:5] 008:ffn-up-projection: 0.000191000 seconds
[token:65, layer:5] 009:ffn-swiglu: 0.000001000 seconds
[token:65, layer:5] 010:ffn-down-projection: 0.000135000 seconds
[token:65, layer:5] 102:layer-compute-total: 0.000489000 seconds
[token:65] 011:final-projection: 0.004037000 seconds
[token:65] 103:forward-compute-total: 0.007054000 seconds
[token:66] 001:embedding-lookup: 0.000001000 seconds
[token:66, layer:0] 002:attention-norm: 0.000000000 seconds
[token:66, layer:0] 003:qkv-projection: 0.000108000 seconds
[token:66, layer:0] 004:apply-rope: 0.000003000 seconds
[token:66, layer:0] 005:compute-attention: 0.000014000 seconds
[token:66, layer:0] 006:attention-output: 0.000037000 seconds
[token:66, layer:0] 007:ffn-norm: 0.000000000 seconds
[token:66, layer:0] 008:ffn-up-projection: 0.000191000 seconds
[token:66, layer:0] 009:ffn-swiglu: 0.000002000 seconds
[token:66, layer:0] 010:ffn-down-projection: 0.000136000 seconds
[token:66, layer:0] 102:layer-compute-total: 0.000491000 seconds
[token:66, layer:1] 002:attention-norm: 0.000000000 seconds
[token:66, layer:1] 003:qkv-projection: 0.000107000 seconds
[token:66, layer:1] 004:apply-rope: 0.000002000 seconds
[token:66, layer:1] 005:compute-attention: 0.000014000 seconds
[token:66, layer:1] 006:attention-output: 0.000036000 seconds
[token:66, layer:1] 007:ffn-norm: 0.000000000 seconds
[token:66, layer:1] 008:ffn-up-projection: 0.000189000 seconds
[token:66, layer:1] 009:ffn-swiglu: 0.000001000 seconds
[token:66, layer:1] 010:ffn-down-projection: 0.000136000 seconds
[token:66, layer:1] 102:layer-compute-total: 0.000485000 seconds
[token:66, layer:2] 002:attention-norm: 0.000001000 seconds
[token:66, layer:2] 003:qkv-projection: 0.000107000 seconds
[token:66, layer:2] 004:apply-rope: 0.000002000 seconds
[token:66, layer:2] 005:compute-attention: 0.000013000 seconds
[token:66, layer:2] 006:attention-output: 0.000036000 seconds
[token:66, layer:2] 007:ffn-norm: 0.000001000 seconds
[token:66, layer:2] 008:ffn-up-projection: 0.000189000 seconds
[token:66, layer:2] 009:ffn-swiglu: 0.000001000 seconds
[token:66, layer:2] 010:ffn-down-projection: 0.000136000 seconds
[token:66, layer:2] 102:layer-compute-total: 0.000486000 seconds
[token:66, layer:3] 002:attention-norm: 0.000001000 seconds
[token:66, layer:3] 003:qkv-projection: 0.000107000 seconds
[token:66, layer:3] 004:apply-rope: 0.000001000 seconds
[token:66, layer:3] 005:compute-attention: 0.000014000 seconds
[token:66, layer:3] 006:attention-output: 0.000035000 seconds
[token:66, layer:3] 007:ffn-norm: 0.000000000 seconds
[token:66, layer:3] 008:ffn-up-projection: 0.000190000 seconds
[token:66, layer:3] 009:ffn-swiglu: 0.000001000 seconds
[token:66, layer:3] 010:ffn-down-projection: 0.000136000 seconds
[token:66, layer:3] 102:layer-compute-total: 0.000485000 seconds
[token:66, layer:4] 002:attention-norm: 0.000000000 seconds
[token:66, layer:4] 003:qkv-projection: 0.000107000 seconds
[token:66, layer:4] 004:apply-rope: 0.000001000 seconds
[token:66, layer:4] 005:compute-attention: 0.000014000 seconds
[token:66, layer:4] 006:attention-output: 0.000035000 seconds
[token:66, layer:4] 007:ffn-norm: 0.000001000 seconds
[token:66, layer:4] 008:ffn-up-projection: 0.000189000 seconds
[token:66, layer:4] 009:ffn-swiglu: 0.000001000 seconds
[token:66, layer:4] 010:ffn-down-projection: 0.000136000 seconds
[token:66, layer:4] 102:layer-compute-total: 0.000484000 seconds
[token:66, layer:5] 002:attention-norm: 0.000000000 seconds
[token:66, layer:5] 003:qkv-projection: 0.000108000 seconds
[token:66, layer:5] 004:apply-rope: 0.000001000 seconds
[token:66, layer:5] 005:compute-attention: 0.000014000 seconds
[token:66, layer:5] 006:attention-output: 0.000035000 seconds
[token:66, layer:5] 007:ffn-norm: 0.000000000 seconds
[token:66, layer:5] 008:ffn-up-projection: 0.000190000 seconds
[token:66, layer:5] 009:ffn-swiglu: 0.000001000 seconds
[token:66, layer:5] 010:ffn-down-projection: 0.000141000 seconds
[token:66, layer:5] 102:layer-compute-total: 0.000490000 seconds
[token:66] 011:final-projection: 0.004446000 seconds
[token:66] 103:forward-compute-total: 0.007368000 seconds
[token:67] 001:embedding-lookup: 0.000000000 seconds
[token:67, layer:0] 002:attention-norm: 0.000000000 seconds
[token:67, layer:0] 003:qkv-projection: 0.000113000 seconds
[token:67, layer:0] 004:apply-rope: 0.000002000 seconds
[token:67, layer:0] 005:compute-attention: 0.000017000 seconds
[token:67, layer:0] 006:attention-output: 0.000038000 seconds
[token:67, layer:0] 007:ffn-norm: 0.000000000 seconds
[token:67, layer:0] 008:ffn-up-projection: 0.000202000 seconds
[token:67, layer:0] 009:ffn-swiglu: 0.000001000 seconds
[token:67, layer:0] 010:ffn-down-projection: 0.000145000 seconds
[token:67, layer:0] 102:layer-compute-total: 0.000518000 seconds
[token:67, layer:1] 002:attention-norm: 0.000000000 seconds
[token:67, layer:1] 003:qkv-projection: 0.000113000 seconds
[token:67, layer:1] 004:apply-rope: 0.000001000 seconds
[token:67, layer:1] 005:compute-attention: 0.000016000 seconds
[token:67, layer:1] 006:attention-output: 0.000040000 seconds
[token:67, layer:1] 007:ffn-norm: 0.000001000 seconds
[token:67, layer:1] 008:ffn-up-projection: 0.000195000 seconds
[token:67, layer:1] 009:ffn-swiglu: 0.000001000 seconds
[token:67, layer:1] 010:ffn-down-projection: 0.000145000 seconds
[token:67, layer:1] 102:layer-compute-total: 0.000512000 seconds
[token:67, layer:2] 002:attention-norm: 0.000001000 seconds
[token:67, layer:2] 003:qkv-projection: 0.000116000 seconds
[token:67, layer:2] 004:apply-rope: 0.000001000 seconds
[token:67, layer:2] 005:compute-attention: 0.000017000 seconds
[token:67, layer:2] 006:attention-output: 0.000037000 seconds
[token:67, layer:2] 007:ffn-norm: 0.000000000 seconds
[token:67, layer:2] 008:ffn-up-projection: 0.000205000 seconds
[token:67, layer:2] 009:ffn-swiglu: 0.000001000 seconds
[token:67, layer:2] 010:ffn-down-projection: 0.000144000 seconds
[token:67, layer:2] 102:layer-compute-total: 0.000522000 seconds
[token:67, layer:3] 002:attention-norm: 0.000000000 seconds
[token:67, layer:3] 003:qkv-projection: 0.000107000 seconds
[token:67, layer:3] 004:apply-rope: 0.000001000 seconds
[token:67, layer:3] 005:compute-attention: 0.000017000 seconds
[token:67, layer:3] 006:attention-output: 0.000035000 seconds
[token:67, layer:3] 007:ffn-norm: 0.000000000 seconds
[token:67, layer:3] 008:ffn-up-projection: 0.000196000 seconds
[token:67, layer:3] 009:ffn-swiglu: 0.000002000 seconds
[token:67, layer:3] 010:ffn-down-projection: 0.000144000 seconds
[token:67, layer:3] 102:layer-compute-total: 0.000502000 seconds
[token:67, layer:4] 002:attention-norm: 0.000000000 seconds
[token:67, layer:4] 003:qkv-projection: 0.000111000 seconds
[token:67, layer:4] 004:apply-rope: 0.000002000 seconds
[token:67, layer:4] 005:compute-attention: 0.000016000 seconds
[token:67, layer:4] 006:attention-output: 0.000036000 seconds
[token:67, layer:4] 007:ffn-norm: 0.000000000 seconds
[token:67, layer:4] 008:ffn-up-projection: 0.000190000 seconds
[token:67, layer:4] 009:ffn-swiglu: 0.000001000 seconds
[token:67, layer:4] 010:ffn-down-projection: 0.000136000 seconds
[token:67, layer:4] 102:layer-compute-total: 0.000492000 seconds
[token:67, layer:5] 002:attention-norm: 0.000001000 seconds
[token:67, layer:5] 003:qkv-projection: 0.000112000 seconds
[token:67, layer:5] 004:apply-rope: 0.000001000 seconds
[token:67, layer:5] 005:compute-attention: 0.000015000 seconds
[token:67, layer:5] 006:attention-output: 0.000037000 seconds
[token:67, layer:5] 007:ffn-norm: 0.000000000 seconds
[token:67, layer:5] 008:ffn-up-projection: 0.000194000 seconds
[token:67, layer:5] 009:ffn-swiglu: 0.000002000 seconds
[token:67, layer:5] 010:ffn-down-projection: 0.000139000 seconds
[token:67, layer:5] 102:layer-compute-total: 0.000501000 seconds
[token:67] 011:final-projection: 0.004087000 seconds
[token:67] 103:forward-compute-total: 0.007134000 seconds
[token:68] 001:embedding-lookup: 0.000001000 seconds
[token:68, layer:0] 002:attention-norm: 0.000000000 seconds
[token:68, layer:0] 003:qkv-projection: 0.000110000 seconds
[token:68, layer:0] 004:apply-rope: 0.000002000 seconds
[token:68, layer:0] 005:compute-attention: 0.000016000 seconds
[token:68, layer:0] 006:attention-output: 0.000037000 seconds
[token:68, layer:0] 007:ffn-norm: 0.000001000 seconds
[token:68, layer:0] 008:ffn-up-projection: 0.000195000 seconds
[token:68, layer:0] 009:ffn-swiglu: 0.000001000 seconds
[token:68, layer:0] 010:ffn-down-projection: 0.000141000 seconds
[token:68, layer:0] 102:layer-compute-total: 0.000503000 seconds
[token:68, layer:1] 002:attention-norm: 0.000001000 seconds
[token:68, layer:1] 003:qkv-projection: 0.000109000 seconds
[token:68, layer:1] 004:apply-rope: 0.000001000 seconds
[token:68, layer:1] 005:compute-attention: 0.000015000 seconds
[token:68, layer:1] 006:attention-output: 0.000035000 seconds
[token:68, layer:1] 007:ffn-norm: 0.000000000 seconds
[token:68, layer:1] 008:ffn-up-projection: 0.000187000 seconds
[token:68, layer:1] 009:ffn-swiglu: 0.000001000 seconds
[token:68, layer:1] 010:ffn-down-projection: 0.000134000 seconds
[token:68, layer:1] 102:layer-compute-total: 0.000483000 seconds
[token:68, layer:2] 002:attention-norm: 0.000001000 seconds
[token:68, layer:2] 003:qkv-projection: 0.000106000 seconds
[token:68, layer:2] 004:apply-rope: 0.000001000 seconds
[token:68, layer:2] 005:compute-attention: 0.000014000 seconds
[token:68, layer:2] 006:attention-output: 0.000035000 seconds
[token:68, layer:2] 007:ffn-norm: 0.000000000 seconds
[token:68, layer:2] 008:ffn-up-projection: 0.000187000 seconds
[token:68, layer:2] 009:ffn-swiglu: 0.000001000 seconds
[token:68, layer:2] 010:ffn-down-projection: 0.000134000 seconds
[token:68, layer:2] 102:layer-compute-total: 0.000479000 seconds
[token:68, layer:3] 002:attention-norm: 0.000000000 seconds
[token:68, layer:3] 003:qkv-projection: 0.000105000 seconds
[token:68, layer:3] 004:apply-rope: 0.000001000 seconds
[token:68, layer:3] 005:compute-attention: 0.000015000 seconds
[token:68, layer:3] 006:attention-output: 0.000035000 seconds
[token:68, layer:3] 007:ffn-norm: 0.000000000 seconds
[token:68, layer:3] 008:ffn-up-projection: 0.000187000 seconds
[token:68, layer:3] 009:ffn-swiglu: 0.000001000 seconds
[token:68, layer:3] 010:ffn-down-projection: 0.000134000 seconds
[token:68, layer:3] 102:layer-compute-total: 0.000478000 seconds
[token:68, layer:4] 002:attention-norm: 0.000000000 seconds
[token:68, layer:4] 003:qkv-projection: 0.000105000 seconds
[token:68, layer:4] 004:apply-rope: 0.000001000 seconds
[token:68, layer:4] 005:compute-attention: 0.000015000 seconds
[token:68, layer:4] 006:attention-output: 0.000035000 seconds
[token:68, layer:4] 007:ffn-norm: 0.000001000 seconds
[token:68, layer:4] 008:ffn-up-projection: 0.000186000 seconds
[token:68, layer:4] 009:ffn-swiglu: 0.000001000 seconds
[token:68, layer:4] 010:ffn-down-projection: 0.000133000 seconds
[token:68, layer:4] 102:layer-compute-total: 0.000477000 seconds
[token:68, layer:5] 002:attention-norm: 0.000001000 seconds
[token:68, layer:5] 003:qkv-projection: 0.000105000 seconds
[token:68, layer:5] 004:apply-rope: 0.000001000 seconds
[token:68, layer:5] 005:compute-attention: 0.000014000 seconds
[token:68, layer:5] 006:attention-output: 0.000035000 seconds
[token:68, layer:5] 007:ffn-norm: 0.000000000 seconds
[token:68, layer:5] 008:ffn-up-projection: 0.000201000 seconds
[token:68, layer:5] 009:ffn-swiglu: 0.000001000 seconds
[token:68, layer:5] 010:ffn-down-projection: 0.000136000 seconds
[token:68, layer:5] 102:layer-compute-total: 0.000494000 seconds
[token:68] 011:final-projection: 0.004236000 seconds
[token:68] 103:forward-compute-total: 0.007151000 seconds
[token:69] 001:embedding-lookup: 0.000000000 seconds
[token:69, layer:0] 002:attention-norm: 0.000001000 seconds
[token:69, layer:0] 003:qkv-projection: 0.000125000 seconds
[token:69, layer:0] 004:apply-rope: 0.000001000 seconds
[token:69, layer:0] 005:compute-attention: 0.000013000 seconds
[token:69, layer:0] 006:attention-output: 0.000035000 seconds
[token:69, layer:0] 007:ffn-norm: 0.000000000 seconds
[token:69, layer:0] 008:ffn-up-projection: 0.000187000 seconds
[token:69, layer:0] 009:ffn-swiglu: 0.000001000 seconds
[token:69, layer:0] 010:ffn-down-projection: 0.000137000 seconds
[token:69, layer:0] 102:layer-compute-total: 0.000500000 seconds
[token:69, layer:1] 002:attention-norm: 0.000000000 seconds
[token:69, layer:1] 003:qkv-projection: 0.000105000 seconds
[token:69, layer:1] 004:apply-rope: 0.000002000 seconds
[token:69, layer:1] 005:compute-attention: 0.000013000 seconds
[token:69, layer:1] 006:attention-output: 0.000035000 seconds
[token:69, layer:1] 007:ffn-norm: 0.000000000 seconds
[token:69, layer:1] 008:ffn-up-projection: 0.000186000 seconds
[token:69, layer:1] 009:ffn-swiglu: 0.000001000 seconds
[token:69, layer:1] 010:ffn-down-projection: 0.000134000 seconds
[token:69, layer:1] 102:layer-compute-total: 0.000476000 seconds
[token:69, layer:2] 002:attention-norm: 0.000000000 seconds
[token:69, layer:2] 003:qkv-projection: 0.000106000 seconds
[token:69, layer:2] 004:apply-rope: 0.000001000 seconds
[token:69, layer:2] 005:compute-attention: 0.000013000 seconds
[token:69, layer:2] 006:attention-output: 0.000035000 seconds
[token:69, layer:2] 007:ffn-norm: 0.000000000 seconds
[token:69, layer:2] 008:ffn-up-projection: 0.000186000 seconds
[token:69, layer:2] 009:ffn-swiglu: 0.000001000 seconds
[token:69, layer:2] 010:ffn-down-projection: 0.000134000 seconds
[token:69, layer:2] 102:layer-compute-total: 0.000476000 seconds
[token:69, layer:3] 002:attention-norm: 0.000001000 seconds
[token:69, layer:3] 003:qkv-projection: 0.000105000 seconds
[token:69, layer:3] 004:apply-rope: 0.000001000 seconds
[token:69, layer:3] 005:compute-attention: 0.000014000 seconds
[token:69, layer:3] 006:attention-output: 0.000036000 seconds
[token:69, layer:3] 007:ffn-norm: 0.000000000 seconds
[token:69, layer:3] 008:ffn-up-projection: 0.000191000 seconds
[token:69, layer:3] 009:ffn-swiglu: 0.000001000 seconds
[token:69, layer:3] 010:ffn-down-projection: 0.000134000 seconds
[token:69, layer:3] 102:layer-compute-total: 0.000483000 seconds
[token:69, layer:4] 002:attention-norm: 0.000000000 seconds
[token:69, layer:4] 003:qkv-projection: 0.000105000 seconds
[token:69, layer:4] 004:apply-rope: 0.000001000 seconds
[token:69, layer:4] 005:compute-attention: 0.000015000 seconds
[token:69, layer:4] 006:attention-output: 0.000036000 seconds
[token:69, layer:4] 007:ffn-norm: 0.000001000 seconds
[token:69, layer:4] 008:ffn-up-projection: 0.000186000 seconds
[token:69, layer:4] 009:ffn-swiglu: 0.000001000 seconds
[token:69, layer:4] 010:ffn-down-projection: 0.000134000 seconds
[token:69, layer:4] 102:layer-compute-total: 0.000479000 seconds
[token:69, layer:5] 002:attention-norm: 0.000001000 seconds
[token:69, layer:5] 003:qkv-projection: 0.000105000 seconds
[token:69, layer:5] 004:apply-rope: 0.000002000 seconds
[token:69, layer:5] 005:compute-attention: 0.000014000 seconds
[token:69, layer:5] 006:attention-output: 0.000036000 seconds
[token:69, layer:5] 007:ffn-norm: 0.000000000 seconds
[token:69, layer:5] 008:ffn-up-projection: 0.000186000 seconds
[token:69, layer:5] 009:ffn-swiglu: 0.000001000 seconds
[token:69, layer:5] 010:ffn-down-projection: 0.000134000 seconds
[token:69, layer:5] 102:layer-compute-total: 0.000479000 seconds
[token:69] 011:final-projection: 0.004016000 seconds
[token:69] 103:forward-compute-total: 0.006909000 seconds
[token:70] 001:embedding-lookup: 0.000000000 seconds
[token:70, layer:0] 002:attention-norm: 0.000000000 seconds
[token:70, layer:0] 003:qkv-projection: 0.000112000 seconds
[token:70, layer:0] 004:apply-rope: 0.000002000 seconds
[token:70, layer:0] 005:compute-attention: 0.000012000 seconds
[token:70, layer:0] 006:attention-output: 0.000038000 seconds
[token:70, layer:0] 007:ffn-norm: 0.000000000 seconds
[token:70, layer:0] 008:ffn-up-projection: 0.000187000 seconds
[token:70, layer:0] 009:ffn-swiglu: 0.000001000 seconds
[token:70, layer:0] 010:ffn-down-projection: 0.000137000 seconds
[token:70, layer:0] 102:layer-compute-total: 0.000489000 seconds
[token:70, layer:1] 002:attention-norm: 0.000000000 seconds
[token:70, layer:1] 003:qkv-projection: 0.000105000 seconds
[token:70, layer:1] 004:apply-rope: 0.000001000 seconds
[token:70, layer:1] 005:compute-attention: 0.000011000 seconds
[token:70, layer:1] 006:attention-output: 0.000035000 seconds
[token:70, layer:1] 007:ffn-norm: 0.000000000 seconds
[token:70, layer:1] 008:ffn-up-projection: 0.000187000 seconds
[token:70, layer:1] 009:ffn-swiglu: 0.000001000 seconds
[token:70, layer:1] 010:ffn-down-projection: 0.000135000 seconds
[token:70, layer:1] 102:layer-compute-total: 0.000475000 seconds
[token:70, layer:2] 002:attention-norm: 0.000000000 seconds
[token:70, layer:2] 003:qkv-projection: 0.000105000 seconds
[token:70, layer:2] 004:apply-rope: 0.000002000 seconds
[token:70, layer:2] 005:compute-attention: 0.000011000 seconds
[token:70, layer:2] 006:attention-output: 0.000035000 seconds
[token:70, layer:2] 007:ffn-norm: 0.000001000 seconds
[token:70, layer:2] 008:ffn-up-projection: 0.000187000 seconds
[token:70, layer:2] 009:ffn-swiglu: 0.000002000 seconds
[token:70, layer:2] 010:ffn-down-projection: 0.000139000 seconds
[token:70, layer:2] 102:layer-compute-total: 0.000482000 seconds
[token:70, layer:3] 002:attention-norm: 0.000001000 seconds
[token:70, layer:3] 003:qkv-projection: 0.000105000 seconds
[token:70, layer:3] 004:apply-rope: 0.000001000 seconds
[token:70, layer:3] 005:compute-attention: 0.000011000 seconds
[token:70, layer:3] 006:attention-output: 0.000035000 seconds
[token:70, layer:3] 007:ffn-norm: 0.000001000 seconds
[token:70, layer:3] 008:ffn-up-projection: 0.000187000 seconds
[token:70, layer:3] 009:ffn-swiglu: 0.000001000 seconds
[token:70, layer:3] 010:ffn-down-projection: 0.000142000 seconds
[token:70, layer:3] 102:layer-compute-total: 0.000484000 seconds
[token:70, layer:4] 002:attention-norm: 0.000000000 seconds
[token:70, layer:4] 003:qkv-projection: 0.000106000 seconds
[token:70, layer:4] 004:apply-rope: 0.000002000 seconds
[token:70, layer:4] 005:compute-attention: 0.000011000 seconds
[token:70, layer:4] 006:attention-output: 0.000035000 seconds
[token:70, layer:4] 007:ffn-norm: 0.000001000 seconds
[token:70, layer:4] 008:ffn-up-projection: 0.000187000 seconds
[token:70, layer:4] 009:ffn-swiglu: 0.000001000 seconds
[token:70, layer:4] 010:ffn-down-projection: 0.000134000 seconds
[token:70, layer:4] 102:layer-compute-total: 0.000477000 seconds
[token:70, layer:5] 002:attention-norm: 0.000000000 seconds
[token:70, layer:5] 003:qkv-projection: 0.000105000 seconds
[token:70, layer:5] 004:apply-rope: 0.000001000 seconds
[token:70, layer:5] 005:compute-attention: 0.000011000 seconds
[token:70, layer:5] 006:attention-output: 0.000035000 seconds
[token:70, layer:5] 007:ffn-norm: 0.000001000 seconds
[token:70, layer:5] 008:ffn-up-projection: 0.000187000 seconds
[token:70, layer:5] 009:ffn-swiglu: 0.000001000 seconds
[token:70, layer:5] 010:ffn-down-projection: 0.000134000 seconds
[token:70, layer:5] 102:layer-compute-total: 0.000475000 seconds
[token:70] 011:final-projection: 0.003965000 seconds
[token:70] 103:forward-compute-total: 0.006847000 seconds
[token:71] 001:embedding-lookup: 0.000000000 seconds
[token:71, layer:0] 002:attention-norm: 0.000000000 seconds
[token:71, layer:0] 003:qkv-projection: 0.000117000 seconds
[token:71, layer:0] 004:apply-rope: 0.000002000 seconds
[token:71, layer:0] 005:compute-attention: 0.000012000 seconds
[token:71, layer:0] 006:attention-output: 0.000037000 seconds
[token:71, layer:0] 007:ffn-norm: 0.000001000 seconds
[token:71, layer:0] 008:ffn-up-projection: 0.000190000 seconds
[token:71, layer:0] 009:ffn-swiglu: 0.000001000 seconds
[token:71, layer:0] 010:ffn-down-projection: 0.000136000 seconds
[token:71, layer:0] 102:layer-compute-total: 0.000496000 seconds
[token:71, layer:1] 002:attention-norm: 0.000000000 seconds
[token:71, layer:1] 003:qkv-projection: 0.000109000 seconds
[token:71, layer:1] 004:apply-rope: 0.000001000 seconds
[token:71, layer:1] 005:compute-attention: 0.000011000 seconds
[token:71, layer:1] 006:attention-output: 0.000035000 seconds
[token:71, layer:1] 007:ffn-norm: 0.000000000 seconds
[token:71, layer:1] 008:ffn-up-projection: 0.000189000 seconds
[token:71, layer:1] 009:ffn-swiglu: 0.000001000 seconds
[token:71, layer:1] 010:ffn-down-projection: 0.000136000 seconds
[token:71, layer:1] 102:layer-compute-total: 0.000482000 seconds
[token:71, layer:2] 002:attention-norm: 0.000000000 seconds
[token:71, layer:2] 003:qkv-projection: 0.000109000 seconds
[token:71, layer:2] 004:apply-rope: 0.000001000 seconds
[token:71, layer:2] 005:compute-attention: 0.000011000 seconds
[token:71, layer:2] 006:attention-output: 0.000036000 seconds
[token:71, layer:2] 007:ffn-norm: 0.000000000 seconds
[token:71, layer:2] 008:ffn-up-projection: 0.000197000 seconds
[token:71, layer:2] 009:ffn-swiglu: 0.000001000 seconds
[token:71, layer:2] 010:ffn-down-projection: 0.000160000 seconds
[token:71, layer:2] 102:layer-compute-total: 0.000515000 seconds
[token:71, layer:3] 002:attention-norm: 0.000000000 seconds
[token:71, layer:3] 003:qkv-projection: 0.000118000 seconds
[token:71, layer:3] 004:apply-rope: 0.000002000 seconds
[token:71, layer:3] 005:compute-attention: 0.000012000 seconds
[token:71, layer:3] 006:attention-output: 0.000037000 seconds
[token:71, layer:3] 007:ffn-norm: 0.000000000 seconds
[token:71, layer:3] 008:ffn-up-projection: 0.000194000 seconds
[token:71, layer:3] 009:ffn-swiglu: 0.000001000 seconds
[token:71, layer:3] 010:ffn-down-projection: 0.000142000 seconds
[token:71, layer:3] 102:layer-compute-total: 0.000506000 seconds
[token:71, layer:4] 002:attention-norm: 0.000000000 seconds
[token:71, layer:4] 003:qkv-projection: 0.000112000 seconds
[token:71, layer:4] 004:apply-rope: 0.000002000 seconds
[token:71, layer:4] 005:compute-attention: 0.000015000 seconds
[token:71, layer:4] 006:attention-output: 0.000035000 seconds
[token:71, layer:4] 007:ffn-norm: 0.000001000 seconds
[token:71, layer:4] 008:ffn-up-projection: 0.000192000 seconds
[token:71, layer:4] 009:ffn-swiglu: 0.000001000 seconds
[token:71, layer:4] 010:ffn-down-projection: 0.000138000 seconds
[token:71, layer:4] 102:layer-compute-total: 0.000496000 seconds
[token:71, layer:5] 002:attention-norm: 0.000000000 seconds
[token:71, layer:5] 003:qkv-projection: 0.000112000 seconds
[token:71, layer:5] 004:apply-rope: 0.000001000 seconds
[token:71, layer:5] 005:compute-attention: 0.000014000 seconds
[token:71, layer:5] 006:attention-output: 0.000035000 seconds
[token:71, layer:5] 007:ffn-norm: 0.000000000 seconds
[token:71, layer:5] 008:ffn-up-projection: 0.000186000 seconds
[token:71, layer:5] 009:ffn-swiglu: 0.000001000 seconds
[token:71, layer:5] 010:ffn-down-projection: 0.000134000 seconds
[token:71, layer:5] 102:layer-compute-total: 0.000483000 seconds
[token:71] 011:final-projection: 0.003965000 seconds
[token:71] 103:forward-compute-total: 0.006943000 seconds
[token:72] 001:embedding-lookup: 0.000000000 seconds
[token:72, layer:0] 002:attention-norm: 0.000000000 seconds
[token:72, layer:0] 003:qkv-projection: 0.000112000 seconds
[token:72, layer:0] 004:apply-rope: 0.000001000 seconds
[token:72, layer:0] 005:compute-attention: 0.000013000 seconds
[token:72, layer:0] 006:attention-output: 0.000036000 seconds
[token:72, layer:0] 007:ffn-norm: 0.000000000 seconds
[token:72, layer:0] 008:ffn-up-projection: 0.000190000 seconds
[token:72, layer:0] 009:ffn-swiglu: 0.000001000 seconds
[token:72, layer:0] 010:ffn-down-projection: 0.000134000 seconds
[token:72, layer:0] 102:layer-compute-total: 0.000487000 seconds
[token:72, layer:1] 002:attention-norm: 0.000000000 seconds
[token:72, layer:1] 003:qkv-projection: 0.000105000 seconds
[token:72, layer:1] 004:apply-rope: 0.000001000 seconds
[token:72, layer:1] 005:compute-attention: 0.000013000 seconds
[token:72, layer:1] 006:attention-output: 0.000035000 seconds
[token:72, layer:1] 007:ffn-norm: 0.000000000 seconds
[token:72, layer:1] 008:ffn-up-projection: 0.000186000 seconds
[token:72, layer:1] 009:ffn-swiglu: 0.000001000 seconds
[token:72, layer:1] 010:ffn-down-projection: 0.000134000 seconds
[token:72, layer:1] 102:layer-compute-total: 0.000475000 seconds
[token:72, layer:2] 002:attention-norm: 0.000000000 seconds
[token:72, layer:2] 003:qkv-projection: 0.000105000 seconds
[token:72, layer:2] 004:apply-rope: 0.000002000 seconds
[token:72, layer:2] 005:compute-attention: 0.000016000 seconds
[token:72, layer:2] 006:attention-output: 0.000038000 seconds
[token:72, layer:2] 007:ffn-norm: 0.000001000 seconds
[token:72, layer:2] 008:ffn-up-projection: 0.000193000 seconds
[token:72, layer:2] 009:ffn-swiglu: 0.000001000 seconds
[token:72, layer:2] 010:ffn-down-projection: 0.000134000 seconds
[token:72, layer:2] 102:layer-compute-total: 0.000490000 seconds
[token:72, layer:3] 002:attention-norm: 0.000001000 seconds
[token:72, layer:3] 003:qkv-projection: 0.000105000 seconds
[token:72, layer:3] 004:apply-rope: 0.000002000 seconds
[token:72, layer:3] 005:compute-attention: 0.000013000 seconds
[token:72, layer:3] 006:attention-output: 0.000035000 seconds
[token:72, layer:3] 007:ffn-norm: 0.000000000 seconds
[token:72, layer:3] 008:ffn-up-projection: 0.000187000 seconds
[token:72, layer:3] 009:ffn-swiglu: 0.000001000 seconds
[token:72, layer:3] 010:ffn-down-projection: 0.000137000 seconds
[token:72, layer:3] 102:layer-compute-total: 0.000481000 seconds
[token:72, layer:4] 002:attention-norm: 0.000000000 seconds
[token:72, layer:4] 003:qkv-projection: 0.000105000 seconds
[token:72, layer:4] 004:apply-rope: 0.000001000 seconds
[token:72, layer:4] 005:compute-attention: 0.000013000 seconds
[token:72, layer:4] 006:attention-output: 0.000035000 seconds
[token:72, layer:4] 007:ffn-norm: 0.000000000 seconds
[token:72, layer:4] 008:ffn-up-projection: 0.000187000 seconds
[token:72, layer:4] 009:ffn-swiglu: 0.000001000 seconds
[token:72, layer:4] 010:ffn-down-projection: 0.000134000 seconds
[token:72, layer:4] 102:layer-compute-total: 0.000476000 seconds
[token:72, layer:5] 002:attention-norm: 0.000000000 seconds
[token:72, layer:5] 003:qkv-projection: 0.000109000 seconds
[token:72, layer:5] 004:apply-rope: 0.000001000 seconds
[token:72, layer:5] 005:compute-attention: 0.000012000 seconds
[token:72, layer:5] 006:attention-output: 0.000035000 seconds
[token:72, layer:5] 007:ffn-norm: 0.000000000 seconds
[token:72, layer:5] 008:ffn-up-projection: 0.000187000 seconds
[token:72, layer:5] 009:ffn-swiglu: 0.000001000 seconds
[token:72, layer:5] 010:ffn-down-projection: 0.000134000 seconds
[token:72, layer:5] 102:layer-compute-total: 0.000479000 seconds
[token:72] 011:final-projection: 0.003964000 seconds
[token:72] 103:forward-compute-total: 0.006852000 seconds
[token:73] 001:embedding-lookup: 0.000000000 seconds
[token:73, layer:0] 002:attention-norm: 0.000000000 seconds
[token:73, layer:0] 003:qkv-projection: 0.000110000 seconds
[token:73, layer:0] 004:apply-rope: 0.000002000 seconds
[token:73, layer:0] 005:compute-attention: 0.000013000 seconds
[token:73, layer:0] 006:attention-output: 0.000036000 seconds
[token:73, layer:0] 007:ffn-norm: 0.000000000 seconds
[token:73, layer:0] 008:ffn-up-projection: 0.000188000 seconds
[token:73, layer:0] 009:ffn-swiglu: 0.000001000 seconds
[token:73, layer:0] 010:ffn-down-projection: 0.000144000 seconds
[token:73, layer:0] 102:layer-compute-total: 0.000494000 seconds
[token:73, layer:1] 002:attention-norm: 0.000000000 seconds
[token:73, layer:1] 003:qkv-projection: 0.000105000 seconds
[token:73, layer:1] 004:apply-rope: 0.000001000 seconds
[token:73, layer:1] 005:compute-attention: 0.000011000 seconds
[token:73, layer:1] 006:attention-output: 0.000035000 seconds
[token:73, layer:1] 007:ffn-norm: 0.000001000 seconds
[token:73, layer:1] 008:ffn-up-projection: 0.000191000 seconds
[token:73, layer:1] 009:ffn-swiglu: 0.000001000 seconds
[token:73, layer:1] 010:ffn-down-projection: 0.000134000 seconds
[token:73, layer:1] 102:layer-compute-total: 0.000479000 seconds
[token:73, layer:2] 002:attention-norm: 0.000001000 seconds
[token:73, layer:2] 003:qkv-projection: 0.000111000 seconds
[token:73, layer:2] 004:apply-rope: 0.000001000 seconds
[token:73, layer:2] 005:compute-attention: 0.000010000 seconds
[token:73, layer:2] 006:attention-output: 0.000036000 seconds
[token:73, layer:2] 007:ffn-norm: 0.000000000 seconds
[token:73, layer:2] 008:ffn-up-projection: 0.000192000 seconds
[token:73, layer:2] 009:ffn-swiglu: 0.000001000 seconds
[token:73, layer:2] 010:ffn-down-projection: 0.000151000 seconds
[token:73, layer:2] 102:layer-compute-total: 0.000503000 seconds
[token:73, layer:3] 002:attention-norm: 0.000000000 seconds
[token:73, layer:3] 003:qkv-projection: 0.000109000 seconds
[token:73, layer:3] 004:apply-rope: 0.000001000 seconds
[token:73, layer:3] 005:compute-attention: 0.000011000 seconds
[token:73, layer:3] 006:attention-output: 0.000036000 seconds
[token:73, layer:3] 007:ffn-norm: 0.000000000 seconds
[token:73, layer:3] 008:ffn-up-projection: 0.000195000 seconds
[token:73, layer:3] 009:ffn-swiglu: 0.000001000 seconds
[token:73, layer:3] 010:ffn-down-projection: 0.000137000 seconds
[token:73, layer:3] 102:layer-compute-total: 0.000490000 seconds
[token:73, layer:4] 002:attention-norm: 0.000000000 seconds
[token:73, layer:4] 003:qkv-projection: 0.000107000 seconds
[token:73, layer:4] 004:apply-rope: 0.000001000 seconds
[token:73, layer:4] 005:compute-attention: 0.000013000 seconds
[token:73, layer:4] 006:attention-output: 0.000036000 seconds
[token:73, layer:4] 007:ffn-norm: 0.000000000 seconds
[token:73, layer:4] 008:ffn-up-projection: 0.000194000 seconds
[token:73, layer:4] 009:ffn-swiglu: 0.000001000 seconds
[token:73, layer:4] 010:ffn-down-projection: 0.000136000 seconds
[token:73, layer:4] 102:layer-compute-total: 0.000488000 seconds
[token:73, layer:5] 002:attention-norm: 0.000000000 seconds
[token:73, layer:5] 003:qkv-projection: 0.000107000 seconds
[token:73, layer:5] 004:apply-rope: 0.000001000 seconds
[token:73, layer:5] 005:compute-attention: 0.000013000 seconds
[token:73, layer:5] 006:attention-output: 0.000036000 seconds
[token:73, layer:5] 007:ffn-norm: 0.000000000 seconds
[token:73, layer:5] 008:ffn-up-projection: 0.000190000 seconds
[token:73, layer:5] 009:ffn-swiglu: 0.000001000 seconds
[token:73, layer:5] 010:ffn-down-projection: 0.000136000 seconds
[token:73, layer:5] 102:layer-compute-total: 0.000484000 seconds
[token:73] 011:final-projection: 0.004255000 seconds
[token:73] 103:forward-compute-total: 0.007193000 seconds
[token:74] 001:embedding-lookup: 0.000000000 seconds
[token:74, layer:0] 002:attention-norm: 0.000001000 seconds
[token:74, layer:0] 003:qkv-projection: 0.000112000 seconds
[token:74, layer:0] 004:apply-rope: 0.000002000 seconds
[token:74, layer:0] 005:compute-attention: 0.000016000 seconds
[token:74, layer:0] 006:attention-output: 0.000035000 seconds
[token:74, layer:0] 007:ffn-norm: 0.000001000 seconds
[token:74, layer:0] 008:ffn-up-projection: 0.000186000 seconds
[token:74, layer:0] 009:ffn-swiglu: 0.000001000 seconds
[token:74, layer:0] 010:ffn-down-projection: 0.000137000 seconds
[token:74, layer:0] 102:layer-compute-total: 0.000491000 seconds
[token:74, layer:1] 002:attention-norm: 0.000000000 seconds
[token:74, layer:1] 003:qkv-projection: 0.000106000 seconds
[token:74, layer:1] 004:apply-rope: 0.000002000 seconds
[token:74, layer:1] 005:compute-attention: 0.000015000 seconds
[token:74, layer:1] 006:attention-output: 0.000035000 seconds
[token:74, layer:1] 007:ffn-norm: 0.000001000 seconds
[token:74, layer:1] 008:ffn-up-projection: 0.000198000 seconds
[token:74, layer:1] 009:ffn-swiglu: 0.000001000 seconds
[token:74, layer:1] 010:ffn-down-projection: 0.000135000 seconds
[token:74, layer:1] 102:layer-compute-total: 0.000493000 seconds
[token:74, layer:2] 002:attention-norm: 0.000000000 seconds
[token:74, layer:2] 003:qkv-projection: 0.000111000 seconds
[token:74, layer:2] 004:apply-rope: 0.000002000 seconds
[token:74, layer:2] 005:compute-attention: 0.000016000 seconds
[token:74, layer:2] 006:attention-output: 0.000036000 seconds
[token:74, layer:2] 007:ffn-norm: 0.000001000 seconds
[token:74, layer:2] 008:ffn-up-projection: 0.000187000 seconds
[token:74, layer:2] 009:ffn-swiglu: 0.000001000 seconds
[token:74, layer:2] 010:ffn-down-projection: 0.000135000 seconds
[token:74, layer:2] 102:layer-compute-total: 0.000489000 seconds
[token:74, layer:3] 002:attention-norm: 0.000001000 seconds
[token:74, layer:3] 003:qkv-projection: 0.000107000 seconds
[token:74, layer:3] 004:apply-rope: 0.000001000 seconds
[token:74, layer:3] 005:compute-attention: 0.000015000 seconds
[token:74, layer:3] 006:attention-output: 0.000040000 seconds
[token:74, layer:3] 007:ffn-norm: 0.000000000 seconds
[token:74, layer:3] 008:ffn-up-projection: 0.000189000 seconds
[token:74, layer:3] 009:ffn-swiglu: 0.000002000 seconds
[token:74, layer:3] 010:ffn-down-projection: 0.000134000 seconds
[token:74, layer:3] 102:layer-compute-total: 0.000489000 seconds
[token:74, layer:4] 002:attention-norm: 0.000000000 seconds
[token:74, layer:4] 003:qkv-projection: 0.000106000 seconds
[token:74, layer:4] 004:apply-rope: 0.000001000 seconds
[token:74, layer:4] 005:compute-attention: 0.000015000 seconds
[token:74, layer:4] 006:attention-output: 0.000035000 seconds
[token:74, layer:4] 007:ffn-norm: 0.000000000 seconds
[token:74, layer:4] 008:ffn-up-projection: 0.000186000 seconds
[token:74, layer:4] 009:ffn-swiglu: 0.000001000 seconds
[token:74, layer:4] 010:ffn-down-projection: 0.000133000 seconds
[token:74, layer:4] 102:layer-compute-total: 0.000477000 seconds
[token:74, layer:5] 002:attention-norm: 0.000000000 seconds
[token:74, layer:5] 003:qkv-projection: 0.000105000 seconds
[token:74, layer:5] 004:apply-rope: 0.000001000 seconds
[token:74, layer:5] 005:compute-attention: 0.000014000 seconds
[token:74, layer:5] 006:attention-output: 0.000035000 seconds
[token:74, layer:5] 007:ffn-norm: 0.000001000 seconds
[token:74, layer:5] 008:ffn-up-projection: 0.000186000 seconds
[token:74, layer:5] 009:ffn-swiglu: 0.000001000 seconds
[token:74, layer:5] 010:ffn-down-projection: 0.000134000 seconds
[token:74, layer:5] 102:layer-compute-total: 0.000477000 seconds
[token:74] 011:final-projection: 0.003980000 seconds
[token:74] 103:forward-compute-total: 0.006896000 seconds
[token:75] 001:embedding-lookup: 0.000000000 seconds
[token:75, layer:0] 002:attention-norm: 0.000000000 seconds
[token:75, layer:0] 003:qkv-projection: 0.000118000 seconds
[token:75, layer:0] 004:apply-rope: 0.000002000 seconds
[token:75, layer:0] 005:compute-attention: 0.000013000 seconds
[token:75, layer:0] 006:attention-output: 0.000035000 seconds
[token:75, layer:0] 007:ffn-norm: 0.000000000 seconds
[token:75, layer:0] 008:ffn-up-projection: 0.000187000 seconds
[token:75, layer:0] 009:ffn-swiglu: 0.000001000 seconds
[token:75, layer:0] 010:ffn-down-projection: 0.000134000 seconds
[token:75, layer:0] 102:layer-compute-total: 0.000490000 seconds
[token:75, layer:1] 002:attention-norm: 0.000001000 seconds
[token:75, layer:1] 003:qkv-projection: 0.000105000 seconds
[token:75, layer:1] 004:apply-rope: 0.000001000 seconds
[token:75, layer:1] 005:compute-attention: 0.000011000 seconds
[token:75, layer:1] 006:attention-output: 0.000035000 seconds
[token:75, layer:1] 007:ffn-norm: 0.000000000 seconds
[token:75, layer:1] 008:ffn-up-projection: 0.000187000 seconds
[token:75, layer:1] 009:ffn-swiglu: 0.000001000 seconds
[token:75, layer:1] 010:ffn-down-projection: 0.000134000 seconds
[token:75, layer:1] 102:layer-compute-total: 0.000475000 seconds
[token:75, layer:2] 002:attention-norm: 0.000001000 seconds
[token:75, layer:2] 003:qkv-projection: 0.000105000 seconds
[token:75, layer:2] 004:apply-rope: 0.000001000 seconds
[token:75, layer:2] 005:compute-attention: 0.000012000 seconds
[token:75, layer:2] 006:attention-output: 0.000035000 seconds
[token:75, layer:2] 007:ffn-norm: 0.000000000 seconds
[token:75, layer:2] 008:ffn-up-projection: 0.000187000 seconds
[token:75, layer:2] 009:ffn-swiglu: 0.000001000 seconds
[token:75, layer:2] 010:ffn-down-projection: 0.000134000 seconds
[token:75, layer:2] 102:layer-compute-total: 0.000476000 seconds
[token:75, layer:3] 002:attention-norm: 0.000000000 seconds
[token:75, layer:3] 003:qkv-projection: 0.000105000 seconds
[token:75, layer:3] 004:apply-rope: 0.000001000 seconds
[token:75, layer:3] 005:compute-attention: 0.000011000 seconds
[token:75, layer:3] 006:attention-output: 0.000035000 seconds
[token:75, layer:3] 007:ffn-norm: 0.000001000 seconds
[token:75, layer:3] 008:ffn-up-projection: 0.000187000 seconds
[token:75, layer:3] 009:ffn-swiglu: 0.000001000 seconds
[token:75, layer:3] 010:ffn-down-projection: 0.000134000 seconds
[token:75, layer:3] 102:layer-compute-total: 0.000475000 seconds
[token:75, layer:4] 002:attention-norm: 0.000001000 seconds
[token:75, layer:4] 003:qkv-projection: 0.000105000 seconds
[token:75, layer:4] 004:apply-rope: 0.000002000 seconds
[token:75, layer:4] 005:compute-attention: 0.000013000 seconds
[token:75, layer:4] 006:attention-output: 0.000037000 seconds
[token:75, layer:4] 007:ffn-norm: 0.000000000 seconds
[token:75, layer:4] 008:ffn-up-projection: 0.000187000 seconds
[token:75, layer:4] 009:ffn-swiglu: 0.000001000 seconds
[token:75, layer:4] 010:ffn-down-projection: 0.000134000 seconds
[token:75, layer:4] 102:layer-compute-total: 0.000480000 seconds
[token:75, layer:5] 002:attention-norm: 0.000000000 seconds
[token:75, layer:5] 003:qkv-projection: 0.000105000 seconds
[token:75, layer:5] 004:apply-rope: 0.000001000 seconds
[token:75, layer:5] 005:compute-attention: 0.000011000 seconds
[token:75, layer:5] 006:attention-output: 0.000035000 seconds
[token:75, layer:5] 007:ffn-norm: 0.000000000 seconds
[token:75, layer:5] 008:ffn-up-projection: 0.000186000 seconds
[token:75, layer:5] 009:ffn-swiglu: 0.000001000 seconds
[token:75, layer:5] 010:ffn-down-projection: 0.000134000 seconds
[token:75, layer:5] 102:layer-compute-total: 0.000473000 seconds
[token:75] 011:final-projection: 0.004248000 seconds
[token:75] 103:forward-compute-total: 0.007117000 seconds
[token:76] 001:embedding-lookup: 0.000000000 seconds
[token:76, layer:0] 002:attention-norm: 0.000000000 seconds
[token:76, layer:0] 003:qkv-projection: 0.000106000 seconds
[token:76, layer:0] 004:apply-rope: 0.000002000 seconds
[token:76, layer:0] 005:compute-attention: 0.000015000 seconds
[token:76, layer:0] 006:attention-output: 0.000035000 seconds
[token:76, layer:0] 007:ffn-norm: 0.000000000 seconds
[token:76, layer:0] 008:ffn-up-projection: 0.000190000 seconds
[token:76, layer:0] 009:ffn-swiglu: 0.000001000 seconds
[token:76, layer:0] 010:ffn-down-projection: 0.000140000 seconds
[token:76, layer:0] 102:layer-compute-total: 0.000489000 seconds
[token:76, layer:1] 002:attention-norm: 0.000000000 seconds
[token:76, layer:1] 003:qkv-projection: 0.000105000 seconds
[token:76, layer:1] 004:apply-rope: 0.000002000 seconds
[token:76, layer:1] 005:compute-attention: 0.000014000 seconds
[token:76, layer:1] 006:attention-output: 0.000035000 seconds
[token:76, layer:1] 007:ffn-norm: 0.000000000 seconds
[token:76, layer:1] 008:ffn-up-projection: 0.000186000 seconds
[token:76, layer:1] 009:ffn-swiglu: 0.000001000 seconds
[token:76, layer:1] 010:ffn-down-projection: 0.000137000 seconds
[token:76, layer:1] 102:layer-compute-total: 0.000480000 seconds
[token:76, layer:2] 002:attention-norm: 0.000000000 seconds
[token:76, layer:2] 003:qkv-projection: 0.000106000 seconds
[token:76, layer:2] 004:apply-rope: 0.000001000 seconds
[token:76, layer:2] 005:compute-attention: 0.000016000 seconds
[token:76, layer:2] 006:attention-output: 0.000036000 seconds
[token:76, layer:2] 007:ffn-norm: 0.000000000 seconds
[token:76, layer:2] 008:ffn-up-projection: 0.000198000 seconds
[token:76, layer:2] 009:ffn-swiglu: 0.000001000 seconds
[token:76, layer:2] 010:ffn-down-projection: 0.000138000 seconds
[token:76, layer:2] 102:layer-compute-total: 0.000496000 seconds
[token:76, layer:3] 002:attention-norm: 0.000001000 seconds
[token:76, layer:3] 003:qkv-projection: 0.000105000 seconds
[token:76, layer:3] 004:apply-rope: 0.000001000 seconds
[token:76, layer:3] 005:compute-attention: 0.000016000 seconds
[token:76, layer:3] 006:attention-output: 0.000035000 seconds
[token:76, layer:3] 007:ffn-norm: 0.000000000 seconds
[token:76, layer:3] 008:ffn-up-projection: 0.000192000 seconds
[token:76, layer:3] 009:ffn-swiglu: 0.000001000 seconds
[token:76, layer:3] 010:ffn-down-projection: 0.000137000 seconds
[token:76, layer:3] 102:layer-compute-total: 0.000488000 seconds
[token:76, layer:4] 002:attention-norm: 0.000000000 seconds
[token:76, layer:4] 003:qkv-projection: 0.000111000 seconds
[token:76, layer:4] 004:apply-rope: 0.000001000 seconds
[token:76, layer:4] 005:compute-attention: 0.000015000 seconds
[token:76, layer:4] 006:attention-output: 0.000041000 seconds
[token:76, layer:4] 007:ffn-norm: 0.000000000 seconds
[token:76, layer:4] 008:ffn-up-projection: 0.000193000 seconds
[token:76, layer:4] 009:ffn-swiglu: 0.000001000 seconds
[token:76, layer:4] 010:ffn-down-projection: 0.000141000 seconds
[token:76, layer:4] 102:layer-compute-total: 0.000503000 seconds
[token:76, layer:5] 002:attention-norm: 0.000000000 seconds
[token:76, layer:5] 003:qkv-projection: 0.000105000 seconds
[token:76, layer:5] 004:apply-rope: 0.000001000 seconds
[token:76, layer:5] 005:compute-attention: 0.000016000 seconds
[token:76, layer:5] 006:attention-output: 0.000035000 seconds
[token:76, layer:5] 007:ffn-norm: 0.000000000 seconds
[token:76, layer:5] 008:ffn-up-projection: 0.000191000 seconds
[token:76, layer:5] 009:ffn-swiglu: 0.000001000 seconds
[token:76, layer:5] 010:ffn-down-projection: 0.000138000 seconds
[token:76, layer:5] 102:layer-compute-total: 0.000487000 seconds
[token:76] 011:final-projection: 0.003975000 seconds
[token:76] 103:forward-compute-total: 0.006918000 seconds
[token:77] 001:embedding-lookup: 0.000000000 seconds
[token:77, layer:0] 002:attention-norm: 0.000000000 seconds
[token:77, layer:0] 003:qkv-projection: 0.000111000 seconds
[token:77, layer:0] 004:apply-rope: 0.000002000 seconds
[token:77, layer:0] 005:compute-attention: 0.000012000 seconds
[token:77, layer:0] 006:attention-output: 0.000038000 seconds
[token:77, layer:0] 007:ffn-norm: 0.000000000 seconds
[token:77, layer:0] 008:ffn-up-projection: 0.000187000 seconds
[token:77, layer:0] 009:ffn-swiglu: 0.000001000 seconds
[token:77, layer:0] 010:ffn-down-projection: 0.000134000 seconds
[token:77, layer:0] 102:layer-compute-total: 0.000485000 seconds
[token:77, layer:1] 002:attention-norm: 0.000001000 seconds
[token:77, layer:1] 003:qkv-projection: 0.000109000 seconds
[token:77, layer:1] 004:apply-rope: 0.000001000 seconds
[token:77, layer:1] 005:compute-attention: 0.000013000 seconds
[token:77, layer:1] 006:attention-output: 0.000036000 seconds
[token:77, layer:1] 007:ffn-norm: 0.000001000 seconds
[token:77, layer:1] 008:ffn-up-projection: 0.000186000 seconds
[token:77, layer:1] 009:ffn-swiglu: 0.000001000 seconds
[token:77, layer:1] 010:ffn-down-projection: 0.000134000 seconds
[token:77, layer:1] 102:layer-compute-total: 0.000482000 seconds
[token:77, layer:2] 002:attention-norm: 0.000001000 seconds
[token:77, layer:2] 003:qkv-projection: 0.000105000 seconds
[token:77, layer:2] 004:apply-rope: 0.000001000 seconds
[token:77, layer:2] 005:compute-attention: 0.000012000 seconds
[token:77, layer:2] 006:attention-output: 0.000035000 seconds
[token:77, layer:2] 007:ffn-norm: 0.000001000 seconds
[token:77, layer:2] 008:ffn-up-projection: 0.000190000 seconds
[token:77, layer:2] 009:ffn-swiglu: 0.000001000 seconds
[token:77, layer:2] 010:ffn-down-projection: 0.000133000 seconds
[token:77, layer:2] 102:layer-compute-total: 0.000479000 seconds
[token:77, layer:3] 002:attention-norm: 0.000000000 seconds
[token:77, layer:3] 003:qkv-projection: 0.000105000 seconds
[token:77, layer:3] 004:apply-rope: 0.000001000 seconds
[token:77, layer:3] 005:compute-attention: 0.000012000 seconds
[token:77, layer:3] 006:attention-output: 0.000035000 seconds
[token:77, layer:3] 007:ffn-norm: 0.000000000 seconds
[token:77, layer:3] 008:ffn-up-projection: 0.000187000 seconds
[token:77, layer:3] 009:ffn-swiglu: 0.000001000 seconds
[token:77, layer:3] 010:ffn-down-projection: 0.000138000 seconds
[token:77, layer:3] 102:layer-compute-total: 0.000479000 seconds
[token:77, layer:4] 002:attention-norm: 0.000001000 seconds
[token:77, layer:4] 003:qkv-projection: 0.000105000 seconds
[token:77, layer:4] 004:apply-rope: 0.000001000 seconds
[token:77, layer:4] 005:compute-attention: 0.000012000 seconds
[token:77, layer:4] 006:attention-output: 0.000037000 seconds
[token:77, layer:4] 007:ffn-norm: 0.000001000 seconds
[token:77, layer:4] 008:ffn-up-projection: 0.000199000 seconds
[token:77, layer:4] 009:ffn-swiglu: 0.000001000 seconds
[token:77, layer:4] 010:ffn-down-projection: 0.000136000 seconds
[token:77, layer:4] 102:layer-compute-total: 0.000493000 seconds
[token:77, layer:5] 002:attention-norm: 0.000001000 seconds
[token:77, layer:5] 003:qkv-projection: 0.000107000 seconds
[token:77, layer:5] 004:apply-rope: 0.000001000 seconds
[token:77, layer:5] 005:compute-attention: 0.000012000 seconds
[token:77, layer:5] 006:attention-output: 0.000035000 seconds
[token:77, layer:5] 007:ffn-norm: 0.000000000 seconds
[token:77, layer:5] 008:ffn-up-projection: 0.000191000 seconds
[token:77, layer:5] 009:ffn-swiglu: 0.000001000 seconds
[token:77, layer:5] 010:ffn-down-projection: 0.000134000 seconds
[token:77, layer:5] 102:layer-compute-total: 0.000482000 seconds
[token:77] 011:final-projection: 0.003962000 seconds
[token:77] 103:forward-compute-total: 0.006862000 seconds
[token:78] 001:embedding-lookup: 0.000000000 seconds
[token:78, layer:0] 002:attention-norm: 0.000001000 seconds
[token:78, layer:0] 003:qkv-projection: 0.000166000 seconds
[token:78, layer:0] 004:apply-rope: 0.000002000 seconds
[token:78, layer:0] 005:compute-attention: 0.000014000 seconds
[token:78, layer:0] 006:attention-output: 0.000039000 seconds
[token:78, layer:0] 007:ffn-norm: 0.000000000 seconds
[token:78, layer:0] 008:ffn-up-projection: 0.000200000 seconds
[token:78, layer:0] 009:ffn-swiglu: 0.000001000 seconds
[token:78, layer:0] 010:ffn-down-projection: 0.000145000 seconds
[token:78, layer:0] 102:layer-compute-total: 0.000568000 seconds
[token:78, layer:1] 002:attention-norm: 0.000000000 seconds
[token:78, layer:1] 003:qkv-projection: 0.000113000 seconds
[token:78, layer:1] 004:apply-rope: 0.000001000 seconds
[token:78, layer:1] 005:compute-attention: 0.000017000 seconds
[token:78, layer:1] 006:attention-output: 0.000038000 seconds
[token:78, layer:1] 007:ffn-norm: 0.000000000 seconds
[token:78, layer:1] 008:ffn-up-projection: 0.000192000 seconds
[token:78, layer:1] 009:ffn-swiglu: 0.000001000 seconds
[token:78, layer:1] 010:ffn-down-projection: 0.000134000 seconds
[token:78, layer:1] 102:layer-compute-total: 0.000496000 seconds
[token:78, layer:2] 002:attention-norm: 0.000000000 seconds
[token:78, layer:2] 003:qkv-projection: 0.000105000 seconds
[token:78, layer:2] 004:apply-rope: 0.000001000 seconds
[token:78, layer:2] 005:compute-attention: 0.000015000 seconds
[token:78, layer:2] 006:attention-output: 0.000035000 seconds
[token:78, layer:2] 007:ffn-norm: 0.000000000 seconds
[token:78, layer:2] 008:ffn-up-projection: 0.000189000 seconds
[token:78, layer:2] 009:ffn-swiglu: 0.000001000 seconds
[token:78, layer:2] 010:ffn-down-projection: 0.000135000 seconds
[token:78, layer:2] 102:layer-compute-total: 0.000481000 seconds
[token:78, layer:3] 002:attention-norm: 0.000000000 seconds
[token:78, layer:3] 003:qkv-projection: 0.000105000 seconds
[token:78, layer:3] 004:apply-rope: 0.000001000 seconds
[token:78, layer:3] 005:compute-attention: 0.000016000 seconds
[token:78, layer:3] 006:attention-output: 0.000035000 seconds
[token:78, layer:3] 007:ffn-norm: 0.000000000 seconds
[token:78, layer:3] 008:ffn-up-projection: 0.000200000 seconds
[token:78, layer:3] 009:ffn-swiglu: 0.000001000 seconds
[token:78, layer:3] 010:ffn-down-projection: 0.000134000 seconds
[token:78, layer:3] 102:layer-compute-total: 0.000492000 seconds
[token:78, layer:4] 002:attention-norm: 0.000001000 seconds
[token:78, layer:4] 003:qkv-projection: 0.000105000 seconds
[token:78, layer:4] 004:apply-rope: 0.000001000 seconds
[token:78, layer:4] 005:compute-attention: 0.000016000 seconds
[token:78, layer:4] 006:attention-output: 0.000035000 seconds
[token:78, layer:4] 007:ffn-norm: 0.000001000 seconds
[token:78, layer:4] 008:ffn-up-projection: 0.000191000 seconds
[token:78, layer:4] 009:ffn-swiglu: 0.000001000 seconds
[token:78, layer:4] 010:ffn-down-projection: 0.000134000 seconds
[token:78, layer:4] 102:layer-compute-total: 0.000485000 seconds
[token:78, layer:5] 002:attention-norm: 0.000000000 seconds
[token:78, layer:5] 003:qkv-projection: 0.000105000 seconds
[token:78, layer:5] 004:apply-rope: 0.000001000 seconds
[token:78, layer:5] 005:compute-attention: 0.000015000 seconds
[token:78, layer:5] 006:attention-output: 0.000035000 seconds
[token:78, layer:5] 007:ffn-norm: 0.000000000 seconds
[token:78, layer:5] 008:ffn-up-projection: 0.000186000 seconds
[token:78, layer:5] 009:ffn-swiglu: 0.000001000 seconds
[token:78, layer:5] 010:ffn-down-projection: 0.000134000 seconds
[token:78, layer:5] 102:layer-compute-total: 0.000477000 seconds
[token:78] 011:final-projection: 0.003959000 seconds
[token:78] 103:forward-compute-total: 0.006958000 seconds
[token:79] 001:embedding-lookup: 0.000000000 seconds
[token:79, layer:0] 002:attention-norm: 0.000000000 seconds
[token:79, layer:0] 003:qkv-projection: 0.000117000 seconds
[token:79, layer:0] 004:apply-rope: 0.000001000 seconds
[token:79, layer:0] 005:compute-attention: 0.000013000 seconds
[token:79, layer:0] 006:attention-output: 0.000036000 seconds
[token:79, layer:0] 007:ffn-norm: 0.000000000 seconds
[token:79, layer:0] 008:ffn-up-projection: 0.000192000 seconds
[token:79, layer:0] 009:ffn-swiglu: 0.000001000 seconds
[token:79, layer:0] 010:ffn-down-projection: 0.000133000 seconds
[token:79, layer:0] 102:layer-compute-total: 0.000493000 seconds
[token:79, layer:1] 002:attention-norm: 0.000000000 seconds
[token:79, layer:1] 003:qkv-projection: 0.000106000 seconds
[token:79, layer:1] 004:apply-rope: 0.000002000 seconds
[token:79, layer:1] 005:compute-attention: 0.000012000 seconds
[token:79, layer:1] 006:attention-output: 0.000035000 seconds
[token:79, layer:1] 007:ffn-norm: 0.000000000 seconds
[token:79, layer:1] 008:ffn-up-projection: 0.000186000 seconds
[token:79, layer:1] 009:ffn-swiglu: 0.000001000 seconds
[token:79, layer:1] 010:ffn-down-projection: 0.000137000 seconds
[token:79, layer:1] 102:layer-compute-total: 0.000479000 seconds
[token:79, layer:2] 002:attention-norm: 0.000000000 seconds
[token:79, layer:2] 003:qkv-projection: 0.000105000 seconds
[token:79, layer:2] 004:apply-rope: 0.000001000 seconds
[token:79, layer:2] 005:compute-attention: 0.000013000 seconds
[token:79, layer:2] 006:attention-output: 0.000036000 seconds
[token:79, layer:2] 007:ffn-norm: 0.000000000 seconds
[token:79, layer:2] 008:ffn-up-projection: 0.000187000 seconds
[token:79, layer:2] 009:ffn-swiglu: 0.000001000 seconds
[token:79, layer:2] 010:ffn-down-projection: 0.000137000 seconds
[token:79, layer:2] 102:layer-compute-total: 0.000480000 seconds
[token:79, layer:3] 002:attention-norm: 0.000000000 seconds
[token:79, layer:3] 003:qkv-projection: 0.000106000 seconds
[token:79, layer:3] 004:apply-rope: 0.000001000 seconds
[token:79, layer:3] 005:compute-attention: 0.000012000 seconds
[token:79, layer:3] 006:attention-output: 0.000036000 seconds
[token:79, layer:3] 007:ffn-norm: 0.000000000 seconds
[token:79, layer:3] 008:ffn-up-projection: 0.000190000 seconds
[token:79, layer:3] 009:ffn-swiglu: 0.000001000 seconds
[token:79, layer:3] 010:ffn-down-projection: 0.000134000 seconds
[token:79, layer:3] 102:layer-compute-total: 0.000480000 seconds
[token:79, layer:4] 002:attention-norm: 0.000000000 seconds
[token:79, layer:4] 003:qkv-projection: 0.000105000 seconds
[token:79, layer:4] 004:apply-rope: 0.000001000 seconds
[token:79, layer:4] 005:compute-attention: 0.000013000 seconds
[token:79, layer:4] 006:attention-output: 0.000035000 seconds
[token:79, layer:4] 007:ffn-norm: 0.000000000 seconds
[token:79, layer:4] 008:ffn-up-projection: 0.000197000 seconds
[token:79, layer:4] 009:ffn-swiglu: 0.000001000 seconds
[token:79, layer:4] 010:ffn-down-projection: 0.000139000 seconds
[token:79, layer:4] 102:layer-compute-total: 0.000491000 seconds
[token:79, layer:5] 002:attention-norm: 0.000000000 seconds
[token:79, layer:5] 003:qkv-projection: 0.000108000 seconds
[token:79, layer:5] 004:apply-rope: 0.000002000 seconds
[token:79, layer:5] 005:compute-attention: 0.000012000 seconds
[token:79, layer:5] 006:attention-output: 0.000035000 seconds
[token:79, layer:5] 007:ffn-norm: 0.000000000 seconds
[token:79, layer:5] 008:ffn-up-projection: 0.000191000 seconds
[token:79, layer:5] 009:ffn-swiglu: 0.000001000 seconds
[token:79, layer:5] 010:ffn-down-projection: 0.000136000 seconds
[token:79, layer:5] 102:layer-compute-total: 0.000485000 seconds
[token:79] 011:final-projection: 0.003981000 seconds
[token:79] 103:forward-compute-total: 0.006889000 seconds
[token:80] 001:embedding-lookup: 0.000000000 seconds
[token:80, layer:0] 002:attention-norm: 0.000001000 seconds
[token:80, layer:0] 003:qkv-projection: 0.000116000 seconds
[token:80, layer:0] 004:apply-rope: 0.000001000 seconds
[token:80, layer:0] 005:compute-attention: 0.000013000 seconds
[token:80, layer:0] 006:attention-output: 0.000037000 seconds
[token:80, layer:0] 007:ffn-norm: 0.000000000 seconds
[token:80, layer:0] 008:ffn-up-projection: 0.000195000 seconds
[token:80, layer:0] 009:ffn-swiglu: 0.000001000 seconds
[token:80, layer:0] 010:ffn-down-projection: 0.000139000 seconds
[token:80, layer:0] 102:layer-compute-total: 0.000503000 seconds
[token:80, layer:1] 002:attention-norm: 0.000000000 seconds
[token:80, layer:1] 003:qkv-projection: 0.000109000 seconds
[token:80, layer:1] 004:apply-rope: 0.000002000 seconds
[token:80, layer:1] 005:compute-attention: 0.000015000 seconds
[token:80, layer:1] 006:attention-output: 0.000037000 seconds
[token:80, layer:1] 007:ffn-norm: 0.000000000 seconds
[token:80, layer:1] 008:ffn-up-projection: 0.000193000 seconds
[token:80, layer:1] 009:ffn-swiglu: 0.000001000 seconds
[token:80, layer:1] 010:ffn-down-projection: 0.000137000 seconds
[token:80, layer:1] 102:layer-compute-total: 0.000494000 seconds
[token:80, layer:2] 002:attention-norm: 0.000000000 seconds
[token:80, layer:2] 003:qkv-projection: 0.000107000 seconds
[token:80, layer:2] 004:apply-rope: 0.000001000 seconds
[token:80, layer:2] 005:compute-attention: 0.000015000 seconds
[token:80, layer:2] 006:attention-output: 0.000035000 seconds
[token:80, layer:2] 007:ffn-norm: 0.000000000 seconds
[token:80, layer:2] 008:ffn-up-projection: 0.000205000 seconds
[token:80, layer:2] 009:ffn-swiglu: 0.000001000 seconds
[token:80, layer:2] 010:ffn-down-projection: 0.000215000 seconds
[token:80, layer:2] 102:layer-compute-total: 0.000579000 seconds
[token:80, layer:3] 002:attention-norm: 0.000000000 seconds
[token:80, layer:3] 003:qkv-projection: 0.000111000 seconds
[token:80, layer:3] 004:apply-rope: 0.000001000 seconds
[token:80, layer:3] 005:compute-attention: 0.000017000 seconds
[token:80, layer:3] 006:attention-output: 0.000036000 seconds
[token:80, layer:3] 007:ffn-norm: 0.000000000 seconds
[token:80, layer:3] 008:ffn-up-projection: 0.000193000 seconds
[token:80, layer:3] 009:ffn-swiglu: 0.000001000 seconds
[token:80, layer:3] 010:ffn-down-projection: 0.000140000 seconds
[token:80, layer:3] 102:layer-compute-total: 0.000499000 seconds
[token:80, layer:4] 002:attention-norm: 0.000001000 seconds
[token:80, layer:4] 003:qkv-projection: 0.000105000 seconds
[token:80, layer:4] 004:apply-rope: 0.000001000 seconds
[token:80, layer:4] 005:compute-attention: 0.000016000 seconds
[token:80, layer:4] 006:attention-output: 0.000035000 seconds
[token:80, layer:4] 007:ffn-norm: 0.000000000 seconds
[token:80, layer:4] 008:ffn-up-projection: 0.000188000 seconds
[token:80, layer:4] 009:ffn-swiglu: 0.000001000 seconds
[token:80, layer:4] 010:ffn-down-projection: 0.000135000 seconds
[token:80, layer:4] 102:layer-compute-total: 0.000482000 seconds
[token:80, layer:5] 002:attention-norm: 0.000000000 seconds
[token:80, layer:5] 003:qkv-projection: 0.000105000 seconds
[token:80, layer:5] 004:apply-rope: 0.000001000 seconds
[token:80, layer:5] 005:compute-attention: 0.000017000 seconds
[token:80, layer:5] 006:attention-output: 0.000038000 seconds
[token:80, layer:5] 007:ffn-norm: 0.000000000 seconds
[token:80, layer:5] 008:ffn-up-projection: 0.000199000 seconds
[token:80, layer:5] 009:ffn-swiglu: 0.000001000 seconds
[token:80, layer:5] 010:ffn-down-projection: 0.000136000 seconds
[token:80, layer:5] 102:layer-compute-total: 0.000497000 seconds
[token:80] 011:final-projection: 0.004007000 seconds
[token:80] 103:forward-compute-total: 0.007061000 seconds
[token:81] 001:embedding-lookup: 0.000000000 seconds
[token:81, layer:0] 002:attention-norm: 0.000001000 seconds
[token:81, layer:0] 003:qkv-projection: 0.000110000 seconds
[token:81, layer:0] 004:apply-rope: 0.000003000 seconds
[token:81, layer:0] 005:compute-attention: 0.000017000 seconds
[token:81, layer:0] 006:attention-output: 0.000037000 seconds
[token:81, layer:0] 007:ffn-norm: 0.000001000 seconds
[token:81, layer:0] 008:ffn-up-projection: 0.000196000 seconds
[token:81, layer:0] 009:ffn-swiglu: 0.000001000 seconds
[token:81, layer:0] 010:ffn-down-projection: 0.000139000 seconds
[token:81, layer:0] 102:layer-compute-total: 0.000505000 seconds
[token:81, layer:1] 002:attention-norm: 0.000000000 seconds
[token:81, layer:1] 003:qkv-projection: 0.000114000 seconds
[token:81, layer:1] 004:apply-rope: 0.000002000 seconds
[token:81, layer:1] 005:compute-attention: 0.000017000 seconds
[token:81, layer:1] 006:attention-output: 0.000039000 seconds
[token:81, layer:1] 007:ffn-norm: 0.000000000 seconds
[token:81, layer:1] 008:ffn-up-projection: 0.000202000 seconds
[token:81, layer:1] 009:ffn-swiglu: 0.000001000 seconds
[token:81, layer:1] 010:ffn-down-projection: 0.000134000 seconds
[token:81, layer:1] 102:layer-compute-total: 0.000509000 seconds
[token:81, layer:2] 002:attention-norm: 0.000001000 seconds
[token:81, layer:2] 003:qkv-projection: 0.000108000 seconds
[token:81, layer:2] 004:apply-rope: 0.000001000 seconds
[token:81, layer:2] 005:compute-attention: 0.000019000 seconds
[token:81, layer:2] 006:attention-output: 0.000036000 seconds
[token:81, layer:2] 007:ffn-norm: 0.000000000 seconds
[token:81, layer:2] 008:ffn-up-projection: 0.000190000 seconds
[token:81, layer:2] 009:ffn-swiglu: 0.000001000 seconds
[token:81, layer:2] 010:ffn-down-projection: 0.000139000 seconds
[token:81, layer:2] 102:layer-compute-total: 0.000495000 seconds
[token:81, layer:3] 002:attention-norm: 0.000000000 seconds
[token:81, layer:3] 003:qkv-projection: 0.000107000 seconds
[token:81, layer:3] 004:apply-rope: 0.000024000 seconds
[token:81, layer:3] 005:compute-attention: 0.000020000 seconds
[token:81, layer:3] 006:attention-output: 0.000036000 seconds
[token:81, layer:3] 007:ffn-norm: 0.000000000 seconds
[token:81, layer:3] 008:ffn-up-projection: 0.000192000 seconds
[token:81, layer:3] 009:ffn-swiglu: 0.000001000 seconds
[token:81, layer:3] 010:ffn-down-projection: 0.000140000 seconds
[token:81, layer:3] 102:layer-compute-total: 0.000520000 seconds
[token:81, layer:4] 002:attention-norm: 0.000000000 seconds
[token:81, layer:4] 003:qkv-projection: 0.000107000 seconds
[token:81, layer:4] 004:apply-rope: 0.000001000 seconds
[token:81, layer:4] 005:compute-attention: 0.000018000 seconds
[token:81, layer:4] 006:attention-output: 0.000036000 seconds
[token:81, layer:4] 007:ffn-norm: 0.000000000 seconds
[token:81, layer:4] 008:ffn-up-projection: 0.000190000 seconds
[token:81, layer:4] 009:ffn-swiglu: 0.000001000 seconds
[token:81, layer:4] 010:ffn-down-projection: 0.000138000 seconds
[token:81, layer:4] 102:layer-compute-total: 0.000491000 seconds
[token:81, layer:5] 002:attention-norm: 0.000000000 seconds
[token:81, layer:5] 003:qkv-projection: 0.000106000 seconds
[token:81, layer:5] 004:apply-rope: 0.000001000 seconds
[token:81, layer:5] 005:compute-attention: 0.000018000 seconds
[token:81, layer:5] 006:attention-output: 0.000036000 seconds
[token:81, layer:5] 007:ffn-norm: 0.000001000 seconds
[token:81, layer:5] 008:ffn-up-projection: 0.000196000 seconds
[token:81, layer:5] 009:ffn-swiglu: 0.000001000 seconds
[token:81, layer:5] 010:ffn-down-projection: 0.000136000 seconds
[token:81, layer:5] 102:layer-compute-total: 0.000495000 seconds
[token:81] 011:final-projection: 0.004025000 seconds
[token:81] 103:forward-compute-total: 0.007040000 seconds
[token:82] 001:embedding-lookup: 0.000000000 seconds
[token:82, layer:0] 002:attention-norm: 0.000000000 seconds
[token:82, layer:0] 003:qkv-projection: 0.000109000 seconds
[token:82, layer:0] 004:apply-rope: 0.000003000 seconds
[token:82, layer:0] 005:compute-attention: 0.000017000 seconds
[token:82, layer:0] 006:attention-output: 0.000036000 seconds
[token:82, layer:0] 007:ffn-norm: 0.000001000 seconds
[token:82, layer:0] 008:ffn-up-projection: 0.000190000 seconds
[token:82, layer:0] 009:ffn-swiglu: 0.000001000 seconds
[token:82, layer:0] 010:ffn-down-projection: 0.000137000 seconds
[token:82, layer:0] 102:layer-compute-total: 0.000494000 seconds
[token:82, layer:1] 002:attention-norm: 0.000000000 seconds
[token:82, layer:1] 003:qkv-projection: 0.000108000 seconds
[token:82, layer:1] 004:apply-rope: 0.000002000 seconds
[token:82, layer:1] 005:compute-attention: 0.000017000 seconds
[token:82, layer:1] 006:attention-output: 0.000036000 seconds
[token:82, layer:1] 007:ffn-norm: 0.000000000 seconds
[token:82, layer:1] 008:ffn-up-projection: 0.000190000 seconds
[token:82, layer:1] 009:ffn-swiglu: 0.000001000 seconds
[token:82, layer:1] 010:ffn-down-projection: 0.000137000 seconds
[token:82, layer:1] 102:layer-compute-total: 0.000491000 seconds
[token:82, layer:2] 002:attention-norm: 0.000000000 seconds
[token:82, layer:2] 003:qkv-projection: 0.000107000 seconds
[token:82, layer:2] 004:apply-rope: 0.000001000 seconds
[token:82, layer:2] 005:compute-attention: 0.000017000 seconds
[token:82, layer:2] 006:attention-output: 0.000036000 seconds
[token:82, layer:2] 007:ffn-norm: 0.000001000 seconds
[token:82, layer:2] 008:ffn-up-projection: 0.000189000 seconds
[token:82, layer:2] 009:ffn-swiglu: 0.000001000 seconds
[token:82, layer:2] 010:ffn-down-projection: 0.000138000 seconds
[token:82, layer:2] 102:layer-compute-total: 0.000490000 seconds
[token:82, layer:3] 002:attention-norm: 0.000001000 seconds
[token:82, layer:3] 003:qkv-projection: 0.000115000 seconds
[token:82, layer:3] 004:apply-rope: 0.000001000 seconds
[token:82, layer:3] 005:compute-attention: 0.000022000 seconds
[token:82, layer:3] 006:attention-output: 0.000037000 seconds
[token:82, layer:3] 007:ffn-norm: 0.000000000 seconds
[token:82, layer:3] 008:ffn-up-projection: 0.000194000 seconds
[token:82, layer:3] 009:ffn-swiglu: 0.000001000 seconds
[token:82, layer:3] 010:ffn-down-projection: 0.000139000 seconds
[token:82, layer:3] 102:layer-compute-total: 0.000510000 seconds
[token:82, layer:4] 002:attention-norm: 0.000000000 seconds
[token:82, layer:4] 003:qkv-projection: 0.000111000 seconds
[token:82, layer:4] 004:apply-rope: 0.000002000 seconds
[token:82, layer:4] 005:compute-attention: 0.000018000 seconds
[token:82, layer:4] 006:attention-output: 0.000036000 seconds
[token:82, layer:4] 007:ffn-norm: 0.000000000 seconds
[token:82, layer:4] 008:ffn-up-projection: 0.000194000 seconds
[token:82, layer:4] 009:ffn-swiglu: 0.000001000 seconds
[token:82, layer:4] 010:ffn-down-projection: 0.000142000 seconds
[token:82, layer:4] 102:layer-compute-total: 0.000504000 seconds
[token:82, layer:5] 002:attention-norm: 0.000000000 seconds
[token:82, layer:5] 003:qkv-projection: 0.000107000 seconds
[token:82, layer:5] 004:apply-rope: 0.000001000 seconds
[token:82, layer:5] 005:compute-attention: 0.000017000 seconds
[token:82, layer:5] 006:attention-output: 0.000035000 seconds
[token:82, layer:5] 007:ffn-norm: 0.000000000 seconds
[token:82, layer:5] 008:ffn-up-projection: 0.000195000 seconds
[token:82, layer:5] 009:ffn-swiglu: 0.000001000 seconds
[token:82, layer:5] 010:ffn-down-projection: 0.000139000 seconds
[token:82, layer:5] 102:layer-compute-total: 0.000495000 seconds
[token:82] 011:final-projection: 0.004230000 seconds
[token:82] 103:forward-compute-total: 0.007214000 seconds
[token:83] 001:embedding-lookup: 0.000000000 seconds
[token:83, layer:0] 002:attention-norm: 0.000001000 seconds
[token:83, layer:0] 003:qkv-projection: 0.000109000 seconds
[token:83, layer:0] 004:apply-rope: 0.000001000 seconds
[token:83, layer:0] 005:compute-attention: 0.000019000 seconds
[token:83, layer:0] 006:attention-output: 0.000036000 seconds
[token:83, layer:0] 007:ffn-norm: 0.000001000 seconds
[token:83, layer:0] 008:ffn-up-projection: 0.000193000 seconds
[token:83, layer:0] 009:ffn-swiglu: 0.000001000 seconds
[token:83, layer:0] 010:ffn-down-projection: 0.000137000 seconds
[token:83, layer:0] 102:layer-compute-total: 0.000498000 seconds
[token:83, layer:1] 002:attention-norm: 0.000000000 seconds
[token:83, layer:1] 003:qkv-projection: 0.000107000 seconds
[token:83, layer:1] 004:apply-rope: 0.000002000 seconds
[token:83, layer:1] 005:compute-attention: 0.000018000 seconds
[token:83, layer:1] 006:attention-output: 0.000036000 seconds
[token:83, layer:1] 007:ffn-norm: 0.000000000 seconds
[token:83, layer:1] 008:ffn-up-projection: 0.000194000 seconds
[token:83, layer:1] 009:ffn-swiglu: 0.000001000 seconds
[token:83, layer:1] 010:ffn-down-projection: 0.000136000 seconds
[token:83, layer:1] 102:layer-compute-total: 0.000494000 seconds
[token:83, layer:2] 002:attention-norm: 0.000000000 seconds
[token:83, layer:2] 003:qkv-projection: 0.000110000 seconds
[token:83, layer:2] 004:apply-rope: 0.000001000 seconds
[token:83, layer:2] 005:compute-attention: 0.000019000 seconds
[token:83, layer:2] 006:attention-output: 0.000036000 seconds
[token:83, layer:2] 007:ffn-norm: 0.000000000 seconds
[token:83, layer:2] 008:ffn-up-projection: 0.000190000 seconds
[token:83, layer:2] 009:ffn-swiglu: 0.000001000 seconds
[token:83, layer:2] 010:ffn-down-projection: 0.000140000 seconds
[token:83, layer:2] 102:layer-compute-total: 0.000497000 seconds
[token:83, layer:3] 002:attention-norm: 0.000000000 seconds
[token:83, layer:3] 003:qkv-projection: 0.000112000 seconds
[token:83, layer:3] 004:apply-rope: 0.000001000 seconds
[token:83, layer:3] 005:compute-attention: 0.000019000 seconds
[token:83, layer:3] 006:attention-output: 0.000038000 seconds
[token:83, layer:3] 007:ffn-norm: 0.000000000 seconds
[token:83, layer:3] 008:ffn-up-projection: 0.000202000 seconds
[token:83, layer:3] 009:ffn-swiglu: 0.000001000 seconds
[token:83, layer:3] 010:ffn-down-projection: 0.000137000 seconds
[token:83, layer:3] 102:layer-compute-total: 0.000510000 seconds
[token:83, layer:4] 002:attention-norm: 0.000000000 seconds
[token:83, layer:4] 003:qkv-projection: 0.000107000 seconds
[token:83, layer:4] 004:apply-rope: 0.000001000 seconds
[token:83, layer:4] 005:compute-attention: 0.000020000 seconds
[token:83, layer:4] 006:attention-output: 0.000039000 seconds
[token:83, layer:4] 007:ffn-norm: 0.000000000 seconds
[token:83, layer:4] 008:ffn-up-projection: 0.000194000 seconds
[token:83, layer:4] 009:ffn-swiglu: 0.000001000 seconds
[token:83, layer:4] 010:ffn-down-projection: 0.000143000 seconds
[token:83, layer:4] 102:layer-compute-total: 0.000505000 seconds
[token:83, layer:5] 002:attention-norm: 0.000000000 seconds
[token:83, layer:5] 003:qkv-projection: 0.000110000 seconds
[token:83, layer:5] 004:apply-rope: 0.000002000 seconds
[token:83, layer:5] 005:compute-attention: 0.000018000 seconds
[token:83, layer:5] 006:attention-output: 0.000035000 seconds
[token:83, layer:5] 007:ffn-norm: 0.000000000 seconds
[token:83, layer:5] 008:ffn-up-projection: 0.000187000 seconds
[token:83, layer:5] 009:ffn-swiglu: 0.000001000 seconds
[token:83, layer:5] 010:ffn-down-projection: 0.000141000 seconds
[token:83, layer:5] 102:layer-compute-total: 0.000494000 seconds
[token:83] 011:final-projection: 0.003952000 seconds
[token:83] 103:forward-compute-total: 0.006950000 seconds
[token:84] 001:embedding-lookup: 0.000000000 seconds
[token:84, layer:0] 002:attention-norm: 0.000001000 seconds
[token:84, layer:0] 003:qkv-projection: 0.000112000 seconds
[token:84, layer:0] 004:apply-rope: 0.000002000 seconds
[token:84, layer:0] 005:compute-attention: 0.000016000 seconds
[token:84, layer:0] 006:attention-output: 0.000035000 seconds
[token:84, layer:0] 007:ffn-norm: 0.000000000 seconds
[token:84, layer:0] 008:ffn-up-projection: 0.000187000 seconds
[token:84, layer:0] 009:ffn-swiglu: 0.000001000 seconds
[token:84, layer:0] 010:ffn-down-projection: 0.000134000 seconds
[token:84, layer:0] 102:layer-compute-total: 0.000488000 seconds
[token:84, layer:1] 002:attention-norm: 0.000000000 seconds
[token:84, layer:1] 003:qkv-projection: 0.000105000 seconds
[token:84, layer:1] 004:apply-rope: 0.000001000 seconds
[token:84, layer:1] 005:compute-attention: 0.000015000 seconds
[token:84, layer:1] 006:attention-output: 0.000036000 seconds
[token:84, layer:1] 007:ffn-norm: 0.000001000 seconds
[token:84, layer:1] 008:ffn-up-projection: 0.000187000 seconds
[token:84, layer:1] 009:ffn-swiglu: 0.000001000 seconds
[token:84, layer:1] 010:ffn-down-projection: 0.000134000 seconds
[token:84, layer:1] 102:layer-compute-total: 0.000480000 seconds
[token:84, layer:2] 002:attention-norm: 0.000000000 seconds
[token:84, layer:2] 003:qkv-projection: 0.000110000 seconds
[token:84, layer:2] 004:apply-rope: 0.000001000 seconds
[token:84, layer:2] 005:compute-attention: 0.000016000 seconds
[token:84, layer:2] 006:attention-output: 0.000035000 seconds
[token:84, layer:2] 007:ffn-norm: 0.000000000 seconds
[token:84, layer:2] 008:ffn-up-projection: 0.000186000 seconds
[token:84, layer:2] 009:ffn-swiglu: 0.000001000 seconds
[token:84, layer:2] 010:ffn-down-projection: 0.000133000 seconds
[token:84, layer:2] 102:layer-compute-total: 0.000482000 seconds
[token:84, layer:3] 002:attention-norm: 0.000001000 seconds
[token:84, layer:3] 003:qkv-projection: 0.000107000 seconds
[token:84, layer:3] 004:apply-rope: 0.000001000 seconds
[token:84, layer:3] 005:compute-attention: 0.000018000 seconds
[token:84, layer:3] 006:attention-output: 0.000041000 seconds
[token:84, layer:3] 007:ffn-norm: 0.000001000 seconds
[token:84, layer:3] 008:ffn-up-projection: 0.000194000 seconds
[token:84, layer:3] 009:ffn-swiglu: 0.000001000 seconds
[token:84, layer:3] 010:ffn-down-projection: 0.000133000 seconds
[token:84, layer:3] 102:layer-compute-total: 0.000497000 seconds
[token:84, layer:4] 002:attention-norm: 0.000001000 seconds
[token:84, layer:4] 003:qkv-projection: 0.000111000 seconds
[token:84, layer:4] 004:apply-rope: 0.000002000 seconds
[token:84, layer:4] 005:compute-attention: 0.000017000 seconds
[token:84, layer:4] 006:attention-output: 0.000035000 seconds
[token:84, layer:4] 007:ffn-norm: 0.000000000 seconds
[token:84, layer:4] 008:ffn-up-projection: 0.000200000 seconds
[token:84, layer:4] 009:ffn-swiglu: 0.000001000 seconds
[token:84, layer:4] 010:ffn-down-projection: 0.000139000 seconds
[token:84, layer:4] 102:layer-compute-total: 0.000506000 seconds
[token:84, layer:5] 002:attention-norm: 0.000000000 seconds
[token:84, layer:5] 003:qkv-projection: 0.000109000 seconds
[token:84, layer:5] 004:apply-rope: 0.000002000 seconds
[token:84, layer:5] 005:compute-attention: 0.000016000 seconds
[token:84, layer:5] 006:attention-output: 0.000037000 seconds
[token:84, layer:5] 007:ffn-norm: 0.000000000 seconds
[token:84, layer:5] 008:ffn-up-projection: 0.000190000 seconds
[token:84, layer:5] 009:ffn-swiglu: 0.000001000 seconds
[token:84, layer:5] 010:ffn-down-projection: 0.000135000 seconds
[token:84, layer:5] 102:layer-compute-total: 0.000490000 seconds
[token:84] 011:final-projection: 0.004285000 seconds
[token:84] 103:forward-compute-total: 0.007228000 seconds
[token:85] 001:embedding-lookup: 0.000000000 seconds
[token:85, layer:0] 002:attention-norm: 0.000000000 seconds
[token:85, layer:0] 003:qkv-projection: 0.000115000 seconds
[token:85, layer:0] 004:apply-rope: 0.000002000 seconds
[token:85, layer:0] 005:compute-attention: 0.000018000 seconds
[token:85, layer:0] 006:attention-output: 0.000036000 seconds
[token:85, layer:0] 007:ffn-norm: 0.000000000 seconds
[token:85, layer:0] 008:ffn-up-projection: 0.000194000 seconds
[token:85, layer:0] 009:ffn-swiglu: 0.000001000 seconds
[token:85, layer:0] 010:ffn-down-projection: 0.000138000 seconds
[token:85, layer:0] 102:layer-compute-total: 0.000504000 seconds
[token:85, layer:1] 002:attention-norm: 0.000000000 seconds
[token:85, layer:1] 003:qkv-projection: 0.000109000 seconds
[token:85, layer:1] 004:apply-rope: 0.000001000 seconds
[token:85, layer:1] 005:compute-attention: 0.000018000 seconds
[token:85, layer:1] 006:attention-output: 0.000035000 seconds
[token:85, layer:1] 007:ffn-norm: 0.000001000 seconds
[token:85, layer:1] 008:ffn-up-projection: 0.000186000 seconds
[token:85, layer:1] 009:ffn-swiglu: 0.000001000 seconds
[token:85, layer:1] 010:ffn-down-projection: 0.000134000 seconds
[token:85, layer:1] 102:layer-compute-total: 0.000485000 seconds
[token:85, layer:2] 002:attention-norm: 0.000000000 seconds
[token:85, layer:2] 003:qkv-projection: 0.000110000 seconds
[token:85, layer:2] 004:apply-rope: 0.000002000 seconds
[token:85, layer:2] 005:compute-attention: 0.000018000 seconds
[token:85, layer:2] 006:attention-output: 0.000038000 seconds
[token:85, layer:2] 007:ffn-norm: 0.000000000 seconds
[token:85, layer:2] 008:ffn-up-projection: 0.000195000 seconds
[token:85, layer:2] 009:ffn-swiglu: 0.000001000 seconds
[token:85, layer:2] 010:ffn-down-projection: 0.000140000 seconds
[token:85, layer:2] 102:layer-compute-total: 0.000504000 seconds
[token:85, layer:3] 002:attention-norm: 0.000001000 seconds
[token:85, layer:3] 003:qkv-projection: 0.000110000 seconds
[token:85, layer:3] 004:apply-rope: 0.000002000 seconds
[token:85, layer:3] 005:compute-attention: 0.000018000 seconds
[token:85, layer:3] 006:attention-output: 0.000039000 seconds
[token:85, layer:3] 007:ffn-norm: 0.000000000 seconds
[token:85, layer:3] 008:ffn-up-projection: 0.000193000 seconds
[token:85, layer:3] 009:ffn-swiglu: 0.000001000 seconds
[token:85, layer:3] 010:ffn-down-projection: 0.000134000 seconds
[token:85, layer:3] 102:layer-compute-total: 0.000498000 seconds
[token:85, layer:4] 002:attention-norm: 0.000000000 seconds
[token:85, layer:4] 003:qkv-projection: 0.000107000 seconds
[token:85, layer:4] 004:apply-rope: 0.000001000 seconds
[token:85, layer:4] 005:compute-attention: 0.000018000 seconds
[token:85, layer:4] 006:attention-output: 0.000040000 seconds
[token:85, layer:4] 007:ffn-norm: 0.000000000 seconds
[token:85, layer:4] 008:ffn-up-projection: 0.000190000 seconds
[token:85, layer:4] 009:ffn-swiglu: 0.000001000 seconds
[token:85, layer:4] 010:ffn-down-projection: 0.000146000 seconds
[token:85, layer:4] 102:layer-compute-total: 0.000503000 seconds
[token:85, layer:5] 002:attention-norm: 0.000000000 seconds
[token:85, layer:5] 003:qkv-projection: 0.000108000 seconds
[token:85, layer:5] 004:apply-rope: 0.000001000 seconds
[token:85, layer:5] 005:compute-attention: 0.000018000 seconds
[token:85, layer:5] 006:attention-output: 0.000035000 seconds
[token:85, layer:5] 007:ffn-norm: 0.000000000 seconds
[token:85, layer:5] 008:ffn-up-projection: 0.000186000 seconds
[token:85, layer:5] 009:ffn-swiglu: 0.000001000 seconds
[token:85, layer:5] 010:ffn-down-projection: 0.000134000 seconds
[token:85, layer:5] 102:layer-compute-total: 0.000483000 seconds
[token:85] 011:final-projection: 0.003922000 seconds
[token:85] 103:forward-compute-total: 0.006899000 seconds
[token:86] 001:embedding-lookup: 0.000000000 seconds
[token:86, layer:0] 002:attention-norm: 0.000001000 seconds
[token:86, layer:0] 003:qkv-projection: 0.000112000 seconds
[token:86, layer:0] 004:apply-rope: 0.000001000 seconds
[token:86, layer:0] 005:compute-attention: 0.000014000 seconds
[token:86, layer:0] 006:attention-output: 0.000036000 seconds
[token:86, layer:0] 007:ffn-norm: 0.000000000 seconds
[token:86, layer:0] 008:ffn-up-projection: 0.000187000 seconds
[token:86, layer:0] 009:ffn-swiglu: 0.000001000 seconds
[token:86, layer:0] 010:ffn-down-projection: 0.000134000 seconds
[token:86, layer:0] 102:layer-compute-total: 0.000486000 seconds
[token:86, layer:1] 002:attention-norm: 0.000000000 seconds
[token:86, layer:1] 003:qkv-projection: 0.000105000 seconds
[token:86, layer:1] 004:apply-rope: 0.000002000 seconds
[token:86, layer:1] 005:compute-attention: 0.000013000 seconds
[token:86, layer:1] 006:attention-output: 0.000035000 seconds
[token:86, layer:1] 007:ffn-norm: 0.000000000 seconds
[token:86, layer:1] 008:ffn-up-projection: 0.000187000 seconds
[token:86, layer:1] 009:ffn-swiglu: 0.000001000 seconds
[token:86, layer:1] 010:ffn-down-projection: 0.000134000 seconds
[token:86, layer:1] 102:layer-compute-total: 0.000477000 seconds
[token:86, layer:2] 002:attention-norm: 0.000001000 seconds
[token:86, layer:2] 003:qkv-projection: 0.000106000 seconds
[token:86, layer:2] 004:apply-rope: 0.000001000 seconds
[token:86, layer:2] 005:compute-attention: 0.000014000 seconds
[token:86, layer:2] 006:attention-output: 0.000035000 seconds
[token:86, layer:2] 007:ffn-norm: 0.000001000 seconds
[token:86, layer:2] 008:ffn-up-projection: 0.000188000 seconds
[token:86, layer:2] 009:ffn-swiglu: 0.000001000 seconds
[token:86, layer:2] 010:ffn-down-projection: 0.000139000 seconds
[token:86, layer:2] 102:layer-compute-total: 0.000486000 seconds
[token:86, layer:3] 002:attention-norm: 0.000001000 seconds
[token:86, layer:3] 003:qkv-projection: 0.000105000 seconds
[token:86, layer:3] 004:apply-rope: 0.000001000 seconds
[token:86, layer:3] 005:compute-attention: 0.000013000 seconds
[token:86, layer:3] 006:attention-output: 0.000035000 seconds
[token:86, layer:3] 007:ffn-norm: 0.000001000 seconds
[token:86, layer:3] 008:ffn-up-projection: 0.000187000 seconds
[token:86, layer:3] 009:ffn-swiglu: 0.000001000 seconds
[token:86, layer:3] 010:ffn-down-projection: 0.000134000 seconds
[token:86, layer:3] 102:layer-compute-total: 0.000478000 seconds
[token:86, layer:4] 002:attention-norm: 0.000001000 seconds
[token:86, layer:4] 003:qkv-projection: 0.000105000 seconds
[token:86, layer:4] 004:apply-rope: 0.000001000 seconds
[token:86, layer:4] 005:compute-attention: 0.000014000 seconds
[token:86, layer:4] 006:attention-output: 0.000036000 seconds
[token:86, layer:4] 007:ffn-norm: 0.000000000 seconds
[token:86, layer:4] 008:ffn-up-projection: 0.000189000 seconds
[token:86, layer:4] 009:ffn-swiglu: 0.000001000 seconds
[token:86, layer:4] 010:ffn-down-projection: 0.000140000 seconds
[token:86, layer:4] 102:layer-compute-total: 0.000487000 seconds
[token:86, layer:5] 002:attention-norm: 0.000000000 seconds
[token:86, layer:5] 003:qkv-projection: 0.000104000 seconds
[token:86, layer:5] 004:apply-rope: 0.000001000 seconds
[token:86, layer:5] 005:compute-attention: 0.000013000 seconds
[token:86, layer:5] 006:attention-output: 0.000035000 seconds
[token:86, layer:5] 007:ffn-norm: 0.000000000 seconds
[token:86, layer:5] 008:ffn-up-projection: 0.000187000 seconds
[token:86, layer:5] 009:ffn-swiglu: 0.000001000 seconds
[token:86, layer:5] 010:ffn-down-projection: 0.000134000 seconds
[token:86, layer:5] 102:layer-compute-total: 0.000475000 seconds
[token:86] 011:final-projection: 0.004177000 seconds
[token:86] 103:forward-compute-total: 0.007066000 seconds
[token:87] 001:embedding-lookup: 0.000000000 seconds
[token:87, layer:0] 002:attention-norm: 0.000000000 seconds
[token:87, layer:0] 003:qkv-projection: 0.000112000 seconds
[token:87, layer:0] 004:apply-rope: 0.000002000 seconds
[token:87, layer:0] 005:compute-attention: 0.000018000 seconds
[token:87, layer:0] 006:attention-output: 0.000035000 seconds
[token:87, layer:0] 007:ffn-norm: 0.000000000 seconds
[token:87, layer:0] 008:ffn-up-projection: 0.000187000 seconds
[token:87, layer:0] 009:ffn-swiglu: 0.000001000 seconds
[token:87, layer:0] 010:ffn-down-projection: 0.000134000 seconds
[token:87, layer:0] 102:layer-compute-total: 0.000489000 seconds
[token:87, layer:1] 002:attention-norm: 0.000001000 seconds
[token:87, layer:1] 003:qkv-projection: 0.000105000 seconds
[token:87, layer:1] 004:apply-rope: 0.000001000 seconds
[token:87, layer:1] 005:compute-attention: 0.000017000 seconds
[token:87, layer:1] 006:attention-output: 0.000035000 seconds
[token:87, layer:1] 007:ffn-norm: 0.000001000 seconds
[token:87, layer:1] 008:ffn-up-projection: 0.000187000 seconds
[token:87, layer:1] 009:ffn-swiglu: 0.000001000 seconds
[token:87, layer:1] 010:ffn-down-projection: 0.000134000 seconds
[token:87, layer:1] 102:layer-compute-total: 0.000482000 seconds
[token:87, layer:2] 002:attention-norm: 0.000000000 seconds
[token:87, layer:2] 003:qkv-projection: 0.000105000 seconds
[token:87, layer:2] 004:apply-rope: 0.000001000 seconds
[token:87, layer:2] 005:compute-attention: 0.000018000 seconds
[token:87, layer:2] 006:attention-output: 0.000036000 seconds
[token:87, layer:2] 007:ffn-norm: 0.000001000 seconds
[token:87, layer:2] 008:ffn-up-projection: 0.000187000 seconds
[token:87, layer:2] 009:ffn-swiglu: 0.000001000 seconds
[token:87, layer:2] 010:ffn-down-projection: 0.000134000 seconds
[token:87, layer:2] 102:layer-compute-total: 0.000483000 seconds
[token:87, layer:3] 002:attention-norm: 0.000001000 seconds
[token:87, layer:3] 003:qkv-projection: 0.000105000 seconds
[token:87, layer:3] 004:apply-rope: 0.000001000 seconds
[token:87, layer:3] 005:compute-attention: 0.000017000 seconds
[token:87, layer:3] 006:attention-output: 0.000035000 seconds
[token:87, layer:3] 007:ffn-norm: 0.000000000 seconds
[token:87, layer:3] 008:ffn-up-projection: 0.000186000 seconds
[token:87, layer:3] 009:ffn-swiglu: 0.000001000 seconds
[token:87, layer:3] 010:ffn-down-projection: 0.000134000 seconds
[token:87, layer:3] 102:layer-compute-total: 0.000480000 seconds
[token:87, layer:4] 002:attention-norm: 0.000000000 seconds
[token:87, layer:4] 003:qkv-projection: 0.000106000 seconds
[token:87, layer:4] 004:apply-rope: 0.000001000 seconds
[token:87, layer:4] 005:compute-attention: 0.000017000 seconds
[token:87, layer:4] 006:attention-output: 0.000035000 seconds
[token:87, layer:4] 007:ffn-norm: 0.000000000 seconds
[token:87, layer:4] 008:ffn-up-projection: 0.000187000 seconds
[token:87, layer:4] 009:ffn-swiglu: 0.000001000 seconds
[token:87, layer:4] 010:ffn-down-projection: 0.000133000 seconds
[token:87, layer:4] 102:layer-compute-total: 0.000480000 seconds
[token:87, layer:5] 002:attention-norm: 0.000000000 seconds
[token:87, layer:5] 003:qkv-projection: 0.000105000 seconds
[token:87, layer:5] 004:apply-rope: 0.000001000 seconds
[token:87, layer:5] 005:compute-attention: 0.000017000 seconds
[token:87, layer:5] 006:attention-output: 0.000035000 seconds
[token:87, layer:5] 007:ffn-norm: 0.000000000 seconds
[token:87, layer:5] 008:ffn-up-projection: 0.000187000 seconds
[token:87, layer:5] 009:ffn-swiglu: 0.000001000 seconds
[token:87, layer:5] 010:ffn-down-projection: 0.000134000 seconds
[token:87, layer:5] 102:layer-compute-total: 0.000480000 seconds
[token:87] 011:final-projection: 0.003981000 seconds
[token:87] 103:forward-compute-total: 0.006875000 seconds
[token:88] 001:embedding-lookup: 0.000001000 seconds
[token:88, layer:0] 002:attention-norm: 0.000000000 seconds
[token:88, layer:0] 003:qkv-projection: 0.000111000 seconds
[token:88, layer:0] 004:apply-rope: 0.000002000 seconds
[token:88, layer:0] 005:compute-attention: 0.000014000 seconds
[token:88, layer:0] 006:attention-output: 0.000036000 seconds
[token:88, layer:0] 007:ffn-norm: 0.000000000 seconds
[token:88, layer:0] 008:ffn-up-projection: 0.000186000 seconds
[token:88, layer:0] 009:ffn-swiglu: 0.000001000 seconds
[token:88, layer:0] 010:ffn-down-projection: 0.000134000 seconds
[token:88, layer:0] 102:layer-compute-total: 0.000484000 seconds
[token:88, layer:1] 002:attention-norm: 0.000000000 seconds
[token:88, layer:1] 003:qkv-projection: 0.000105000 seconds
[token:88, layer:1] 004:apply-rope: 0.000001000 seconds
[token:88, layer:1] 005:compute-attention: 0.000014000 seconds
[token:88, layer:1] 006:attention-output: 0.000036000 seconds
[token:88, layer:1] 007:ffn-norm: 0.000000000 seconds
[token:88, layer:1] 008:ffn-up-projection: 0.000186000 seconds
[token:88, layer:1] 009:ffn-swiglu: 0.000001000 seconds
[token:88, layer:1] 010:ffn-down-projection: 0.000134000 seconds
[token:88, layer:1] 102:layer-compute-total: 0.000477000 seconds
[token:88, layer:2] 002:attention-norm: 0.000001000 seconds
[token:88, layer:2] 003:qkv-projection: 0.000105000 seconds
[token:88, layer:2] 004:apply-rope: 0.000002000 seconds
[token:88, layer:2] 005:compute-attention: 0.000014000 seconds
[token:88, layer:2] 006:attention-output: 0.000036000 seconds
[token:88, layer:2] 007:ffn-norm: 0.000000000 seconds
[token:88, layer:2] 008:ffn-up-projection: 0.000187000 seconds
[token:88, layer:2] 009:ffn-swiglu: 0.000001000 seconds
[token:88, layer:2] 010:ffn-down-projection: 0.000134000 seconds
[token:88, layer:2] 102:layer-compute-total: 0.000480000 seconds
[token:88, layer:3] 002:attention-norm: 0.000000000 seconds
[token:88, layer:3] 003:qkv-projection: 0.000105000 seconds
[token:88, layer:3] 004:apply-rope: 0.000001000 seconds
[token:88, layer:3] 005:compute-attention: 0.000013000 seconds
[token:88, layer:3] 006:attention-output: 0.000035000 seconds
[token:88, layer:3] 007:ffn-norm: 0.000000000 seconds
[token:88, layer:3] 008:ffn-up-projection: 0.000186000 seconds
[token:88, layer:3] 009:ffn-swiglu: 0.000001000 seconds
[token:88, layer:3] 010:ffn-down-projection: 0.000133000 seconds
[token:88, layer:3] 102:layer-compute-total: 0.000474000 seconds
[token:88, layer:4] 002:attention-norm: 0.000001000 seconds
[token:88, layer:4] 003:qkv-projection: 0.000106000 seconds
[token:88, layer:4] 004:apply-rope: 0.000001000 seconds
[token:88, layer:4] 005:compute-attention: 0.000014000 seconds
[token:88, layer:4] 006:attention-output: 0.000035000 seconds
[token:88, layer:4] 007:ffn-norm: 0.000000000 seconds
[token:88, layer:4] 008:ffn-up-projection: 0.000187000 seconds
[token:88, layer:4] 009:ffn-swiglu: 0.000001000 seconds
[token:88, layer:4] 010:ffn-down-projection: 0.000134000 seconds
[token:88, layer:4] 102:layer-compute-total: 0.000479000 seconds
[token:88, layer:5] 002:attention-norm: 0.000000000 seconds
[token:88, layer:5] 003:qkv-projection: 0.000105000 seconds
[token:88, layer:5] 004:apply-rope: 0.000001000 seconds
[token:88, layer:5] 005:compute-attention: 0.000014000 seconds
[token:88, layer:5] 006:attention-output: 0.000036000 seconds
[token:88, layer:5] 007:ffn-norm: 0.000000000 seconds
[token:88, layer:5] 008:ffn-up-projection: 0.000187000 seconds
[token:88, layer:5] 009:ffn-swiglu: 0.000001000 seconds
[token:88, layer:5] 010:ffn-down-projection: 0.000134000 seconds
[token:88, layer:5] 102:layer-compute-total: 0.000478000 seconds
[token:88] 011:final-projection: 0.004019000 seconds
[token:88] 103:forward-compute-total: 0.006892000 seconds
[token:89] 001:embedding-lookup: 0.000000000 seconds
[token:89, layer:0] 002:attention-norm: 0.000001000 seconds
[token:89, layer:0] 003:qkv-projection: 0.000124000 seconds
[token:89, layer:0] 004:apply-rope: 0.000002000 seconds
[token:89, layer:0] 005:compute-attention: 0.000019000 seconds
[token:89, layer:0] 006:attention-output: 0.000043000 seconds
[token:89, layer:0] 007:ffn-norm: 0.000000000 seconds
[token:89, layer:0] 008:ffn-up-projection: 0.000322000 seconds
[token:89, layer:0] 009:ffn-swiglu: 0.000001000 seconds
[token:89, layer:0] 010:ffn-down-projection: 0.000140000 seconds
[token:89, layer:0] 102:layer-compute-total: 0.000652000 seconds
[token:89, layer:1] 002:attention-norm: 0.000000000 seconds
[token:89, layer:1] 003:qkv-projection: 0.000106000 seconds
[token:89, layer:1] 004:apply-rope: 0.000002000 seconds
[token:89, layer:1] 005:compute-attention: 0.000017000 seconds
[token:89, layer:1] 006:attention-output: 0.000038000 seconds
[token:89, layer:1] 007:ffn-norm: 0.000001000 seconds
[token:89, layer:1] 008:ffn-up-projection: 0.000187000 seconds
[token:89, layer:1] 009:ffn-swiglu: 0.000001000 seconds
[token:89, layer:1] 010:ffn-down-projection: 0.000142000 seconds
[token:89, layer:1] 102:layer-compute-total: 0.000494000 seconds
[token:89, layer:2] 002:attention-norm: 0.000001000 seconds
[token:89, layer:2] 003:qkv-projection: 0.000106000 seconds
[token:89, layer:2] 004:apply-rope: 0.000001000 seconds
[token:89, layer:2] 005:compute-attention: 0.000018000 seconds
[token:89, layer:2] 006:attention-output: 0.000036000 seconds
[token:89, layer:2] 007:ffn-norm: 0.000000000 seconds
[token:89, layer:2] 008:ffn-up-projection: 0.000186000 seconds
[token:89, layer:2] 009:ffn-swiglu: 0.000001000 seconds
[token:89, layer:2] 010:ffn-down-projection: 0.000134000 seconds
[token:89, layer:2] 102:layer-compute-total: 0.000483000 seconds
[token:89, layer:3] 002:attention-norm: 0.000001000 seconds
[token:89, layer:3] 003:qkv-projection: 0.000105000 seconds
[token:89, layer:3] 004:apply-rope: 0.000001000 seconds
[token:89, layer:3] 005:compute-attention: 0.000017000 seconds
[token:89, layer:3] 006:attention-output: 0.000035000 seconds
[token:89, layer:3] 007:ffn-norm: 0.000001000 seconds
[token:89, layer:3] 008:ffn-up-projection: 0.000187000 seconds
[token:89, layer:3] 009:ffn-swiglu: 0.000001000 seconds
[token:89, layer:3] 010:ffn-down-projection: 0.000136000 seconds
[token:89, layer:3] 102:layer-compute-total: 0.000484000 seconds
[token:89, layer:4] 002:attention-norm: 0.000001000 seconds
[token:89, layer:4] 003:qkv-projection: 0.000106000 seconds
[token:89, layer:4] 004:apply-rope: 0.000001000 seconds
[token:89, layer:4] 005:compute-attention: 0.000019000 seconds
[token:89, layer:4] 006:attention-output: 0.000038000 seconds
[token:89, layer:4] 007:ffn-norm: 0.000001000 seconds
[token:89, layer:4] 008:ffn-up-projection: 0.000186000 seconds
[token:89, layer:4] 009:ffn-swiglu: 0.000001000 seconds
[token:89, layer:4] 010:ffn-down-projection: 0.000134000 seconds
[token:89, layer:4] 102:layer-compute-total: 0.000487000 seconds
[token:89, layer:5] 002:attention-norm: 0.000001000 seconds
[token:89, layer:5] 003:qkv-projection: 0.000105000 seconds
[token:89, layer:5] 004:apply-rope: 0.000002000 seconds
[token:89, layer:5] 005:compute-attention: 0.000017000 seconds
[token:89, layer:5] 006:attention-output: 0.000035000 seconds
[token:89, layer:5] 007:ffn-norm: 0.000000000 seconds
[token:89, layer:5] 008:ffn-up-projection: 0.000187000 seconds
[token:89, layer:5] 009:ffn-swiglu: 0.000001000 seconds
[token:89, layer:5] 010:ffn-down-projection: 0.000133000 seconds
[token:89, layer:5] 102:layer-compute-total: 0.000481000 seconds
[token:89] 011:final-projection: 0.003979000 seconds
[token:89] 103:forward-compute-total: 0.007060000 seconds
[token:90] 001:embedding-lookup: 0.000000000 seconds
[token:90, layer:0] 002:attention-norm: 0.000001000 seconds
[token:90, layer:0] 003:qkv-projection: 0.000111000 seconds
[token:90, layer:0] 004:apply-rope: 0.000001000 seconds
[token:90, layer:0] 005:compute-attention: 0.000020000 seconds
[token:90, layer:0] 006:attention-output: 0.000036000 seconds
[token:90, layer:0] 007:ffn-norm: 0.000001000 seconds
[token:90, layer:0] 008:ffn-up-projection: 0.000194000 seconds
[token:90, layer:0] 009:ffn-swiglu: 0.000001000 seconds
[token:90, layer:0] 010:ffn-down-projection: 0.000137000 seconds
[token:90, layer:0] 102:layer-compute-total: 0.000502000 seconds
[token:90, layer:1] 002:attention-norm: 0.000000000 seconds
[token:90, layer:1] 003:qkv-projection: 0.000107000 seconds
[token:90, layer:1] 004:apply-rope: 0.000001000 seconds
[token:90, layer:1] 005:compute-attention: 0.000015000 seconds
[token:90, layer:1] 006:attention-output: 0.000036000 seconds
[token:90, layer:1] 007:ffn-norm: 0.000000000 seconds
[token:90, layer:1] 008:ffn-up-projection: 0.000188000 seconds
[token:90, layer:1] 009:ffn-swiglu: 0.000001000 seconds
[token:90, layer:1] 010:ffn-down-projection: 0.000134000 seconds
[token:90, layer:1] 102:layer-compute-total: 0.000482000 seconds
[token:90, layer:2] 002:attention-norm: 0.000000000 seconds
[token:90, layer:2] 003:qkv-projection: 0.000106000 seconds
[token:90, layer:2] 004:apply-rope: 0.000001000 seconds
[token:90, layer:2] 005:compute-attention: 0.000014000 seconds
[token:90, layer:2] 006:attention-output: 0.000035000 seconds
[token:90, layer:2] 007:ffn-norm: 0.000001000 seconds
[token:90, layer:2] 008:ffn-up-projection: 0.000187000 seconds
[token:90, layer:2] 009:ffn-swiglu: 0.000001000 seconds
[token:90, layer:2] 010:ffn-down-projection: 0.000134000 seconds
[token:90, layer:2] 102:layer-compute-total: 0.000479000 seconds
[token:90, layer:3] 002:attention-norm: 0.000000000 seconds
[token:90, layer:3] 003:qkv-projection: 0.000105000 seconds
[token:90, layer:3] 004:apply-rope: 0.000001000 seconds
[token:90, layer:3] 005:compute-attention: 0.000014000 seconds
[token:90, layer:3] 006:attention-output: 0.000035000 seconds
[token:90, layer:3] 007:ffn-norm: 0.000000000 seconds
[token:90, layer:3] 008:ffn-up-projection: 0.000186000 seconds
[token:90, layer:3] 009:ffn-swiglu: 0.000001000 seconds
[token:90, layer:3] 010:ffn-down-projection: 0.000134000 seconds
[token:90, layer:3] 102:layer-compute-total: 0.000476000 seconds
[token:90, layer:4] 002:attention-norm: 0.000000000 seconds
[token:90, layer:4] 003:qkv-projection: 0.000105000 seconds
[token:90, layer:4] 004:apply-rope: 0.000001000 seconds
[token:90, layer:4] 005:compute-attention: 0.000014000 seconds
[token:90, layer:4] 006:attention-output: 0.000035000 seconds
[token:90, layer:4] 007:ffn-norm: 0.000001000 seconds
[token:90, layer:4] 008:ffn-up-projection: 0.000187000 seconds
[token:90, layer:4] 009:ffn-swiglu: 0.000001000 seconds
[token:90, layer:4] 010:ffn-down-projection: 0.000134000 seconds
[token:90, layer:4] 102:layer-compute-total: 0.000478000 seconds
[token:90, layer:5] 002:attention-norm: 0.000000000 seconds
[token:90, layer:5] 003:qkv-projection: 0.000109000 seconds
[token:90, layer:5] 004:apply-rope: 0.000001000 seconds
[token:90, layer:5] 005:compute-attention: 0.000014000 seconds
[token:90, layer:5] 006:attention-output: 0.000035000 seconds
[token:90, layer:5] 007:ffn-norm: 0.000000000 seconds
[token:90, layer:5] 008:ffn-up-projection: 0.000187000 seconds
[token:90, layer:5] 009:ffn-swiglu: 0.000001000 seconds
[token:90, layer:5] 010:ffn-down-projection: 0.000134000 seconds
[token:90, layer:5] 102:layer-compute-total: 0.000481000 seconds
[token:90] 011:final-projection: 0.003950000 seconds
[token:90] 103:forward-compute-total: 0.006848000 seconds
[token:91] 001:embedding-lookup: 0.000000000 seconds
[token:91, layer:0] 002:attention-norm: 0.000001000 seconds
[token:91, layer:0] 003:qkv-projection: 0.000112000 seconds
[token:91, layer:0] 004:apply-rope: 0.000002000 seconds
[token:91, layer:0] 005:compute-attention: 0.000013000 seconds
[token:91, layer:0] 006:attention-output: 0.000036000 seconds
[token:91, layer:0] 007:ffn-norm: 0.000001000 seconds
[token:91, layer:0] 008:ffn-up-projection: 0.000195000 seconds
[token:91, layer:0] 009:ffn-swiglu: 0.000001000 seconds
[token:91, layer:0] 010:ffn-down-projection: 0.000139000 seconds
[token:91, layer:0] 102:layer-compute-total: 0.000500000 seconds
[token:91, layer:1] 002:attention-norm: 0.000000000 seconds
[token:91, layer:1] 003:qkv-projection: 0.000107000 seconds
[token:91, layer:1] 004:apply-rope: 0.000002000 seconds
[token:91, layer:1] 005:compute-attention: 0.000014000 seconds
[token:91, layer:1] 006:attention-output: 0.000035000 seconds
[token:91, layer:1] 007:ffn-norm: 0.000000000 seconds
[token:91, layer:1] 008:ffn-up-projection: 0.000190000 seconds
[token:91, layer:1] 009:ffn-swiglu: 0.000001000 seconds
[token:91, layer:1] 010:ffn-down-projection: 0.000135000 seconds
[token:91, layer:1] 102:layer-compute-total: 0.000484000 seconds
[token:91, layer:2] 002:attention-norm: 0.000000000 seconds
[token:91, layer:2] 003:qkv-projection: 0.000107000 seconds
[token:91, layer:2] 004:apply-rope: 0.000002000 seconds
[token:91, layer:2] 005:compute-attention: 0.000014000 seconds
[token:91, layer:2] 006:attention-output: 0.000036000 seconds
[token:91, layer:2] 007:ffn-norm: 0.000001000 seconds
[token:91, layer:2] 008:ffn-up-projection: 0.000190000 seconds
[token:91, layer:2] 009:ffn-swiglu: 0.000001000 seconds
[token:91, layer:2] 010:ffn-down-projection: 0.000136000 seconds
[token:91, layer:2] 102:layer-compute-total: 0.000487000 seconds
[token:91, layer:3] 002:attention-norm: 0.000000000 seconds
[token:91, layer:3] 003:qkv-projection: 0.000106000 seconds
[token:91, layer:3] 004:apply-rope: 0.000001000 seconds
[token:91, layer:3] 005:compute-attention: 0.000015000 seconds
[token:91, layer:3] 006:attention-output: 0.000036000 seconds
[token:91, layer:3] 007:ffn-norm: 0.000001000 seconds
[token:91, layer:3] 008:ffn-up-projection: 0.000260000 seconds
[token:91, layer:3] 009:ffn-swiglu: 0.000001000 seconds
[token:91, layer:3] 010:ffn-down-projection: 0.000146000 seconds
[token:91, layer:3] 102:layer-compute-total: 0.000566000 seconds
[token:91, layer:4] 002:attention-norm: 0.000000000 seconds
[token:91, layer:4] 003:qkv-projection: 0.000109000 seconds
[token:91, layer:4] 004:apply-rope: 0.000002000 seconds
[token:91, layer:4] 005:compute-attention: 0.000017000 seconds
[token:91, layer:4] 006:attention-output: 0.000037000 seconds
[token:91, layer:4] 007:ffn-norm: 0.000001000 seconds
[token:91, layer:4] 008:ffn-up-projection: 0.000195000 seconds
[token:91, layer:4] 009:ffn-swiglu: 0.000001000 seconds
[token:91, layer:4] 010:ffn-down-projection: 0.000140000 seconds
[token:91, layer:4] 102:layer-compute-total: 0.000502000 seconds
[token:91, layer:5] 002:attention-norm: 0.000000000 seconds
[token:91, layer:5] 003:qkv-projection: 0.000106000 seconds
[token:91, layer:5] 004:apply-rope: 0.000001000 seconds
[token:91, layer:5] 005:compute-attention: 0.000018000 seconds
[token:91, layer:5] 006:attention-output: 0.000035000 seconds
[token:91, layer:5] 007:ffn-norm: 0.000000000 seconds
[token:91, layer:5] 008:ffn-up-projection: 0.000190000 seconds
[token:91, layer:5] 009:ffn-swiglu: 0.000001000 seconds
[token:91, layer:5] 010:ffn-down-projection: 0.000139000 seconds
[token:91, layer:5] 102:layer-compute-total: 0.000490000 seconds
[token:91] 011:final-projection: 0.003982000 seconds
[token:91] 103:forward-compute-total: 0.007011000 seconds
[token:92] 001:embedding-lookup: 0.000000000 seconds
[token:92, layer:0] 002:attention-norm: 0.000001000 seconds
[token:92, layer:0] 003:qkv-projection: 0.000112000 seconds
[token:92, layer:0] 004:apply-rope: 0.000002000 seconds
[token:92, layer:0] 005:compute-attention: 0.000018000 seconds
[token:92, layer:0] 006:attention-output: 0.000037000 seconds
[token:92, layer:0] 007:ffn-norm: 0.000001000 seconds
[token:92, layer:0] 008:ffn-up-projection: 0.000195000 seconds
[token:92, layer:0] 009:ffn-swiglu: 0.000001000 seconds
[token:92, layer:0] 010:ffn-down-projection: 0.000136000 seconds
[token:92, layer:0] 102:layer-compute-total: 0.000503000 seconds
[token:92, layer:1] 002:attention-norm: 0.000000000 seconds
[token:92, layer:1] 003:qkv-projection: 0.000107000 seconds
[token:92, layer:1] 004:apply-rope: 0.000001000 seconds
[token:92, layer:1] 005:compute-attention: 0.000017000 seconds
[token:92, layer:1] 006:attention-output: 0.000035000 seconds
[token:92, layer:1] 007:ffn-norm: 0.000000000 seconds
[token:92, layer:1] 008:ffn-up-projection: 0.000186000 seconds
[token:92, layer:1] 009:ffn-swiglu: 0.000001000 seconds
[token:92, layer:1] 010:ffn-down-projection: 0.000134000 seconds
[token:92, layer:1] 102:layer-compute-total: 0.000481000 seconds
[token:92, layer:2] 002:attention-norm: 0.000000000 seconds
[token:92, layer:2] 003:qkv-projection: 0.000105000 seconds
[token:92, layer:2] 004:apply-rope: 0.000001000 seconds
[token:92, layer:2] 005:compute-attention: 0.000017000 seconds
[token:92, layer:2] 006:attention-output: 0.000035000 seconds
[token:92, layer:2] 007:ffn-norm: 0.000000000 seconds
[token:92, layer:2] 008:ffn-up-projection: 0.000186000 seconds
[token:92, layer:2] 009:ffn-swiglu: 0.000001000 seconds
[token:92, layer:2] 010:ffn-down-projection: 0.000137000 seconds
[token:92, layer:2] 102:layer-compute-total: 0.000482000 seconds
[token:92, layer:3] 002:attention-norm: 0.000000000 seconds
[token:92, layer:3] 003:qkv-projection: 0.000109000 seconds
[token:92, layer:3] 004:apply-rope: 0.000002000 seconds
[token:92, layer:3] 005:compute-attention: 0.000018000 seconds
[token:92, layer:3] 006:attention-output: 0.000039000 seconds
[token:92, layer:3] 007:ffn-norm: 0.000001000 seconds
[token:92, layer:3] 008:ffn-up-projection: 0.000188000 seconds
[token:92, layer:3] 009:ffn-swiglu: 0.000001000 seconds
[token:92, layer:3] 010:ffn-down-projection: 0.000134000 seconds
[token:92, layer:3] 102:layer-compute-total: 0.000492000 seconds
[token:92, layer:4] 002:attention-norm: 0.000000000 seconds
[token:92, layer:4] 003:qkv-projection: 0.000105000 seconds
[token:92, layer:4] 004:apply-rope: 0.000001000 seconds
[token:92, layer:4] 005:compute-attention: 0.000014000 seconds
[token:92, layer:4] 006:attention-output: 0.000035000 seconds
[token:92, layer:4] 007:ffn-norm: 0.000000000 seconds
[token:92, layer:4] 008:ffn-up-projection: 0.000187000 seconds
[token:92, layer:4] 009:ffn-swiglu: 0.000001000 seconds
[token:92, layer:4] 010:ffn-down-projection: 0.000134000 seconds
[token:92, layer:4] 102:layer-compute-total: 0.000477000 seconds
[token:92, layer:5] 002:attention-norm: 0.000000000 seconds
[token:92, layer:5] 003:qkv-projection: 0.000105000 seconds
[token:92, layer:5] 004:apply-rope: 0.000001000 seconds
[token:92, layer:5] 005:compute-attention: 0.000014000 seconds
[token:92, layer:5] 006:attention-output: 0.000035000 seconds
[token:92, layer:5] 007:ffn-norm: 0.000000000 seconds
[token:92, layer:5] 008:ffn-up-projection: 0.000187000 seconds
[token:92, layer:5] 009:ffn-swiglu: 0.000001000 seconds
[token:92, layer:5] 010:ffn-down-projection: 0.000137000 seconds
[token:92, layer:5] 102:layer-compute-total: 0.000480000 seconds
[token:92] 011:final-projection: 0.003920000 seconds
[token:92] 103:forward-compute-total: 0.006835000 seconds
[token:93] 001:embedding-lookup: 0.000000000 seconds
[token:93, layer:0] 002:attention-norm: 0.000000000 seconds
[token:93, layer:0] 003:qkv-projection: 0.000112000 seconds
[token:93, layer:0] 004:apply-rope: 0.000002000 seconds
[token:93, layer:0] 005:compute-attention: 0.000014000 seconds
[token:93, layer:0] 006:attention-output: 0.000036000 seconds
[token:93, layer:0] 007:ffn-norm: 0.000001000 seconds
[token:93, layer:0] 008:ffn-up-projection: 0.000192000 seconds
[token:93, layer:0] 009:ffn-swiglu: 0.000002000 seconds
[token:93, layer:0] 010:ffn-down-projection: 0.000134000 seconds
[token:93, layer:0] 102:layer-compute-total: 0.000493000 seconds
[token:93, layer:1] 002:attention-norm: 0.000000000 seconds
[token:93, layer:1] 003:qkv-projection: 0.000105000 seconds
[token:93, layer:1] 004:apply-rope: 0.000001000 seconds
[token:93, layer:1] 005:compute-attention: 0.000014000 seconds
[token:93, layer:1] 006:attention-output: 0.000035000 seconds
[token:93, layer:1] 007:ffn-norm: 0.000000000 seconds
[token:93, layer:1] 008:ffn-up-projection: 0.000190000 seconds
[token:93, layer:1] 009:ffn-swiglu: 0.000001000 seconds
[token:93, layer:1] 010:ffn-down-projection: 0.000134000 seconds
[token:93, layer:1] 102:layer-compute-total: 0.000480000 seconds
[token:93, layer:2] 002:attention-norm: 0.000000000 seconds
[token:93, layer:2] 003:qkv-projection: 0.000105000 seconds
[token:93, layer:2] 004:apply-rope: 0.000001000 seconds
[token:93, layer:2] 005:compute-attention: 0.000014000 seconds
[token:93, layer:2] 006:attention-output: 0.000035000 seconds
[token:93, layer:2] 007:ffn-norm: 0.000000000 seconds
[token:93, layer:2] 008:ffn-up-projection: 0.000186000 seconds
[token:93, layer:2] 009:ffn-swiglu: 0.000001000 seconds
[token:93, layer:2] 010:ffn-down-projection: 0.000134000 seconds
[token:93, layer:2] 102:layer-compute-total: 0.000476000 seconds
[token:93, layer:3] 002:attention-norm: 0.000000000 seconds
[token:93, layer:3] 003:qkv-projection: 0.000105000 seconds
[token:93, layer:3] 004:apply-rope: 0.000001000 seconds
[token:93, layer:3] 005:compute-attention: 0.000014000 seconds
[token:93, layer:3] 006:attention-output: 0.000035000 seconds
[token:93, layer:3] 007:ffn-norm: 0.000001000 seconds
[token:93, layer:3] 008:ffn-up-projection: 0.000196000 seconds
[token:93, layer:3] 009:ffn-swiglu: 0.000001000 seconds
[token:93, layer:3] 010:ffn-down-projection: 0.000144000 seconds
[token:93, layer:3] 102:layer-compute-total: 0.000497000 seconds
[token:93, layer:4] 002:attention-norm: 0.000000000 seconds
[token:93, layer:4] 003:qkv-projection: 0.000110000 seconds
[token:93, layer:4] 004:apply-rope: 0.000001000 seconds
[token:93, layer:4] 005:compute-attention: 0.000014000 seconds
[token:93, layer:4] 006:attention-output: 0.000038000 seconds
[token:93, layer:4] 007:ffn-norm: 0.000000000 seconds
[token:93, layer:4] 008:ffn-up-projection: 0.000201000 seconds
[token:93, layer:4] 009:ffn-swiglu: 0.000001000 seconds
[token:93, layer:4] 010:ffn-down-projection: 0.000135000 seconds
[token:93, layer:4] 102:layer-compute-total: 0.000500000 seconds
[token:93, layer:5] 002:attention-norm: 0.000000000 seconds
[token:93, layer:5] 003:qkv-projection: 0.000106000 seconds
[token:93, layer:5] 004:apply-rope: 0.000002000 seconds
[token:93, layer:5] 005:compute-attention: 0.000014000 seconds
[token:93, layer:5] 006:attention-output: 0.000036000 seconds
[token:93, layer:5] 007:ffn-norm: 0.000000000 seconds
[token:93, layer:5] 008:ffn-up-projection: 0.000190000 seconds
[token:93, layer:5] 009:ffn-swiglu: 0.000001000 seconds
[token:93, layer:5] 010:ffn-down-projection: 0.000136000 seconds
[token:93, layer:5] 102:layer-compute-total: 0.000485000 seconds
[token:93] 011:final-projection: 0.004141000 seconds
[token:93] 103:forward-compute-total: 0.007072000 seconds
[token:94] 001:embedding-lookup: 0.000000000 seconds
[token:94, layer:0] 002:attention-norm: 0.000000000 seconds
[token:94, layer:0] 003:qkv-projection: 0.000113000 seconds
[token:94, layer:0] 004:apply-rope: 0.000002000 seconds
[token:94, layer:0] 005:compute-attention: 0.000019000 seconds
[token:94, layer:0] 006:attention-output: 0.000037000 seconds
[token:94, layer:0] 007:ffn-norm: 0.000000000 seconds
[token:94, layer:0] 008:ffn-up-projection: 0.000195000 seconds
[token:94, layer:0] 009:ffn-swiglu: 0.000001000 seconds
[token:94, layer:0] 010:ffn-down-projection: 0.000135000 seconds
[token:94, layer:0] 102:layer-compute-total: 0.000502000 seconds
[token:94, layer:1] 002:attention-norm: 0.000000000 seconds
[token:94, layer:1] 003:qkv-projection: 0.000105000 seconds
[token:94, layer:1] 004:apply-rope: 0.000002000 seconds
[token:94, layer:1] 005:compute-attention: 0.000019000 seconds
[token:94, layer:1] 006:attention-output: 0.000035000 seconds
[token:94, layer:1] 007:ffn-norm: 0.000000000 seconds
[token:94, layer:1] 008:ffn-up-projection: 0.000187000 seconds
[token:94, layer:1] 009:ffn-swiglu: 0.000001000 seconds
[token:94, layer:1] 010:ffn-down-projection: 0.000136000 seconds
[token:94, layer:1] 102:layer-compute-total: 0.000485000 seconds
[token:94, layer:2] 002:attention-norm: 0.000000000 seconds
[token:94, layer:2] 003:qkv-projection: 0.000107000 seconds
[token:94, layer:2] 004:apply-rope: 0.000001000 seconds
[token:94, layer:2] 005:compute-attention: 0.000019000 seconds
[token:94, layer:2] 006:attention-output: 0.000036000 seconds
[token:94, layer:2] 007:ffn-norm: 0.000000000 seconds
[token:94, layer:2] 008:ffn-up-projection: 0.000189000 seconds
[token:94, layer:2] 009:ffn-swiglu: 0.000001000 seconds
[token:94, layer:2] 010:ffn-down-projection: 0.000137000 seconds
[token:94, layer:2] 102:layer-compute-total: 0.000490000 seconds
[token:94, layer:3] 002:attention-norm: 0.000000000 seconds
[token:94, layer:3] 003:qkv-projection: 0.000108000 seconds
[token:94, layer:3] 004:apply-rope: 0.000001000 seconds
[token:94, layer:3] 005:compute-attention: 0.000019000 seconds
[token:94, layer:3] 006:attention-output: 0.000036000 seconds
[token:94, layer:3] 007:ffn-norm: 0.000000000 seconds
[token:94, layer:3] 008:ffn-up-projection: 0.000189000 seconds
[token:94, layer:3] 009:ffn-swiglu: 0.000001000 seconds
[token:94, layer:3] 010:ffn-down-projection: 0.000136000 seconds
[token:94, layer:3] 102:layer-compute-total: 0.000490000 seconds
[token:94, layer:4] 002:attention-norm: 0.000000000 seconds
[token:94, layer:4] 003:qkv-projection: 0.000107000 seconds
[token:94, layer:4] 004:apply-rope: 0.000001000 seconds
[token:94, layer:4] 005:compute-attention: 0.000019000 seconds
[token:94, layer:4] 006:attention-output: 0.000037000 seconds
[token:94, layer:4] 007:ffn-norm: 0.000001000 seconds
[token:94, layer:4] 008:ffn-up-projection: 0.000190000 seconds
[token:94, layer:4] 009:ffn-swiglu: 0.000001000 seconds
[token:94, layer:4] 010:ffn-down-projection: 0.000134000 seconds
[token:94, layer:4] 102:layer-compute-total: 0.000490000 seconds
[token:94, layer:5] 002:attention-norm: 0.000000000 seconds
[token:94, layer:5] 003:qkv-projection: 0.000109000 seconds
[token:94, layer:5] 004:apply-rope: 0.000001000 seconds
[token:94, layer:5] 005:compute-attention: 0.000016000 seconds
[token:94, layer:5] 006:attention-output: 0.000035000 seconds
[token:94, layer:5] 007:ffn-norm: 0.000000000 seconds
[token:94, layer:5] 008:ffn-up-projection: 0.000188000 seconds
[token:94, layer:5] 009:ffn-swiglu: 0.000001000 seconds
[token:94, layer:5] 010:ffn-down-projection: 0.000134000 seconds
[token:94, layer:5] 102:layer-compute-total: 0.000484000 seconds
[token:94] 011:final-projection: 0.003941000 seconds
[token:94] 103:forward-compute-total: 0.006882000 seconds
[token:95] 001:embedding-lookup: 0.000000000 seconds
[token:95, layer:0] 002:attention-norm: 0.000001000 seconds
[token:95, layer:0] 003:qkv-projection: 0.000112000 seconds
[token:95, layer:0] 004:apply-rope: 0.000002000 seconds
[token:95, layer:0] 005:compute-attention: 0.000015000 seconds
[token:95, layer:0] 006:attention-output: 0.000038000 seconds
[token:95, layer:0] 007:ffn-norm: 0.000000000 seconds
[token:95, layer:0] 008:ffn-up-projection: 0.000187000 seconds
[token:95, layer:0] 009:ffn-swiglu: 0.000001000 seconds
[token:95, layer:0] 010:ffn-down-projection: 0.000138000 seconds
[token:95, layer:0] 102:layer-compute-total: 0.000494000 seconds
[token:95, layer:1] 002:attention-norm: 0.000001000 seconds
[token:95, layer:1] 003:qkv-projection: 0.000105000 seconds
[token:95, layer:1] 004:apply-rope: 0.000001000 seconds
[token:95, layer:1] 005:compute-attention: 0.000015000 seconds
[token:95, layer:1] 006:attention-output: 0.000035000 seconds
[token:95, layer:1] 007:ffn-norm: 0.000000000 seconds
[token:95, layer:1] 008:ffn-up-projection: 0.000186000 seconds
[token:95, layer:1] 009:ffn-swiglu: 0.000002000 seconds
[token:95, layer:1] 010:ffn-down-projection: 0.000134000 seconds
[token:95, layer:1] 102:layer-compute-total: 0.000479000 seconds
[token:95, layer:2] 002:attention-norm: 0.000001000 seconds
[token:95, layer:2] 003:qkv-projection: 0.000106000 seconds
[token:95, layer:2] 004:apply-rope: 0.000001000 seconds
[token:95, layer:2] 005:compute-attention: 0.000014000 seconds
[token:95, layer:2] 006:attention-output: 0.000035000 seconds
[token:95, layer:2] 007:ffn-norm: 0.000000000 seconds
[token:95, layer:2] 008:ffn-up-projection: 0.000186000 seconds
[token:95, layer:2] 009:ffn-swiglu: 0.000001000 seconds
[token:95, layer:2] 010:ffn-down-projection: 0.000134000 seconds
[token:95, layer:2] 102:layer-compute-total: 0.000478000 seconds
[token:95, layer:3] 002:attention-norm: 0.000000000 seconds
[token:95, layer:3] 003:qkv-projection: 0.000105000 seconds
[token:95, layer:3] 004:apply-rope: 0.000001000 seconds
[token:95, layer:3] 005:compute-attention: 0.000014000 seconds
[token:95, layer:3] 006:attention-output: 0.000035000 seconds
[token:95, layer:3] 007:ffn-norm: 0.000000000 seconds
[token:95, layer:3] 008:ffn-up-projection: 0.000187000 seconds
[token:95, layer:3] 009:ffn-swiglu: 0.000001000 seconds
[token:95, layer:3] 010:ffn-down-projection: 0.000134000 seconds
[token:95, layer:3] 102:layer-compute-total: 0.000477000 seconds
[token:95, layer:4] 002:attention-norm: 0.000001000 seconds
[token:95, layer:4] 003:qkv-projection: 0.000106000 seconds
[token:95, layer:4] 004:apply-rope: 0.000001000 seconds
[token:95, layer:4] 005:compute-attention: 0.000014000 seconds
[token:95, layer:4] 006:attention-output: 0.000035000 seconds
[token:95, layer:4] 007:ffn-norm: 0.000000000 seconds
[token:95, layer:4] 008:ffn-up-projection: 0.000186000 seconds
[token:95, layer:4] 009:ffn-swiglu: 0.000001000 seconds
[token:95, layer:4] 010:ffn-down-projection: 0.000134000 seconds
[token:95, layer:4] 102:layer-compute-total: 0.000478000 seconds
[token:95, layer:5] 002:attention-norm: 0.000000000 seconds
[token:95, layer:5] 003:qkv-projection: 0.000105000 seconds
[token:95, layer:5] 004:apply-rope: 0.000001000 seconds
[token:95, layer:5] 005:compute-attention: 0.000014000 seconds
[token:95, layer:5] 006:attention-output: 0.000035000 seconds
[token:95, layer:5] 007:ffn-norm: 0.000000000 seconds
[token:95, layer:5] 008:ffn-up-projection: 0.000189000 seconds
[token:95, layer:5] 009:ffn-swiglu: 0.000001000 seconds
[token:95, layer:5] 010:ffn-down-projection: 0.000146000 seconds
[token:95, layer:5] 102:layer-compute-total: 0.000491000 seconds
[token:95] 011:final-projection: 0.004249000 seconds
[token:95] 103:forward-compute-total: 0.007146000 seconds
[token:96] 001:embedding-lookup: 0.000000000 seconds
[token:96, layer:0] 002:attention-norm: 0.000000000 seconds
[token:96, layer:0] 003:qkv-projection: 0.000113000 seconds
[token:96, layer:0] 004:apply-rope: 0.000002000 seconds
[token:96, layer:0] 005:compute-attention: 0.000019000 seconds
[token:96, layer:0] 006:attention-output: 0.000035000 seconds
[token:96, layer:0] 007:ffn-norm: 0.000001000 seconds
[token:96, layer:0] 008:ffn-up-projection: 0.000187000 seconds
[token:96, layer:0] 009:ffn-swiglu: 0.000001000 seconds
[token:96, layer:0] 010:ffn-down-projection: 0.000134000 seconds
[token:96, layer:0] 102:layer-compute-total: 0.000492000 seconds
[token:96, layer:1] 002:attention-norm: 0.000000000 seconds
[token:96, layer:1] 003:qkv-projection: 0.000105000 seconds
[token:96, layer:1] 004:apply-rope: 0.000001000 seconds
[token:96, layer:1] 005:compute-attention: 0.000019000 seconds
[token:96, layer:1] 006:attention-output: 0.000035000 seconds
[token:96, layer:1] 007:ffn-norm: 0.000000000 seconds
[token:96, layer:1] 008:ffn-up-projection: 0.000187000 seconds
[token:96, layer:1] 009:ffn-swiglu: 0.000001000 seconds
[token:96, layer:1] 010:ffn-down-projection: 0.000134000 seconds
[token:96, layer:1] 102:layer-compute-total: 0.000482000 seconds
[token:96, layer:2] 002:attention-norm: 0.000000000 seconds
[token:96, layer:2] 003:qkv-projection: 0.000105000 seconds
[token:96, layer:2] 004:apply-rope: 0.000001000 seconds
[token:96, layer:2] 005:compute-attention: 0.000019000 seconds
[token:96, layer:2] 006:attention-output: 0.000035000 seconds
[token:96, layer:2] 007:ffn-norm: 0.000000000 seconds
[token:96, layer:2] 008:ffn-up-projection: 0.000187000 seconds
[token:96, layer:2] 009:ffn-swiglu: 0.000001000 seconds
[token:96, layer:2] 010:ffn-down-projection: 0.000134000 seconds
[token:96, layer:2] 102:layer-compute-total: 0.000482000 seconds
[token:96, layer:3] 002:attention-norm: 0.000001000 seconds
[token:96, layer:3] 003:qkv-projection: 0.000105000 seconds
[token:96, layer:3] 004:apply-rope: 0.000001000 seconds
[token:96, layer:3] 005:compute-attention: 0.000020000 seconds
[token:96, layer:3] 006:attention-output: 0.000035000 seconds
[token:96, layer:3] 007:ffn-norm: 0.000001000 seconds
[token:96, layer:3] 008:ffn-up-projection: 0.000186000 seconds
[token:96, layer:3] 009:ffn-swiglu: 0.000001000 seconds
[token:96, layer:3] 010:ffn-down-projection: 0.000134000 seconds
[token:96, layer:3] 102:layer-compute-total: 0.000484000 seconds
[token:96, layer:4] 002:attention-norm: 0.000000000 seconds
[token:96, layer:4] 003:qkv-projection: 0.000105000 seconds
[token:96, layer:4] 004:apply-rope: 0.000001000 seconds
[token:96, layer:4] 005:compute-attention: 0.000019000 seconds
[token:96, layer:4] 006:attention-output: 0.000035000 seconds
[token:96, layer:4] 007:ffn-norm: 0.000000000 seconds
[token:96, layer:4] 008:ffn-up-projection: 0.000186000 seconds
[token:96, layer:4] 009:ffn-swiglu: 0.000001000 seconds
[token:96, layer:4] 010:ffn-down-projection: 0.000134000 seconds
[token:96, layer:4] 102:layer-compute-total: 0.000481000 seconds
[token:96, layer:5] 002:attention-norm: 0.000000000 seconds
[token:96, layer:5] 003:qkv-projection: 0.000105000 seconds
[token:96, layer:5] 004:apply-rope: 0.000001000 seconds
[token:96, layer:5] 005:compute-attention: 0.000018000 seconds
[token:96, layer:5] 006:attention-output: 0.000035000 seconds
[token:96, layer:5] 007:ffn-norm: 0.000001000 seconds
[token:96, layer:5] 008:ffn-up-projection: 0.000187000 seconds
[token:96, layer:5] 009:ffn-swiglu: 0.000001000 seconds
[token:96, layer:5] 010:ffn-down-projection: 0.000134000 seconds
[token:96, layer:5] 102:layer-compute-total: 0.000482000 seconds
[token:96] 011:final-projection: 0.003962000 seconds
[token:96] 103:forward-compute-total: 0.006865000 seconds
[token:97] 001:embedding-lookup: 0.000000000 seconds
[token:97, layer:0] 002:attention-norm: 0.000001000 seconds
[token:97, layer:0] 003:qkv-projection: 0.000107000 seconds
[token:97, layer:0] 004:apply-rope: 0.000002000 seconds
[token:97, layer:0] 005:compute-attention: 0.000015000 seconds
[token:97, layer:0] 006:attention-output: 0.000035000 seconds
[token:97, layer:0] 007:ffn-norm: 0.000000000 seconds
[token:97, layer:0] 008:ffn-up-projection: 0.000187000 seconds
[token:97, layer:0] 009:ffn-swiglu: 0.000001000 seconds
[token:97, layer:0] 010:ffn-down-projection: 0.000133000 seconds
[token:97, layer:0] 102:layer-compute-total: 0.000481000 seconds
[token:97, layer:1] 002:attention-norm: 0.000001000 seconds
[token:97, layer:1] 003:qkv-projection: 0.000107000 seconds
[token:97, layer:1] 004:apply-rope: 0.000001000 seconds
[token:97, layer:1] 005:compute-attention: 0.000014000 seconds
[token:97, layer:1] 006:attention-output: 0.000035000 seconds
[token:97, layer:1] 007:ffn-norm: 0.000000000 seconds
[token:97, layer:1] 008:ffn-up-projection: 0.000187000 seconds
[token:97, layer:1] 009:ffn-swiglu: 0.000001000 seconds
[token:97, layer:1] 010:ffn-down-projection: 0.000133000 seconds
[token:97, layer:1] 102:layer-compute-total: 0.000479000 seconds
[token:97, layer:2] 002:attention-norm: 0.000000000 seconds
[token:97, layer:2] 003:qkv-projection: 0.000107000 seconds
[token:97, layer:2] 004:apply-rope: 0.000001000 seconds
[token:97, layer:2] 005:compute-attention: 0.000015000 seconds
[token:97, layer:2] 006:attention-output: 0.000035000 seconds
[token:97, layer:2] 007:ffn-norm: 0.000000000 seconds
[token:97, layer:2] 008:ffn-up-projection: 0.000187000 seconds
[token:97, layer:2] 009:ffn-swiglu: 0.000001000 seconds
[token:97, layer:2] 010:ffn-down-projection: 0.000138000 seconds
[token:97, layer:2] 102:layer-compute-total: 0.000484000 seconds
[token:97, layer:3] 002:attention-norm: 0.000000000 seconds
[token:97, layer:3] 003:qkv-projection: 0.000106000 seconds
[token:97, layer:3] 004:apply-rope: 0.000001000 seconds
[token:97, layer:3] 005:compute-attention: 0.000014000 seconds
[token:97, layer:3] 006:attention-output: 0.000035000 seconds
[token:97, layer:3] 007:ffn-norm: 0.000001000 seconds
[token:97, layer:3] 008:ffn-up-projection: 0.000186000 seconds
[token:97, layer:3] 009:ffn-swiglu: 0.000001000 seconds
[token:97, layer:3] 010:ffn-down-projection: 0.000136000 seconds
[token:97, layer:3] 102:layer-compute-total: 0.000480000 seconds
[token:97, layer:4] 002:attention-norm: 0.000000000 seconds
[token:97, layer:4] 003:qkv-projection: 0.000107000 seconds
[token:97, layer:4] 004:apply-rope: 0.000001000 seconds
[token:97, layer:4] 005:compute-attention: 0.000014000 seconds
[token:97, layer:4] 006:attention-output: 0.000035000 seconds
[token:97, layer:4] 007:ffn-norm: 0.000000000 seconds
[token:97, layer:4] 008:ffn-up-projection: 0.000187000 seconds
[token:97, layer:4] 009:ffn-swiglu: 0.000001000 seconds
[token:97, layer:4] 010:ffn-down-projection: 0.000134000 seconds
[token:97, layer:4] 102:layer-compute-total: 0.000479000 seconds
[token:97, layer:5] 002:attention-norm: 0.000000000 seconds
[token:97, layer:5] 003:qkv-projection: 0.000106000 seconds
[token:97, layer:5] 004:apply-rope: 0.000002000 seconds
[token:97, layer:5] 005:compute-attention: 0.000015000 seconds
[token:97, layer:5] 006:attention-output: 0.000035000 seconds
[token:97, layer:5] 007:ffn-norm: 0.000000000 seconds
[token:97, layer:5] 008:ffn-up-projection: 0.000189000 seconds
[token:97, layer:5] 009:ffn-swiglu: 0.000001000 seconds
[token:97, layer:5] 010:ffn-down-projection: 0.000132000 seconds
[token:97, layer:5] 102:layer-compute-total: 0.000480000 seconds
[token:97] 011:final-projection: 0.003994000 seconds
[token:97] 103:forward-compute-total: 0.006877000 seconds
[token:98] 001:embedding-lookup: 0.000000000 seconds
[token:98, layer:0] 002:attention-norm: 0.000000000 seconds
[token:98, layer:0] 003:qkv-projection: 0.000154000 seconds
[token:98, layer:0] 004:apply-rope: 0.000002000 seconds
[token:98, layer:0] 005:compute-attention: 0.000044000 seconds
[token:98, layer:0] 006:attention-output: 0.000039000 seconds
[token:98, layer:0] 007:ffn-norm: 0.000000000 seconds
[token:98, layer:0] 008:ffn-up-projection: 0.000198000 seconds
[token:98, layer:0] 009:ffn-swiglu: 0.000001000 seconds
[token:98, layer:0] 010:ffn-down-projection: 0.000148000 seconds
[token:98, layer:0] 102:layer-compute-total: 0.000586000 seconds
[token:98, layer:1] 002:attention-norm: 0.000001000 seconds
[token:98, layer:1] 003:qkv-projection: 0.000105000 seconds
[token:98, layer:1] 004:apply-rope: 0.000001000 seconds
[token:98, layer:1] 005:compute-attention: 0.000019000 seconds
[token:98, layer:1] 006:attention-output: 0.000036000 seconds
[token:98, layer:1] 007:ffn-norm: 0.000000000 seconds
[token:98, layer:1] 008:ffn-up-projection: 0.000187000 seconds
[token:98, layer:1] 009:ffn-swiglu: 0.000001000 seconds
[token:98, layer:1] 010:ffn-down-projection: 0.000135000 seconds
[token:98, layer:1] 102:layer-compute-total: 0.000485000 seconds
[token:98, layer:2] 002:attention-norm: 0.000001000 seconds
[token:98, layer:2] 003:qkv-projection: 0.000105000 seconds
[token:98, layer:2] 004:apply-rope: 0.000001000 seconds
[token:98, layer:2] 005:compute-attention: 0.000019000 seconds
[token:98, layer:2] 006:attention-output: 0.000035000 seconds
[token:98, layer:2] 007:ffn-norm: 0.000001000 seconds
[token:98, layer:2] 008:ffn-up-projection: 0.000187000 seconds
[token:98, layer:2] 009:ffn-swiglu: 0.000001000 seconds
[token:98, layer:2] 010:ffn-down-projection: 0.000134000 seconds
[token:98, layer:2] 102:layer-compute-total: 0.000484000 seconds
[token:98, layer:3] 002:attention-norm: 0.000001000 seconds
[token:98, layer:3] 003:qkv-projection: 0.000105000 seconds
[token:98, layer:3] 004:apply-rope: 0.000001000 seconds
[token:98, layer:3] 005:compute-attention: 0.000019000 seconds
[token:98, layer:3] 006:attention-output: 0.000036000 seconds
[token:98, layer:3] 007:ffn-norm: 0.000001000 seconds
[token:98, layer:3] 008:ffn-up-projection: 0.000186000 seconds
[token:98, layer:3] 009:ffn-swiglu: 0.000001000 seconds
[token:98, layer:3] 010:ffn-down-projection: 0.000133000 seconds
[token:98, layer:3] 102:layer-compute-total: 0.000483000 seconds
[token:98, layer:4] 002:attention-norm: 0.000000000 seconds
[token:98, layer:4] 003:qkv-projection: 0.000106000 seconds
[token:98, layer:4] 004:apply-rope: 0.000001000 seconds
[token:98, layer:4] 005:compute-attention: 0.000019000 seconds
[token:98, layer:4] 006:attention-output: 0.000035000 seconds
[token:98, layer:4] 007:ffn-norm: 0.000001000 seconds
[token:98, layer:4] 008:ffn-up-projection: 0.000187000 seconds
[token:98, layer:4] 009:ffn-swiglu: 0.000001000 seconds
[token:98, layer:4] 010:ffn-down-projection: 0.000134000 seconds
[token:98, layer:4] 102:layer-compute-total: 0.000484000 seconds
[token:98, layer:5] 002:attention-norm: 0.000000000 seconds
[token:98, layer:5] 003:qkv-projection: 0.000104000 seconds
[token:98, layer:5] 004:apply-rope: 0.000002000 seconds
[token:98, layer:5] 005:compute-attention: 0.000018000 seconds
[token:98, layer:5] 006:attention-output: 0.000035000 seconds
[token:98, layer:5] 007:ffn-norm: 0.000000000 seconds
[token:98, layer:5] 008:ffn-up-projection: 0.000190000 seconds
[token:98, layer:5] 009:ffn-swiglu: 0.000001000 seconds
[token:98, layer:5] 010:ffn-down-projection: 0.000139000 seconds
[token:98, layer:5] 102:layer-compute-total: 0.000489000 seconds
[token:98] 011:final-projection: 0.003954000 seconds
[token:98] 103:forward-compute-total: 0.006965000 seconds
[token:99] 001:embedding-lookup: 0.000001000 seconds
[token:99, layer:0] 002:attention-norm: 0.000000000 seconds
[token:99, layer:0] 003:qkv-projection: 0.000120000 seconds
[token:99, layer:0] 004:apply-rope: 0.000002000 seconds
[token:99, layer:0] 005:compute-attention: 0.000019000 seconds
[token:99, layer:0] 006:attention-output: 0.000035000 seconds
[token:99, layer:0] 007:ffn-norm: 0.000000000 seconds
[token:99, layer:0] 008:ffn-up-projection: 0.000187000 seconds
[token:99, layer:0] 009:ffn-swiglu: 0.000001000 seconds
[token:99, layer:0] 010:ffn-down-projection: 0.000134000 seconds
[token:99, layer:0] 102:layer-compute-total: 0.000498000 seconds
[token:99, layer:1] 002:attention-norm: 0.000000000 seconds
[token:99, layer:1] 003:qkv-projection: 0.000108000 seconds
[token:99, layer:1] 004:apply-rope: 0.000001000 seconds
[token:99, layer:1] 005:compute-attention: 0.000016000 seconds
[token:99, layer:1] 006:attention-output: 0.000035000 seconds
[token:99, layer:1] 007:ffn-norm: 0.000000000 seconds
[token:99, layer:1] 008:ffn-up-projection: 0.000187000 seconds
[token:99, layer:1] 009:ffn-swiglu: 0.000001000 seconds
[token:99, layer:1] 010:ffn-down-projection: 0.000138000 seconds
[token:99, layer:1] 102:layer-compute-total: 0.000486000 seconds
[token:99, layer:2] 002:attention-norm: 0.000000000 seconds
[token:99, layer:2] 003:qkv-projection: 0.000111000 seconds
[token:99, layer:2] 004:apply-rope: 0.000001000 seconds
[token:99, layer:2] 005:compute-attention: 0.000017000 seconds
[token:99, layer:2] 006:attention-output: 0.000035000 seconds
[token:99, layer:2] 007:ffn-norm: 0.000000000 seconds
[token:99, layer:2] 008:ffn-up-projection: 0.000187000 seconds
[token:99, layer:2] 009:ffn-swiglu: 0.000001000 seconds
[token:99, layer:2] 010:ffn-down-projection: 0.000134000 seconds
[token:99, layer:2] 102:layer-compute-total: 0.000486000 seconds
[token:99, layer:3] 002:attention-norm: 0.000001000 seconds
[token:99, layer:3] 003:qkv-projection: 0.000107000 seconds
[token:99, layer:3] 004:apply-rope: 0.000001000 seconds
[token:99, layer:3] 005:compute-attention: 0.000015000 seconds
[token:99, layer:3] 006:attention-output: 0.000035000 seconds
[token:99, layer:3] 007:ffn-norm: 0.000001000 seconds
[token:99, layer:3] 008:ffn-up-projection: 0.000187000 seconds
[token:99, layer:3] 009:ffn-swiglu: 0.000001000 seconds
[token:99, layer:3] 010:ffn-down-projection: 0.000134000 seconds
[token:99, layer:3] 102:layer-compute-total: 0.000482000 seconds
[token:99, layer:4] 002:attention-norm: 0.000000000 seconds
[token:99, layer:4] 003:qkv-projection: 0.000107000 seconds
[token:99, layer:4] 004:apply-rope: 0.000001000 seconds
[token:99, layer:4] 005:compute-attention: 0.000015000 seconds
[token:99, layer:4] 006:attention-output: 0.000036000 seconds
[token:99, layer:4] 007:ffn-norm: 0.000001000 seconds
[token:99, layer:4] 008:ffn-up-projection: 0.000190000 seconds
[token:99, layer:4] 009:ffn-swiglu: 0.000001000 seconds
[token:99, layer:4] 010:ffn-down-projection: 0.000134000 seconds
[token:99, layer:4] 102:layer-compute-total: 0.000485000 seconds
[token:99, layer:5] 002:attention-norm: 0.000001000 seconds
[token:99, layer:5] 003:qkv-projection: 0.000108000 seconds
[token:99, layer:5] 004:apply-rope: 0.000001000 seconds
[token:99, layer:5] 005:compute-attention: 0.000015000 seconds
[token:99, layer:5] 006:attention-output: 0.000035000 seconds
[token:99, layer:5] 007:ffn-norm: 0.000000000 seconds
[token:99, layer:5] 008:ffn-up-projection: 0.000187000 seconds
[token:99, layer:5] 009:ffn-swiglu: 0.000001000 seconds
[token:99, layer:5] 010:ffn-down-projection: 0.000134000 seconds
[token:99, layer:5] 102:layer-compute-total: 0.000482000 seconds
[token:99] 011:final-projection: 0.003992000 seconds
[token:99] 103:forward-compute-total: 0.006912000 seconds
[token:100] 001:embedding-lookup: 0.000000000 seconds
[token:100, layer:0] 002:attention-norm: 0.000000000 seconds
[token:100, layer:0] 003:qkv-projection: 0.000108000 seconds
[token:100, layer:0] 004:apply-rope: 0.000001000 seconds
[token:100, layer:0] 005:compute-attention: 0.000016000 seconds
[token:100, layer:0] 006:attention-output: 0.000036000 seconds
[token:100, layer:0] 007:ffn-norm: 0.000000000 seconds
[token:100, layer:0] 008:ffn-up-projection: 0.000190000 seconds
[token:100, layer:0] 009:ffn-swiglu: 0.000001000 seconds
[token:100, layer:0] 010:ffn-down-projection: 0.000149000 seconds
[token:100, layer:0] 102:layer-compute-total: 0.000501000 seconds
[token:100, layer:1] 002:attention-norm: 0.000000000 seconds
[token:100, layer:1] 003:qkv-projection: 0.000111000 seconds
[token:100, layer:1] 004:apply-rope: 0.000001000 seconds
[token:100, layer:1] 005:compute-attention: 0.000017000 seconds
[token:100, layer:1] 006:attention-output: 0.000035000 seconds
[token:100, layer:1] 007:ffn-norm: 0.000001000 seconds
[token:100, layer:1] 008:ffn-up-projection: 0.000190000 seconds
[token:100, layer:1] 009:ffn-swiglu: 0.000001000 seconds
[token:100, layer:1] 010:ffn-down-projection: 0.000136000 seconds
[token:100, layer:1] 102:layer-compute-total: 0.000492000 seconds
[token:100, layer:2] 002:attention-norm: 0.000000000 seconds
[token:100, layer:2] 003:qkv-projection: 0.000107000 seconds
[token:100, layer:2] 004:apply-rope: 0.000001000 seconds
[token:100, layer:2] 005:compute-attention: 0.000017000 seconds
[token:100, layer:2] 006:attention-output: 0.000036000 seconds
[token:100, layer:2] 007:ffn-norm: 0.000001000 seconds
[token:100, layer:2] 008:ffn-up-projection: 0.000189000 seconds
[token:100, layer:2] 009:ffn-swiglu: 0.000001000 seconds
[token:100, layer:2] 010:ffn-down-projection: 0.000140000 seconds
[token:100, layer:2] 102:layer-compute-total: 0.000492000 seconds
[token:100, layer:3] 002:attention-norm: 0.000000000 seconds
[token:100, layer:3] 003:qkv-projection: 0.000107000 seconds
[token:100, layer:3] 004:apply-rope: 0.000001000 seconds
[token:100, layer:3] 005:compute-attention: 0.000017000 seconds
[token:100, layer:3] 006:attention-output: 0.000035000 seconds
[token:100, layer:3] 007:ffn-norm: 0.000000000 seconds
[token:100, layer:3] 008:ffn-up-projection: 0.000190000 seconds
[token:100, layer:3] 009:ffn-swiglu: 0.000001000 seconds
[token:100, layer:3] 010:ffn-down-projection: 0.000138000 seconds
[token:100, layer:3] 102:layer-compute-total: 0.000489000 seconds
[token:100, layer:4] 002:attention-norm: 0.000000000 seconds
[token:100, layer:4] 003:qkv-projection: 0.000116000 seconds
[token:100, layer:4] 004:apply-rope: 0.000001000 seconds
[token:100, layer:4] 005:compute-attention: 0.000017000 seconds
[token:100, layer:4] 006:attention-output: 0.000037000 seconds
[token:100, layer:4] 007:ffn-norm: 0.000000000 seconds
[token:100, layer:4] 008:ffn-up-projection: 0.000251000 seconds
[token:100, layer:4] 009:ffn-swiglu: 0.000001000 seconds
[token:100, layer:4] 010:ffn-down-projection: 0.000152000 seconds
[token:100, layer:4] 102:layer-compute-total: 0.000575000 seconds
[token:100, layer:5] 002:attention-norm: 0.000000000 seconds
[token:100, layer:5] 003:qkv-projection: 0.000111000 seconds
[token:100, layer:5] 004:apply-rope: 0.000002000 seconds
[token:100, layer:5] 005:compute-attention: 0.000021000 seconds
[token:100, layer:5] 006:attention-output: 0.000037000 seconds
[token:100, layer:5] 007:ffn-norm: 0.000001000 seconds
[token:100, layer:5] 008:ffn-up-projection: 0.000189000 seconds
[token:100, layer:5] 009:ffn-swiglu: 0.000001000 seconds
[token:100, layer:5] 010:ffn-down-projection: 0.000148000 seconds
[token:100, layer:5] 102:layer-compute-total: 0.000510000 seconds
[token:100] 011:final-projection: 0.003993000 seconds
[token:100] 103:forward-compute-total: 0.007052000 seconds
[token:101] 001:embedding-lookup: 0.000000000 seconds
[token:101, layer:0] 002:attention-norm: 0.000000000 seconds
[token:101, layer:0] 003:qkv-projection: 0.000114000 seconds
[token:101, layer:0] 004:apply-rope: 0.000001000 seconds
[token:101, layer:0] 005:compute-attention: 0.000023000 seconds
[token:101, layer:0] 006:attention-output: 0.000036000 seconds
[token:101, layer:0] 007:ffn-norm: 0.000000000 seconds
[token:101, layer:0] 008:ffn-up-projection: 0.000187000 seconds
[token:101, layer:0] 009:ffn-swiglu: 0.000001000 seconds
[token:101, layer:0] 010:ffn-down-projection: 0.000139000 seconds
[token:101, layer:0] 102:layer-compute-total: 0.000501000 seconds
[token:101, layer:1] 002:attention-norm: 0.000001000 seconds
[token:101, layer:1] 003:qkv-projection: 0.000106000 seconds
[token:101, layer:1] 004:apply-rope: 0.000002000 seconds
[token:101, layer:1] 005:compute-attention: 0.000023000 seconds
[token:101, layer:1] 006:attention-output: 0.000035000 seconds
[token:101, layer:1] 007:ffn-norm: 0.000000000 seconds
[token:101, layer:1] 008:ffn-up-projection: 0.000187000 seconds
[token:101, layer:1] 009:ffn-swiglu: 0.000001000 seconds
[token:101, layer:1] 010:ffn-down-projection: 0.000135000 seconds
[token:101, layer:1] 102:layer-compute-total: 0.000490000 seconds
[token:101, layer:2] 002:attention-norm: 0.000001000 seconds
[token:101, layer:2] 003:qkv-projection: 0.000106000 seconds
[token:101, layer:2] 004:apply-rope: 0.000002000 seconds
[token:101, layer:2] 005:compute-attention: 0.000022000 seconds
[token:101, layer:2] 006:attention-output: 0.000035000 seconds
[token:101, layer:2] 007:ffn-norm: 0.000001000 seconds
[token:101, layer:2] 008:ffn-up-projection: 0.000190000 seconds
[token:101, layer:2] 009:ffn-swiglu: 0.000001000 seconds
[token:101, layer:2] 010:ffn-down-projection: 0.000133000 seconds
[token:101, layer:2] 102:layer-compute-total: 0.000491000 seconds
[token:101, layer:3] 002:attention-norm: 0.000000000 seconds
[token:101, layer:3] 003:qkv-projection: 0.000109000 seconds
[token:101, layer:3] 004:apply-rope: 0.000001000 seconds
[token:101, layer:3] 005:compute-attention: 0.000022000 seconds
[token:101, layer:3] 006:attention-output: 0.000035000 seconds
[token:101, layer:3] 007:ffn-norm: 0.000001000 seconds
[token:101, layer:3] 008:ffn-up-projection: 0.000197000 seconds
[token:101, layer:3] 009:ffn-swiglu: 0.000001000 seconds
[token:101, layer:3] 010:ffn-down-projection: 0.000139000 seconds
[token:101, layer:3] 102:layer-compute-total: 0.000505000 seconds
[token:101, layer:4] 002:attention-norm: 0.000000000 seconds
[token:101, layer:4] 003:qkv-projection: 0.000106000 seconds
[token:101, layer:4] 004:apply-rope: 0.000002000 seconds
[token:101, layer:4] 005:compute-attention: 0.000023000 seconds
[token:101, layer:4] 006:attention-output: 0.000036000 seconds
[token:101, layer:4] 007:ffn-norm: 0.000000000 seconds
[token:101, layer:4] 008:ffn-up-projection: 0.000187000 seconds
[token:101, layer:4] 009:ffn-swiglu: 0.000001000 seconds
[token:101, layer:4] 010:ffn-down-projection: 0.000133000 seconds
[token:101, layer:4] 102:layer-compute-total: 0.000488000 seconds
[token:101, layer:5] 002:attention-norm: 0.000000000 seconds
[token:101, layer:5] 003:qkv-projection: 0.000109000 seconds
[token:101, layer:5] 004:apply-rope: 0.000001000 seconds
[token:101, layer:5] 005:compute-attention: 0.000020000 seconds
[token:101, layer:5] 006:attention-output: 0.000035000 seconds
[token:101, layer:5] 007:ffn-norm: 0.000000000 seconds
[token:101, layer:5] 008:ffn-up-projection: 0.000187000 seconds
[token:101, layer:5] 009:ffn-swiglu: 0.000001000 seconds
[token:101, layer:5] 010:ffn-down-projection: 0.000134000 seconds
[token:101, layer:5] 102:layer-compute-total: 0.000487000 seconds
[token:101] 011:final-projection: 0.003965000 seconds
[token:101] 103:forward-compute-total: 0.006927000 seconds
[token:102] 001:embedding-lookup: 0.000000000 seconds
[token:102, layer:0] 002:attention-norm: 0.000000000 seconds
[token:102, layer:0] 003:qkv-projection: 0.000112000 seconds
[token:102, layer:0] 004:apply-rope: 0.000002000 seconds
[token:102, layer:0] 005:compute-attention: 0.000017000 seconds
[token:102, layer:0] 006:attention-output: 0.000035000 seconds
[token:102, layer:0] 007:ffn-norm: 0.000000000 seconds
[token:102, layer:0] 008:ffn-up-projection: 0.000191000 seconds
[token:102, layer:0] 009:ffn-swiglu: 0.000001000 seconds
[token:102, layer:0] 010:ffn-down-projection: 0.000148000 seconds
[token:102, layer:0] 102:layer-compute-total: 0.000506000 seconds
[token:102, layer:1] 002:attention-norm: 0.000001000 seconds
[token:102, layer:1] 003:qkv-projection: 0.000109000 seconds
[token:102, layer:1] 004:apply-rope: 0.000001000 seconds
[token:102, layer:1] 005:compute-attention: 0.000017000 seconds
[token:102, layer:1] 006:attention-output: 0.000036000 seconds
[token:102, layer:1] 007:ffn-norm: 0.000001000 seconds
[token:102, layer:1] 008:ffn-up-projection: 0.000195000 seconds
[token:102, layer:1] 009:ffn-swiglu: 0.000001000 seconds
[token:102, layer:1] 010:ffn-down-projection: 0.000137000 seconds
[token:102, layer:1] 102:layer-compute-total: 0.000498000 seconds
[token:102, layer:2] 002:attention-norm: 0.000000000 seconds
[token:102, layer:2] 003:qkv-projection: 0.000107000 seconds
[token:102, layer:2] 004:apply-rope: 0.000001000 seconds
[token:102, layer:2] 005:compute-attention: 0.000019000 seconds
[token:102, layer:2] 006:attention-output: 0.000035000 seconds
[token:102, layer:2] 007:ffn-norm: 0.000000000 seconds
[token:102, layer:2] 008:ffn-up-projection: 0.000195000 seconds
[token:102, layer:2] 009:ffn-swiglu: 0.000001000 seconds
[token:102, layer:2] 010:ffn-down-projection: 0.000137000 seconds
[token:102, layer:2] 102:layer-compute-total: 0.000495000 seconds
[token:102, layer:3] 002:attention-norm: 0.000001000 seconds
[token:102, layer:3] 003:qkv-projection: 0.000110000 seconds
[token:102, layer:3] 004:apply-rope: 0.000001000 seconds
[token:102, layer:3] 005:compute-attention: 0.000020000 seconds
[token:102, layer:3] 006:attention-output: 0.000036000 seconds
[token:102, layer:3] 007:ffn-norm: 0.000000000 seconds
[token:102, layer:3] 008:ffn-up-projection: 0.000190000 seconds
[token:102, layer:3] 009:ffn-swiglu: 0.000001000 seconds
[token:102, layer:3] 010:ffn-down-projection: 0.000136000 seconds
[token:102, layer:3] 102:layer-compute-total: 0.000495000 seconds
[token:102, layer:4] 002:attention-norm: 0.000001000 seconds
[token:102, layer:4] 003:qkv-projection: 0.000107000 seconds
[token:102, layer:4] 004:apply-rope: 0.000001000 seconds
[token:102, layer:4] 005:compute-attention: 0.000018000 seconds
[token:102, layer:4] 006:attention-output: 0.000050000 seconds
[token:102, layer:4] 007:ffn-norm: 0.000001000 seconds
[token:102, layer:4] 008:ffn-up-projection: 0.000257000 seconds
[token:102, layer:4] 009:ffn-swiglu: 0.000001000 seconds
[token:102, layer:4] 010:ffn-down-projection: 0.000248000 seconds
[token:102, layer:4] 102:layer-compute-total: 0.000684000 seconds
[token:102, layer:5] 002:attention-norm: 0.000000000 seconds
[token:102, layer:5] 003:qkv-projection: 0.000117000 seconds
[token:102, layer:5] 004:apply-rope: 0.000002000 seconds
[token:102, layer:5] 005:compute-attention: 0.000021000 seconds
[token:102, layer:5] 006:attention-output: 0.000041000 seconds
[token:102, layer:5] 007:ffn-norm: 0.000000000 seconds
[token:102, layer:5] 008:ffn-up-projection: 0.000200000 seconds
[token:102, layer:5] 009:ffn-swiglu: 0.000001000 seconds
[token:102, layer:5] 010:ffn-down-projection: 0.000139000 seconds
[token:102, layer:5] 102:layer-compute-total: 0.000521000 seconds
[token:102] 011:final-projection: 0.003925000 seconds
[token:102] 103:forward-compute-total: 0.007124000 seconds
[token:103] 001:embedding-lookup: 0.000000000 seconds
[token:103, layer:0] 002:attention-norm: 0.000000000 seconds
[token:103, layer:0] 003:qkv-projection: 0.000115000 seconds
[token:103, layer:0] 004:apply-rope: 0.000002000 seconds
[token:103, layer:0] 005:compute-attention: 0.000024000 seconds
[token:103, layer:0] 006:attention-output: 0.000038000 seconds
[token:103, layer:0] 007:ffn-norm: 0.000000000 seconds
[token:103, layer:0] 008:ffn-up-projection: 0.000187000 seconds
[token:103, layer:0] 009:ffn-swiglu: 0.000001000 seconds
[token:103, layer:0] 010:ffn-down-projection: 0.000134000 seconds
[token:103, layer:0] 102:layer-compute-total: 0.000501000 seconds
[token:103, layer:1] 002:attention-norm: 0.000001000 seconds
[token:103, layer:1] 003:qkv-projection: 0.000105000 seconds
[token:103, layer:1] 004:apply-rope: 0.000002000 seconds
[token:103, layer:1] 005:compute-attention: 0.000023000 seconds
[token:103, layer:1] 006:attention-output: 0.000036000 seconds
[token:103, layer:1] 007:ffn-norm: 0.000000000 seconds
[token:103, layer:1] 008:ffn-up-projection: 0.000187000 seconds
[token:103, layer:1] 009:ffn-swiglu: 0.000001000 seconds
[token:103, layer:1] 010:ffn-down-projection: 0.000134000 seconds
[token:103, layer:1] 102:layer-compute-total: 0.000489000 seconds
[token:103, layer:2] 002:attention-norm: 0.000000000 seconds
[token:103, layer:2] 003:qkv-projection: 0.000105000 seconds
[token:103, layer:2] 004:apply-rope: 0.000001000 seconds
[token:103, layer:2] 005:compute-attention: 0.000020000 seconds
[token:103, layer:2] 006:attention-output: 0.000035000 seconds
[token:103, layer:2] 007:ffn-norm: 0.000001000 seconds
[token:103, layer:2] 008:ffn-up-projection: 0.000187000 seconds
[token:103, layer:2] 009:ffn-swiglu: 0.000001000 seconds
[token:103, layer:2] 010:ffn-down-projection: 0.000134000 seconds
[token:103, layer:2] 102:layer-compute-total: 0.000484000 seconds
[token:103, layer:3] 002:attention-norm: 0.000000000 seconds
[token:103, layer:3] 003:qkv-projection: 0.000105000 seconds
[token:103, layer:3] 004:apply-rope: 0.000001000 seconds
[token:103, layer:3] 005:compute-attention: 0.000020000 seconds
[token:103, layer:3] 006:attention-output: 0.000035000 seconds
[token:103, layer:3] 007:ffn-norm: 0.000000000 seconds
[token:103, layer:3] 008:ffn-up-projection: 0.000187000 seconds
[token:103, layer:3] 009:ffn-swiglu: 0.000001000 seconds
[token:103, layer:3] 010:ffn-down-projection: 0.000134000 seconds
[token:103, layer:3] 102:layer-compute-total: 0.000483000 seconds
[token:103, layer:4] 002:attention-norm: 0.000000000 seconds
[token:103, layer:4] 003:qkv-projection: 0.000106000 seconds
[token:103, layer:4] 004:apply-rope: 0.000002000 seconds
[token:103, layer:4] 005:compute-attention: 0.000020000 seconds
[token:103, layer:4] 006:attention-output: 0.000041000 seconds
[token:103, layer:4] 007:ffn-norm: 0.000000000 seconds
[token:103, layer:4] 008:ffn-up-projection: 0.000189000 seconds
[token:103, layer:4] 009:ffn-swiglu: 0.000001000 seconds
[token:103, layer:4] 010:ffn-down-projection: 0.000134000 seconds
[token:103, layer:4] 102:layer-compute-total: 0.000493000 seconds
[token:103, layer:5] 002:attention-norm: 0.000000000 seconds
[token:103, layer:5] 003:qkv-projection: 0.000105000 seconds
[token:103, layer:5] 004:apply-rope: 0.000001000 seconds
[token:103, layer:5] 005:compute-attention: 0.000016000 seconds
[token:103, layer:5] 006:attention-output: 0.000035000 seconds
[token:103, layer:5] 007:ffn-norm: 0.000001000 seconds
[token:103, layer:5] 008:ffn-up-projection: 0.000187000 seconds
[token:103, layer:5] 009:ffn-swiglu: 0.000001000 seconds
[token:103, layer:5] 010:ffn-down-projection: 0.000139000 seconds
[token:103, layer:5] 102:layer-compute-total: 0.000485000 seconds
[token:103] 011:final-projection: 0.003959000 seconds
[token:103] 103:forward-compute-total: 0.006894000 seconds
[token:104] 001:embedding-lookup: 0.000000000 seconds
[token:104, layer:0] 002:attention-norm: 0.000000000 seconds
[token:104, layer:0] 003:qkv-projection: 0.000112000 seconds
[token:104, layer:0] 004:apply-rope: 0.000002000 seconds
[token:104, layer:0] 005:compute-attention: 0.000017000 seconds
[token:104, layer:0] 006:attention-output: 0.000036000 seconds
[token:104, layer:0] 007:ffn-norm: 0.000000000 seconds
[token:104, layer:0] 008:ffn-up-projection: 0.000188000 seconds
[token:104, layer:0] 009:ffn-swiglu: 0.000001000 seconds
[token:104, layer:0] 010:ffn-down-projection: 0.000136000 seconds
[token:104, layer:0] 102:layer-compute-total: 0.000492000 seconds
[token:104, layer:1] 002:attention-norm: 0.000000000 seconds
[token:104, layer:1] 003:qkv-projection: 0.000104000 seconds
[token:104, layer:1] 004:apply-rope: 0.000002000 seconds
[token:104, layer:1] 005:compute-attention: 0.000016000 seconds
[token:104, layer:1] 006:attention-output: 0.000035000 seconds
[token:104, layer:1] 007:ffn-norm: 0.000000000 seconds
[token:104, layer:1] 008:ffn-up-projection: 0.000187000 seconds
[token:104, layer:1] 009:ffn-swiglu: 0.000001000 seconds
[token:104, layer:1] 010:ffn-down-projection: 0.000134000 seconds
[token:104, layer:1] 102:layer-compute-total: 0.000479000 seconds
[token:104, layer:2] 002:attention-norm: 0.000000000 seconds
[token:104, layer:2] 003:qkv-projection: 0.000105000 seconds
[token:104, layer:2] 004:apply-rope: 0.000001000 seconds
[token:104, layer:2] 005:compute-attention: 0.000017000 seconds
[token:104, layer:2] 006:attention-output: 0.000038000 seconds
[token:104, layer:2] 007:ffn-norm: 0.000001000 seconds
[token:104, layer:2] 008:ffn-up-projection: 0.000188000 seconds
[token:104, layer:2] 009:ffn-swiglu: 0.000001000 seconds
[token:104, layer:2] 010:ffn-down-projection: 0.000134000 seconds
[token:104, layer:2] 102:layer-compute-total: 0.000485000 seconds
[token:104, layer:3] 002:attention-norm: 0.000001000 seconds
[token:104, layer:3] 003:qkv-projection: 0.000105000 seconds
[token:104, layer:3] 004:apply-rope: 0.000001000 seconds
[token:104, layer:3] 005:compute-attention: 0.000016000 seconds
[token:104, layer:3] 006:attention-output: 0.000035000 seconds
[token:104, layer:3] 007:ffn-norm: 0.000000000 seconds
[token:104, layer:3] 008:ffn-up-projection: 0.000193000 seconds
[token:104, layer:3] 009:ffn-swiglu: 0.000001000 seconds
[token:104, layer:3] 010:ffn-down-projection: 0.000134000 seconds
[token:104, layer:3] 102:layer-compute-total: 0.000486000 seconds
[token:104, layer:4] 002:attention-norm: 0.000000000 seconds
[token:104, layer:4] 003:qkv-projection: 0.000105000 seconds
[token:104, layer:4] 004:apply-rope: 0.000001000 seconds
[token:104, layer:4] 005:compute-attention: 0.000017000 seconds
[token:104, layer:4] 006:attention-output: 0.000036000 seconds
[token:104, layer:4] 007:ffn-norm: 0.000000000 seconds
[token:104, layer:4] 008:ffn-up-projection: 0.000212000 seconds
[token:104, layer:4] 009:ffn-swiglu: 0.000001000 seconds
[token:104, layer:4] 010:ffn-down-projection: 0.000139000 seconds
[token:104, layer:4] 102:layer-compute-total: 0.000511000 seconds
[token:104, layer:5] 002:attention-norm: 0.000000000 seconds
[token:104, layer:5] 003:qkv-projection: 0.000111000 seconds
[token:104, layer:5] 004:apply-rope: 0.000002000 seconds
[token:104, layer:5] 005:compute-attention: 0.000016000 seconds
[token:104, layer:5] 006:attention-output: 0.000036000 seconds
[token:104, layer:5] 007:ffn-norm: 0.000001000 seconds
[token:104, layer:5] 008:ffn-up-projection: 0.000190000 seconds
[token:104, layer:5] 009:ffn-swiglu: 0.000001000 seconds
[token:104, layer:5] 010:ffn-down-projection: 0.000135000 seconds
[token:104, layer:5] 102:layer-compute-total: 0.000492000 seconds
[token:104] 011:final-projection: 0.004141000 seconds
[token:104] 103:forward-compute-total: 0.007086000 seconds
[token:105] 001:embedding-lookup: 0.000001000 seconds
[token:105, layer:0] 002:attention-norm: 0.000000000 seconds
[token:105, layer:0] 003:qkv-projection: 0.000105000 seconds
[token:105, layer:0] 004:apply-rope: 0.000002000 seconds
[token:105, layer:0] 005:compute-attention: 0.000026000 seconds
[token:105, layer:0] 006:attention-output: 0.000036000 seconds
[token:105, layer:0] 007:ffn-norm: 0.000001000 seconds
[token:105, layer:0] 008:ffn-up-projection: 0.000187000 seconds
[token:105, layer:0] 009:ffn-swiglu: 0.000001000 seconds
[token:105, layer:0] 010:ffn-down-projection: 0.000133000 seconds
[token:105, layer:0] 102:layer-compute-total: 0.000491000 seconds
[token:105, layer:1] 002:attention-norm: 0.000000000 seconds
[token:105, layer:1] 003:qkv-projection: 0.000109000 seconds
[token:105, layer:1] 004:apply-rope: 0.000002000 seconds
[token:105, layer:1] 005:compute-attention: 0.000025000 seconds
[token:105, layer:1] 006:attention-output: 0.000035000 seconds
[token:105, layer:1] 007:ffn-norm: 0.000001000 seconds
[token:105, layer:1] 008:ffn-up-projection: 0.000187000 seconds
[token:105, layer:1] 009:ffn-swiglu: 0.000001000 seconds
[token:105, layer:1] 010:ffn-down-projection: 0.000133000 seconds
[token:105, layer:1] 102:layer-compute-total: 0.000493000 seconds
[token:105, layer:2] 002:attention-norm: 0.000000000 seconds
[token:105, layer:2] 003:qkv-projection: 0.000109000 seconds
[token:105, layer:2] 004:apply-rope: 0.000001000 seconds
[token:105, layer:2] 005:compute-attention: 0.000024000 seconds
[token:105, layer:2] 006:attention-output: 0.000035000 seconds
[token:105, layer:2] 007:ffn-norm: 0.000000000 seconds
[token:105, layer:2] 008:ffn-up-projection: 0.000187000 seconds
[token:105, layer:2] 009:ffn-swiglu: 0.000001000 seconds
[token:105, layer:2] 010:ffn-down-projection: 0.000141000 seconds
[token:105, layer:2] 102:layer-compute-total: 0.000498000 seconds
[token:105, layer:3] 002:attention-norm: 0.000000000 seconds
[token:105, layer:3] 003:qkv-projection: 0.000105000 seconds
[token:105, layer:3] 004:apply-rope: 0.000002000 seconds
[token:105, layer:3] 005:compute-attention: 0.000025000 seconds
[token:105, layer:3] 006:attention-output: 0.000039000 seconds
[token:105, layer:3] 007:ffn-norm: 0.000000000 seconds
[token:105, layer:3] 008:ffn-up-projection: 0.000193000 seconds
[token:105, layer:3] 009:ffn-swiglu: 0.000001000 seconds
[token:105, layer:3] 010:ffn-down-projection: 0.000134000 seconds
[token:105, layer:3] 102:layer-compute-total: 0.000499000 seconds
[token:105, layer:4] 002:attention-norm: 0.000000000 seconds
[token:105, layer:4] 003:qkv-projection: 0.000105000 seconds
[token:105, layer:4] 004:apply-rope: 0.000001000 seconds
[token:105, layer:4] 005:compute-attention: 0.000023000 seconds
[token:105, layer:4] 006:attention-output: 0.000036000 seconds
[token:105, layer:4] 007:ffn-norm: 0.000000000 seconds
[token:105, layer:4] 008:ffn-up-projection: 0.000187000 seconds
[token:105, layer:4] 009:ffn-swiglu: 0.000001000 seconds
[token:105, layer:4] 010:ffn-down-projection: 0.000134000 seconds
[token:105, layer:4] 102:layer-compute-total: 0.000487000 seconds
[token:105, layer:5] 002:attention-norm: 0.000000000 seconds
[token:105, layer:5] 003:qkv-projection: 0.000106000 seconds
[token:105, layer:5] 004:apply-rope: 0.000001000 seconds
[token:105, layer:5] 005:compute-attention: 0.000021000 seconds
[token:105, layer:5] 006:attention-output: 0.000035000 seconds
[token:105, layer:5] 007:ffn-norm: 0.000000000 seconds
[token:105, layer:5] 008:ffn-up-projection: 0.000187000 seconds
[token:105, layer:5] 009:ffn-swiglu: 0.000001000 seconds
[token:105, layer:5] 010:ffn-down-projection: 0.000134000 seconds
[token:105, layer:5] 102:layer-compute-total: 0.000485000 seconds
[token:105] 011:final-projection: 0.003956000 seconds
[token:105] 103:forward-compute-total: 0.006910000 seconds
[token:106] 001:embedding-lookup: 0.000001000 seconds
[token:106, layer:0] 002:attention-norm: 0.000001000 seconds
[token:106, layer:0] 003:qkv-projection: 0.000108000 seconds
[token:106, layer:0] 004:apply-rope: 0.000001000 seconds
[token:106, layer:0] 005:compute-attention: 0.000017000 seconds
[token:106, layer:0] 006:attention-output: 0.000038000 seconds
[token:106, layer:0] 007:ffn-norm: 0.000001000 seconds
[token:106, layer:0] 008:ffn-up-projection: 0.000191000 seconds
[token:106, layer:0] 009:ffn-swiglu: 0.000001000 seconds
[token:106, layer:0] 010:ffn-down-projection: 0.000133000 seconds
[token:106, layer:0] 102:layer-compute-total: 0.000491000 seconds
[token:106, layer:1] 002:attention-norm: 0.000001000 seconds
[token:106, layer:1] 003:qkv-projection: 0.000105000 seconds
[token:106, layer:1] 004:apply-rope: 0.000002000 seconds
[token:106, layer:1] 005:compute-attention: 0.000021000 seconds
[token:106, layer:1] 006:attention-output: 0.000035000 seconds
[token:106, layer:1] 007:ffn-norm: 0.000000000 seconds
[token:106, layer:1] 008:ffn-up-projection: 0.000186000 seconds
[token:106, layer:1] 009:ffn-swiglu: 0.000001000 seconds
[token:106, layer:1] 010:ffn-down-projection: 0.000133000 seconds
[token:106, layer:1] 102:layer-compute-total: 0.000484000 seconds
[token:106, layer:2] 002:attention-norm: 0.000000000 seconds
[token:106, layer:2] 003:qkv-projection: 0.000105000 seconds
[token:106, layer:2] 004:apply-rope: 0.000001000 seconds
[token:106, layer:2] 005:compute-attention: 0.000021000 seconds
[token:106, layer:2] 006:attention-output: 0.000036000 seconds
[token:106, layer:2] 007:ffn-norm: 0.000000000 seconds
[token:106, layer:2] 008:ffn-up-projection: 0.000187000 seconds
[token:106, layer:2] 009:ffn-swiglu: 0.000001000 seconds
[token:106, layer:2] 010:ffn-down-projection: 0.000134000 seconds
[token:106, layer:2] 102:layer-compute-total: 0.000485000 seconds
[token:106, layer:3] 002:attention-norm: 0.000000000 seconds
[token:106, layer:3] 003:qkv-projection: 0.000116000 seconds
[token:106, layer:3] 004:apply-rope: 0.000001000 seconds
[token:106, layer:3] 005:compute-attention: 0.000018000 seconds
[token:106, layer:3] 006:attention-output: 0.000035000 seconds
[token:106, layer:3] 007:ffn-norm: 0.000000000 seconds
[token:106, layer:3] 008:ffn-up-projection: 0.000186000 seconds
[token:106, layer:3] 009:ffn-swiglu: 0.000001000 seconds
[token:106, layer:3] 010:ffn-down-projection: 0.000133000 seconds
[token:106, layer:3] 102:layer-compute-total: 0.000490000 seconds
[token:106, layer:4] 002:attention-norm: 0.000000000 seconds
[token:106, layer:4] 003:qkv-projection: 0.000109000 seconds
[token:106, layer:4] 004:apply-rope: 0.000001000 seconds
[token:106, layer:4] 005:compute-attention: 0.000018000 seconds
[token:106, layer:4] 006:attention-output: 0.000036000 seconds
[token:106, layer:4] 007:ffn-norm: 0.000000000 seconds
[token:106, layer:4] 008:ffn-up-projection: 0.000190000 seconds
[token:106, layer:4] 009:ffn-swiglu: 0.000001000 seconds
[token:106, layer:4] 010:ffn-down-projection: 0.000168000 seconds
[token:106, layer:4] 102:layer-compute-total: 0.000523000 seconds
[token:106, layer:5] 002:attention-norm: 0.000000000 seconds
[token:106, layer:5] 003:qkv-projection: 0.000109000 seconds
[token:106, layer:5] 004:apply-rope: 0.000002000 seconds
[token:106, layer:5] 005:compute-attention: 0.000018000 seconds
[token:106, layer:5] 006:attention-output: 0.000040000 seconds
[token:106, layer:5] 007:ffn-norm: 0.000000000 seconds
[token:106, layer:5] 008:ffn-up-projection: 0.000199000 seconds
[token:106, layer:5] 009:ffn-swiglu: 0.000001000 seconds
[token:106, layer:5] 010:ffn-down-projection: 0.000135000 seconds
[token:106, layer:5] 102:layer-compute-total: 0.000504000 seconds
[token:106] 011:final-projection: 0.004124000 seconds
[token:106] 103:forward-compute-total: 0.007102000 seconds
[token:107] 001:embedding-lookup: 0.000000000 seconds
[token:107, layer:0] 002:attention-norm: 0.000001000 seconds
[token:107, layer:0] 003:qkv-projection: 0.000108000 seconds
[token:107, layer:0] 004:apply-rope: 0.000002000 seconds
[token:107, layer:0] 005:compute-attention: 0.000023000 seconds
[token:107, layer:0] 006:attention-output: 0.000035000 seconds
[token:107, layer:0] 007:ffn-norm: 0.000000000 seconds
[token:107, layer:0] 008:ffn-up-projection: 0.000188000 seconds
[token:107, layer:0] 009:ffn-swiglu: 0.000001000 seconds
[token:107, layer:0] 010:ffn-down-projection: 0.000133000 seconds
[token:107, layer:0] 102:layer-compute-total: 0.000491000 seconds
[token:107, layer:1] 002:attention-norm: 0.000000000 seconds
[token:107, layer:1] 003:qkv-projection: 0.000105000 seconds
[token:107, layer:1] 004:apply-rope: 0.000002000 seconds
[token:107, layer:1] 005:compute-attention: 0.000025000 seconds
[token:107, layer:1] 006:attention-output: 0.000035000 seconds
[token:107, layer:1] 007:ffn-norm: 0.000000000 seconds
[token:107, layer:1] 008:ffn-up-projection: 0.000186000 seconds
[token:107, layer:1] 009:ffn-swiglu: 0.000001000 seconds
[token:107, layer:1] 010:ffn-down-projection: 0.000133000 seconds
[token:107, layer:1] 102:layer-compute-total: 0.000487000 seconds
[token:107, layer:2] 002:attention-norm: 0.000000000 seconds
[token:107, layer:2] 003:qkv-projection: 0.000105000 seconds
[token:107, layer:2] 004:apply-rope: 0.000001000 seconds
[token:107, layer:2] 005:compute-attention: 0.000024000 seconds
[token:107, layer:2] 006:attention-output: 0.000039000 seconds
[token:107, layer:2] 007:ffn-norm: 0.000000000 seconds
[token:107, layer:2] 008:ffn-up-projection: 0.000187000 seconds
[token:107, layer:2] 009:ffn-swiglu: 0.000002000 seconds
[token:107, layer:2] 010:ffn-down-projection: 0.000140000 seconds
[token:107, layer:2] 102:layer-compute-total: 0.000498000 seconds
[token:107, layer:3] 002:attention-norm: 0.000001000 seconds
[token:107, layer:3] 003:qkv-projection: 0.000105000 seconds
[token:107, layer:3] 004:apply-rope: 0.000001000 seconds
[token:107, layer:3] 005:compute-attention: 0.000024000 seconds
[token:107, layer:3] 006:attention-output: 0.000035000 seconds
[token:107, layer:3] 007:ffn-norm: 0.000001000 seconds
[token:107, layer:3] 008:ffn-up-projection: 0.000186000 seconds
[token:107, layer:3] 009:ffn-swiglu: 0.000001000 seconds
[token:107, layer:3] 010:ffn-down-projection: 0.000138000 seconds
[token:107, layer:3] 102:layer-compute-total: 0.000492000 seconds
[token:107, layer:4] 002:attention-norm: 0.000001000 seconds
[token:107, layer:4] 003:qkv-projection: 0.000105000 seconds
[token:107, layer:4] 004:apply-rope: 0.000001000 seconds
[token:107, layer:4] 005:compute-attention: 0.000023000 seconds
[token:107, layer:4] 006:attention-output: 0.000036000 seconds
[token:107, layer:4] 007:ffn-norm: 0.000000000 seconds
[token:107, layer:4] 008:ffn-up-projection: 0.000186000 seconds
[token:107, layer:4] 009:ffn-swiglu: 0.000001000 seconds
[token:107, layer:4] 010:ffn-down-projection: 0.000133000 seconds
[token:107, layer:4] 102:layer-compute-total: 0.000486000 seconds
[token:107, layer:5] 002:attention-norm: 0.000000000 seconds
[token:107, layer:5] 003:qkv-projection: 0.000109000 seconds
[token:107, layer:5] 004:apply-rope: 0.000002000 seconds
[token:107, layer:5] 005:compute-attention: 0.000027000 seconds
[token:107, layer:5] 006:attention-output: 0.000039000 seconds
[token:107, layer:5] 007:ffn-norm: 0.000000000 seconds
[token:107, layer:5] 008:ffn-up-projection: 0.000188000 seconds
[token:107, layer:5] 009:ffn-swiglu: 0.000001000 seconds
[token:107, layer:5] 010:ffn-down-projection: 0.000132000 seconds
[token:107, layer:5] 102:layer-compute-total: 0.000498000 seconds
[token:107] 011:final-projection: 0.003940000 seconds
[token:107] 103:forward-compute-total: 0.006892000 seconds
[token:108] 001:embedding-lookup: 0.000000000 seconds
[token:108, layer:0] 002:attention-norm: 0.000000000 seconds
[token:108, layer:0] 003:qkv-projection: 0.000114000 seconds
[token:108, layer:0] 004:apply-rope: 0.000001000 seconds
[token:108, layer:0] 005:compute-attention: 0.000017000 seconds
[token:108, layer:0] 006:attention-output: 0.000035000 seconds
[token:108, layer:0] 007:ffn-norm: 0.000000000 seconds
[token:108, layer:0] 008:ffn-up-projection: 0.000187000 seconds
[token:108, layer:0] 009:ffn-swiglu: 0.000001000 seconds
[token:108, layer:0] 010:ffn-down-projection: 0.000134000 seconds
[token:108, layer:0] 102:layer-compute-total: 0.000489000 seconds
[token:108, layer:1] 002:attention-norm: 0.000000000 seconds
[token:108, layer:1] 003:qkv-projection: 0.000105000 seconds
[token:108, layer:1] 004:apply-rope: 0.000002000 seconds
[token:108, layer:1] 005:compute-attention: 0.000018000 seconds
[token:108, layer:1] 006:attention-output: 0.000035000 seconds
[token:108, layer:1] 007:ffn-norm: 0.000000000 seconds
[token:108, layer:1] 008:ffn-up-projection: 0.000186000 seconds
[token:108, layer:1] 009:ffn-swiglu: 0.000001000 seconds
[token:108, layer:1] 010:ffn-down-projection: 0.000133000 seconds
[token:108, layer:1] 102:layer-compute-total: 0.000480000 seconds
[token:108, layer:2] 002:attention-norm: 0.000000000 seconds
[token:108, layer:2] 003:qkv-projection: 0.000110000 seconds
[token:108, layer:2] 004:apply-rope: 0.000001000 seconds
[token:108, layer:2] 005:compute-attention: 0.000017000 seconds
[token:108, layer:2] 006:attention-output: 0.000036000 seconds
[token:108, layer:2] 007:ffn-norm: 0.000001000 seconds
[token:108, layer:2] 008:ffn-up-projection: 0.000187000 seconds
[token:108, layer:2] 009:ffn-swiglu: 0.000002000 seconds
[token:108, layer:2] 010:ffn-down-projection: 0.000134000 seconds
[token:108, layer:2] 102:layer-compute-total: 0.000488000 seconds
[token:108, layer:3] 002:attention-norm: 0.000000000 seconds
[token:108, layer:3] 003:qkv-projection: 0.000104000 seconds
[token:108, layer:3] 004:apply-rope: 0.000001000 seconds
[token:108, layer:3] 005:compute-attention: 0.000017000 seconds
[token:108, layer:3] 006:attention-output: 0.000035000 seconds
[token:108, layer:3] 007:ffn-norm: 0.000000000 seconds
[token:108, layer:3] 008:ffn-up-projection: 0.000187000 seconds
[token:108, layer:3] 009:ffn-swiglu: 0.000001000 seconds
[token:108, layer:3] 010:ffn-down-projection: 0.000134000 seconds
[token:108, layer:3] 102:layer-compute-total: 0.000479000 seconds
[token:108, layer:4] 002:attention-norm: 0.000000000 seconds
[token:108, layer:4] 003:qkv-projection: 0.000113000 seconds
[token:108, layer:4] 004:apply-rope: 0.000001000 seconds
[token:108, layer:4] 005:compute-attention: 0.000018000 seconds
[token:108, layer:4] 006:attention-output: 0.000036000 seconds
[token:108, layer:4] 007:ffn-norm: 0.000000000 seconds
[token:108, layer:4] 008:ffn-up-projection: 0.000187000 seconds
[token:108, layer:4] 009:ffn-swiglu: 0.000001000 seconds
[token:108, layer:4] 010:ffn-down-projection: 0.000134000 seconds
[token:108, layer:4] 102:layer-compute-total: 0.000490000 seconds
[token:108, layer:5] 002:attention-norm: 0.000000000 seconds
[token:108, layer:5] 003:qkv-projection: 0.000105000 seconds
[token:108, layer:5] 004:apply-rope: 0.000001000 seconds
[token:108, layer:5] 005:compute-attention: 0.000016000 seconds
[token:108, layer:5] 006:attention-output: 0.000035000 seconds
[token:108, layer:5] 007:ffn-norm: 0.000000000 seconds
[token:108, layer:5] 008:ffn-up-projection: 0.000187000 seconds
[token:108, layer:5] 009:ffn-swiglu: 0.000001000 seconds
[token:108, layer:5] 010:ffn-down-projection: 0.000137000 seconds
[token:108, layer:5] 102:layer-compute-total: 0.000482000 seconds
[token:108] 011:final-projection: 0.004183000 seconds
[token:108] 103:forward-compute-total: 0.007091000 seconds
[token:109] 001:embedding-lookup: 0.000000000 seconds
[token:109, layer:0] 002:attention-norm: 0.000000000 seconds
[token:109, layer:0] 003:qkv-projection: 0.000112000 seconds
[token:109, layer:0] 004:apply-rope: 0.000001000 seconds
[token:109, layer:0] 005:compute-attention: 0.000023000 seconds
[token:109, layer:0] 006:attention-output: 0.000035000 seconds
[token:109, layer:0] 007:ffn-norm: 0.000000000 seconds
[token:109, layer:0] 008:ffn-up-projection: 0.000186000 seconds
[token:109, layer:0] 009:ffn-swiglu: 0.000001000 seconds
[token:109, layer:0] 010:ffn-down-projection: 0.000134000 seconds
[token:109, layer:0] 102:layer-compute-total: 0.000492000 seconds
[token:109, layer:1] 002:attention-norm: 0.000000000 seconds
[token:109, layer:1] 003:qkv-projection: 0.000105000 seconds
[token:109, layer:1] 004:apply-rope: 0.000001000 seconds
[token:109, layer:1] 005:compute-attention: 0.000021000 seconds
[token:109, layer:1] 006:attention-output: 0.000035000 seconds
[token:109, layer:1] 007:ffn-norm: 0.000000000 seconds
[token:109, layer:1] 008:ffn-up-projection: 0.000187000 seconds
[token:109, layer:1] 009:ffn-swiglu: 0.000001000 seconds
[token:109, layer:1] 010:ffn-down-projection: 0.000134000 seconds
[token:109, layer:1] 102:layer-compute-total: 0.000484000 seconds
[token:109, layer:2] 002:attention-norm: 0.000000000 seconds
[token:109, layer:2] 003:qkv-projection: 0.000105000 seconds
[token:109, layer:2] 004:apply-rope: 0.000001000 seconds
[token:109, layer:2] 005:compute-attention: 0.000023000 seconds
[token:109, layer:2] 006:attention-output: 0.000035000 seconds
[token:109, layer:2] 007:ffn-norm: 0.000001000 seconds
[token:109, layer:2] 008:ffn-up-projection: 0.000187000 seconds
[token:109, layer:2] 009:ffn-swiglu: 0.000001000 seconds
[token:109, layer:2] 010:ffn-down-projection: 0.000134000 seconds
[token:109, layer:2] 102:layer-compute-total: 0.000487000 seconds
[token:109, layer:3] 002:attention-norm: 0.000000000 seconds
[token:109, layer:3] 003:qkv-projection: 0.000105000 seconds
[token:109, layer:3] 004:apply-rope: 0.000001000 seconds
[token:109, layer:3] 005:compute-attention: 0.000022000 seconds
[token:109, layer:3] 006:attention-output: 0.000035000 seconds
[token:109, layer:3] 007:ffn-norm: 0.000001000 seconds
[token:109, layer:3] 008:ffn-up-projection: 0.000187000 seconds
[token:109, layer:3] 009:ffn-swiglu: 0.000001000 seconds
[token:109, layer:3] 010:ffn-down-projection: 0.000134000 seconds
[token:109, layer:3] 102:layer-compute-total: 0.000486000 seconds
[token:109, layer:4] 002:attention-norm: 0.000001000 seconds
[token:109, layer:4] 003:qkv-projection: 0.000109000 seconds
[token:109, layer:4] 004:apply-rope: 0.000002000 seconds
[token:109, layer:4] 005:compute-attention: 0.000023000 seconds
[token:109, layer:4] 006:attention-output: 0.000036000 seconds
[token:109, layer:4] 007:ffn-norm: 0.000001000 seconds
[token:109, layer:4] 008:ffn-up-projection: 0.000190000 seconds
[token:109, layer:4] 009:ffn-swiglu: 0.000001000 seconds
[token:109, layer:4] 010:ffn-down-projection: 0.000134000 seconds
[token:109, layer:4] 102:layer-compute-total: 0.000497000 seconds
[token:109, layer:5] 002:attention-norm: 0.000000000 seconds
[token:109, layer:5] 003:qkv-projection: 0.000105000 seconds
[token:109, layer:5] 004:apply-rope: 0.000001000 seconds
[token:109, layer:5] 005:compute-attention: 0.000022000 seconds
[token:109, layer:5] 006:attention-output: 0.000035000 seconds
[token:109, layer:5] 007:ffn-norm: 0.000000000 seconds
[token:109, layer:5] 008:ffn-up-projection: 0.000189000 seconds
[token:109, layer:5] 009:ffn-swiglu: 0.000001000 seconds
[token:109, layer:5] 010:ffn-down-projection: 0.000134000 seconds
[token:109, layer:5] 102:layer-compute-total: 0.000487000 seconds
[token:109] 011:final-projection: 0.003963000 seconds
[token:109] 103:forward-compute-total: 0.006896000 seconds
[token:110] 001:embedding-lookup: 0.000000000 seconds
[token:110, layer:0] 002:attention-norm: 0.000001000 seconds
[token:110, layer:0] 003:qkv-projection: 0.000113000 seconds
[token:110, layer:0] 004:apply-rope: 0.000002000 seconds
[token:110, layer:0] 005:compute-attention: 0.000017000 seconds
[token:110, layer:0] 006:attention-output: 0.000035000 seconds
[token:110, layer:0] 007:ffn-norm: 0.000000000 seconds
[token:110, layer:0] 008:ffn-up-projection: 0.000192000 seconds
[token:110, layer:0] 009:ffn-swiglu: 0.000001000 seconds
[token:110, layer:0] 010:ffn-down-projection: 0.000134000 seconds
[token:110, layer:0] 102:layer-compute-total: 0.000495000 seconds
[token:110, layer:1] 002:attention-norm: 0.000001000 seconds
[token:110, layer:1] 003:qkv-projection: 0.000109000 seconds
[token:110, layer:1] 004:apply-rope: 0.000001000 seconds
[token:110, layer:1] 005:compute-attention: 0.000017000 seconds
[token:110, layer:1] 006:attention-output: 0.000036000 seconds
[token:110, layer:1] 007:ffn-norm: 0.000000000 seconds
[token:110, layer:1] 008:ffn-up-projection: 0.000187000 seconds
[token:110, layer:1] 009:ffn-swiglu: 0.000001000 seconds
[token:110, layer:1] 010:ffn-down-projection: 0.000134000 seconds
[token:110, layer:1] 102:layer-compute-total: 0.000486000 seconds
[token:110, layer:2] 002:attention-norm: 0.000000000 seconds
[token:110, layer:2] 003:qkv-projection: 0.000105000 seconds
[token:110, layer:2] 004:apply-rope: 0.000001000 seconds
[token:110, layer:2] 005:compute-attention: 0.000018000 seconds
[token:110, layer:2] 006:attention-output: 0.000035000 seconds
[token:110, layer:2] 007:ffn-norm: 0.000000000 seconds
[token:110, layer:2] 008:ffn-up-projection: 0.000187000 seconds
[token:110, layer:2] 009:ffn-swiglu: 0.000001000 seconds
[token:110, layer:2] 010:ffn-down-projection: 0.000134000 seconds
[token:110, layer:2] 102:layer-compute-total: 0.000481000 seconds
[token:110, layer:3] 002:attention-norm: 0.000000000 seconds
[token:110, layer:3] 003:qkv-projection: 0.000105000 seconds
[token:110, layer:3] 004:apply-rope: 0.000002000 seconds
[token:110, layer:3] 005:compute-attention: 0.000017000 seconds
[token:110, layer:3] 006:attention-output: 0.000035000 seconds
[token:110, layer:3] 007:ffn-norm: 0.000000000 seconds
[token:110, layer:3] 008:ffn-up-projection: 0.000191000 seconds
[token:110, layer:3] 009:ffn-swiglu: 0.000001000 seconds
[token:110, layer:3] 010:ffn-down-projection: 0.000134000 seconds
[token:110, layer:3] 102:layer-compute-total: 0.000485000 seconds
[token:110, layer:4] 002:attention-norm: 0.000000000 seconds
[token:110, layer:4] 003:qkv-projection: 0.000106000 seconds
[token:110, layer:4] 004:apply-rope: 0.000002000 seconds
[token:110, layer:4] 005:compute-attention: 0.000017000 seconds
[token:110, layer:4] 006:attention-output: 0.000035000 seconds
[token:110, layer:4] 007:ffn-norm: 0.000000000 seconds
[token:110, layer:4] 008:ffn-up-projection: 0.000186000 seconds
[token:110, layer:4] 009:ffn-swiglu: 0.000001000 seconds
[token:110, layer:4] 010:ffn-down-projection: 0.000134000 seconds
[token:110, layer:4] 102:layer-compute-total: 0.000481000 seconds
[token:110, layer:5] 002:attention-norm: 0.000001000 seconds
[token:110, layer:5] 003:qkv-projection: 0.000105000 seconds
[token:110, layer:5] 004:apply-rope: 0.000001000 seconds
[token:110, layer:5] 005:compute-attention: 0.000017000 seconds
[token:110, layer:5] 006:attention-output: 0.000035000 seconds
[token:110, layer:5] 007:ffn-norm: 0.000000000 seconds
[token:110, layer:5] 008:ffn-up-projection: 0.000187000 seconds
[token:110, layer:5] 009:ffn-swiglu: 0.000001000 seconds
[token:110, layer:5] 010:ffn-down-projection: 0.000134000 seconds
[token:110, layer:5] 102:layer-compute-total: 0.000481000 seconds
[token:110] 011:final-projection: 0.004014000 seconds
[token:110] 103:forward-compute-total: 0.006923000 seconds
[token:111] 001:embedding-lookup: 0.000000000 seconds
[token:111, layer:0] 002:attention-norm: 0.000000000 seconds
[token:111, layer:0] 003:qkv-projection: 0.000151000 seconds
[token:111, layer:0] 004:apply-rope: 0.000002000 seconds
[token:111, layer:0] 005:compute-attention: 0.000021000 seconds
[token:111, layer:0] 006:attention-output: 0.000039000 seconds
[token:111, layer:0] 007:ffn-norm: 0.000001000 seconds
[token:111, layer:0] 008:ffn-up-projection: 0.000198000 seconds
[token:111, layer:0] 009:ffn-swiglu: 0.000001000 seconds
[token:111, layer:0] 010:ffn-down-projection: 0.000133000 seconds
[token:111, layer:0] 102:layer-compute-total: 0.000546000 seconds
[token:111, layer:1] 002:attention-norm: 0.000000000 seconds
[token:111, layer:1] 003:qkv-projection: 0.000108000 seconds
[token:111, layer:1] 004:apply-rope: 0.000001000 seconds
[token:111, layer:1] 005:compute-attention: 0.000021000 seconds
[token:111, layer:1] 006:attention-output: 0.000035000 seconds
[token:111, layer:1] 007:ffn-norm: 0.000000000 seconds
[token:111, layer:1] 008:ffn-up-projection: 0.000187000 seconds
[token:111, layer:1] 009:ffn-swiglu: 0.000001000 seconds
[token:111, layer:1] 010:ffn-down-projection: 0.000134000 seconds
[token:111, layer:1] 102:layer-compute-total: 0.000487000 seconds
[token:111, layer:2] 002:attention-norm: 0.000000000 seconds
[token:111, layer:2] 003:qkv-projection: 0.000105000 seconds
[token:111, layer:2] 004:apply-rope: 0.000001000 seconds
[token:111, layer:2] 005:compute-attention: 0.000022000 seconds
[token:111, layer:2] 006:attention-output: 0.000036000 seconds
[token:111, layer:2] 007:ffn-norm: 0.000000000 seconds
[token:111, layer:2] 008:ffn-up-projection: 0.000186000 seconds
[token:111, layer:2] 009:ffn-swiglu: 0.000001000 seconds
[token:111, layer:2] 010:ffn-down-projection: 0.000133000 seconds
[token:111, layer:2] 102:layer-compute-total: 0.000484000 seconds
[token:111, layer:3] 002:attention-norm: 0.000000000 seconds
[token:111, layer:3] 003:qkv-projection: 0.000105000 seconds
[token:111, layer:3] 004:apply-rope: 0.000001000 seconds
[token:111, layer:3] 005:compute-attention: 0.000023000 seconds
[token:111, layer:3] 006:attention-output: 0.000035000 seconds
[token:111, layer:3] 007:ffn-norm: 0.000001000 seconds
[token:111, layer:3] 008:ffn-up-projection: 0.000187000 seconds
[token:111, layer:3] 009:ffn-swiglu: 0.000001000 seconds
[token:111, layer:3] 010:ffn-down-projection: 0.000134000 seconds
[token:111, layer:3] 102:layer-compute-total: 0.000487000 seconds
[token:111, layer:4] 002:attention-norm: 0.000000000 seconds
[token:111, layer:4] 003:qkv-projection: 0.000105000 seconds
[token:111, layer:4] 004:apply-rope: 0.000001000 seconds
[token:111, layer:4] 005:compute-attention: 0.000023000 seconds
[token:111, layer:4] 006:attention-output: 0.000035000 seconds
[token:111, layer:4] 007:ffn-norm: 0.000000000 seconds
[token:111, layer:4] 008:ffn-up-projection: 0.000187000 seconds
[token:111, layer:4] 009:ffn-swiglu: 0.000001000 seconds
[token:111, layer:4] 010:ffn-down-projection: 0.000140000 seconds
[token:111, layer:4] 102:layer-compute-total: 0.000492000 seconds
[token:111, layer:5] 002:attention-norm: 0.000000000 seconds
[token:111, layer:5] 003:qkv-projection: 0.000106000 seconds
[token:111, layer:5] 004:apply-rope: 0.000001000 seconds
[token:111, layer:5] 005:compute-attention: 0.000022000 seconds
[token:111, layer:5] 006:attention-output: 0.000035000 seconds
[token:111, layer:5] 007:ffn-norm: 0.000000000 seconds
[token:111, layer:5] 008:ffn-up-projection: 0.000186000 seconds
[token:111, layer:5] 009:ffn-swiglu: 0.000001000 seconds
[token:111, layer:5] 010:ffn-down-projection: 0.000134000 seconds
[token:111, layer:5] 102:layer-compute-total: 0.000485000 seconds
[token:111] 011:final-projection: 0.003966000 seconds
[token:111] 103:forward-compute-total: 0.006947000 seconds
[token:112] 001:embedding-lookup: 0.000000000 seconds
[token:112, layer:0] 002:attention-norm: 0.000000000 seconds
[token:112, layer:0] 003:qkv-projection: 0.000115000 seconds
[token:112, layer:0] 004:apply-rope: 0.000002000 seconds
[token:112, layer:0] 005:compute-attention: 0.000019000 seconds
[token:112, layer:0] 006:attention-output: 0.000036000 seconds
[token:112, layer:0] 007:ffn-norm: 0.000001000 seconds
[token:112, layer:0] 008:ffn-up-projection: 0.000189000 seconds
[token:112, layer:0] 009:ffn-swiglu: 0.000001000 seconds
[token:112, layer:0] 010:ffn-down-projection: 0.000137000 seconds
[token:112, layer:0] 102:layer-compute-total: 0.000500000 seconds
[token:112, layer:1] 002:attention-norm: 0.000000000 seconds
[token:112, layer:1] 003:qkv-projection: 0.000107000 seconds
[token:112, layer:1] 004:apply-rope: 0.000002000 seconds
[token:112, layer:1] 005:compute-attention: 0.000019000 seconds
[token:112, layer:1] 006:attention-output: 0.000035000 seconds
[token:112, layer:1] 007:ffn-norm: 0.000001000 seconds
[token:112, layer:1] 008:ffn-up-projection: 0.000187000 seconds
[token:112, layer:1] 009:ffn-swiglu: 0.000001000 seconds
[token:112, layer:1] 010:ffn-down-projection: 0.000134000 seconds
[token:112, layer:1] 102:layer-compute-total: 0.000486000 seconds
[token:112, layer:2] 002:attention-norm: 0.000000000 seconds
[token:112, layer:2] 003:qkv-projection: 0.000107000 seconds
[token:112, layer:2] 004:apply-rope: 0.000001000 seconds
[token:112, layer:2] 005:compute-attention: 0.000019000 seconds
[token:112, layer:2] 006:attention-output: 0.000036000 seconds
[token:112, layer:2] 007:ffn-norm: 0.000000000 seconds
[token:112, layer:2] 008:ffn-up-projection: 0.000195000 seconds
[token:112, layer:2] 009:ffn-swiglu: 0.000001000 seconds
[token:112, layer:2] 010:ffn-down-projection: 0.000134000 seconds
[token:112, layer:2] 102:layer-compute-total: 0.000493000 seconds
[token:112, layer:3] 002:attention-norm: 0.000000000 seconds
[token:112, layer:3] 003:qkv-projection: 0.000106000 seconds
[token:112, layer:3] 004:apply-rope: 0.000001000 seconds
[token:112, layer:3] 005:compute-attention: 0.000018000 seconds
[token:112, layer:3] 006:attention-output: 0.000035000 seconds
[token:112, layer:3] 007:ffn-norm: 0.000000000 seconds
[token:112, layer:3] 008:ffn-up-projection: 0.000187000 seconds
[token:112, layer:3] 009:ffn-swiglu: 0.000001000 seconds
[token:112, layer:3] 010:ffn-down-projection: 0.000134000 seconds
[token:112, layer:3] 102:layer-compute-total: 0.000482000 seconds
[token:112, layer:4] 002:attention-norm: 0.000000000 seconds
[token:112, layer:4] 003:qkv-projection: 0.000106000 seconds
[token:112, layer:4] 004:apply-rope: 0.000002000 seconds
[token:112, layer:4] 005:compute-attention: 0.000018000 seconds
[token:112, layer:4] 006:attention-output: 0.000035000 seconds
[token:112, layer:4] 007:ffn-norm: 0.000000000 seconds
[token:112, layer:4] 008:ffn-up-projection: 0.000187000 seconds
[token:112, layer:4] 009:ffn-swiglu: 0.000001000 seconds
[token:112, layer:4] 010:ffn-down-projection: 0.000135000 seconds
[token:112, layer:4] 102:layer-compute-total: 0.000484000 seconds
[token:112, layer:5] 002:attention-norm: 0.000000000 seconds
[token:112, layer:5] 003:qkv-projection: 0.000108000 seconds
[token:112, layer:5] 004:apply-rope: 0.000001000 seconds
[token:112, layer:5] 005:compute-attention: 0.000017000 seconds
[token:112, layer:5] 006:attention-output: 0.000035000 seconds
[token:112, layer:5] 007:ffn-norm: 0.000000000 seconds
[token:112, layer:5] 008:ffn-up-projection: 0.000187000 seconds
[token:112, layer:5] 009:ffn-swiglu: 0.000001000 seconds
[token:112, layer:5] 010:ffn-down-projection: 0.000134000 seconds
[token:112, layer:5] 102:layer-compute-total: 0.000483000 seconds
[token:112] 011:final-projection: 0.003958000 seconds
[token:112] 103:forward-compute-total: 0.006886000 seconds
[token:113] 001:embedding-lookup: 0.000001000 seconds
[token:113, layer:0] 002:attention-norm: 0.000000000 seconds
[token:113, layer:0] 003:qkv-projection: 0.000116000 seconds
[token:113, layer:0] 004:apply-rope: 0.000002000 seconds
[token:113, layer:0] 005:compute-attention: 0.000020000 seconds
[token:113, layer:0] 006:attention-output: 0.000036000 seconds
[token:113, layer:0] 007:ffn-norm: 0.000000000 seconds
[token:113, layer:0] 008:ffn-up-projection: 0.000190000 seconds
[token:113, layer:0] 009:ffn-swiglu: 0.000001000 seconds
[token:113, layer:0] 010:ffn-down-projection: 0.000136000 seconds
[token:113, layer:0] 102:layer-compute-total: 0.000501000 seconds
[token:113, layer:1] 002:attention-norm: 0.000000000 seconds
[token:113, layer:1] 003:qkv-projection: 0.000124000 seconds
[token:113, layer:1] 004:apply-rope: 0.000002000 seconds
[token:113, layer:1] 005:compute-attention: 0.000018000 seconds
[token:113, layer:1] 006:attention-output: 0.000041000 seconds
[token:113, layer:1] 007:ffn-norm: 0.000001000 seconds
[token:113, layer:1] 008:ffn-up-projection: 0.000190000 seconds
[token:113, layer:1] 009:ffn-swiglu: 0.000001000 seconds
[token:113, layer:1] 010:ffn-down-projection: 0.000136000 seconds
[token:113, layer:1] 102:layer-compute-total: 0.000513000 seconds
[token:113, layer:2] 002:attention-norm: 0.000000000 seconds
[token:113, layer:2] 003:qkv-projection: 0.000110000 seconds
[token:113, layer:2] 004:apply-rope: 0.000001000 seconds
[token:113, layer:2] 005:compute-attention: 0.000018000 seconds
[token:113, layer:2] 006:attention-output: 0.000035000 seconds
[token:113, layer:2] 007:ffn-norm: 0.000001000 seconds
[token:113, layer:2] 008:ffn-up-projection: 0.000190000 seconds
[token:113, layer:2] 009:ffn-swiglu: 0.000001000 seconds
[token:113, layer:2] 010:ffn-down-projection: 0.000136000 seconds
[token:113, layer:2] 102:layer-compute-total: 0.000492000 seconds
[token:113, layer:3] 002:attention-norm: 0.000000000 seconds
[token:113, layer:3] 003:qkv-projection: 0.000109000 seconds
[token:113, layer:3] 004:apply-rope: 0.000001000 seconds
[token:113, layer:3] 005:compute-attention: 0.000018000 seconds
[token:113, layer:3] 006:attention-output: 0.000036000 seconds
[token:113, layer:3] 007:ffn-norm: 0.000000000 seconds
[token:113, layer:3] 008:ffn-up-projection: 0.000200000 seconds
[token:113, layer:3] 009:ffn-swiglu: 0.000001000 seconds
[token:113, layer:3] 010:ffn-down-projection: 0.000143000 seconds
[token:113, layer:3] 102:layer-compute-total: 0.000508000 seconds
[token:113, layer:4] 002:attention-norm: 0.000000000 seconds
[token:113, layer:4] 003:qkv-projection: 0.000187000 seconds
[token:113, layer:4] 004:apply-rope: 0.000002000 seconds
[token:113, layer:4] 005:compute-attention: 0.000022000 seconds
[token:113, layer:4] 006:attention-output: 0.000049000 seconds
[token:113, layer:4] 007:ffn-norm: 0.000001000 seconds
[token:113, layer:4] 008:ffn-up-projection: 0.000195000 seconds
[token:113, layer:4] 009:ffn-swiglu: 0.000002000 seconds
[token:113, layer:4] 010:ffn-down-projection: 0.000142000 seconds
[token:113, layer:4] 102:layer-compute-total: 0.000600000 seconds
[token:113, layer:5] 002:attention-norm: 0.000001000 seconds
[token:113, layer:5] 003:qkv-projection: 0.000117000 seconds
[token:113, layer:5] 004:apply-rope: 0.000001000 seconds
[token:113, layer:5] 005:compute-attention: 0.000025000 seconds
[token:113, layer:5] 006:attention-output: 0.000037000 seconds
[token:113, layer:5] 007:ffn-norm: 0.000000000 seconds
[token:113, layer:5] 008:ffn-up-projection: 0.000188000 seconds
[token:113, layer:5] 009:ffn-swiglu: 0.000001000 seconds
[token:113, layer:5] 010:ffn-down-projection: 0.000134000 seconds
[token:113, layer:5] 102:layer-compute-total: 0.000504000 seconds
[token:113] 011:final-projection: 0.003985000 seconds
[token:113] 103:forward-compute-total: 0.007104000 seconds
[token:114] 001:embedding-lookup: 0.000000000 seconds
[token:114, layer:0] 002:attention-norm: 0.000000000 seconds
[token:114, layer:0] 003:qkv-projection: 0.000111000 seconds
[token:114, layer:0] 004:apply-rope: 0.000001000 seconds
[token:114, layer:0] 005:compute-attention: 0.000025000 seconds
[token:114, layer:0] 006:attention-output: 0.000036000 seconds
[token:114, layer:0] 007:ffn-norm: 0.000001000 seconds
[token:114, layer:0] 008:ffn-up-projection: 0.000188000 seconds
[token:114, layer:0] 009:ffn-swiglu: 0.000001000 seconds
[token:114, layer:0] 010:ffn-down-projection: 0.000137000 seconds
[token:114, layer:0] 102:layer-compute-total: 0.000500000 seconds
[token:114, layer:1] 002:attention-norm: 0.000000000 seconds
[token:114, layer:1] 003:qkv-projection: 0.000105000 seconds
[token:114, layer:1] 004:apply-rope: 0.000001000 seconds
[token:114, layer:1] 005:compute-attention: 0.000022000 seconds
[token:114, layer:1] 006:attention-output: 0.000035000 seconds
[token:114, layer:1] 007:ffn-norm: 0.000001000 seconds
[token:114, layer:1] 008:ffn-up-projection: 0.000187000 seconds
[token:114, layer:1] 009:ffn-swiglu: 0.000002000 seconds
[token:114, layer:1] 010:ffn-down-projection: 0.000135000 seconds
[token:114, layer:1] 102:layer-compute-total: 0.000488000 seconds
[token:114, layer:2] 002:attention-norm: 0.000000000 seconds
[token:114, layer:2] 003:qkv-projection: 0.000105000 seconds
[token:114, layer:2] 004:apply-rope: 0.000001000 seconds
[token:114, layer:2] 005:compute-attention: 0.000022000 seconds
[token:114, layer:2] 006:attention-output: 0.000035000 seconds
[token:114, layer:2] 007:ffn-norm: 0.000000000 seconds
[token:114, layer:2] 008:ffn-up-projection: 0.000186000 seconds
[token:114, layer:2] 009:ffn-swiglu: 0.000001000 seconds
[token:114, layer:2] 010:ffn-down-projection: 0.000138000 seconds
[token:114, layer:2] 102:layer-compute-total: 0.000488000 seconds
[token:114, layer:3] 002:attention-norm: 0.000000000 seconds
[token:114, layer:3] 003:qkv-projection: 0.000105000 seconds
[token:114, layer:3] 004:apply-rope: 0.000002000 seconds
[token:114, layer:3] 005:compute-attention: 0.000025000 seconds
[token:114, layer:3] 006:attention-output: 0.000035000 seconds
[token:114, layer:3] 007:ffn-norm: 0.000000000 seconds
[token:114, layer:3] 008:ffn-up-projection: 0.000190000 seconds
[token:114, layer:3] 009:ffn-swiglu: 0.000001000 seconds
[token:114, layer:3] 010:ffn-down-projection: 0.000135000 seconds
[token:114, layer:3] 102:layer-compute-total: 0.000493000 seconds
[token:114, layer:4] 002:attention-norm: 0.000000000 seconds
[token:114, layer:4] 003:qkv-projection: 0.000105000 seconds
[token:114, layer:4] 004:apply-rope: 0.000001000 seconds
[token:114, layer:4] 005:compute-attention: 0.000023000 seconds
[token:114, layer:4] 006:attention-output: 0.000035000 seconds
[token:114, layer:4] 007:ffn-norm: 0.000001000 seconds
[token:114, layer:4] 008:ffn-up-projection: 0.000194000 seconds
[token:114, layer:4] 009:ffn-swiglu: 0.000001000 seconds
[token:114, layer:4] 010:ffn-down-projection: 0.000138000 seconds
[token:114, layer:4] 102:layer-compute-total: 0.000498000 seconds
[token:114, layer:5] 002:attention-norm: 0.000000000 seconds
[token:114, layer:5] 003:qkv-projection: 0.000105000 seconds
[token:114, layer:5] 004:apply-rope: 0.000001000 seconds
[token:114, layer:5] 005:compute-attention: 0.000019000 seconds
[token:114, layer:5] 006:attention-output: 0.000035000 seconds
[token:114, layer:5] 007:ffn-norm: 0.000000000 seconds
[token:114, layer:5] 008:ffn-up-projection: 0.000197000 seconds
[token:114, layer:5] 009:ffn-swiglu: 0.000001000 seconds
[token:114, layer:5] 010:ffn-down-projection: 0.000134000 seconds
[token:114, layer:5] 102:layer-compute-total: 0.000492000 seconds
[token:114] 011:final-projection: 0.003943000 seconds
[token:114] 103:forward-compute-total: 0.006902000 seconds
[token:115] 001:embedding-lookup: 0.000000000 seconds
[token:115, layer:0] 002:attention-norm: 0.000000000 seconds
[token:115, layer:0] 003:qkv-projection: 0.000112000 seconds
[token:115, layer:0] 004:apply-rope: 0.000002000 seconds
[token:115, layer:0] 005:compute-attention: 0.000019000 seconds
[token:115, layer:0] 006:attention-output: 0.000035000 seconds
[token:115, layer:0] 007:ffn-norm: 0.000001000 seconds
[token:115, layer:0] 008:ffn-up-projection: 0.000187000 seconds
[token:115, layer:0] 009:ffn-swiglu: 0.000001000 seconds
[token:115, layer:0] 010:ffn-down-projection: 0.000138000 seconds
[token:115, layer:0] 102:layer-compute-total: 0.000495000 seconds
[token:115, layer:1] 002:attention-norm: 0.000000000 seconds
[token:115, layer:1] 003:qkv-projection: 0.000106000 seconds
[token:115, layer:1] 004:apply-rope: 0.000001000 seconds
[token:115, layer:1] 005:compute-attention: 0.000019000 seconds
[token:115, layer:1] 006:attention-output: 0.000035000 seconds
[token:115, layer:1] 007:ffn-norm: 0.000000000 seconds
[token:115, layer:1] 008:ffn-up-projection: 0.000186000 seconds
[token:115, layer:1] 009:ffn-swiglu: 0.000001000 seconds
[token:115, layer:1] 010:ffn-down-projection: 0.000134000 seconds
[token:115, layer:1] 102:layer-compute-total: 0.000482000 seconds
[token:115, layer:2] 002:attention-norm: 0.000000000 seconds
[token:115, layer:2] 003:qkv-projection: 0.000105000 seconds
[token:115, layer:2] 004:apply-rope: 0.000001000 seconds
[token:115, layer:2] 005:compute-attention: 0.000018000 seconds
[token:115, layer:2] 006:attention-output: 0.000035000 seconds
[token:115, layer:2] 007:ffn-norm: 0.000000000 seconds
[token:115, layer:2] 008:ffn-up-projection: 0.000186000 seconds
[token:115, layer:2] 009:ffn-swiglu: 0.000001000 seconds
[token:115, layer:2] 010:ffn-down-projection: 0.000134000 seconds
[token:115, layer:2] 102:layer-compute-total: 0.000480000 seconds
[token:115, layer:3] 002:attention-norm: 0.000001000 seconds
[token:115, layer:3] 003:qkv-projection: 0.000120000 seconds
[token:115, layer:3] 004:apply-rope: 0.000002000 seconds
[token:115, layer:3] 005:compute-attention: 0.000020000 seconds
[token:115, layer:3] 006:attention-output: 0.000036000 seconds
[token:115, layer:3] 007:ffn-norm: 0.000000000 seconds
[token:115, layer:3] 008:ffn-up-projection: 0.000192000 seconds
[token:115, layer:3] 009:ffn-swiglu: 0.000001000 seconds
[token:115, layer:3] 010:ffn-down-projection: 0.000141000 seconds
[token:115, layer:3] 102:layer-compute-total: 0.000513000 seconds
[token:115, layer:4] 002:attention-norm: 0.000000000 seconds
[token:115, layer:4] 003:qkv-projection: 0.000107000 seconds
[token:115, layer:4] 004:apply-rope: 0.000001000 seconds
[token:115, layer:4] 005:compute-attention: 0.000017000 seconds
[token:115, layer:4] 006:attention-output: 0.000036000 seconds
[token:115, layer:4] 007:ffn-norm: 0.000001000 seconds
[token:115, layer:4] 008:ffn-up-projection: 0.000190000 seconds
[token:115, layer:4] 009:ffn-swiglu: 0.000001000 seconds
[token:115, layer:4] 010:ffn-down-projection: 0.000137000 seconds
[token:115, layer:4] 102:layer-compute-total: 0.000490000 seconds
[token:115, layer:5] 002:attention-norm: 0.000000000 seconds
[token:115, layer:5] 003:qkv-projection: 0.000107000 seconds
[token:115, layer:5] 004:apply-rope: 0.000001000 seconds
[token:115, layer:5] 005:compute-attention: 0.000018000 seconds
[token:115, layer:5] 006:attention-output: 0.000036000 seconds
[token:115, layer:5] 007:ffn-norm: 0.000000000 seconds
[token:115, layer:5] 008:ffn-up-projection: 0.000190000 seconds
[token:115, layer:5] 009:ffn-swiglu: 0.000001000 seconds
[token:115, layer:5] 010:ffn-down-projection: 0.000136000 seconds
[token:115, layer:5] 102:layer-compute-total: 0.000489000 seconds
[token:115] 011:final-projection: 0.004143000 seconds
[token:115] 103:forward-compute-total: 0.007092000 seconds
[token:116] 001:embedding-lookup: 0.000000000 seconds
[token:116, layer:0] 002:attention-norm: 0.000001000 seconds
[token:116, layer:0] 003:qkv-projection: 0.000112000 seconds
[token:116, layer:0] 004:apply-rope: 0.000002000 seconds
[token:116, layer:0] 005:compute-attention: 0.000023000 seconds
[token:116, layer:0] 006:attention-output: 0.000035000 seconds
[token:116, layer:0] 007:ffn-norm: 0.000001000 seconds
[token:116, layer:0] 008:ffn-up-projection: 0.000187000 seconds
[token:116, layer:0] 009:ffn-swiglu: 0.000001000 seconds
[token:116, layer:0] 010:ffn-down-projection: 0.000134000 seconds
[token:116, layer:0] 102:layer-compute-total: 0.000496000 seconds
[token:116, layer:1] 002:attention-norm: 0.000000000 seconds
[token:116, layer:1] 003:qkv-projection: 0.000105000 seconds
[token:116, layer:1] 004:apply-rope: 0.000001000 seconds
[token:116, layer:1] 005:compute-attention: 0.000022000 seconds
[token:116, layer:1] 006:attention-output: 0.000035000 seconds
[token:116, layer:1] 007:ffn-norm: 0.000001000 seconds
[token:116, layer:1] 008:ffn-up-projection: 0.000187000 seconds
[token:116, layer:1] 009:ffn-swiglu: 0.000001000 seconds
[token:116, layer:1] 010:ffn-down-projection: 0.000133000 seconds
[token:116, layer:1] 102:layer-compute-total: 0.000485000 seconds
[token:116, layer:2] 002:attention-norm: 0.000000000 seconds
[token:116, layer:2] 003:qkv-projection: 0.000105000 seconds
[token:116, layer:2] 004:apply-rope: 0.000002000 seconds
[token:116, layer:2] 005:compute-attention: 0.000022000 seconds
[token:116, layer:2] 006:attention-output: 0.000035000 seconds
[token:116, layer:2] 007:ffn-norm: 0.000000000 seconds
[token:116, layer:2] 008:ffn-up-projection: 0.000191000 seconds
[token:116, layer:2] 009:ffn-swiglu: 0.000001000 seconds
[token:116, layer:2] 010:ffn-down-projection: 0.000134000 seconds
[token:116, layer:2] 102:layer-compute-total: 0.000490000 seconds
[token:116, layer:3] 002:attention-norm: 0.000000000 seconds
[token:116, layer:3] 003:qkv-projection: 0.000105000 seconds
[token:116, layer:3] 004:apply-rope: 0.000001000 seconds
[token:116, layer:3] 005:compute-attention: 0.000023000 seconds
[token:116, layer:3] 006:attention-output: 0.000037000 seconds
[token:116, layer:3] 007:ffn-norm: 0.000000000 seconds
[token:116, layer:3] 008:ffn-up-projection: 0.000190000 seconds
[token:116, layer:3] 009:ffn-swiglu: 0.000001000 seconds
[token:116, layer:3] 010:ffn-down-projection: 0.000143000 seconds
[token:116, layer:3] 102:layer-compute-total: 0.000500000 seconds
[token:116, layer:4] 002:attention-norm: 0.000001000 seconds
[token:116, layer:4] 003:qkv-projection: 0.000106000 seconds
[token:116, layer:4] 004:apply-rope: 0.000001000 seconds
[token:116, layer:4] 005:compute-attention: 0.000021000 seconds
[token:116, layer:4] 006:attention-output: 0.000035000 seconds
[token:116, layer:4] 007:ffn-norm: 0.000000000 seconds
[token:116, layer:4] 008:ffn-up-projection: 0.000187000 seconds
[token:116, layer:4] 009:ffn-swiglu: 0.000001000 seconds
[token:116, layer:4] 010:ffn-down-projection: 0.000134000 seconds
[token:116, layer:4] 102:layer-compute-total: 0.000486000 seconds
[token:116, layer:5] 002:attention-norm: 0.000000000 seconds
[token:116, layer:5] 003:qkv-projection: 0.000105000 seconds
[token:116, layer:5] 004:apply-rope: 0.000001000 seconds
[token:116, layer:5] 005:compute-attention: 0.000021000 seconds
[token:116, layer:5] 006:attention-output: 0.000035000 seconds
[token:116, layer:5] 007:ffn-norm: 0.000001000 seconds
[token:116, layer:5] 008:ffn-up-projection: 0.000186000 seconds
[token:116, layer:5] 009:ffn-swiglu: 0.000001000 seconds
[token:116, layer:5] 010:ffn-down-projection: 0.000133000 seconds
[token:116, layer:5] 102:layer-compute-total: 0.000483000 seconds
[token:116] 011:final-projection: 0.003968000 seconds
[token:116] 103:forward-compute-total: 0.006908000 seconds
[token:117] 001:embedding-lookup: 0.000000000 seconds
[token:117, layer:0] 002:attention-norm: 0.000001000 seconds
[token:117, layer:0] 003:qkv-projection: 0.000112000 seconds
[token:117, layer:0] 004:apply-rope: 0.000001000 seconds
[token:117, layer:0] 005:compute-attention: 0.000019000 seconds
[token:117, layer:0] 006:attention-output: 0.000036000 seconds
[token:117, layer:0] 007:ffn-norm: 0.000001000 seconds
[token:117, layer:0] 008:ffn-up-projection: 0.000187000 seconds
[token:117, layer:0] 009:ffn-swiglu: 0.000001000 seconds
[token:117, layer:0] 010:ffn-down-projection: 0.000134000 seconds
[token:117, layer:0] 102:layer-compute-total: 0.000492000 seconds
[token:117, layer:1] 002:attention-norm: 0.000000000 seconds
[token:117, layer:1] 003:qkv-projection: 0.000105000 seconds
[token:117, layer:1] 004:apply-rope: 0.000001000 seconds
[token:117, layer:1] 005:compute-attention: 0.000018000 seconds
[token:117, layer:1] 006:attention-output: 0.000035000 seconds
[token:117, layer:1] 007:ffn-norm: 0.000000000 seconds
[token:117, layer:1] 008:ffn-up-projection: 0.000186000 seconds
[token:117, layer:1] 009:ffn-swiglu: 0.000001000 seconds
[token:117, layer:1] 010:ffn-down-projection: 0.000134000 seconds
[token:117, layer:1] 102:layer-compute-total: 0.000480000 seconds
[token:117, layer:2] 002:attention-norm: 0.000001000 seconds
[token:117, layer:2] 003:qkv-projection: 0.000105000 seconds
[token:117, layer:2] 004:apply-rope: 0.000001000 seconds
[token:117, layer:2] 005:compute-attention: 0.000018000 seconds
[token:117, layer:2] 006:attention-output: 0.000035000 seconds
[token:117, layer:2] 007:ffn-norm: 0.000000000 seconds
[token:117, layer:2] 008:ffn-up-projection: 0.000186000 seconds
[token:117, layer:2] 009:ffn-swiglu: 0.000001000 seconds
[token:117, layer:2] 010:ffn-down-projection: 0.000133000 seconds
[token:117, layer:2] 102:layer-compute-total: 0.000480000 seconds
[token:117, layer:3] 002:attention-norm: 0.000000000 seconds
[token:117, layer:3] 003:qkv-projection: 0.000105000 seconds
[token:117, layer:3] 004:apply-rope: 0.000001000 seconds
[token:117, layer:3] 005:compute-attention: 0.000018000 seconds
[token:117, layer:3] 006:attention-output: 0.000035000 seconds
[token:117, layer:3] 007:ffn-norm: 0.000001000 seconds
[token:117, layer:3] 008:ffn-up-projection: 0.000189000 seconds
[token:117, layer:3] 009:ffn-swiglu: 0.000001000 seconds
[token:117, layer:3] 010:ffn-down-projection: 0.000134000 seconds
[token:117, layer:3] 102:layer-compute-total: 0.000484000 seconds
[token:117, layer:4] 002:attention-norm: 0.000000000 seconds
[token:117, layer:4] 003:qkv-projection: 0.000105000 seconds
[token:117, layer:4] 004:apply-rope: 0.000002000 seconds
[token:117, layer:4] 005:compute-attention: 0.000018000 seconds
[token:117, layer:4] 006:attention-output: 0.000035000 seconds
[token:117, layer:4] 007:ffn-norm: 0.000001000 seconds
[token:117, layer:4] 008:ffn-up-projection: 0.000190000 seconds
[token:117, layer:4] 009:ffn-swiglu: 0.000001000 seconds
[token:117, layer:4] 010:ffn-down-projection: 0.000135000 seconds
[token:117, layer:4] 102:layer-compute-total: 0.000487000 seconds
[token:117, layer:5] 002:attention-norm: 0.000000000 seconds
[token:117, layer:5] 003:qkv-projection: 0.000105000 seconds
[token:117, layer:5] 004:apply-rope: 0.000002000 seconds
[token:117, layer:5] 005:compute-attention: 0.000018000 seconds
[token:117, layer:5] 006:attention-output: 0.000035000 seconds
[token:117, layer:5] 007:ffn-norm: 0.000000000 seconds
[token:117, layer:5] 008:ffn-up-projection: 0.000187000 seconds
[token:117, layer:5] 009:ffn-swiglu: 0.000001000 seconds
[token:117, layer:5] 010:ffn-down-projection: 0.000134000 seconds
[token:117, layer:5] 102:layer-compute-total: 0.000482000 seconds
[token:117] 011:final-projection: 0.004204000 seconds
[token:117] 103:forward-compute-total: 0.007109000 seconds
[token:118] 001:embedding-lookup: 0.000001000 seconds
[token:118, layer:0] 002:attention-norm: 0.000000000 seconds
[token:118, layer:0] 003:qkv-projection: 0.000112000 seconds
[token:118, layer:0] 004:apply-rope: 0.000002000 seconds
[token:118, layer:0] 005:compute-attention: 0.000024000 seconds
[token:118, layer:0] 006:attention-output: 0.000035000 seconds
[token:118, layer:0] 007:ffn-norm: 0.000001000 seconds
[token:118, layer:0] 008:ffn-up-projection: 0.000191000 seconds
[token:118, layer:0] 009:ffn-swiglu: 0.000001000 seconds
[token:118, layer:0] 010:ffn-down-projection: 0.000134000 seconds
[token:118, layer:0] 102:layer-compute-total: 0.000500000 seconds
[token:118, layer:1] 002:attention-norm: 0.000000000 seconds
[token:118, layer:1] 003:qkv-projection: 0.000105000 seconds
[token:118, layer:1] 004:apply-rope: 0.000001000 seconds
[token:118, layer:1] 005:compute-attention: 0.000023000 seconds
[token:118, layer:1] 006:attention-output: 0.000035000 seconds
[token:118, layer:1] 007:ffn-norm: 0.000001000 seconds
[token:118, layer:1] 008:ffn-up-projection: 0.000187000 seconds
[token:118, layer:1] 009:ffn-swiglu: 0.000001000 seconds
[token:118, layer:1] 010:ffn-down-projection: 0.000135000 seconds
[token:118, layer:1] 102:layer-compute-total: 0.000488000 seconds
[token:118, layer:2] 002:attention-norm: 0.000000000 seconds
[token:118, layer:2] 003:qkv-projection: 0.000106000 seconds
[token:118, layer:2] 004:apply-rope: 0.000001000 seconds
[token:118, layer:2] 005:compute-attention: 0.000024000 seconds
[token:118, layer:2] 006:attention-output: 0.000035000 seconds
[token:118, layer:2] 007:ffn-norm: 0.000000000 seconds
[token:118, layer:2] 008:ffn-up-projection: 0.000187000 seconds
[token:118, layer:2] 009:ffn-swiglu: 0.000001000 seconds
[token:118, layer:2] 010:ffn-down-projection: 0.000134000 seconds
[token:118, layer:2] 102:layer-compute-total: 0.000488000 seconds
[token:118, layer:3] 002:attention-norm: 0.000000000 seconds
[token:118, layer:3] 003:qkv-projection: 0.000105000 seconds
[token:118, layer:3] 004:apply-rope: 0.000001000 seconds
[token:118, layer:3] 005:compute-attention: 0.000023000 seconds
[token:118, layer:3] 006:attention-output: 0.000035000 seconds
[token:118, layer:3] 007:ffn-norm: 0.000000000 seconds
[token:118, layer:3] 008:ffn-up-projection: 0.000187000 seconds
[token:118, layer:3] 009:ffn-swiglu: 0.000001000 seconds
[token:118, layer:3] 010:ffn-down-projection: 0.000135000 seconds
[token:118, layer:3] 102:layer-compute-total: 0.000487000 seconds
[token:118, layer:4] 002:attention-norm: 0.000000000 seconds
[token:118, layer:4] 003:qkv-projection: 0.000110000 seconds
[token:118, layer:4] 004:apply-rope: 0.000001000 seconds
[token:118, layer:4] 005:compute-attention: 0.000024000 seconds
[token:118, layer:4] 006:attention-output: 0.000036000 seconds
[token:118, layer:4] 007:ffn-norm: 0.000001000 seconds
[token:118, layer:4] 008:ffn-up-projection: 0.000188000 seconds
[token:118, layer:4] 009:ffn-swiglu: 0.000001000 seconds
[token:118, layer:4] 010:ffn-down-projection: 0.000134000 seconds
[token:118, layer:4] 102:layer-compute-total: 0.000495000 seconds
[token:118, layer:5] 002:attention-norm: 0.000000000 seconds
[token:118, layer:5] 003:qkv-projection: 0.000105000 seconds
[token:118, layer:5] 004:apply-rope: 0.000001000 seconds
[token:118, layer:5] 005:compute-attention: 0.000023000 seconds
[token:118, layer:5] 006:attention-output: 0.000035000 seconds
[token:118, layer:5] 007:ffn-norm: 0.000000000 seconds
[token:118, layer:5] 008:ffn-up-projection: 0.000187000 seconds
[token:118, layer:5] 009:ffn-swiglu: 0.000001000 seconds
[token:118, layer:5] 010:ffn-down-projection: 0.000134000 seconds
[token:118, layer:5] 102:layer-compute-total: 0.000486000 seconds
[token:118] 011:final-projection: 0.003978000 seconds
[token:118] 103:forward-compute-total: 0.006923000 seconds
[token:119] 001:embedding-lookup: 0.000000000 seconds
[token:119, layer:0] 002:attention-norm: 0.000001000 seconds
[token:119, layer:0] 003:qkv-projection: 0.000112000 seconds
[token:119, layer:0] 004:apply-rope: 0.000002000 seconds
[token:119, layer:0] 005:compute-attention: 0.000019000 seconds
[token:119, layer:0] 006:attention-output: 0.000035000 seconds
[token:119, layer:0] 007:ffn-norm: 0.000000000 seconds
[token:119, layer:0] 008:ffn-up-projection: 0.000187000 seconds
[token:119, layer:0] 009:ffn-swiglu: 0.000001000 seconds
[token:119, layer:0] 010:ffn-down-projection: 0.000134000 seconds
[token:119, layer:0] 102:layer-compute-total: 0.000491000 seconds
[token:119, layer:1] 002:attention-norm: 0.000000000 seconds
[token:119, layer:1] 003:qkv-projection: 0.000105000 seconds
[token:119, layer:1] 004:apply-rope: 0.000001000 seconds
[token:119, layer:1] 005:compute-attention: 0.000019000 seconds
[token:119, layer:1] 006:attention-output: 0.000035000 seconds
[token:119, layer:1] 007:ffn-norm: 0.000001000 seconds
[token:119, layer:1] 008:ffn-up-projection: 0.000194000 seconds
[token:119, layer:1] 009:ffn-swiglu: 0.000001000 seconds
[token:119, layer:1] 010:ffn-down-projection: 0.000134000 seconds
[token:119, layer:1] 102:layer-compute-total: 0.000490000 seconds
[token:119, layer:2] 002:attention-norm: 0.000000000 seconds
[token:119, layer:2] 003:qkv-projection: 0.000106000 seconds
[token:119, layer:2] 004:apply-rope: 0.000001000 seconds
[token:119, layer:2] 005:compute-attention: 0.000019000 seconds
[token:119, layer:2] 006:attention-output: 0.000036000 seconds
[token:119, layer:2] 007:ffn-norm: 0.000000000 seconds
[token:119, layer:2] 008:ffn-up-projection: 0.000187000 seconds
[token:119, layer:2] 009:ffn-swiglu: 0.000001000 seconds
[token:119, layer:2] 010:ffn-down-projection: 0.000134000 seconds
[token:119, layer:2] 102:layer-compute-total: 0.000484000 seconds
[token:119, layer:3] 002:attention-norm: 0.000000000 seconds
[token:119, layer:3] 003:qkv-projection: 0.000105000 seconds
[token:119, layer:3] 004:apply-rope: 0.000001000 seconds
[token:119, layer:3] 005:compute-attention: 0.000020000 seconds
[token:119, layer:3] 006:attention-output: 0.000035000 seconds
[token:119, layer:3] 007:ffn-norm: 0.000001000 seconds
[token:119, layer:3] 008:ffn-up-projection: 0.000187000 seconds
[token:119, layer:3] 009:ffn-swiglu: 0.000001000 seconds
[token:119, layer:3] 010:ffn-down-projection: 0.000134000 seconds
[token:119, layer:3] 102:layer-compute-total: 0.000484000 seconds
[token:119, layer:4] 002:attention-norm: 0.000000000 seconds
[token:119, layer:4] 003:qkv-projection: 0.000106000 seconds
[token:119, layer:4] 004:apply-rope: 0.000001000 seconds
[token:119, layer:4] 005:compute-attention: 0.000019000 seconds
[token:119, layer:4] 006:attention-output: 0.000036000 seconds
[token:119, layer:4] 007:ffn-norm: 0.000000000 seconds
[token:119, layer:4] 008:ffn-up-projection: 0.000187000 seconds
[token:119, layer:4] 009:ffn-swiglu: 0.000001000 seconds
[token:119, layer:4] 010:ffn-down-projection: 0.000134000 seconds
[token:119, layer:4] 102:layer-compute-total: 0.000484000 seconds
[token:119, layer:5] 002:attention-norm: 0.000001000 seconds
[token:119, layer:5] 003:qkv-projection: 0.000108000 seconds
[token:119, layer:5] 004:apply-rope: 0.000001000 seconds
[token:119, layer:5] 005:compute-attention: 0.000019000 seconds
[token:119, layer:5] 006:attention-output: 0.000035000 seconds
[token:119, layer:5] 007:ffn-norm: 0.000000000 seconds
[token:119, layer:5] 008:ffn-up-projection: 0.000186000 seconds
[token:119, layer:5] 009:ffn-swiglu: 0.000001000 seconds
[token:119, layer:5] 010:ffn-down-projection: 0.000134000 seconds
[token:119, layer:5] 102:layer-compute-total: 0.000485000 seconds
[token:119] 011:final-projection: 0.004023000 seconds
[token:119] 103:forward-compute-total: 0.006941000 seconds
[token:120] 001:embedding-lookup: 0.000001000 seconds
[token:120, layer:0] 002:attention-norm: 0.000000000 seconds
[token:120, layer:0] 003:qkv-projection: 0.000109000 seconds
[token:120, layer:0] 004:apply-rope: 0.000002000 seconds
[token:120, layer:0] 005:compute-attention: 0.000020000 seconds
[token:120, layer:0] 006:attention-output: 0.000036000 seconds
[token:120, layer:0] 007:ffn-norm: 0.000000000 seconds
[token:120, layer:0] 008:ffn-up-projection: 0.000260000 seconds
[token:120, layer:0] 009:ffn-swiglu: 0.000001000 seconds
[token:120, layer:0] 010:ffn-down-projection: 0.000180000 seconds
[token:120, layer:0] 102:layer-compute-total: 0.000608000 seconds
[token:120, layer:1] 002:attention-norm: 0.000001000 seconds
[token:120, layer:1] 003:qkv-projection: 0.000114000 seconds
[token:120, layer:1] 004:apply-rope: 0.000001000 seconds
[token:120, layer:1] 005:compute-attention: 0.000022000 seconds
[token:120, layer:1] 006:attention-output: 0.000035000 seconds
[token:120, layer:1] 007:ffn-norm: 0.000000000 seconds
[token:120, layer:1] 008:ffn-up-projection: 0.000190000 seconds
[token:120, layer:1] 009:ffn-swiglu: 0.000001000 seconds
[token:120, layer:1] 010:ffn-down-projection: 0.000139000 seconds
[token:120, layer:1] 102:layer-compute-total: 0.000503000 seconds
[token:120, layer:2] 002:attention-norm: 0.000001000 seconds
[token:120, layer:2] 003:qkv-projection: 0.000105000 seconds
[token:120, layer:2] 004:apply-rope: 0.000001000 seconds
[token:120, layer:2] 005:compute-attention: 0.000023000 seconds
[token:120, layer:2] 006:attention-output: 0.000035000 seconds
[token:120, layer:2] 007:ffn-norm: 0.000001000 seconds
[token:120, layer:2] 008:ffn-up-projection: 0.000191000 seconds
[token:120, layer:2] 009:ffn-swiglu: 0.000001000 seconds
[token:120, layer:2] 010:ffn-down-projection: 0.000133000 seconds
[token:120, layer:2] 102:layer-compute-total: 0.000491000 seconds
[token:120, layer:3] 002:attention-norm: 0.000000000 seconds
[token:120, layer:3] 003:qkv-projection: 0.000104000 seconds
[token:120, layer:3] 004:apply-rope: 0.000002000 seconds
[token:120, layer:3] 005:compute-attention: 0.000025000 seconds
[token:120, layer:3] 006:attention-output: 0.000035000 seconds
[token:120, layer:3] 007:ffn-norm: 0.000000000 seconds
[token:120, layer:3] 008:ffn-up-projection: 0.000187000 seconds
[token:120, layer:3] 009:ffn-swiglu: 0.000001000 seconds
[token:120, layer:3] 010:ffn-down-projection: 0.000134000 seconds
[token:120, layer:3] 102:layer-compute-total: 0.000488000 seconds
[token:120, layer:4] 002:attention-norm: 0.000000000 seconds
[token:120, layer:4] 003:qkv-projection: 0.000105000 seconds
[token:120, layer:4] 004:apply-rope: 0.000001000 seconds
[token:120, layer:4] 005:compute-attention: 0.000023000 seconds
[token:120, layer:4] 006:attention-output: 0.000035000 seconds
[token:120, layer:4] 007:ffn-norm: 0.000000000 seconds
[token:120, layer:4] 008:ffn-up-projection: 0.000190000 seconds
[token:120, layer:4] 009:ffn-swiglu: 0.000001000 seconds
[token:120, layer:4] 010:ffn-down-projection: 0.000134000 seconds
[token:120, layer:4] 102:layer-compute-total: 0.000489000 seconds
[token:120, layer:5] 002:attention-norm: 0.000000000 seconds
[token:120, layer:5] 003:qkv-projection: 0.000105000 seconds
[token:120, layer:5] 004:apply-rope: 0.000002000 seconds
[token:120, layer:5] 005:compute-attention: 0.000023000 seconds
[token:120, layer:5] 006:attention-output: 0.000035000 seconds
[token:120, layer:5] 007:ffn-norm: 0.000000000 seconds
[token:120, layer:5] 008:ffn-up-projection: 0.000186000 seconds
[token:120, layer:5] 009:ffn-swiglu: 0.000001000 seconds
[token:120, layer:5] 010:ffn-down-projection: 0.000134000 seconds
[token:120, layer:5] 102:layer-compute-total: 0.000486000 seconds
[token:120] 011:final-projection: 0.003952000 seconds
[token:120] 103:forward-compute-total: 0.007018000 seconds
[token:121] 001:embedding-lookup: 0.000000000 seconds
[token:121, layer:0] 002:attention-norm: 0.000001000 seconds
[token:121, layer:0] 003:qkv-projection: 0.000110000 seconds
[token:121, layer:0] 004:apply-rope: 0.000002000 seconds
[token:121, layer:0] 005:compute-attention: 0.000029000 seconds
[token:121, layer:0] 006:attention-output: 0.000036000 seconds
[token:121, layer:0] 007:ffn-norm: 0.000000000 seconds
[token:121, layer:0] 008:ffn-up-projection: 0.000196000 seconds
[token:121, layer:0] 009:ffn-swiglu: 0.000001000 seconds
[token:121, layer:0] 010:ffn-down-projection: 0.000134000 seconds
[token:121, layer:0] 102:layer-compute-total: 0.000509000 seconds
[token:121, layer:1] 002:attention-norm: 0.000000000 seconds
[token:121, layer:1] 003:qkv-projection: 0.000105000 seconds
[token:121, layer:1] 004:apply-rope: 0.000002000 seconds
[token:121, layer:1] 005:compute-attention: 0.000022000 seconds
[token:121, layer:1] 006:attention-output: 0.000036000 seconds
[token:121, layer:1] 007:ffn-norm: 0.000000000 seconds
[token:121, layer:1] 008:ffn-up-projection: 0.000187000 seconds
[token:121, layer:1] 009:ffn-swiglu: 0.000001000 seconds
[token:121, layer:1] 010:ffn-down-projection: 0.000134000 seconds
[token:121, layer:1] 102:layer-compute-total: 0.000487000 seconds
[token:121, layer:2] 002:attention-norm: 0.000001000 seconds
[token:121, layer:2] 003:qkv-projection: 0.000105000 seconds
[token:121, layer:2] 004:apply-rope: 0.000001000 seconds
[token:121, layer:2] 005:compute-attention: 0.000021000 seconds
[token:121, layer:2] 006:attention-output: 0.000035000 seconds
[token:121, layer:2] 007:ffn-norm: 0.000000000 seconds
[token:121, layer:2] 008:ffn-up-projection: 0.000195000 seconds
[token:121, layer:2] 009:ffn-swiglu: 0.000001000 seconds
[token:121, layer:2] 010:ffn-down-projection: 0.000134000 seconds
[token:121, layer:2] 102:layer-compute-total: 0.000493000 seconds
[token:121, layer:3] 002:attention-norm: 0.000001000 seconds
[token:121, layer:3] 003:qkv-projection: 0.000105000 seconds
[token:121, layer:3] 004:apply-rope: 0.000001000 seconds
[token:121, layer:3] 005:compute-attention: 0.000019000 seconds
[token:121, layer:3] 006:attention-output: 0.000035000 seconds
[token:121, layer:3] 007:ffn-norm: 0.000000000 seconds
[token:121, layer:3] 008:ffn-up-projection: 0.000190000 seconds
[token:121, layer:3] 009:ffn-swiglu: 0.000001000 seconds
[token:121, layer:3] 010:ffn-down-projection: 0.000138000 seconds
[token:121, layer:3] 102:layer-compute-total: 0.000490000 seconds
[token:121, layer:4] 002:attention-norm: 0.000001000 seconds
[token:121, layer:4] 003:qkv-projection: 0.000105000 seconds
[token:121, layer:4] 004:apply-rope: 0.000002000 seconds
[token:121, layer:4] 005:compute-attention: 0.000019000 seconds
[token:121, layer:4] 006:attention-output: 0.000035000 seconds
[token:121, layer:4] 007:ffn-norm: 0.000000000 seconds
[token:121, layer:4] 008:ffn-up-projection: 0.000187000 seconds
[token:121, layer:4] 009:ffn-swiglu: 0.000001000 seconds
[token:121, layer:4] 010:ffn-down-projection: 0.000134000 seconds
[token:121, layer:4] 102:layer-compute-total: 0.000484000 seconds
[token:121, layer:5] 002:attention-norm: 0.000000000 seconds
[token:121, layer:5] 003:qkv-projection: 0.000105000 seconds
[token:121, layer:5] 004:apply-rope: 0.000002000 seconds
[token:121, layer:5] 005:compute-attention: 0.000019000 seconds
[token:121, layer:5] 006:attention-output: 0.000035000 seconds
[token:121, layer:5] 007:ffn-norm: 0.000000000 seconds
[token:121, layer:5] 008:ffn-up-projection: 0.000186000 seconds
[token:121, layer:5] 009:ffn-swiglu: 0.000001000 seconds
[token:121, layer:5] 010:ffn-down-projection: 0.000136000 seconds
[token:121, layer:5] 102:layer-compute-total: 0.000484000 seconds
[token:121] 011:final-projection: 0.003938000 seconds
[token:121] 103:forward-compute-total: 0.006885000 seconds
[token:122] 001:embedding-lookup: 0.000000000 seconds
[token:122, layer:0] 002:attention-norm: 0.000001000 seconds
[token:122, layer:0] 003:qkv-projection: 0.000110000 seconds
[token:122, layer:0] 004:apply-rope: 0.000002000 seconds
[token:122, layer:0] 005:compute-attention: 0.000019000 seconds
[token:122, layer:0] 006:attention-output: 0.000035000 seconds
[token:122, layer:0] 007:ffn-norm: 0.000000000 seconds
[token:122, layer:0] 008:ffn-up-projection: 0.000194000 seconds
[token:122, layer:0] 009:ffn-swiglu: 0.000001000 seconds
[token:122, layer:0] 010:ffn-down-projection: 0.000136000 seconds
[token:122, layer:0] 102:layer-compute-total: 0.000498000 seconds
[token:122, layer:1] 002:attention-norm: 0.000000000 seconds
[token:122, layer:1] 003:qkv-projection: 0.000107000 seconds
[token:122, layer:1] 004:apply-rope: 0.000002000 seconds
[token:122, layer:1] 005:compute-attention: 0.000019000 seconds
[token:122, layer:1] 006:attention-output: 0.000036000 seconds
[token:122, layer:1] 007:ffn-norm: 0.000001000 seconds
[token:122, layer:1] 008:ffn-up-projection: 0.000190000 seconds
[token:122, layer:1] 009:ffn-swiglu: 0.000001000 seconds
[token:122, layer:1] 010:ffn-down-projection: 0.000136000 seconds
[token:122, layer:1] 102:layer-compute-total: 0.000492000 seconds
[token:122, layer:2] 002:attention-norm: 0.000000000 seconds
[token:122, layer:2] 003:qkv-projection: 0.000109000 seconds
[token:122, layer:2] 004:apply-rope: 0.000001000 seconds
[token:122, layer:2] 005:compute-attention: 0.000020000 seconds
[token:122, layer:2] 006:attention-output: 0.000036000 seconds
[token:122, layer:2] 007:ffn-norm: 0.000000000 seconds
[token:122, layer:2] 008:ffn-up-projection: 0.000192000 seconds
[token:122, layer:2] 009:ffn-swiglu: 0.000001000 seconds
[token:122, layer:2] 010:ffn-down-projection: 0.000137000 seconds
[token:122, layer:2] 102:layer-compute-total: 0.000496000 seconds
[token:122, layer:3] 002:attention-norm: 0.000000000 seconds
[token:122, layer:3] 003:qkv-projection: 0.000109000 seconds
[token:122, layer:3] 004:apply-rope: 0.000002000 seconds
[token:122, layer:3] 005:compute-attention: 0.000021000 seconds
[token:122, layer:3] 006:attention-output: 0.000047000 seconds
[token:122, layer:3] 007:ffn-norm: 0.000000000 seconds
[token:122, layer:3] 008:ffn-up-projection: 0.000208000 seconds
[token:122, layer:3] 009:ffn-swiglu: 0.000001000 seconds
[token:122, layer:3] 010:ffn-down-projection: 0.000192000 seconds
[token:122, layer:3] 102:layer-compute-total: 0.000580000 seconds
[token:122, layer:4] 002:attention-norm: 0.000001000 seconds
[token:122, layer:4] 003:qkv-projection: 0.000146000 seconds
[token:122, layer:4] 004:apply-rope: 0.000002000 seconds
[token:122, layer:4] 005:compute-attention: 0.000023000 seconds
[token:122, layer:4] 006:attention-output: 0.000036000 seconds
[token:122, layer:4] 007:ffn-norm: 0.000000000 seconds
[token:122, layer:4] 008:ffn-up-projection: 0.000212000 seconds
[token:122, layer:4] 009:ffn-swiglu: 0.000001000 seconds
[token:122, layer:4] 010:ffn-down-projection: 0.000150000 seconds
[token:122, layer:4] 102:layer-compute-total: 0.000571000 seconds
[token:122, layer:5] 002:attention-norm: 0.000000000 seconds
[token:122, layer:5] 003:qkv-projection: 0.000105000 seconds
[token:122, layer:5] 004:apply-rope: 0.000002000 seconds
[token:122, layer:5] 005:compute-attention: 0.000025000 seconds
[token:122, layer:5] 006:attention-output: 0.000035000 seconds
[token:122, layer:5] 007:ffn-norm: 0.000000000 seconds
[token:122, layer:5] 008:ffn-up-projection: 0.000187000 seconds
[token:122, layer:5] 009:ffn-swiglu: 0.000001000 seconds
[token:122, layer:5] 010:ffn-down-projection: 0.000134000 seconds
[token:122, layer:5] 102:layer-compute-total: 0.000489000 seconds
[token:122] 011:final-projection: 0.003955000 seconds
[token:122] 103:forward-compute-total: 0.007081000 seconds
[token:123] 001:embedding-lookup: 0.000000000 seconds
[token:123, layer:0] 002:attention-norm: 0.000001000 seconds
[token:123, layer:0] 003:qkv-projection: 0.000113000 seconds
[token:123, layer:0] 004:apply-rope: 0.000001000 seconds
[token:123, layer:0] 005:compute-attention: 0.000025000 seconds
[token:123, layer:0] 006:attention-output: 0.000035000 seconds
[token:123, layer:0] 007:ffn-norm: 0.000000000 seconds
[token:123, layer:0] 008:ffn-up-projection: 0.000187000 seconds
[token:123, layer:0] 009:ffn-swiglu: 0.000001000 seconds
[token:123, layer:0] 010:ffn-down-projection: 0.000134000 seconds
[token:123, layer:0] 102:layer-compute-total: 0.000497000 seconds
[token:123, layer:1] 002:attention-norm: 0.000000000 seconds
[token:123, layer:1] 003:qkv-projection: 0.000104000 seconds
[token:123, layer:1] 004:apply-rope: 0.000001000 seconds
[token:123, layer:1] 005:compute-attention: 0.000024000 seconds
[token:123, layer:1] 006:attention-output: 0.000035000 seconds
[token:123, layer:1] 007:ffn-norm: 0.000000000 seconds
[token:123, layer:1] 008:ffn-up-projection: 0.000186000 seconds
[token:123, layer:1] 009:ffn-swiglu: 0.000001000 seconds
[token:123, layer:1] 010:ffn-down-projection: 0.000134000 seconds
[token:123, layer:1] 102:layer-compute-total: 0.000485000 seconds
[token:123, layer:2] 002:attention-norm: 0.000001000 seconds
[token:123, layer:2] 003:qkv-projection: 0.000106000 seconds
[token:123, layer:2] 004:apply-rope: 0.000001000 seconds
[token:123, layer:2] 005:compute-attention: 0.000024000 seconds
[token:123, layer:2] 006:attention-output: 0.000039000 seconds
[token:123, layer:2] 007:ffn-norm: 0.000000000 seconds
[token:123, layer:2] 008:ffn-up-projection: 0.000196000 seconds
[token:123, layer:2] 009:ffn-swiglu: 0.000001000 seconds
[token:123, layer:2] 010:ffn-down-projection: 0.000134000 seconds
[token:123, layer:2] 102:layer-compute-total: 0.000502000 seconds
[token:123, layer:3] 002:attention-norm: 0.000000000 seconds
[token:123, layer:3] 003:qkv-projection: 0.000107000 seconds
[token:123, layer:3] 004:apply-rope: 0.000001000 seconds
[token:123, layer:3] 005:compute-attention: 0.000027000 seconds
[token:123, layer:3] 006:attention-output: 0.000035000 seconds
[token:123, layer:3] 007:ffn-norm: 0.000000000 seconds
[token:123, layer:3] 008:ffn-up-projection: 0.000186000 seconds
[token:123, layer:3] 009:ffn-swiglu: 0.000001000 seconds
[token:123, layer:3] 010:ffn-down-projection: 0.000133000 seconds
[token:123, layer:3] 102:layer-compute-total: 0.000490000 seconds
[token:123, layer:4] 002:attention-norm: 0.000000000 seconds
[token:123, layer:4] 003:qkv-projection: 0.000106000 seconds
[token:123, layer:4] 004:apply-rope: 0.000001000 seconds
[token:123, layer:4] 005:compute-attention: 0.000021000 seconds
[token:123, layer:4] 006:attention-output: 0.000035000 seconds
[token:123, layer:4] 007:ffn-norm: 0.000000000 seconds
[token:123, layer:4] 008:ffn-up-projection: 0.000190000 seconds
[token:123, layer:4] 009:ffn-swiglu: 0.000001000 seconds
[token:123, layer:4] 010:ffn-down-projection: 0.000134000 seconds
[token:123, layer:4] 102:layer-compute-total: 0.000488000 seconds
[token:123, layer:5] 002:attention-norm: 0.000000000 seconds
[token:123, layer:5] 003:qkv-projection: 0.000109000 seconds
[token:123, layer:5] 004:apply-rope: 0.000001000 seconds
[token:123, layer:5] 005:compute-attention: 0.000019000 seconds
[token:123, layer:5] 006:attention-output: 0.000035000 seconds
[token:123, layer:5] 007:ffn-norm: 0.000000000 seconds
[token:123, layer:5] 008:ffn-up-projection: 0.000187000 seconds
[token:123, layer:5] 009:ffn-swiglu: 0.000001000 seconds
[token:123, layer:5] 010:ffn-down-projection: 0.000134000 seconds
[token:123, layer:5] 102:layer-compute-total: 0.000486000 seconds
[token:123] 011:final-projection: 0.004005000 seconds
[token:123] 103:forward-compute-total: 0.006953000 seconds
[token:124] 001:embedding-lookup: 0.000000000 seconds
[token:124, layer:0] 002:attention-norm: 0.000000000 seconds
[token:124, layer:0] 003:qkv-projection: 0.000109000 seconds
[token:124, layer:0] 004:apply-rope: 0.000001000 seconds
[token:124, layer:0] 005:compute-attention: 0.000022000 seconds
[token:124, layer:0] 006:attention-output: 0.000036000 seconds
[token:124, layer:0] 007:ffn-norm: 0.000001000 seconds
[token:124, layer:0] 008:ffn-up-projection: 0.000197000 seconds
[token:124, layer:0] 009:ffn-swiglu: 0.000001000 seconds
[token:124, layer:0] 010:ffn-down-projection: 0.000140000 seconds
[token:124, layer:0] 102:layer-compute-total: 0.000507000 seconds
[token:124, layer:1] 002:attention-norm: 0.000000000 seconds
[token:124, layer:1] 003:qkv-projection: 0.000109000 seconds
[token:124, layer:1] 004:apply-rope: 0.000001000 seconds
[token:124, layer:1] 005:compute-attention: 0.000020000 seconds
[token:124, layer:1] 006:attention-output: 0.000036000 seconds
[token:124, layer:1] 007:ffn-norm: 0.000000000 seconds
[token:124, layer:1] 008:ffn-up-projection: 0.000193000 seconds
[token:124, layer:1] 009:ffn-swiglu: 0.000001000 seconds
[token:124, layer:1] 010:ffn-down-projection: 0.000139000 seconds
[token:124, layer:1] 102:layer-compute-total: 0.000499000 seconds
[token:124, layer:2] 002:attention-norm: 0.000001000 seconds
[token:124, layer:2] 003:qkv-projection: 0.000109000 seconds
[token:124, layer:2] 004:apply-rope: 0.000001000 seconds
[token:124, layer:2] 005:compute-attention: 0.000021000 seconds
[token:124, layer:2] 006:attention-output: 0.000037000 seconds
[token:124, layer:2] 007:ffn-norm: 0.000001000 seconds
[token:124, layer:2] 008:ffn-up-projection: 0.000198000 seconds
[token:124, layer:2] 009:ffn-swiglu: 0.000001000 seconds
[token:124, layer:2] 010:ffn-down-projection: 0.000139000 seconds
[token:124, layer:2] 102:layer-compute-total: 0.000508000 seconds
[token:124, layer:3] 002:attention-norm: 0.000000000 seconds
[token:124, layer:3] 003:qkv-projection: 0.000109000 seconds
[token:124, layer:3] 004:apply-rope: 0.000002000 seconds
[token:124, layer:3] 005:compute-attention: 0.000023000 seconds
[token:124, layer:3] 006:attention-output: 0.000037000 seconds
[token:124, layer:3] 007:ffn-norm: 0.000000000 seconds
[token:124, layer:3] 008:ffn-up-projection: 0.000194000 seconds
[token:124, layer:3] 009:ffn-swiglu: 0.000001000 seconds
[token:124, layer:3] 010:ffn-down-projection: 0.000139000 seconds
[token:124, layer:3] 102:layer-compute-total: 0.000505000 seconds
[token:124, layer:4] 002:attention-norm: 0.000000000 seconds
[token:124, layer:4] 003:qkv-projection: 0.000109000 seconds
[token:124, layer:4] 004:apply-rope: 0.000002000 seconds
[token:124, layer:4] 005:compute-attention: 0.000021000 seconds
[token:124, layer:4] 006:attention-output: 0.000036000 seconds
[token:124, layer:4] 007:ffn-norm: 0.000001000 seconds
[token:124, layer:4] 008:ffn-up-projection: 0.000194000 seconds
[token:124, layer:4] 009:ffn-swiglu: 0.000001000 seconds
[token:124, layer:4] 010:ffn-down-projection: 0.000139000 seconds
[token:124, layer:4] 102:layer-compute-total: 0.000503000 seconds
[token:124, layer:5] 002:attention-norm: 0.000001000 seconds
[token:124, layer:5] 003:qkv-projection: 0.000109000 seconds
[token:124, layer:5] 004:apply-rope: 0.000001000 seconds
[token:124, layer:5] 005:compute-attention: 0.000021000 seconds
[token:124, layer:5] 006:attention-output: 0.000037000 seconds
[token:124, layer:5] 007:ffn-norm: 0.000000000 seconds
[token:124, layer:5] 008:ffn-up-projection: 0.000194000 seconds
[token:124, layer:5] 009:ffn-swiglu: 0.000001000 seconds
[token:124, layer:5] 010:ffn-down-projection: 0.000139000 seconds
[token:124, layer:5] 102:layer-compute-total: 0.000503000 seconds
[token:124] 011:final-projection: 0.004205000 seconds
[token:124] 103:forward-compute-total: 0.007230000 seconds
[token:125] 001:embedding-lookup: 0.000000000 seconds
[token:125, layer:0] 002:attention-norm: 0.000000000 seconds
[token:125, layer:0] 003:qkv-projection: 0.000110000 seconds
[token:125, layer:0] 004:apply-rope: 0.000001000 seconds
[token:125, layer:0] 005:compute-attention: 0.000027000 seconds
[token:125, layer:0] 006:attention-output: 0.000037000 seconds
[token:125, layer:0] 007:ffn-norm: 0.000001000 seconds
[token:125, layer:0] 008:ffn-up-projection: 0.000195000 seconds
[token:125, layer:0] 009:ffn-swiglu: 0.000002000 seconds
[token:125, layer:0] 010:ffn-down-projection: 0.000140000 seconds
[token:125, layer:0] 102:layer-compute-total: 0.000513000 seconds
[token:125, layer:1] 002:attention-norm: 0.000000000 seconds
[token:125, layer:1] 003:qkv-projection: 0.000111000 seconds
[token:125, layer:1] 004:apply-rope: 0.000001000 seconds
[token:125, layer:1] 005:compute-attention: 0.000028000 seconds
[token:125, layer:1] 006:attention-output: 0.000037000 seconds
[token:125, layer:1] 007:ffn-norm: 0.000001000 seconds
[token:125, layer:1] 008:ffn-up-projection: 0.000194000 seconds
[token:125, layer:1] 009:ffn-swiglu: 0.000001000 seconds
[token:125, layer:1] 010:ffn-down-projection: 0.000141000 seconds
[token:125, layer:1] 102:layer-compute-total: 0.000514000 seconds
[token:125, layer:2] 002:attention-norm: 0.000000000 seconds
[token:125, layer:2] 003:qkv-projection: 0.000112000 seconds
[token:125, layer:2] 004:apply-rope: 0.000002000 seconds
[token:125, layer:2] 005:compute-attention: 0.000030000 seconds
[token:125, layer:2] 006:attention-output: 0.000037000 seconds
[token:125, layer:2] 007:ffn-norm: 0.000001000 seconds
[token:125, layer:2] 008:ffn-up-projection: 0.000194000 seconds
[token:125, layer:2] 009:ffn-swiglu: 0.000001000 seconds
[token:125, layer:2] 010:ffn-down-projection: 0.000140000 seconds
[token:125, layer:2] 102:layer-compute-total: 0.000517000 seconds
[token:125, layer:3] 002:attention-norm: 0.000001000 seconds
[token:125, layer:3] 003:qkv-projection: 0.000109000 seconds
[token:125, layer:3] 004:apply-rope: 0.000001000 seconds
[token:125, layer:3] 005:compute-attention: 0.000029000 seconds
[token:125, layer:3] 006:attention-output: 0.000037000 seconds
[token:125, layer:3] 007:ffn-norm: 0.000000000 seconds
[token:125, layer:3] 008:ffn-up-projection: 0.000194000 seconds
[token:125, layer:3] 009:ffn-swiglu: 0.000001000 seconds
[token:125, layer:3] 010:ffn-down-projection: 0.000140000 seconds
[token:125, layer:3] 102:layer-compute-total: 0.000512000 seconds
[token:125, layer:4] 002:attention-norm: 0.000000000 seconds
[token:125, layer:4] 003:qkv-projection: 0.000111000 seconds
[token:125, layer:4] 004:apply-rope: 0.000001000 seconds
[token:125, layer:4] 005:compute-attention: 0.000030000 seconds
[token:125, layer:4] 006:attention-output: 0.000037000 seconds
[token:125, layer:4] 007:ffn-norm: 0.000001000 seconds
[token:125, layer:4] 008:ffn-up-projection: 0.000194000 seconds
[token:125, layer:4] 009:ffn-swiglu: 0.000001000 seconds
[token:125, layer:4] 010:ffn-down-projection: 0.000139000 seconds
[token:125, layer:4] 102:layer-compute-total: 0.000514000 seconds
[token:125, layer:5] 002:attention-norm: 0.000001000 seconds
[token:125, layer:5] 003:qkv-projection: 0.000110000 seconds
[token:125, layer:5] 004:apply-rope: 0.000001000 seconds
[token:125, layer:5] 005:compute-attention: 0.000033000 seconds
[token:125, layer:5] 006:attention-output: 0.000036000 seconds
[token:125, layer:5] 007:ffn-norm: 0.000001000 seconds
[token:125, layer:5] 008:ffn-up-projection: 0.000195000 seconds
[token:125, layer:5] 009:ffn-swiglu: 0.000001000 seconds
[token:125, layer:5] 010:ffn-down-projection: 0.000139000 seconds
[token:125, layer:5] 102:layer-compute-total: 0.000517000 seconds
[token:125] 011:final-projection: 0.004052000 seconds
[token:125] 103:forward-compute-total: 0.007139000 seconds
[token:126] 001:embedding-lookup: 0.000000000 seconds
[token:126, layer:0] 002:attention-norm: 0.000001000 seconds
[token:126, layer:0] 003:qkv-projection: 0.000110000 seconds
[token:126, layer:0] 004:apply-rope: 0.000001000 seconds
[token:126, layer:0] 005:compute-attention: 0.000024000 seconds
[token:126, layer:0] 006:attention-output: 0.000036000 seconds
[token:126, layer:0] 007:ffn-norm: 0.000000000 seconds
[token:126, layer:0] 008:ffn-up-projection: 0.000194000 seconds
[token:126, layer:0] 009:ffn-swiglu: 0.000001000 seconds
[token:126, layer:0] 010:ffn-down-projection: 0.000139000 seconds
[token:126, layer:0] 102:layer-compute-total: 0.000506000 seconds
[token:126, layer:1] 002:attention-norm: 0.000000000 seconds
[token:126, layer:1] 003:qkv-projection: 0.000109000 seconds
[token:126, layer:1] 004:apply-rope: 0.000001000 seconds
[token:126, layer:1] 005:compute-attention: 0.000023000 seconds
[token:126, layer:1] 006:attention-output: 0.000036000 seconds
[token:126, layer:1] 007:ffn-norm: 0.000000000 seconds
[token:126, layer:1] 008:ffn-up-projection: 0.000194000 seconds
[token:126, layer:1] 009:ffn-swiglu: 0.000001000 seconds
[token:126, layer:1] 010:ffn-down-projection: 0.000141000 seconds
[token:126, layer:1] 102:layer-compute-total: 0.000505000 seconds
[token:126, layer:2] 002:attention-norm: 0.000000000 seconds
[token:126, layer:2] 003:qkv-projection: 0.000109000 seconds
[token:126, layer:2] 004:apply-rope: 0.000002000 seconds
[token:126, layer:2] 005:compute-attention: 0.000022000 seconds
[token:126, layer:2] 006:attention-output: 0.000036000 seconds
[token:126, layer:2] 007:ffn-norm: 0.000000000 seconds
[token:126, layer:2] 008:ffn-up-projection: 0.000194000 seconds
[token:126, layer:2] 009:ffn-swiglu: 0.000001000 seconds
[token:126, layer:2] 010:ffn-down-projection: 0.000139000 seconds
[token:126, layer:2] 102:layer-compute-total: 0.000503000 seconds
[token:126, layer:3] 002:attention-norm: 0.000000000 seconds
[token:126, layer:3] 003:qkv-projection: 0.000109000 seconds
[token:126, layer:3] 004:apply-rope: 0.000002000 seconds
[token:126, layer:3] 005:compute-attention: 0.000023000 seconds
[token:126, layer:3] 006:attention-output: 0.000036000 seconds
[token:126, layer:3] 007:ffn-norm: 0.000001000 seconds
[token:126, layer:3] 008:ffn-up-projection: 0.000194000 seconds
[token:126, layer:3] 009:ffn-swiglu: 0.000001000 seconds
[token:126, layer:3] 010:ffn-down-projection: 0.000166000 seconds
[token:126, layer:3] 102:layer-compute-total: 0.000532000 seconds
[token:126, layer:4] 002:attention-norm: 0.000000000 seconds
[token:126, layer:4] 003:qkv-projection: 0.000110000 seconds
[token:126, layer:4] 004:apply-rope: 0.000002000 seconds
[token:126, layer:4] 005:compute-attention: 0.000024000 seconds
[token:126, layer:4] 006:attention-output: 0.000037000 seconds
[token:126, layer:4] 007:ffn-norm: 0.000000000 seconds
[token:126, layer:4] 008:ffn-up-projection: 0.000195000 seconds
[token:126, layer:4] 009:ffn-swiglu: 0.000001000 seconds
[token:126, layer:4] 010:ffn-down-projection: 0.000140000 seconds
[token:126, layer:4] 102:layer-compute-total: 0.000509000 seconds
[token:126, layer:5] 002:attention-norm: 0.000000000 seconds
[token:126, layer:5] 003:qkv-projection: 0.000109000 seconds
[token:126, layer:5] 004:apply-rope: 0.000002000 seconds
[token:126, layer:5] 005:compute-attention: 0.000024000 seconds
[token:126, layer:5] 006:attention-output: 0.000036000 seconds
[token:126, layer:5] 007:ffn-norm: 0.000000000 seconds
[token:126, layer:5] 008:ffn-up-projection: 0.000194000 seconds
[token:126, layer:5] 009:ffn-swiglu: 0.000001000 seconds
[token:126, layer:5] 010:ffn-down-projection: 0.000139000 seconds
[token:126, layer:5] 102:layer-compute-total: 0.000505000 seconds
[token:126] 011:final-projection: 0.004166000 seconds
[token:126] 103:forward-compute-total: 0.007226000 seconds
[token:127] 001:embedding-lookup: 0.000001000 seconds
[token:127, layer:0] 002:attention-norm: 0.000000000 seconds
[token:127, layer:0] 003:qkv-projection: 0.000110000 seconds
[token:127, layer:0] 004:apply-rope: 0.000002000 seconds
[token:127, layer:0] 005:compute-attention: 0.000027000 seconds
[token:127, layer:0] 006:attention-output: 0.000036000 seconds
[token:127, layer:0] 007:ffn-norm: 0.000001000 seconds
[token:127, layer:0] 008:ffn-up-projection: 0.000195000 seconds
[token:127, layer:0] 009:ffn-swiglu: 0.000001000 seconds
[token:127, layer:0] 010:ffn-down-projection: 0.000140000 seconds
[token:127, layer:0] 102:layer-compute-total: 0.000512000 seconds
[token:127, layer:1] 002:attention-norm: 0.000000000 seconds
[token:127, layer:1] 003:qkv-projection: 0.000109000 seconds
[token:127, layer:1] 004:apply-rope: 0.000001000 seconds
[token:127, layer:1] 005:compute-attention: 0.000026000 seconds
[token:127, layer:1] 006:attention-output: 0.000036000 seconds
[token:127, layer:1] 007:ffn-norm: 0.000000000 seconds
[token:127, layer:1] 008:ffn-up-projection: 0.000194000 seconds
[token:127, layer:1] 009:ffn-swiglu: 0.000001000 seconds
[token:127, layer:1] 010:ffn-down-projection: 0.000139000 seconds
[token:127, layer:1] 102:layer-compute-total: 0.000506000 seconds
[token:127, layer:2] 002:attention-norm: 0.000000000 seconds
[token:127, layer:2] 003:qkv-projection: 0.000110000 seconds
[token:127, layer:2] 004:apply-rope: 0.000001000 seconds
[token:127, layer:2] 005:compute-attention: 0.000026000 seconds
[token:127, layer:2] 006:attention-output: 0.000037000 seconds
[token:127, layer:2] 007:ffn-norm: 0.000000000 seconds
[token:127, layer:2] 008:ffn-up-projection: 0.000194000 seconds
[token:127, layer:2] 009:ffn-swiglu: 0.000001000 seconds
[token:127, layer:2] 010:ffn-down-projection: 0.000139000 seconds
[token:127, layer:2] 102:layer-compute-total: 0.000508000 seconds
[token:127, layer:3] 002:attention-norm: 0.000001000 seconds
[token:127, layer:3] 003:qkv-projection: 0.000109000 seconds
[token:127, layer:3] 004:apply-rope: 0.000001000 seconds
[token:127, layer:3] 005:compute-attention: 0.000026000 seconds
[token:127, layer:3] 006:attention-output: 0.000036000 seconds
[token:127, layer:3] 007:ffn-norm: 0.000000000 seconds
[token:127, layer:3] 008:ffn-up-projection: 0.000194000 seconds
[token:127, layer:3] 009:ffn-swiglu: 0.000001000 seconds
[token:127, layer:3] 010:ffn-down-projection: 0.000140000 seconds
[token:127, layer:3] 102:layer-compute-total: 0.000508000 seconds
[token:127, layer:4] 002:attention-norm: 0.000001000 seconds
[token:127, layer:4] 003:qkv-projection: 0.000110000 seconds
[token:127, layer:4] 004:apply-rope: 0.000001000 seconds
[token:127, layer:4] 005:compute-attention: 0.000026000 seconds
[token:127, layer:4] 006:attention-output: 0.000036000 seconds
[token:127, layer:4] 007:ffn-norm: 0.000000000 seconds
[token:127, layer:4] 008:ffn-up-projection: 0.000194000 seconds
[token:127, layer:4] 009:ffn-swiglu: 0.000001000 seconds
[token:127, layer:4] 010:ffn-down-projection: 0.000139000 seconds
[token:127, layer:4] 102:layer-compute-total: 0.000508000 seconds
[token:127, layer:5] 002:attention-norm: 0.000001000 seconds
[token:127, layer:5] 003:qkv-projection: 0.000109000 seconds
[token:127, layer:5] 004:apply-rope: 0.000002000 seconds
[token:127, layer:5] 005:compute-attention: 0.000025000 seconds
[token:127, layer:5] 006:attention-output: 0.000036000 seconds
[token:127, layer:5] 007:ffn-norm: 0.000001000 seconds
[token:127, layer:5] 008:ffn-up-projection: 0.000194000 seconds
[token:127, layer:5] 009:ffn-swiglu: 0.000001000 seconds
[token:127, layer:5] 010:ffn-down-projection: 0.000137000 seconds
[token:127, layer:5] 102:layer-compute-total: 0.000506000 seconds
[token:127] 011:final-projection: 0.004037000 seconds
[token:127] 103:forward-compute-total: 0.007086000 seconds
[token:128] 001:embedding-lookup: 0.000000000 seconds
[token:128, layer:0] 002:attention-norm: 0.000000000 seconds
[token:128, layer:0] 003:qkv-projection: 0.000115000 seconds
[token:128, layer:0] 004:apply-rope: 0.000002000 seconds
[token:128, layer:0] 005:compute-attention: 0.000024000 seconds
[token:128, layer:0] 006:attention-output: 0.000036000 seconds
[token:128, layer:0] 007:ffn-norm: 0.000000000 seconds
[token:128, layer:0] 008:ffn-up-projection: 0.000194000 seconds
[token:128, layer:0] 009:ffn-swiglu: 0.000002000 seconds
[token:128, layer:0] 010:ffn-down-projection: 0.000139000 seconds
[token:128, layer:0] 102:layer-compute-total: 0.000512000 seconds
[token:128, layer:1] 002:attention-norm: 0.000001000 seconds
[token:128, layer:1] 003:qkv-projection: 0.000112000 seconds
[token:128, layer:1] 004:apply-rope: 0.000001000 seconds
[token:128, layer:1] 005:compute-attention: 0.000022000 seconds
[token:128, layer:1] 006:attention-output: 0.000036000 seconds
[token:128, layer:1] 007:ffn-norm: 0.000001000 seconds
[token:128, layer:1] 008:ffn-up-projection: 0.000194000 seconds
[token:128, layer:1] 009:ffn-swiglu: 0.000001000 seconds
[token:128, layer:1] 010:ffn-down-projection: 0.000139000 seconds
[token:128, layer:1] 102:layer-compute-total: 0.000507000 seconds
[token:128, layer:2] 002:attention-norm: 0.000000000 seconds
[token:128, layer:2] 003:qkv-projection: 0.000112000 seconds
[token:128, layer:2] 004:apply-rope: 0.000001000 seconds
[token:128, layer:2] 005:compute-attention: 0.000022000 seconds
[token:128, layer:2] 006:attention-output: 0.000037000 seconds
[token:128, layer:2] 007:ffn-norm: 0.000001000 seconds
[token:128, layer:2] 008:ffn-up-projection: 0.000194000 seconds
[token:128, layer:2] 009:ffn-swiglu: 0.000001000 seconds
[token:128, layer:2] 010:ffn-down-projection: 0.000139000 seconds
[token:128, layer:2] 102:layer-compute-total: 0.000507000 seconds
[token:128, layer:3] 002:attention-norm: 0.000000000 seconds
[token:128, layer:3] 003:qkv-projection: 0.000112000 seconds
[token:128, layer:3] 004:apply-rope: 0.000001000 seconds
[token:128, layer:3] 005:compute-attention: 0.000023000 seconds
[token:128, layer:3] 006:attention-output: 0.000036000 seconds
[token:128, layer:3] 007:ffn-norm: 0.000000000 seconds
[token:128, layer:3] 008:ffn-up-projection: 0.000194000 seconds
[token:128, layer:3] 009:ffn-swiglu: 0.000001000 seconds
[token:128, layer:3] 010:ffn-down-projection: 0.000139000 seconds
[token:128, layer:3] 102:layer-compute-total: 0.000506000 seconds
[token:128, layer:4] 002:attention-norm: 0.000001000 seconds
[token:128, layer:4] 003:qkv-projection: 0.000112000 seconds
[token:128, layer:4] 004:apply-rope: 0.000001000 seconds
[token:128, layer:4] 005:compute-attention: 0.000022000 seconds
[token:128, layer:4] 006:attention-output: 0.000037000 seconds
[token:128, layer:4] 007:ffn-norm: 0.000000000 seconds
[token:128, layer:4] 008:ffn-up-projection: 0.000194000 seconds
[token:128, layer:4] 009:ffn-swiglu: 0.000001000 seconds
[token:128, layer:4] 010:ffn-down-projection: 0.000139000 seconds
[token:128, layer:4] 102:layer-compute-total: 0.000507000 seconds
[token:128, layer:5] 002:attention-norm: 0.000000000 seconds
[token:128, layer:5] 003:qkv-projection: 0.000157000 seconds
[token:128, layer:5] 004:apply-rope: 0.000002000 seconds
[token:128, layer:5] 005:compute-attention: 0.000021000 seconds
[token:128, layer:5] 006:attention-output: 0.000036000 seconds
[token:128, layer:5] 007:ffn-norm: 0.000000000 seconds
[token:128, layer:5] 008:ffn-up-projection: 0.000194000 seconds
[token:128, layer:5] 009:ffn-swiglu: 0.000001000 seconds
[token:128, layer:5] 010:ffn-down-projection: 0.000139000 seconds
[token:128, layer:5] 102:layer-compute-total: 0.000550000 seconds
[token:128] 011:final-projection: 0.004346000 seconds
[token:128] 103:forward-compute-total: 0.007435000 seconds
[token:129] 001:embedding-lookup: 0.000001000 seconds
[token:129, layer:0] 002:attention-norm: 0.000000000 seconds
[token:129, layer:0] 003:qkv-projection: 0.000110000 seconds
[token:129, layer:0] 004:apply-rope: 0.000001000 seconds
[token:129, layer:0] 005:compute-attention: 0.000028000 seconds
[token:129, layer:0] 006:attention-output: 0.000036000 seconds
[token:129, layer:0] 007:ffn-norm: 0.000000000 seconds
[token:129, layer:0] 008:ffn-up-projection: 0.000195000 seconds
[token:129, layer:0] 009:ffn-swiglu: 0.000001000 seconds
[token:129, layer:0] 010:ffn-down-projection: 0.000139000 seconds
[token:129, layer:0] 102:layer-compute-total: 0.000510000 seconds
[token:129, layer:1] 002:attention-norm: 0.000001000 seconds
[token:129, layer:1] 003:qkv-projection: 0.000110000 seconds
[token:129, layer:1] 004:apply-rope: 0.000001000 seconds
[token:129, layer:1] 005:compute-attention: 0.000028000 seconds
[token:129, layer:1] 006:attention-output: 0.000036000 seconds
[token:129, layer:1] 007:ffn-norm: 0.000000000 seconds
[token:129, layer:1] 008:ffn-up-projection: 0.000194000 seconds
[token:129, layer:1] 009:ffn-swiglu: 0.000001000 seconds
[token:129, layer:1] 010:ffn-down-projection: 0.000139000 seconds
[token:129, layer:1] 102:layer-compute-total: 0.000510000 seconds
[token:129, layer:2] 002:attention-norm: 0.000001000 seconds
[token:129, layer:2] 003:qkv-projection: 0.000110000 seconds
[token:129, layer:2] 004:apply-rope: 0.000002000 seconds
[token:129, layer:2] 005:compute-attention: 0.000027000 seconds
[token:129, layer:2] 006:attention-output: 0.000036000 seconds
[token:129, layer:2] 007:ffn-norm: 0.000000000 seconds
[token:129, layer:2] 008:ffn-up-projection: 0.000194000 seconds
[token:129, layer:2] 009:ffn-swiglu: 0.000001000 seconds
[token:129, layer:2] 010:ffn-down-projection: 0.000139000 seconds
[token:129, layer:2] 102:layer-compute-total: 0.000510000 seconds
[token:129, layer:3] 002:attention-norm: 0.000000000 seconds
[token:129, layer:3] 003:qkv-projection: 0.000109000 seconds
[token:129, layer:3] 004:apply-rope: 0.000001000 seconds
[token:129, layer:3] 005:compute-attention: 0.000028000 seconds
[token:129, layer:3] 006:attention-output: 0.000037000 seconds
[token:129, layer:3] 007:ffn-norm: 0.000001000 seconds
[token:129, layer:3] 008:ffn-up-projection: 0.000194000 seconds
[token:129, layer:3] 009:ffn-swiglu: 0.000001000 seconds
[token:129, layer:3] 010:ffn-down-projection: 0.000140000 seconds
[token:129, layer:3] 102:layer-compute-total: 0.000511000 seconds
[token:129, layer:4] 002:attention-norm: 0.000000000 seconds
[token:129, layer:4] 003:qkv-projection: 0.000110000 seconds
[token:129, layer:4] 004:apply-rope: 0.000001000 seconds
[token:129, layer:4] 005:compute-attention: 0.000028000 seconds
[token:129, layer:4] 006:attention-output: 0.000036000 seconds
[token:129, layer:4] 007:ffn-norm: 0.000000000 seconds
[token:129, layer:4] 008:ffn-up-projection: 0.000194000 seconds
[token:129, layer:4] 009:ffn-swiglu: 0.000001000 seconds
[token:129, layer:4] 010:ffn-down-projection: 0.000139000 seconds
[token:129, layer:4] 102:layer-compute-total: 0.000509000 seconds
[token:129, layer:5] 002:attention-norm: 0.000000000 seconds
[token:129, layer:5] 003:qkv-projection: 0.000109000 seconds
[token:129, layer:5] 004:apply-rope: 0.000002000 seconds
[token:129, layer:5] 005:compute-attention: 0.000027000 seconds
[token:129, layer:5] 006:attention-output: 0.000036000 seconds
[token:129, layer:5] 007:ffn-norm: 0.000000000 seconds
[token:129, layer:5] 008:ffn-up-projection: 0.000194000 seconds
[token:129, layer:5] 009:ffn-swiglu: 0.000001000 seconds
[token:129, layer:5] 010:ffn-down-projection: 0.000139000 seconds
[token:129, layer:5] 102:layer-compute-total: 0.000508000 seconds
[token:129] 011:final-projection: 0.004018000 seconds
[token:129] 103:forward-compute-total: 0.007077000 seconds
[token:130] 001:embedding-lookup: 0.000000000 seconds
[token:130, layer:0] 002:attention-norm: 0.000000000 seconds
[token:130, layer:0] 003:qkv-projection: 0.000115000 seconds
[token:130, layer:0] 004:apply-rope: 0.000002000 seconds
[token:130, layer:0] 005:compute-attention: 0.000024000 seconds
[token:130, layer:0] 006:attention-output: 0.000036000 seconds
[token:130, layer:0] 007:ffn-norm: 0.000001000 seconds
[token:130, layer:0] 008:ffn-up-projection: 0.000187000 seconds
[token:130, layer:0] 009:ffn-swiglu: 0.000001000 seconds
[token:130, layer:0] 010:ffn-down-projection: 0.000134000 seconds
[token:130, layer:0] 102:layer-compute-total: 0.000500000 seconds
[token:130, layer:1] 002:attention-norm: 0.000000000 seconds
[token:130, layer:1] 003:qkv-projection: 0.000105000 seconds
[token:130, layer:1] 004:apply-rope: 0.000001000 seconds
[token:130, layer:1] 005:compute-attention: 0.000023000 seconds
[token:130, layer:1] 006:attention-output: 0.000035000 seconds
[token:130, layer:1] 007:ffn-norm: 0.000000000 seconds
[token:130, layer:1] 008:ffn-up-projection: 0.000187000 seconds
[token:130, layer:1] 009:ffn-swiglu: 0.000001000 seconds
[token:130, layer:1] 010:ffn-down-projection: 0.000135000 seconds
[token:130, layer:1] 102:layer-compute-total: 0.000487000 seconds
[token:130, layer:2] 002:attention-norm: 0.000000000 seconds
[token:130, layer:2] 003:qkv-projection: 0.000105000 seconds
[token:130, layer:2] 004:apply-rope: 0.000001000 seconds
[token:130, layer:2] 005:compute-attention: 0.000023000 seconds
[token:130, layer:2] 006:attention-output: 0.000035000 seconds
[token:130, layer:2] 007:ffn-norm: 0.000000000 seconds
[token:130, layer:2] 008:ffn-up-projection: 0.000187000 seconds
[token:130, layer:2] 009:ffn-swiglu: 0.000001000 seconds
[token:130, layer:2] 010:ffn-down-projection: 0.000134000 seconds
[token:130, layer:2] 102:layer-compute-total: 0.000486000 seconds
[token:130, layer:3] 002:attention-norm: 0.000000000 seconds
[token:130, layer:3] 003:qkv-projection: 0.000105000 seconds
[token:130, layer:3] 004:apply-rope: 0.000001000 seconds
[token:130, layer:3] 005:compute-attention: 0.000023000 seconds
[token:130, layer:3] 006:attention-output: 0.000035000 seconds
[token:130, layer:3] 007:ffn-norm: 0.000000000 seconds
[token:130, layer:3] 008:ffn-up-projection: 0.000187000 seconds
[token:130, layer:3] 009:ffn-swiglu: 0.000001000 seconds
[token:130, layer:3] 010:ffn-down-projection: 0.000134000 seconds
[token:130, layer:3] 102:layer-compute-total: 0.000486000 seconds
[token:130, layer:4] 002:attention-norm: 0.000000000 seconds
[token:130, layer:4] 003:qkv-projection: 0.000105000 seconds
[token:130, layer:4] 004:apply-rope: 0.000001000 seconds
[token:130, layer:4] 005:compute-attention: 0.000022000 seconds
[token:130, layer:4] 006:attention-output: 0.000035000 seconds
[token:130, layer:4] 007:ffn-norm: 0.000000000 seconds
[token:130, layer:4] 008:ffn-up-projection: 0.000186000 seconds
[token:130, layer:4] 009:ffn-swiglu: 0.000001000 seconds
[token:130, layer:4] 010:ffn-down-projection: 0.000134000 seconds
[token:130, layer:4] 102:layer-compute-total: 0.000484000 seconds
[token:130, layer:5] 002:attention-norm: 0.000000000 seconds
[token:130, layer:5] 003:qkv-projection: 0.000105000 seconds
[token:130, layer:5] 004:apply-rope: 0.000001000 seconds
[token:130, layer:5] 005:compute-attention: 0.000022000 seconds
[token:130, layer:5] 006:attention-output: 0.000035000 seconds
[token:130, layer:5] 007:ffn-norm: 0.000000000 seconds
[token:130, layer:5] 008:ffn-up-projection: 0.000186000 seconds
[token:130, layer:5] 009:ffn-swiglu: 0.000001000 seconds
[token:130, layer:5] 010:ffn-down-projection: 0.000134000 seconds
[token:130, layer:5] 102:layer-compute-total: 0.000484000 seconds
[token:130] 011:final-projection: 0.004134000 seconds
[token:130] 103:forward-compute-total: 0.007061000 seconds
[token:131] 001:embedding-lookup: 0.000001000 seconds
[token:131, layer:0] 002:attention-norm: 0.000000000 seconds
[token:131, layer:0] 003:qkv-projection: 0.000113000 seconds
[token:131, layer:0] 004:apply-rope: 0.000002000 seconds
[token:131, layer:0] 005:compute-attention: 0.000028000 seconds
[token:131, layer:0] 006:attention-output: 0.000037000 seconds
[token:131, layer:0] 007:ffn-norm: 0.000001000 seconds
[token:131, layer:0] 008:ffn-up-projection: 0.000199000 seconds
[token:131, layer:0] 009:ffn-swiglu: 0.000001000 seconds
[token:131, layer:0] 010:ffn-down-projection: 0.000138000 seconds
[token:131, layer:0] 102:layer-compute-total: 0.000519000 seconds
[token:131, layer:1] 002:attention-norm: 0.000001000 seconds
[token:131, layer:1] 003:qkv-projection: 0.000110000 seconds
[token:131, layer:1] 004:apply-rope: 0.000001000 seconds
[token:131, layer:1] 005:compute-attention: 0.000025000 seconds
[token:131, layer:1] 006:attention-output: 0.000035000 seconds
[token:131, layer:1] 007:ffn-norm: 0.000000000 seconds
[token:131, layer:1] 008:ffn-up-projection: 0.000187000 seconds
[token:131, layer:1] 009:ffn-swiglu: 0.000001000 seconds
[token:131, layer:1] 010:ffn-down-projection: 0.000134000 seconds
[token:131, layer:1] 102:layer-compute-total: 0.000494000 seconds
[token:131, layer:2] 002:attention-norm: 0.000000000 seconds
[token:131, layer:2] 003:qkv-projection: 0.000105000 seconds
[token:131, layer:2] 004:apply-rope: 0.000001000 seconds
[token:131, layer:2] 005:compute-attention: 0.000026000 seconds
[token:131, layer:2] 006:attention-output: 0.000035000 seconds
[token:131, layer:2] 007:ffn-norm: 0.000000000 seconds
[token:131, layer:2] 008:ffn-up-projection: 0.000187000 seconds
[token:131, layer:2] 009:ffn-swiglu: 0.000001000 seconds
[token:131, layer:2] 010:ffn-down-projection: 0.000134000 seconds
[token:131, layer:2] 102:layer-compute-total: 0.000489000 seconds
[token:131, layer:3] 002:attention-norm: 0.000000000 seconds
[token:131, layer:3] 003:qkv-projection: 0.000105000 seconds
[token:131, layer:3] 004:apply-rope: 0.000001000 seconds
[token:131, layer:3] 005:compute-attention: 0.000026000 seconds
[token:131, layer:3] 006:attention-output: 0.000036000 seconds
[token:131, layer:3] 007:ffn-norm: 0.000000000 seconds
[token:131, layer:3] 008:ffn-up-projection: 0.000187000 seconds
[token:131, layer:3] 009:ffn-swiglu: 0.000001000 seconds
[token:131, layer:3] 010:ffn-down-projection: 0.000134000 seconds
[token:131, layer:3] 102:layer-compute-total: 0.000490000 seconds
[token:131, layer:4] 002:attention-norm: 0.000001000 seconds
[token:131, layer:4] 003:qkv-projection: 0.000106000 seconds
[token:131, layer:4] 004:apply-rope: 0.000002000 seconds
[token:131, layer:4] 005:compute-attention: 0.000027000 seconds
[token:131, layer:4] 006:attention-output: 0.000035000 seconds
[token:131, layer:4] 007:ffn-norm: 0.000000000 seconds
[token:131, layer:4] 008:ffn-up-projection: 0.000190000 seconds
[token:131, layer:4] 009:ffn-swiglu: 0.000001000 seconds
[token:131, layer:4] 010:ffn-down-projection: 0.000134000 seconds
[token:131, layer:4] 102:layer-compute-total: 0.000496000 seconds
[token:131, layer:5] 002:attention-norm: 0.000000000 seconds
[token:131, layer:5] 003:qkv-projection: 0.000106000 seconds
[token:131, layer:5] 004:apply-rope: 0.000001000 seconds
[token:131, layer:5] 005:compute-attention: 0.000025000 seconds
[token:131, layer:5] 006:attention-output: 0.000035000 seconds
[token:131, layer:5] 007:ffn-norm: 0.000000000 seconds
[token:131, layer:5] 008:ffn-up-projection: 0.000187000 seconds
[token:131, layer:5] 009:ffn-swiglu: 0.000001000 seconds
[token:131, layer:5] 010:ffn-down-projection: 0.000134000 seconds
[token:131, layer:5] 102:layer-compute-total: 0.000489000 seconds
[token:131] 011:final-projection: 0.003978000 seconds
[token:131] 103:forward-compute-total: 0.006956000 seconds
[token:132] 001:embedding-lookup: 0.000000000 seconds
[token:132, layer:0] 002:attention-norm: 0.000000000 seconds
[token:132, layer:0] 003:qkv-projection: 0.000112000 seconds
[token:132, layer:0] 004:apply-rope: 0.000002000 seconds
[token:132, layer:0] 005:compute-attention: 0.000023000 seconds
[token:132, layer:0] 006:attention-output: 0.000035000 seconds
[token:132, layer:0] 007:ffn-norm: 0.000001000 seconds
[token:132, layer:0] 008:ffn-up-projection: 0.000187000 seconds
[token:132, layer:0] 009:ffn-swiglu: 0.000001000 seconds
[token:132, layer:0] 010:ffn-down-projection: 0.000134000 seconds
[token:132, layer:0] 102:layer-compute-total: 0.000495000 seconds
[token:132, layer:1] 002:attention-norm: 0.000001000 seconds
[token:132, layer:1] 003:qkv-projection: 0.000105000 seconds
[token:132, layer:1] 004:apply-rope: 0.000001000 seconds
[token:132, layer:1] 005:compute-attention: 0.000021000 seconds
[token:132, layer:1] 006:attention-output: 0.000035000 seconds
[token:132, layer:1] 007:ffn-norm: 0.000001000 seconds
[token:132, layer:1] 008:ffn-up-projection: 0.000187000 seconds
[token:132, layer:1] 009:ffn-swiglu: 0.000001000 seconds
[token:132, layer:1] 010:ffn-down-projection: 0.000134000 seconds
[token:132, layer:1] 102:layer-compute-total: 0.000486000 seconds
[token:132, layer:2] 002:attention-norm: 0.000000000 seconds
[token:132, layer:2] 003:qkv-projection: 0.000108000 seconds
[token:132, layer:2] 004:apply-rope: 0.000001000 seconds
[token:132, layer:2] 005:compute-attention: 0.000022000 seconds
[token:132, layer:2] 006:attention-output: 0.000036000 seconds
[token:132, layer:2] 007:ffn-norm: 0.000000000 seconds
[token:132, layer:2] 008:ffn-up-projection: 0.000187000 seconds
[token:132, layer:2] 009:ffn-swiglu: 0.000001000 seconds
[token:132, layer:2] 010:ffn-down-projection: 0.000134000 seconds
[token:132, layer:2] 102:layer-compute-total: 0.000489000 seconds
[token:132, layer:3] 002:attention-norm: 0.000000000 seconds
[token:132, layer:3] 003:qkv-projection: 0.000105000 seconds
[token:132, layer:3] 004:apply-rope: 0.000001000 seconds
[token:132, layer:3] 005:compute-attention: 0.000022000 seconds
[token:132, layer:3] 006:attention-output: 0.000035000 seconds
[token:132, layer:3] 007:ffn-norm: 0.000000000 seconds
[token:132, layer:3] 008:ffn-up-projection: 0.000187000 seconds
[token:132, layer:3] 009:ffn-swiglu: 0.000001000 seconds
[token:132, layer:3] 010:ffn-down-projection: 0.000134000 seconds
[token:132, layer:3] 102:layer-compute-total: 0.000485000 seconds
[token:132, layer:4] 002:attention-norm: 0.000000000 seconds
[token:132, layer:4] 003:qkv-projection: 0.000106000 seconds
[token:132, layer:4] 004:apply-rope: 0.000001000 seconds
[token:132, layer:4] 005:compute-attention: 0.000021000 seconds
[token:132, layer:4] 006:attention-output: 0.000035000 seconds
[token:132, layer:4] 007:ffn-norm: 0.000000000 seconds
[token:132, layer:4] 008:ffn-up-projection: 0.000187000 seconds
[token:132, layer:4] 009:ffn-swiglu: 0.000001000 seconds
[token:132, layer:4] 010:ffn-down-projection: 0.000137000 seconds
[token:132, layer:4] 102:layer-compute-total: 0.000488000 seconds
[token:132, layer:5] 002:attention-norm: 0.000000000 seconds
[token:132, layer:5] 003:qkv-projection: 0.000105000 seconds
[token:132, layer:5] 004:apply-rope: 0.000002000 seconds
[token:132, layer:5] 005:compute-attention: 0.000020000 seconds
[token:132, layer:5] 006:attention-output: 0.000035000 seconds
[token:132, layer:5] 007:ffn-norm: 0.000000000 seconds
[token:132, layer:5] 008:ffn-up-projection: 0.000187000 seconds
[token:132, layer:5] 009:ffn-swiglu: 0.000001000 seconds
[token:132, layer:5] 010:ffn-down-projection: 0.000134000 seconds
[token:132, layer:5] 102:layer-compute-total: 0.000484000 seconds
[token:132] 011:final-projection: 0.003936000 seconds
[token:132] 103:forward-compute-total: 0.006863000 seconds
[token:133] 001:embedding-lookup: 0.000001000 seconds
[token:133, layer:0] 002:attention-norm: 0.000000000 seconds
[token:133, layer:0] 003:qkv-projection: 0.000114000 seconds
[token:133, layer:0] 004:apply-rope: 0.000002000 seconds
[token:133, layer:0] 005:compute-attention: 0.000020000 seconds
[token:133, layer:0] 006:attention-output: 0.000038000 seconds
[token:133, layer:0] 007:ffn-norm: 0.000001000 seconds
[token:133, layer:0] 008:ffn-up-projection: 0.000192000 seconds
[token:133, layer:0] 009:ffn-swiglu: 0.000001000 seconds
[token:133, layer:0] 010:ffn-down-projection: 0.000145000 seconds
[token:133, layer:0] 102:layer-compute-total: 0.000513000 seconds
[token:133, layer:1] 002:attention-norm: 0.000000000 seconds
[token:133, layer:1] 003:qkv-projection: 0.000106000 seconds
[token:133, layer:1] 004:apply-rope: 0.000001000 seconds
[token:133, layer:1] 005:compute-attention: 0.000020000 seconds
[token:133, layer:1] 006:attention-output: 0.000035000 seconds
[token:133, layer:1] 007:ffn-norm: 0.000000000 seconds
[token:133, layer:1] 008:ffn-up-projection: 0.000189000 seconds
[token:133, layer:1] 009:ffn-swiglu: 0.000001000 seconds
[token:133, layer:1] 010:ffn-down-projection: 0.000136000 seconds
[token:133, layer:1] 102:layer-compute-total: 0.000488000 seconds
[token:133, layer:2] 002:attention-norm: 0.000000000 seconds
[token:133, layer:2] 003:qkv-projection: 0.000107000 seconds
[token:133, layer:2] 004:apply-rope: 0.000002000 seconds
[token:133, layer:2] 005:compute-attention: 0.000023000 seconds
[token:133, layer:2] 006:attention-output: 0.000037000 seconds
[token:133, layer:2] 007:ffn-norm: 0.000000000 seconds
[token:133, layer:2] 008:ffn-up-projection: 0.000190000 seconds
[token:133, layer:2] 009:ffn-swiglu: 0.000001000 seconds
[token:133, layer:2] 010:ffn-down-projection: 0.000136000 seconds
[token:133, layer:2] 102:layer-compute-total: 0.000496000 seconds
[token:133, layer:3] 002:attention-norm: 0.000000000 seconds
[token:133, layer:3] 003:qkv-projection: 0.000107000 seconds
[token:133, layer:3] 004:apply-rope: 0.000001000 seconds
[token:133, layer:3] 005:compute-attention: 0.000021000 seconds
[token:133, layer:3] 006:attention-output: 0.000035000 seconds
[token:133, layer:3] 007:ffn-norm: 0.000000000 seconds
[token:133, layer:3] 008:ffn-up-projection: 0.000208000 seconds
[token:133, layer:3] 009:ffn-swiglu: 0.000001000 seconds
[token:133, layer:3] 010:ffn-down-projection: 0.000206000 seconds
[token:133, layer:3] 102:layer-compute-total: 0.000579000 seconds
[token:133, layer:4] 002:attention-norm: 0.000000000 seconds
[token:133, layer:4] 003:qkv-projection: 0.000110000 seconds
[token:133, layer:4] 004:apply-rope: 0.000001000 seconds
[token:133, layer:4] 005:compute-attention: 0.000024000 seconds
[token:133, layer:4] 006:attention-output: 0.000035000 seconds
[token:133, layer:4] 007:ffn-norm: 0.000001000 seconds
[token:133, layer:4] 008:ffn-up-projection: 0.000195000 seconds
[token:133, layer:4] 009:ffn-swiglu: 0.000001000 seconds
[token:133, layer:4] 010:ffn-down-projection: 0.000133000 seconds
[token:133, layer:4] 102:layer-compute-total: 0.000500000 seconds
[token:133, layer:5] 002:attention-norm: 0.000000000 seconds
[token:133, layer:5] 003:qkv-projection: 0.000110000 seconds
[token:133, layer:5] 004:apply-rope: 0.000001000 seconds
[token:133, layer:5] 005:compute-attention: 0.000025000 seconds
[token:133, layer:5] 006:attention-output: 0.000035000 seconds
[token:133, layer:5] 007:ffn-norm: 0.000000000 seconds
[token:133, layer:5] 008:ffn-up-projection: 0.000186000 seconds
[token:133, layer:5] 009:ffn-swiglu: 0.000001000 seconds
[token:133, layer:5] 010:ffn-down-projection: 0.000133000 seconds
[token:133, layer:5] 102:layer-compute-total: 0.000491000 seconds
[token:133] 011:final-projection: 0.003950000 seconds
[token:133] 103:forward-compute-total: 0.007018000 seconds
[token:134] 001:embedding-lookup: 0.000000000 seconds
[token:134, layer:0] 002:attention-norm: 0.000000000 seconds
[token:134, layer:0] 003:qkv-projection: 0.000111000 seconds
[token:134, layer:0] 004:apply-rope: 0.000002000 seconds
[token:134, layer:0] 005:compute-attention: 0.000029000 seconds
[token:134, layer:0] 006:attention-output: 0.000035000 seconds
[token:134, layer:0] 007:ffn-norm: 0.000000000 seconds
[token:134, layer:0] 008:ffn-up-projection: 0.000191000 seconds
[token:134, layer:0] 009:ffn-swiglu: 0.000001000 seconds
[token:134, layer:0] 010:ffn-down-projection: 0.000134000 seconds
[token:134, layer:0] 102:layer-compute-total: 0.000503000 seconds
[token:134, layer:1] 002:attention-norm: 0.000000000 seconds
[token:134, layer:1] 003:qkv-projection: 0.000105000 seconds
[token:134, layer:1] 004:apply-rope: 0.000001000 seconds
[token:134, layer:1] 005:compute-attention: 0.000025000 seconds
[token:134, layer:1] 006:attention-output: 0.000035000 seconds
[token:134, layer:1] 007:ffn-norm: 0.000000000 seconds
[token:134, layer:1] 008:ffn-up-projection: 0.000191000 seconds
[token:134, layer:1] 009:ffn-swiglu: 0.000001000 seconds
[token:134, layer:1] 010:ffn-down-projection: 0.000134000 seconds
[token:134, layer:1] 102:layer-compute-total: 0.000492000 seconds
[token:134, layer:2] 002:attention-norm: 0.000001000 seconds
[token:134, layer:2] 003:qkv-projection: 0.000105000 seconds
[token:134, layer:2] 004:apply-rope: 0.000001000 seconds
[token:134, layer:2] 005:compute-attention: 0.000024000 seconds
[token:134, layer:2] 006:attention-output: 0.000035000 seconds
[token:134, layer:2] 007:ffn-norm: 0.000000000 seconds
[token:134, layer:2] 008:ffn-up-projection: 0.000187000 seconds
[token:134, layer:2] 009:ffn-swiglu: 0.000002000 seconds
[token:134, layer:2] 010:ffn-down-projection: 0.000134000 seconds
[token:134, layer:2] 102:layer-compute-total: 0.000489000 seconds
[token:134, layer:3] 002:attention-norm: 0.000000000 seconds
[token:134, layer:3] 003:qkv-projection: 0.000105000 seconds
[token:134, layer:3] 004:apply-rope: 0.000001000 seconds
[token:134, layer:3] 005:compute-attention: 0.000024000 seconds
[token:134, layer:3] 006:attention-output: 0.000038000 seconds
[token:134, layer:3] 007:ffn-norm: 0.000001000 seconds
[token:134, layer:3] 008:ffn-up-projection: 0.000187000 seconds
[token:134, layer:3] 009:ffn-swiglu: 0.000001000 seconds
[token:134, layer:3] 010:ffn-down-projection: 0.000134000 seconds
[token:134, layer:3] 102:layer-compute-total: 0.000491000 seconds
[token:134, layer:4] 002:attention-norm: 0.000000000 seconds
[token:134, layer:4] 003:qkv-projection: 0.000112000 seconds
[token:134, layer:4] 004:apply-rope: 0.000002000 seconds
[token:134, layer:4] 005:compute-attention: 0.000022000 seconds
[token:134, layer:4] 006:attention-output: 0.000035000 seconds
[token:134, layer:4] 007:ffn-norm: 0.000000000 seconds
[token:134, layer:4] 008:ffn-up-projection: 0.000192000 seconds
[token:134, layer:4] 009:ffn-swiglu: 0.000001000 seconds
[token:134, layer:4] 010:ffn-down-projection: 0.000137000 seconds
[token:134, layer:4] 102:layer-compute-total: 0.000501000 seconds
[token:134, layer:5] 002:attention-norm: 0.000001000 seconds
[token:134, layer:5] 003:qkv-projection: 0.000107000 seconds
[token:134, layer:5] 004:apply-rope: 0.000001000 seconds
[token:134, layer:5] 005:compute-attention: 0.000021000 seconds
[token:134, layer:5] 006:attention-output: 0.000035000 seconds
[token:134, layer:5] 007:ffn-norm: 0.000000000 seconds
[token:134, layer:5] 008:ffn-up-projection: 0.000187000 seconds
[token:134, layer:5] 009:ffn-swiglu: 0.000001000 seconds
[token:134, layer:5] 010:ffn-down-projection: 0.000134000 seconds
[token:134, layer:5] 102:layer-compute-total: 0.000487000 seconds
[token:134] 011:final-projection: 0.003948000 seconds
[token:134] 103:forward-compute-total: 0.006911000 seconds
[token:135] 001:embedding-lookup: 0.000000000 seconds
[token:135, layer:0] 002:attention-norm: 0.000000000 seconds
[token:135, layer:0] 003:qkv-projection: 0.000112000 seconds
[token:135, layer:0] 004:apply-rope: 0.000001000 seconds
[token:135, layer:0] 005:compute-attention: 0.000021000 seconds
[token:135, layer:0] 006:attention-output: 0.000035000 seconds
[token:135, layer:0] 007:ffn-norm: 0.000001000 seconds
[token:135, layer:0] 008:ffn-up-projection: 0.000186000 seconds
[token:135, layer:0] 009:ffn-swiglu: 0.000001000 seconds
[token:135, layer:0] 010:ffn-down-projection: 0.000134000 seconds
[token:135, layer:0] 102:layer-compute-total: 0.000491000 seconds
[token:135, layer:1] 002:attention-norm: 0.000000000 seconds
[token:135, layer:1] 003:qkv-projection: 0.000105000 seconds
[token:135, layer:1] 004:apply-rope: 0.000001000 seconds
[token:135, layer:1] 005:compute-attention: 0.000021000 seconds
[token:135, layer:1] 006:attention-output: 0.000035000 seconds
[token:135, layer:1] 007:ffn-norm: 0.000000000 seconds
[token:135, layer:1] 008:ffn-up-projection: 0.000192000 seconds
[token:135, layer:1] 009:ffn-swiglu: 0.000001000 seconds
[token:135, layer:1] 010:ffn-down-projection: 0.000134000 seconds
[token:135, layer:1] 102:layer-compute-total: 0.000489000 seconds
[token:135, layer:2] 002:attention-norm: 0.000001000 seconds
[token:135, layer:2] 003:qkv-projection: 0.000106000 seconds
[token:135, layer:2] 004:apply-rope: 0.000001000 seconds
[token:135, layer:2] 005:compute-attention: 0.000020000 seconds
[token:135, layer:2] 006:attention-output: 0.000035000 seconds
[token:135, layer:2] 007:ffn-norm: 0.000000000 seconds
[token:135, layer:2] 008:ffn-up-projection: 0.000187000 seconds
[token:135, layer:2] 009:ffn-swiglu: 0.000001000 seconds
[token:135, layer:2] 010:ffn-down-projection: 0.000134000 seconds
[token:135, layer:2] 102:layer-compute-total: 0.000485000 seconds
[token:135, layer:3] 002:attention-norm: 0.000001000 seconds
[token:135, layer:3] 003:qkv-projection: 0.000105000 seconds
[token:135, layer:3] 004:apply-rope: 0.000001000 seconds
[token:135, layer:3] 005:compute-attention: 0.000020000 seconds
[token:135, layer:3] 006:attention-output: 0.000035000 seconds
[token:135, layer:3] 007:ffn-norm: 0.000000000 seconds
[token:135, layer:3] 008:ffn-up-projection: 0.000195000 seconds
[token:135, layer:3] 009:ffn-swiglu: 0.000001000 seconds
[token:135, layer:3] 010:ffn-down-projection: 0.000144000 seconds
[token:135, layer:3] 102:layer-compute-total: 0.000502000 seconds
[token:135, layer:4] 002:attention-norm: 0.000001000 seconds
[token:135, layer:4] 003:qkv-projection: 0.000110000 seconds
[token:135, layer:4] 004:apply-rope: 0.000001000 seconds
[token:135, layer:4] 005:compute-attention: 0.000021000 seconds
[token:135, layer:4] 006:attention-output: 0.000036000 seconds
[token:135, layer:4] 007:ffn-norm: 0.000000000 seconds
[token:135, layer:4] 008:ffn-up-projection: 0.000200000 seconds
[token:135, layer:4] 009:ffn-swiglu: 0.000001000 seconds
[token:135, layer:4] 010:ffn-down-projection: 0.000136000 seconds
[token:135, layer:4] 102:layer-compute-total: 0.000506000 seconds
[token:135, layer:5] 002:attention-norm: 0.000000000 seconds
[token:135, layer:5] 003:qkv-projection: 0.000106000 seconds
[token:135, layer:5] 004:apply-rope: 0.000002000 seconds
[token:135, layer:5] 005:compute-attention: 0.000020000 seconds
[token:135, layer:5] 006:attention-output: 0.000036000 seconds
[token:135, layer:5] 007:ffn-norm: 0.000000000 seconds
[token:135, layer:5] 008:ffn-up-projection: 0.000190000 seconds
[token:135, layer:5] 009:ffn-swiglu: 0.000001000 seconds
[token:135, layer:5] 010:ffn-down-projection: 0.000136000 seconds
[token:135, layer:5] 102:layer-compute-total: 0.000491000 seconds
[token:135] 011:final-projection: 0.004142000 seconds
[token:135] 103:forward-compute-total: 0.007106000 seconds
[token:136] 001:embedding-lookup: 0.000000000 seconds
[token:136, layer:0] 002:attention-norm: 0.000000000 seconds
[token:136, layer:0] 003:qkv-projection: 0.000112000 seconds
[token:136, layer:0] 004:apply-rope: 0.000002000 seconds
[token:136, layer:0] 005:compute-attention: 0.000028000 seconds
[token:136, layer:0] 006:attention-output: 0.000037000 seconds
[token:136, layer:0] 007:ffn-norm: 0.000000000 seconds
[token:136, layer:0] 008:ffn-up-projection: 0.000195000 seconds
[token:136, layer:0] 009:ffn-swiglu: 0.000001000 seconds
[token:136, layer:0] 010:ffn-down-projection: 0.000139000 seconds
[token:136, layer:0] 102:layer-compute-total: 0.000514000 seconds
[token:136, layer:1] 002:attention-norm: 0.000000000 seconds
[token:136, layer:1] 003:qkv-projection: 0.000109000 seconds
[token:136, layer:1] 004:apply-rope: 0.000001000 seconds
[token:136, layer:1] 005:compute-attention: 0.000028000 seconds
[token:136, layer:1] 006:attention-output: 0.000036000 seconds
[token:136, layer:1] 007:ffn-norm: 0.000001000 seconds
[token:136, layer:1] 008:ffn-up-projection: 0.000190000 seconds
[token:136, layer:1] 009:ffn-swiglu: 0.000001000 seconds
[token:136, layer:1] 010:ffn-down-projection: 0.000134000 seconds
[token:136, layer:1] 102:layer-compute-total: 0.000500000 seconds
[token:136, layer:2] 002:attention-norm: 0.000000000 seconds
[token:136, layer:2] 003:qkv-projection: 0.000106000 seconds
[token:136, layer:2] 004:apply-rope: 0.000001000 seconds
[token:136, layer:2] 005:compute-attention: 0.000027000 seconds
[token:136, layer:2] 006:attention-output: 0.000035000 seconds
[token:136, layer:2] 007:ffn-norm: 0.000000000 seconds
[token:136, layer:2] 008:ffn-up-projection: 0.000187000 seconds
[token:136, layer:2] 009:ffn-swiglu: 0.000001000 seconds
[token:136, layer:2] 010:ffn-down-projection: 0.000142000 seconds
[token:136, layer:2] 102:layer-compute-total: 0.000499000 seconds
[token:136, layer:3] 002:attention-norm: 0.000000000 seconds
[token:136, layer:3] 003:qkv-projection: 0.000105000 seconds
[token:136, layer:3] 004:apply-rope: 0.000002000 seconds
[token:136, layer:3] 005:compute-attention: 0.000027000 seconds
[token:136, layer:3] 006:attention-output: 0.000041000 seconds
[token:136, layer:3] 007:ffn-norm: 0.000000000 seconds
[token:136, layer:3] 008:ffn-up-projection: 0.000189000 seconds
[token:136, layer:3] 009:ffn-swiglu: 0.000001000 seconds
[token:136, layer:3] 010:ffn-down-projection: 0.000135000 seconds
[token:136, layer:3] 102:layer-compute-total: 0.000500000 seconds
[token:136, layer:4] 002:attention-norm: 0.000000000 seconds
[token:136, layer:4] 003:qkv-projection: 0.000105000 seconds
[token:136, layer:4] 004:apply-rope: 0.000001000 seconds
[token:136, layer:4] 005:compute-attention: 0.000027000 seconds
[token:136, layer:4] 006:attention-output: 0.000035000 seconds
[token:136, layer:4] 007:ffn-norm: 0.000001000 seconds
[token:136, layer:4] 008:ffn-up-projection: 0.000187000 seconds
[token:136, layer:4] 009:ffn-swiglu: 0.000001000 seconds
[token:136, layer:4] 010:ffn-down-projection: 0.000134000 seconds
[token:136, layer:4] 102:layer-compute-total: 0.000491000 seconds
[token:136, layer:5] 002:attention-norm: 0.000000000 seconds
[token:136, layer:5] 003:qkv-projection: 0.000105000 seconds
[token:136, layer:5] 004:apply-rope: 0.000001000 seconds
[token:136, layer:5] 005:compute-attention: 0.000026000 seconds
[token:136, layer:5] 006:attention-output: 0.000035000 seconds
[token:136, layer:5] 007:ffn-norm: 0.000001000 seconds
[token:136, layer:5] 008:ffn-up-projection: 0.000190000 seconds
[token:136, layer:5] 009:ffn-swiglu: 0.000001000 seconds
[token:136, layer:5] 010:ffn-down-projection: 0.000134000 seconds
[token:136, layer:5] 102:layer-compute-total: 0.000493000 seconds
[token:136] 011:final-projection: 0.003969000 seconds
[token:136] 103:forward-compute-total: 0.006966000 seconds
[token:137] 001:embedding-lookup: 0.000000000 seconds
[token:137, layer:0] 002:attention-norm: 0.000000000 seconds
[token:137, layer:0] 003:qkv-projection: 0.000112000 seconds
[token:137, layer:0] 004:apply-rope: 0.000001000 seconds
[token:137, layer:0] 005:compute-attention: 0.000025000 seconds
[token:137, layer:0] 006:attention-output: 0.000037000 seconds
[token:137, layer:0] 007:ffn-norm: 0.000000000 seconds
[token:137, layer:0] 008:ffn-up-projection: 0.000187000 seconds
[token:137, layer:0] 009:ffn-swiglu: 0.000001000 seconds
[token:137, layer:0] 010:ffn-down-projection: 0.000134000 seconds
[token:137, layer:0] 102:layer-compute-total: 0.000497000 seconds
[token:137, layer:1] 002:attention-norm: 0.000001000 seconds
[token:137, layer:1] 003:qkv-projection: 0.000105000 seconds
[token:137, layer:1] 004:apply-rope: 0.000001000 seconds
[token:137, layer:1] 005:compute-attention: 0.000022000 seconds
[token:137, layer:1] 006:attention-output: 0.000036000 seconds
[token:137, layer:1] 007:ffn-norm: 0.000000000 seconds
[token:137, layer:1] 008:ffn-up-projection: 0.000187000 seconds
[token:137, layer:1] 009:ffn-swiglu: 0.000001000 seconds
[token:137, layer:1] 010:ffn-down-projection: 0.000134000 seconds
[token:137, layer:1] 102:layer-compute-total: 0.000487000 seconds
[token:137, layer:2] 002:attention-norm: 0.000000000 seconds
[token:137, layer:2] 003:qkv-projection: 0.000105000 seconds
[token:137, layer:2] 004:apply-rope: 0.000002000 seconds
[token:137, layer:2] 005:compute-attention: 0.000022000 seconds
[token:137, layer:2] 006:attention-output: 0.000035000 seconds
[token:137, layer:2] 007:ffn-norm: 0.000000000 seconds
[token:137, layer:2] 008:ffn-up-projection: 0.000190000 seconds
[token:137, layer:2] 009:ffn-swiglu: 0.000001000 seconds
[token:137, layer:2] 010:ffn-down-projection: 0.000134000 seconds
[token:137, layer:2] 102:layer-compute-total: 0.000489000 seconds
[token:137, layer:3] 002:attention-norm: 0.000000000 seconds
[token:137, layer:3] 003:qkv-projection: 0.000109000 seconds
[token:137, layer:3] 004:apply-rope: 0.000001000 seconds
[token:137, layer:3] 005:compute-attention: 0.000021000 seconds
[token:137, layer:3] 006:attention-output: 0.000035000 seconds
[token:137, layer:3] 007:ffn-norm: 0.000000000 seconds
[token:137, layer:3] 008:ffn-up-projection: 0.000187000 seconds
[token:137, layer:3] 009:ffn-swiglu: 0.000001000 seconds
[token:137, layer:3] 010:ffn-down-projection: 0.000134000 seconds
[token:137, layer:3] 102:layer-compute-total: 0.000488000 seconds
[token:137, layer:4] 002:attention-norm: 0.000000000 seconds
[token:137, layer:4] 003:qkv-projection: 0.000106000 seconds
[token:137, layer:4] 004:apply-rope: 0.000002000 seconds
[token:137, layer:4] 005:compute-attention: 0.000021000 seconds
[token:137, layer:4] 006:attention-output: 0.000035000 seconds
[token:137, layer:4] 007:ffn-norm: 0.000000000 seconds
[token:137, layer:4] 008:ffn-up-projection: 0.000187000 seconds
[token:137, layer:4] 009:ffn-swiglu: 0.000001000 seconds
[token:137, layer:4] 010:ffn-down-projection: 0.000140000 seconds
[token:137, layer:4] 102:layer-compute-total: 0.000492000 seconds
[token:137, layer:5] 002:attention-norm: 0.000000000 seconds
[token:137, layer:5] 003:qkv-projection: 0.000105000 seconds
[token:137, layer:5] 004:apply-rope: 0.000001000 seconds
[token:137, layer:5] 005:compute-attention: 0.000020000 seconds
[token:137, layer:5] 006:attention-output: 0.000035000 seconds
[token:137, layer:5] 007:ffn-norm: 0.000000000 seconds
[token:137, layer:5] 008:ffn-up-projection: 0.000186000 seconds
[token:137, layer:5] 009:ffn-swiglu: 0.000001000 seconds
[token:137, layer:5] 010:ffn-down-projection: 0.000134000 seconds
[token:137, layer:5] 102:layer-compute-total: 0.000482000 seconds
[token:137] 011:final-projection: 0.004249000 seconds
[token:137] 103:forward-compute-total: 0.007184000 seconds
[token:138] 001:embedding-lookup: 0.000000000 seconds
[token:138, layer:0] 002:attention-norm: 0.000001000 seconds
[token:138, layer:0] 003:qkv-projection: 0.000118000 seconds
[token:138, layer:0] 004:apply-rope: 0.000002000 seconds
[token:138, layer:0] 005:compute-attention: 0.000028000 seconds
[token:138, layer:0] 006:attention-output: 0.000035000 seconds
[token:138, layer:0] 007:ffn-norm: 0.000000000 seconds
[token:138, layer:0] 008:ffn-up-projection: 0.000187000 seconds
[token:138, layer:0] 009:ffn-swiglu: 0.000001000 seconds
[token:138, layer:0] 010:ffn-down-projection: 0.000134000 seconds
[token:138, layer:0] 102:layer-compute-total: 0.000506000 seconds
[token:138, layer:1] 002:attention-norm: 0.000000000 seconds
[token:138, layer:1] 003:qkv-projection: 0.000105000 seconds
[token:138, layer:1] 004:apply-rope: 0.000002000 seconds
[token:138, layer:1] 005:compute-attention: 0.000026000 seconds
[token:138, layer:1] 006:attention-output: 0.000035000 seconds
[token:138, layer:1] 007:ffn-norm: 0.000001000 seconds
[token:138, layer:1] 008:ffn-up-projection: 0.000191000 seconds
[token:138, layer:1] 009:ffn-swiglu: 0.000001000 seconds
[token:138, layer:1] 010:ffn-down-projection: 0.000134000 seconds
[token:138, layer:1] 102:layer-compute-total: 0.000495000 seconds
[token:138, layer:2] 002:attention-norm: 0.000000000 seconds
[token:138, layer:2] 003:qkv-projection: 0.000105000 seconds
[token:138, layer:2] 004:apply-rope: 0.000002000 seconds
[token:138, layer:2] 005:compute-attention: 0.000027000 seconds
[token:138, layer:2] 006:attention-output: 0.000035000 seconds
[token:138, layer:2] 007:ffn-norm: 0.000000000 seconds
[token:138, layer:2] 008:ffn-up-projection: 0.000187000 seconds
[token:138, layer:2] 009:ffn-swiglu: 0.000001000 seconds
[token:138, layer:2] 010:ffn-down-projection: 0.000134000 seconds
[token:138, layer:2] 102:layer-compute-total: 0.000491000 seconds
[token:138, layer:3] 002:attention-norm: 0.000000000 seconds
[token:138, layer:3] 003:qkv-projection: 0.000105000 seconds
[token:138, layer:3] 004:apply-rope: 0.000001000 seconds
[token:138, layer:3] 005:compute-attention: 0.000027000 seconds
[token:138, layer:3] 006:attention-output: 0.000035000 seconds
[token:138, layer:3] 007:ffn-norm: 0.000000000 seconds
[token:138, layer:3] 008:ffn-up-projection: 0.000186000 seconds
[token:138, layer:3] 009:ffn-swiglu: 0.000001000 seconds
[token:138, layer:3] 010:ffn-down-projection: 0.000135000 seconds
[token:138, layer:3] 102:layer-compute-total: 0.000490000 seconds
[token:138, layer:4] 002:attention-norm: 0.000000000 seconds
[token:138, layer:4] 003:qkv-projection: 0.000105000 seconds
[token:138, layer:4] 004:apply-rope: 0.000001000 seconds
[token:138, layer:4] 005:compute-attention: 0.000028000 seconds
[token:138, layer:4] 006:attention-output: 0.000035000 seconds
[token:138, layer:4] 007:ffn-norm: 0.000000000 seconds
[token:138, layer:4] 008:ffn-up-projection: 0.000187000 seconds
[token:138, layer:4] 009:ffn-swiglu: 0.000001000 seconds
[token:138, layer:4] 010:ffn-down-projection: 0.000134000 seconds
[token:138, layer:4] 102:layer-compute-total: 0.000491000 seconds
[token:138, layer:5] 002:attention-norm: 0.000000000 seconds
[token:138, layer:5] 003:qkv-projection: 0.000105000 seconds
[token:138, layer:5] 004:apply-rope: 0.000001000 seconds
[token:138, layer:5] 005:compute-attention: 0.000026000 seconds
[token:138, layer:5] 006:attention-output: 0.000035000 seconds
[token:138, layer:5] 007:ffn-norm: 0.000000000 seconds
[token:138, layer:5] 008:ffn-up-projection: 0.000187000 seconds
[token:138, layer:5] 009:ffn-swiglu: 0.000001000 seconds
[token:138, layer:5] 010:ffn-down-projection: 0.000134000 seconds
[token:138, layer:5] 102:layer-compute-total: 0.000489000 seconds
[token:138] 011:final-projection: 0.003964000 seconds
[token:138] 103:forward-compute-total: 0.006926000 seconds
[token:139] 001:embedding-lookup: 0.000000000 seconds
[token:139, layer:0] 002:attention-norm: 0.000001000 seconds
[token:139, layer:0] 003:qkv-projection: 0.000108000 seconds
[token:139, layer:0] 004:apply-rope: 0.000001000 seconds
[token:139, layer:0] 005:compute-attention: 0.000022000 seconds
[token:139, layer:0] 006:attention-output: 0.000037000 seconds
[token:139, layer:0] 007:ffn-norm: 0.000000000 seconds
[token:139, layer:0] 008:ffn-up-projection: 0.000195000 seconds
[token:139, layer:0] 009:ffn-swiglu: 0.000001000 seconds
[token:139, layer:0] 010:ffn-down-projection: 0.000134000 seconds
[token:139, layer:0] 102:layer-compute-total: 0.000499000 seconds
[token:139, layer:1] 002:attention-norm: 0.000001000 seconds
[token:139, layer:1] 003:qkv-projection: 0.000105000 seconds
[token:139, layer:1] 004:apply-rope: 0.000001000 seconds
[token:139, layer:1] 005:compute-attention: 0.000021000 seconds
[token:139, layer:1] 006:attention-output: 0.000035000 seconds
[token:139, layer:1] 007:ffn-norm: 0.000001000 seconds
[token:139, layer:1] 008:ffn-up-projection: 0.000187000 seconds
[token:139, layer:1] 009:ffn-swiglu: 0.000002000 seconds
[token:139, layer:1] 010:ffn-down-projection: 0.000134000 seconds
[token:139, layer:1] 102:layer-compute-total: 0.000487000 seconds
[token:139, layer:2] 002:attention-norm: 0.000000000 seconds
[token:139, layer:2] 003:qkv-projection: 0.000105000 seconds
[token:139, layer:2] 004:apply-rope: 0.000001000 seconds
[token:139, layer:2] 005:compute-attention: 0.000022000 seconds
[token:139, layer:2] 006:attention-output: 0.000035000 seconds
[token:139, layer:2] 007:ffn-norm: 0.000000000 seconds
[token:139, layer:2] 008:ffn-up-projection: 0.000186000 seconds
[token:139, layer:2] 009:ffn-swiglu: 0.000001000 seconds
[token:139, layer:2] 010:ffn-down-projection: 0.000134000 seconds
[token:139, layer:2] 102:layer-compute-total: 0.000484000 seconds
[token:139, layer:3] 002:attention-norm: 0.000000000 seconds
[token:139, layer:3] 003:qkv-projection: 0.000105000 seconds
[token:139, layer:3] 004:apply-rope: 0.000001000 seconds
[token:139, layer:3] 005:compute-attention: 0.000022000 seconds
[token:139, layer:3] 006:attention-output: 0.000035000 seconds
[token:139, layer:3] 007:ffn-norm: 0.000000000 seconds
[token:139, layer:3] 008:ffn-up-projection: 0.000187000 seconds
[token:139, layer:3] 009:ffn-swiglu: 0.000001000 seconds
[token:139, layer:3] 010:ffn-down-projection: 0.000134000 seconds
[token:139, layer:3] 102:layer-compute-total: 0.000485000 seconds
[token:139, layer:4] 002:attention-norm: 0.000001000 seconds
[token:139, layer:4] 003:qkv-projection: 0.000105000 seconds
[token:139, layer:4] 004:apply-rope: 0.000001000 seconds
[token:139, layer:4] 005:compute-attention: 0.000022000 seconds
[token:139, layer:4] 006:attention-output: 0.000035000 seconds
[token:139, layer:4] 007:ffn-norm: 0.000000000 seconds
[token:139, layer:4] 008:ffn-up-projection: 0.000186000 seconds
[token:139, layer:4] 009:ffn-swiglu: 0.000001000 seconds
[token:139, layer:4] 010:ffn-down-projection: 0.000134000 seconds
[token:139, layer:4] 102:layer-compute-total: 0.000485000 seconds
[token:139, layer:5] 002:attention-norm: 0.000000000 seconds
[token:139, layer:5] 003:qkv-projection: 0.000105000 seconds
[token:139, layer:5] 004:apply-rope: 0.000001000 seconds
[token:139, layer:5] 005:compute-attention: 0.000021000 seconds
[token:139, layer:5] 006:attention-output: 0.000035000 seconds
[token:139, layer:5] 007:ffn-norm: 0.000000000 seconds
[token:139, layer:5] 008:ffn-up-projection: 0.000187000 seconds
[token:139, layer:5] 009:ffn-swiglu: 0.000001000 seconds
[token:139, layer:5] 010:ffn-down-projection: 0.000134000 seconds
[token:139, layer:5] 102:layer-compute-total: 0.000484000 seconds
[token:139] 011:final-projection: 0.004030000 seconds
[token:139] 103:forward-compute-total: 0.006954000 seconds
[token:140] 001:embedding-lookup: 0.000001000 seconds
[token:140, layer:0] 002:attention-norm: 0.000001000 seconds
[token:140, layer:0] 003:qkv-projection: 0.000261000 seconds
[token:140, layer:0] 004:apply-rope: 0.000002000 seconds
[token:140, layer:0] 005:compute-attention: 0.000028000 seconds
[token:140, layer:0] 006:attention-output: 0.000038000 seconds
[token:140, layer:0] 007:ffn-norm: 0.000000000 seconds
[token:140, layer:0] 008:ffn-up-projection: 0.000197000 seconds
[token:140, layer:0] 009:ffn-swiglu: 0.000001000 seconds
[token:140, layer:0] 010:ffn-down-projection: 0.000138000 seconds
[token:140, layer:0] 102:layer-compute-total: 0.000666000 seconds
[token:140, layer:1] 002:attention-norm: 0.000000000 seconds
[token:140, layer:1] 003:qkv-projection: 0.000110000 seconds
[token:140, layer:1] 004:apply-rope: 0.000002000 seconds
[token:140, layer:1] 005:compute-attention: 0.000026000 seconds
[token:140, layer:1] 006:attention-output: 0.000035000 seconds
[token:140, layer:1] 007:ffn-norm: 0.000001000 seconds
[token:140, layer:1] 008:ffn-up-projection: 0.000186000 seconds
[token:140, layer:1] 009:ffn-swiglu: 0.000001000 seconds
[token:140, layer:1] 010:ffn-down-projection: 0.000134000 seconds
[token:140, layer:1] 102:layer-compute-total: 0.000495000 seconds
[token:140, layer:2] 002:attention-norm: 0.000000000 seconds
[token:140, layer:2] 003:qkv-projection: 0.000107000 seconds
[token:140, layer:2] 004:apply-rope: 0.000001000 seconds
[token:140, layer:2] 005:compute-attention: 0.000026000 seconds
[token:140, layer:2] 006:attention-output: 0.000035000 seconds
[token:140, layer:2] 007:ffn-norm: 0.000000000 seconds
[token:140, layer:2] 008:ffn-up-projection: 0.000187000 seconds
[token:140, layer:2] 009:ffn-swiglu: 0.000001000 seconds
[token:140, layer:2] 010:ffn-down-projection: 0.000134000 seconds
[token:140, layer:2] 102:layer-compute-total: 0.000491000 seconds
[token:140, layer:3] 002:attention-norm: 0.000000000 seconds
[token:140, layer:3] 003:qkv-projection: 0.000106000 seconds
[token:140, layer:3] 004:apply-rope: 0.000001000 seconds
[token:140, layer:3] 005:compute-attention: 0.000025000 seconds
[token:140, layer:3] 006:attention-output: 0.000035000 seconds
[token:140, layer:3] 007:ffn-norm: 0.000000000 seconds
[token:140, layer:3] 008:ffn-up-projection: 0.000187000 seconds
[token:140, layer:3] 009:ffn-swiglu: 0.000001000 seconds
[token:140, layer:3] 010:ffn-down-projection: 0.000134000 seconds
[token:140, layer:3] 102:layer-compute-total: 0.000489000 seconds
[token:140, layer:4] 002:attention-norm: 0.000001000 seconds
[token:140, layer:4] 003:qkv-projection: 0.000112000 seconds
[token:140, layer:4] 004:apply-rope: 0.000001000 seconds
[token:140, layer:4] 005:compute-attention: 0.000026000 seconds
[token:140, layer:4] 006:attention-output: 0.000035000 seconds
[token:140, layer:4] 007:ffn-norm: 0.000000000 seconds
[token:140, layer:4] 008:ffn-up-projection: 0.000186000 seconds
[token:140, layer:4] 009:ffn-swiglu: 0.000001000 seconds
[token:140, layer:4] 010:ffn-down-projection: 0.000134000 seconds
[token:140, layer:4] 102:layer-compute-total: 0.000496000 seconds
[token:140, layer:5] 002:attention-norm: 0.000000000 seconds
[token:140, layer:5] 003:qkv-projection: 0.000107000 seconds
[token:140, layer:5] 004:apply-rope: 0.000001000 seconds
[token:140, layer:5] 005:compute-attention: 0.000030000 seconds
[token:140, layer:5] 006:attention-output: 0.000035000 seconds
[token:140, layer:5] 007:ffn-norm: 0.000000000 seconds
[token:140, layer:5] 008:ffn-up-projection: 0.000187000 seconds
[token:140, layer:5] 009:ffn-swiglu: 0.000001000 seconds
[token:140, layer:5] 010:ffn-down-projection: 0.000134000 seconds
[token:140, layer:5] 102:layer-compute-total: 0.000495000 seconds
[token:140] 011:final-projection: 0.003954000 seconds
[token:140] 103:forward-compute-total: 0.007087000 seconds
[token:141] 001:embedding-lookup: 0.000000000 seconds
[token:141, layer:0] 002:attention-norm: 0.000000000 seconds
[token:141, layer:0] 003:qkv-projection: 0.000115000 seconds
[token:141, layer:0] 004:apply-rope: 0.000002000 seconds
[token:141, layer:0] 005:compute-attention: 0.000026000 seconds
[token:141, layer:0] 006:attention-output: 0.000035000 seconds
[token:141, layer:0] 007:ffn-norm: 0.000001000 seconds
[token:141, layer:0] 008:ffn-up-projection: 0.000186000 seconds
[token:141, layer:0] 009:ffn-swiglu: 0.000001000 seconds
[token:141, layer:0] 010:ffn-down-projection: 0.000134000 seconds
[token:141, layer:0] 102:layer-compute-total: 0.000500000 seconds
[token:141, layer:1] 002:attention-norm: 0.000000000 seconds
[token:141, layer:1] 003:qkv-projection: 0.000105000 seconds
[token:141, layer:1] 004:apply-rope: 0.000002000 seconds
[token:141, layer:1] 005:compute-attention: 0.000023000 seconds
[token:141, layer:1] 006:attention-output: 0.000035000 seconds
[token:141, layer:1] 007:ffn-norm: 0.000000000 seconds
[token:141, layer:1] 008:ffn-up-projection: 0.000187000 seconds
[token:141, layer:1] 009:ffn-swiglu: 0.000001000 seconds
[token:141, layer:1] 010:ffn-down-projection: 0.000134000 seconds
[token:141, layer:1] 102:layer-compute-total: 0.000487000 seconds
[token:141, layer:2] 002:attention-norm: 0.000000000 seconds
[token:141, layer:2] 003:qkv-projection: 0.000105000 seconds
[token:141, layer:2] 004:apply-rope: 0.000001000 seconds
[token:141, layer:2] 005:compute-attention: 0.000023000 seconds
[token:141, layer:2] 006:attention-output: 0.000035000 seconds
[token:141, layer:2] 007:ffn-norm: 0.000000000 seconds
[token:141, layer:2] 008:ffn-up-projection: 0.000186000 seconds
[token:141, layer:2] 009:ffn-swiglu: 0.000001000 seconds
[token:141, layer:2] 010:ffn-down-projection: 0.000134000 seconds
[token:141, layer:2] 102:layer-compute-total: 0.000485000 seconds
[token:141, layer:3] 002:attention-norm: 0.000000000 seconds
[token:141, layer:3] 003:qkv-projection: 0.000105000 seconds
[token:141, layer:3] 004:apply-rope: 0.000001000 seconds
[token:141, layer:3] 005:compute-attention: 0.000023000 seconds
[token:141, layer:3] 006:attention-output: 0.000035000 seconds
[token:141, layer:3] 007:ffn-norm: 0.000000000 seconds
[token:141, layer:3] 008:ffn-up-projection: 0.000187000 seconds
[token:141, layer:3] 009:ffn-swiglu: 0.000001000 seconds
[token:141, layer:3] 010:ffn-down-projection: 0.000134000 seconds
[token:141, layer:3] 102:layer-compute-total: 0.000486000 seconds
[token:141, layer:4] 002:attention-norm: 0.000000000 seconds
[token:141, layer:4] 003:qkv-projection: 0.000105000 seconds
[token:141, layer:4] 004:apply-rope: 0.000001000 seconds
[token:141, layer:4] 005:compute-attention: 0.000022000 seconds
[token:141, layer:4] 006:attention-output: 0.000035000 seconds
[token:141, layer:4] 007:ffn-norm: 0.000000000 seconds
[token:141, layer:4] 008:ffn-up-projection: 0.000186000 seconds
[token:141, layer:4] 009:ffn-swiglu: 0.000001000 seconds
[token:141, layer:4] 010:ffn-down-projection: 0.000134000 seconds
[token:141, layer:4] 102:layer-compute-total: 0.000484000 seconds
[token:141, layer:5] 002:attention-norm: 0.000000000 seconds
[token:141, layer:5] 003:qkv-projection: 0.000107000 seconds
[token:141, layer:5] 004:apply-rope: 0.000001000 seconds
[token:141, layer:5] 005:compute-attention: 0.000021000 seconds
[token:141, layer:5] 006:attention-output: 0.000035000 seconds
[token:141, layer:5] 007:ffn-norm: 0.000000000 seconds
[token:141, layer:5] 008:ffn-up-projection: 0.000190000 seconds
[token:141, layer:5] 009:ffn-swiglu: 0.000001000 seconds
[token:141, layer:5] 010:ffn-down-projection: 0.000134000 seconds
[token:141, layer:5] 102:layer-compute-total: 0.000489000 seconds
[token:141] 011:final-projection: 0.003945000 seconds
[token:141] 103:forward-compute-total: 0.006876000 seconds
[token:142] 001:embedding-lookup: 0.000000000 seconds
[token:142, layer:0] 002:attention-norm: 0.000000000 seconds
[token:142, layer:0] 003:qkv-projection: 0.000112000 seconds
[token:142, layer:0] 004:apply-rope: 0.000002000 seconds
[token:142, layer:0] 005:compute-attention: 0.000022000 seconds
[token:142, layer:0] 006:attention-output: 0.000036000 seconds
[token:142, layer:0] 007:ffn-norm: 0.000001000 seconds
[token:142, layer:0] 008:ffn-up-projection: 0.000189000 seconds
[token:142, layer:0] 009:ffn-swiglu: 0.000001000 seconds
[token:142, layer:0] 010:ffn-down-projection: 0.000141000 seconds
[token:142, layer:0] 102:layer-compute-total: 0.000504000 seconds
[token:142, layer:1] 002:attention-norm: 0.000000000 seconds
[token:142, layer:1] 003:qkv-projection: 0.000109000 seconds
[token:142, layer:1] 004:apply-rope: 0.000001000 seconds
[token:142, layer:1] 005:compute-attention: 0.000022000 seconds
[token:142, layer:1] 006:attention-output: 0.000035000 seconds
[token:142, layer:1] 007:ffn-norm: 0.000001000 seconds
[token:142, layer:1] 008:ffn-up-projection: 0.000193000 seconds
[token:142, layer:1] 009:ffn-swiglu: 0.000001000 seconds
[token:142, layer:1] 010:ffn-down-projection: 0.000136000 seconds
[token:142, layer:1] 102:layer-compute-total: 0.000498000 seconds
[token:142, layer:2] 002:attention-norm: 0.000001000 seconds
[token:142, layer:2] 003:qkv-projection: 0.000109000 seconds
[token:142, layer:2] 004:apply-rope: 0.000001000 seconds
[token:142, layer:2] 005:compute-attention: 0.000021000 seconds
[token:142, layer:2] 006:attention-output: 0.000036000 seconds
[token:142, layer:2] 007:ffn-norm: 0.000000000 seconds
[token:142, layer:2] 008:ffn-up-projection: 0.000190000 seconds
[token:142, layer:2] 009:ffn-swiglu: 0.000001000 seconds
[token:142, layer:2] 010:ffn-down-projection: 0.000140000 seconds
[token:142, layer:2] 102:layer-compute-total: 0.000499000 seconds
[token:142, layer:3] 002:attention-norm: 0.000001000 seconds
[token:142, layer:3] 003:qkv-projection: 0.000109000 seconds
[token:142, layer:3] 004:apply-rope: 0.000001000 seconds
[token:142, layer:3] 005:compute-attention: 0.000023000 seconds
[token:142, layer:3] 006:attention-output: 0.000035000 seconds
[token:142, layer:3] 007:ffn-norm: 0.000000000 seconds
[token:142, layer:3] 008:ffn-up-projection: 0.000205000 seconds
[token:142, layer:3] 009:ffn-swiglu: 0.000001000 seconds
[token:142, layer:3] 010:ffn-down-projection: 0.000204000 seconds
[token:142, layer:3] 102:layer-compute-total: 0.000579000 seconds
[token:142, layer:4] 002:attention-norm: 0.000001000 seconds
[token:142, layer:4] 003:qkv-projection: 0.000130000 seconds
[token:142, layer:4] 004:apply-rope: 0.000002000 seconds
[token:142, layer:4] 005:compute-attention: 0.000027000 seconds
[token:142, layer:4] 006:attention-output: 0.000038000 seconds
[token:142, layer:4] 007:ffn-norm: 0.000000000 seconds
[token:142, layer:4] 008:ffn-up-projection: 0.000196000 seconds
[token:142, layer:4] 009:ffn-swiglu: 0.000001000 seconds
[token:142, layer:4] 010:ffn-down-projection: 0.000142000 seconds
[token:142, layer:4] 102:layer-compute-total: 0.000537000 seconds
[token:142, layer:5] 002:attention-norm: 0.000000000 seconds
[token:142, layer:5] 003:qkv-projection: 0.000110000 seconds
[token:142, layer:5] 004:apply-rope: 0.000002000 seconds
[token:142, layer:5] 005:compute-attention: 0.000038000 seconds
[token:142, layer:5] 006:attention-output: 0.000035000 seconds
[token:142, layer:5] 007:ffn-norm: 0.000000000 seconds
[token:142, layer:5] 008:ffn-up-projection: 0.000194000 seconds
[token:142, layer:5] 009:ffn-swiglu: 0.000001000 seconds
[token:142, layer:5] 010:ffn-down-projection: 0.000134000 seconds
[token:142, layer:5] 102:layer-compute-total: 0.000514000 seconds
[token:142] 011:final-projection: 0.003953000 seconds
[token:142] 103:forward-compute-total: 0.007084000 seconds
[token:143] 001:embedding-lookup: 0.000000000 seconds
[token:143, layer:0] 002:attention-norm: 0.000001000 seconds
[token:143, layer:0] 003:qkv-projection: 0.000111000 seconds
[token:143, layer:0] 004:apply-rope: 0.000002000 seconds
[token:143, layer:0] 005:compute-attention: 0.000030000 seconds
[token:143, layer:0] 006:attention-output: 0.000035000 seconds
[token:143, layer:0] 007:ffn-norm: 0.000000000 seconds
[token:143, layer:0] 008:ffn-up-projection: 0.000187000 seconds
[token:143, layer:0] 009:ffn-swiglu: 0.000001000 seconds
[token:143, layer:0] 010:ffn-down-projection: 0.000134000 seconds
[token:143, layer:0] 102:layer-compute-total: 0.000501000 seconds
[token:143, layer:1] 002:attention-norm: 0.000001000 seconds
[token:143, layer:1] 003:qkv-projection: 0.000105000 seconds
[token:143, layer:1] 004:apply-rope: 0.000001000 seconds
[token:143, layer:1] 005:compute-attention: 0.000029000 seconds
[token:143, layer:1] 006:attention-output: 0.000036000 seconds
[token:143, layer:1] 007:ffn-norm: 0.000000000 seconds
[token:143, layer:1] 008:ffn-up-projection: 0.000187000 seconds
[token:143, layer:1] 009:ffn-swiglu: 0.000001000 seconds
[token:143, layer:1] 010:ffn-down-projection: 0.000134000 seconds
[token:143, layer:1] 102:layer-compute-total: 0.000494000 seconds
[token:143, layer:2] 002:attention-norm: 0.000000000 seconds
[token:143, layer:2] 003:qkv-projection: 0.000106000 seconds
[token:143, layer:2] 004:apply-rope: 0.000001000 seconds
[token:143, layer:2] 005:compute-attention: 0.000028000 seconds
[token:143, layer:2] 006:attention-output: 0.000035000 seconds
[token:143, layer:2] 007:ffn-norm: 0.000000000 seconds
[token:143, layer:2] 008:ffn-up-projection: 0.000194000 seconds
[token:143, layer:2] 009:ffn-swiglu: 0.000001000 seconds
[token:143, layer:2] 010:ffn-down-projection: 0.000135000 seconds
[token:143, layer:2] 102:layer-compute-total: 0.000500000 seconds
[token:143, layer:3] 002:attention-norm: 0.000000000 seconds
[token:143, layer:3] 003:qkv-projection: 0.000107000 seconds
[token:143, layer:3] 004:apply-rope: 0.000002000 seconds
[token:143, layer:3] 005:compute-attention: 0.000031000 seconds
[token:143, layer:3] 006:attention-output: 0.000035000 seconds
[token:143, layer:3] 007:ffn-norm: 0.000001000 seconds
[token:143, layer:3] 008:ffn-up-projection: 0.000191000 seconds
[token:143, layer:3] 009:ffn-swiglu: 0.000002000 seconds
[token:143, layer:3] 010:ffn-down-projection: 0.000134000 seconds
[token:143, layer:3] 102:layer-compute-total: 0.000503000 seconds
[token:143, layer:4] 002:attention-norm: 0.000000000 seconds
[token:143, layer:4] 003:qkv-projection: 0.000108000 seconds
[token:143, layer:4] 004:apply-rope: 0.000001000 seconds
[token:143, layer:4] 005:compute-attention: 0.000027000 seconds
[token:143, layer:4] 006:attention-output: 0.000035000 seconds
[token:143, layer:4] 007:ffn-norm: 0.000000000 seconds
[token:143, layer:4] 008:ffn-up-projection: 0.000187000 seconds
[token:143, layer:4] 009:ffn-swiglu: 0.000001000 seconds
[token:143, layer:4] 010:ffn-down-projection: 0.000134000 seconds
[token:143, layer:4] 102:layer-compute-total: 0.000493000 seconds
[token:143, layer:5] 002:attention-norm: 0.000000000 seconds
[token:143, layer:5] 003:qkv-projection: 0.000105000 seconds
[token:143, layer:5] 004:apply-rope: 0.000001000 seconds
[token:143, layer:5] 005:compute-attention: 0.000023000 seconds
[token:143, layer:5] 006:attention-output: 0.000035000 seconds
[token:143, layer:5] 007:ffn-norm: 0.000000000 seconds
[token:143, layer:5] 008:ffn-up-projection: 0.000187000 seconds
[token:143, layer:5] 009:ffn-swiglu: 0.000001000 seconds
[token:143, layer:5] 010:ffn-down-projection: 0.000134000 seconds
[token:143, layer:5] 102:layer-compute-total: 0.000486000 seconds
[token:143] 011:final-projection: 0.003933000 seconds
[token:143] 103:forward-compute-total: 0.006910000 seconds
[token:144] 001:embedding-lookup: 0.000000000 seconds
[token:144, layer:0] 002:attention-norm: 0.000000000 seconds
[token:144, layer:0] 003:qkv-projection: 0.000111000 seconds
[token:144, layer:0] 004:apply-rope: 0.000001000 seconds
[token:144, layer:0] 005:compute-attention: 0.000023000 seconds
[token:144, layer:0] 006:attention-output: 0.000035000 seconds
[token:144, layer:0] 007:ffn-norm: 0.000000000 seconds
[token:144, layer:0] 008:ffn-up-projection: 0.000187000 seconds
[token:144, layer:0] 009:ffn-swiglu: 0.000001000 seconds
[token:144, layer:0] 010:ffn-down-projection: 0.000135000 seconds
[token:144, layer:0] 102:layer-compute-total: 0.000493000 seconds
[token:144, layer:1] 002:attention-norm: 0.000000000 seconds
[token:144, layer:1] 003:qkv-projection: 0.000105000 seconds
[token:144, layer:1] 004:apply-rope: 0.000001000 seconds
[token:144, layer:1] 005:compute-attention: 0.000022000 seconds
[token:144, layer:1] 006:attention-output: 0.000035000 seconds
[token:144, layer:1] 007:ffn-norm: 0.000001000 seconds
[token:144, layer:1] 008:ffn-up-projection: 0.000186000 seconds
[token:144, layer:1] 009:ffn-swiglu: 0.000001000 seconds
[token:144, layer:1] 010:ffn-down-projection: 0.000134000 seconds
[token:144, layer:1] 102:layer-compute-total: 0.000485000 seconds
[token:144, layer:2] 002:attention-norm: 0.000000000 seconds
[token:144, layer:2] 003:qkv-projection: 0.000105000 seconds
[token:144, layer:2] 004:apply-rope: 0.000001000 seconds
[token:144, layer:2] 005:compute-attention: 0.000021000 seconds
[token:144, layer:2] 006:attention-output: 0.000035000 seconds
[token:144, layer:2] 007:ffn-norm: 0.000000000 seconds
[token:144, layer:2] 008:ffn-up-projection: 0.000187000 seconds
[token:144, layer:2] 009:ffn-swiglu: 0.000001000 seconds
[token:144, layer:2] 010:ffn-down-projection: 0.000151000 seconds
[token:144, layer:2] 102:layer-compute-total: 0.000501000 seconds
[token:144, layer:3] 002:attention-norm: 0.000000000 seconds
[token:144, layer:3] 003:qkv-projection: 0.000111000 seconds
[token:144, layer:3] 004:apply-rope: 0.000002000 seconds
[token:144, layer:3] 005:compute-attention: 0.000022000 seconds
[token:144, layer:3] 006:attention-output: 0.000035000 seconds
[token:144, layer:3] 007:ffn-norm: 0.000000000 seconds
[token:144, layer:3] 008:ffn-up-projection: 0.000192000 seconds
[token:144, layer:3] 009:ffn-swiglu: 0.000001000 seconds
[token:144, layer:3] 010:ffn-down-projection: 0.000140000 seconds
[token:144, layer:3] 102:layer-compute-total: 0.000503000 seconds
[token:144, layer:4] 002:attention-norm: 0.000000000 seconds
[token:144, layer:4] 003:qkv-projection: 0.000108000 seconds
[token:144, layer:4] 004:apply-rope: 0.000001000 seconds
[token:144, layer:4] 005:compute-attention: 0.000022000 seconds
[token:144, layer:4] 006:attention-output: 0.000036000 seconds
[token:144, layer:4] 007:ffn-norm: 0.000001000 seconds
[token:144, layer:4] 008:ffn-up-projection: 0.000189000 seconds
[token:144, layer:4] 009:ffn-swiglu: 0.000001000 seconds
[token:144, layer:4] 010:ffn-down-projection: 0.000141000 seconds
[token:144, layer:4] 102:layer-compute-total: 0.000499000 seconds
[token:144, layer:5] 002:attention-norm: 0.000000000 seconds
[token:144, layer:5] 003:qkv-projection: 0.000107000 seconds
[token:144, layer:5] 004:apply-rope: 0.000002000 seconds
[token:144, layer:5] 005:compute-attention: 0.000022000 seconds
[token:144, layer:5] 006:attention-output: 0.000038000 seconds
[token:144, layer:5] 007:ffn-norm: 0.000000000 seconds
[token:144, layer:5] 008:ffn-up-projection: 0.000190000 seconds
[token:144, layer:5] 009:ffn-swiglu: 0.000001000 seconds
[token:144, layer:5] 010:ffn-down-projection: 0.000136000 seconds
[token:144, layer:5] 102:layer-compute-total: 0.000496000 seconds
[token:144] 011:final-projection: 0.004245000 seconds
[token:144] 103:forward-compute-total: 0.007222000 seconds
[token:145] 001:embedding-lookup: 0.000000000 seconds
[token:145, layer:0] 002:attention-norm: 0.000000000 seconds
[token:145, layer:0] 003:qkv-projection: 0.000112000 seconds
[token:145, layer:0] 004:apply-rope: 0.000001000 seconds
[token:145, layer:0] 005:compute-attention: 0.000031000 seconds
[token:145, layer:0] 006:attention-output: 0.000036000 seconds
[token:145, layer:0] 007:ffn-norm: 0.000000000 seconds
[token:145, layer:0] 008:ffn-up-projection: 0.000187000 seconds
[token:145, layer:0] 009:ffn-swiglu: 0.000001000 seconds
[token:145, layer:0] 010:ffn-down-projection: 0.000134000 seconds
[token:145, layer:0] 102:layer-compute-total: 0.000502000 seconds
[token:145, layer:1] 002:attention-norm: 0.000001000 seconds
[token:145, layer:1] 003:qkv-projection: 0.000105000 seconds
[token:145, layer:1] 004:apply-rope: 0.000001000 seconds
[token:145, layer:1] 005:compute-attention: 0.000029000 seconds
[token:145, layer:1] 006:attention-output: 0.000035000 seconds
[token:145, layer:1] 007:ffn-norm: 0.000000000 seconds
[token:145, layer:1] 008:ffn-up-projection: 0.000187000 seconds
[token:145, layer:1] 009:ffn-swiglu: 0.000001000 seconds
[token:145, layer:1] 010:ffn-down-projection: 0.000134000 seconds
[token:145, layer:1] 102:layer-compute-total: 0.000493000 seconds
[token:145, layer:2] 002:attention-norm: 0.000000000 seconds
[token:145, layer:2] 003:qkv-projection: 0.000108000 seconds
[token:145, layer:2] 004:apply-rope: 0.000002000 seconds
[token:145, layer:2] 005:compute-attention: 0.000031000 seconds
[token:145, layer:2] 006:attention-output: 0.000035000 seconds
[token:145, layer:2] 007:ffn-norm: 0.000000000 seconds
[token:145, layer:2] 008:ffn-up-projection: 0.000186000 seconds
[token:145, layer:2] 009:ffn-swiglu: 0.000001000 seconds
[token:145, layer:2] 010:ffn-down-projection: 0.000132000 seconds
[token:145, layer:2] 102:layer-compute-total: 0.000495000 seconds
[token:145, layer:3] 002:attention-norm: 0.000000000 seconds
[token:145, layer:3] 003:qkv-projection: 0.000105000 seconds
[token:145, layer:3] 004:apply-rope: 0.000001000 seconds
[token:145, layer:3] 005:compute-attention: 0.000030000 seconds
[token:145, layer:3] 006:attention-output: 0.000035000 seconds
[token:145, layer:3] 007:ffn-norm: 0.000000000 seconds
[token:145, layer:3] 008:ffn-up-projection: 0.000187000 seconds
[token:145, layer:3] 009:ffn-swiglu: 0.000001000 seconds
[token:145, layer:3] 010:ffn-down-projection: 0.000134000 seconds
[token:145, layer:3] 102:layer-compute-total: 0.000493000 seconds
[token:145, layer:4] 002:attention-norm: 0.000000000 seconds
[token:145, layer:4] 003:qkv-projection: 0.000105000 seconds
[token:145, layer:4] 004:apply-rope: 0.000001000 seconds
[token:145, layer:4] 005:compute-attention: 0.000029000 seconds
[token:145, layer:4] 006:attention-output: 0.000035000 seconds
[token:145, layer:4] 007:ffn-norm: 0.000000000 seconds
[token:145, layer:4] 008:ffn-up-projection: 0.000187000 seconds
[token:145, layer:4] 009:ffn-swiglu: 0.000001000 seconds
[token:145, layer:4] 010:ffn-down-projection: 0.000136000 seconds
[token:145, layer:4] 102:layer-compute-total: 0.000494000 seconds
[token:145, layer:5] 002:attention-norm: 0.000001000 seconds
[token:145, layer:5] 003:qkv-projection: 0.000106000 seconds
[token:145, layer:5] 004:apply-rope: 0.000001000 seconds
[token:145, layer:5] 005:compute-attention: 0.000031000 seconds
[token:145, layer:5] 006:attention-output: 0.000035000 seconds
[token:145, layer:5] 007:ffn-norm: 0.000000000 seconds
[token:145, layer:5] 008:ffn-up-projection: 0.000188000 seconds
[token:145, layer:5] 009:ffn-swiglu: 0.000001000 seconds
[token:145, layer:5] 010:ffn-down-projection: 0.000134000 seconds
[token:145, layer:5] 102:layer-compute-total: 0.000497000 seconds
[token:145] 011:final-projection: 0.013873000 seconds
[token:145] 103:forward-compute-total: 0.016847000 seconds
[token:146] 001:embedding-lookup: 0.000001000 seconds
[token:146, layer:0] 002:attention-norm: 0.000001000 seconds
[token:146, layer:0] 003:qkv-projection: 0.000244000 seconds
[token:146, layer:0] 004:apply-rope: 0.000002000 seconds
[token:146, layer:0] 005:compute-attention: 0.000111000 seconds
[token:146, layer:0] 006:attention-output: 0.000037000 seconds
[token:146, layer:0] 007:ffn-norm: 0.000000000 seconds
[token:146, layer:0] 008:ffn-up-projection: 0.000195000 seconds
[token:146, layer:0] 009:ffn-swiglu: 0.000001000 seconds
[token:146, layer:0] 010:ffn-down-projection: 0.000139000 seconds
[token:146, layer:0] 102:layer-compute-total: 0.000730000 seconds
[token:146, layer:1] 002:attention-norm: 0.000000000 seconds
[token:146, layer:1] 003:qkv-projection: 0.000111000 seconds
[token:146, layer:1] 004:apply-rope: 0.000001000 seconds
[token:146, layer:1] 005:compute-attention: 0.000033000 seconds
[token:146, layer:1] 006:attention-output: 0.000037000 seconds
[token:146, layer:1] 007:ffn-norm: 0.000001000 seconds
[token:146, layer:1] 008:ffn-up-projection: 0.000194000 seconds
[token:146, layer:1] 009:ffn-swiglu: 0.000001000 seconds
[token:146, layer:1] 010:ffn-down-projection: 0.000139000 seconds
[token:146, layer:1] 102:layer-compute-total: 0.000517000 seconds
[token:146, layer:2] 002:attention-norm: 0.000001000 seconds
[token:146, layer:2] 003:qkv-projection: 0.000112000 seconds
[token:146, layer:2] 004:apply-rope: 0.000001000 seconds
[token:146, layer:2] 005:compute-attention: 0.000032000 seconds
[token:146, layer:2] 006:attention-output: 0.000037000 seconds
[token:146, layer:2] 007:ffn-norm: 0.000000000 seconds
[token:146, layer:2] 008:ffn-up-projection: 0.000195000 seconds
[token:146, layer:2] 009:ffn-swiglu: 0.000001000 seconds
[token:146, layer:2] 010:ffn-down-projection: 0.000139000 seconds
[token:146, layer:2] 102:layer-compute-total: 0.000518000 seconds
[token:146, layer:3] 002:attention-norm: 0.000001000 seconds
[token:146, layer:3] 003:qkv-projection: 0.000111000 seconds
[token:146, layer:3] 004:apply-rope: 0.000001000 seconds
[token:146, layer:3] 005:compute-attention: 0.000032000 seconds
[token:146, layer:3] 006:attention-output: 0.000037000 seconds
[token:146, layer:3] 007:ffn-norm: 0.000000000 seconds
[token:146, layer:3] 008:ffn-up-projection: 0.001294000 seconds
[token:146, layer:3] 009:ffn-swiglu: 0.000003000 seconds
[token:146, layer:3] 010:ffn-down-projection: 0.000235000 seconds
[token:146, layer:3] 102:layer-compute-total: 0.001714000 seconds
[token:146, layer:4] 002:attention-norm: 0.000001000 seconds
[token:146, layer:4] 003:qkv-projection: 0.000251000 seconds
[token:146, layer:4] 004:apply-rope: 0.000006000 seconds
[token:146, layer:4] 005:compute-attention: 0.000082000 seconds
[token:146, layer:4] 006:attention-output: 0.000083000 seconds
[token:146, layer:4] 007:ffn-norm: 0.000000000 seconds
[token:146, layer:4] 008:ffn-up-projection: 0.000445000 seconds
[token:146, layer:4] 009:ffn-swiglu: 0.000003000 seconds
[token:146, layer:4] 010:ffn-down-projection: 0.001377000 seconds
[token:146, layer:4] 102:layer-compute-total: 0.002248000 seconds
[token:146, layer:5] 002:attention-norm: 0.000000000 seconds
[token:146, layer:5] 003:qkv-projection: 0.000110000 seconds
[token:146, layer:5] 004:apply-rope: 0.000003000 seconds
[token:146, layer:5] 005:compute-attention: 0.000255000 seconds
[token:146, layer:5] 006:attention-output: 0.000071000 seconds
[token:146, layer:5] 007:ffn-norm: 0.000000000 seconds
[token:146, layer:5] 008:ffn-up-projection: 0.000194000 seconds
[token:146, layer:5] 009:ffn-swiglu: 0.000001000 seconds
[token:146, layer:5] 010:ffn-down-projection: 0.002916000 seconds
[token:146, layer:5] 102:layer-compute-total: 0.003550000 seconds
[token:146] 011:final-projection: 0.004040000 seconds
[token:146] 103:forward-compute-total: 0.013318000 seconds
[token:147] 001:embedding-lookup: 0.000001000 seconds
[token:147, layer:0] 002:attention-norm: 0.000000000 seconds
[token:147, layer:0] 003:qkv-projection: 0.000111000 seconds
[token:147, layer:0] 004:apply-rope: 0.000002000 seconds
[token:147, layer:0] 005:compute-attention: 0.000034000 seconds
[token:147, layer:0] 006:attention-output: 0.000037000 seconds
[token:147, layer:0] 007:ffn-norm: 0.000001000 seconds
[token:147, layer:0] 008:ffn-up-projection: 0.000194000 seconds
[token:147, layer:0] 009:ffn-swiglu: 0.000002000 seconds
[token:147, layer:0] 010:ffn-down-projection: 0.000140000 seconds
[token:147, layer:0] 102:layer-compute-total: 0.000521000 seconds
[token:147, layer:1] 002:attention-norm: 0.000001000 seconds
[token:147, layer:1] 003:qkv-projection: 0.000110000 seconds
[token:147, layer:1] 004:apply-rope: 0.000001000 seconds
[token:147, layer:1] 005:compute-attention: 0.000033000 seconds
[token:147, layer:1] 006:attention-output: 0.000037000 seconds
[token:147, layer:1] 007:ffn-norm: 0.000001000 seconds
[token:147, layer:1] 008:ffn-up-projection: 0.000194000 seconds
[token:147, layer:1] 009:ffn-swiglu: 0.000001000 seconds
[token:147, layer:1] 010:ffn-down-projection: 0.000139000 seconds
[token:147, layer:1] 102:layer-compute-total: 0.000517000 seconds
[token:147, layer:2] 002:attention-norm: 0.000000000 seconds
[token:147, layer:2] 003:qkv-projection: 0.000110000 seconds
[token:147, layer:2] 004:apply-rope: 0.000001000 seconds
[token:147, layer:2] 005:compute-attention: 0.000035000 seconds
[token:147, layer:2] 006:attention-output: 0.000036000 seconds
[token:147, layer:2] 007:ffn-norm: 0.000001000 seconds
[token:147, layer:2] 008:ffn-up-projection: 0.000194000 seconds
[token:147, layer:2] 009:ffn-swiglu: 0.000001000 seconds
[token:147, layer:2] 010:ffn-down-projection: 0.000139000 seconds
[token:147, layer:2] 102:layer-compute-total: 0.000517000 seconds
[token:147, layer:3] 002:attention-norm: 0.000001000 seconds
[token:147, layer:3] 003:qkv-projection: 0.000110000 seconds
[token:147, layer:3] 004:apply-rope: 0.000001000 seconds
[token:147, layer:3] 005:compute-attention: 0.000034000 seconds
[token:147, layer:3] 006:attention-output: 0.000037000 seconds
[token:147, layer:3] 007:ffn-norm: 0.000000000 seconds
[token:147, layer:3] 008:ffn-up-projection: 0.000194000 seconds
[token:147, layer:3] 009:ffn-swiglu: 0.000001000 seconds
[token:147, layer:3] 010:ffn-down-projection: 0.000139000 seconds
[token:147, layer:3] 102:layer-compute-total: 0.000517000 seconds
[token:147, layer:4] 002:attention-norm: 0.000000000 seconds
[token:147, layer:4] 003:qkv-projection: 0.000109000 seconds
[token:147, layer:4] 004:apply-rope: 0.000001000 seconds
[token:147, layer:4] 005:compute-attention: 0.000032000 seconds
[token:147, layer:4] 006:attention-output: 0.000037000 seconds
[token:147, layer:4] 007:ffn-norm: 0.000001000 seconds
[token:147, layer:4] 008:ffn-up-projection: 0.000194000 seconds
[token:147, layer:4] 009:ffn-swiglu: 0.000001000 seconds
[token:147, layer:4] 010:ffn-down-projection: 0.000139000 seconds
[token:147, layer:4] 102:layer-compute-total: 0.000514000 seconds
[token:147, layer:5] 002:attention-norm: 0.000000000 seconds
[token:147, layer:5] 003:qkv-projection: 0.000109000 seconds
[token:147, layer:5] 004:apply-rope: 0.000001000 seconds
[token:147, layer:5] 005:compute-attention: 0.000033000 seconds
[token:147, layer:5] 006:attention-output: 0.000036000 seconds
[token:147, layer:5] 007:ffn-norm: 0.000000000 seconds
[token:147, layer:5] 008:ffn-up-projection: 0.000195000 seconds
[token:147, layer:5] 009:ffn-swiglu: 0.000001000 seconds
[token:147, layer:5] 010:ffn-down-projection: 0.000641000 seconds
[token:147, layer:5] 102:layer-compute-total: 0.001016000 seconds
[token:147] 011:final-projection: 0.005543000 seconds
[token:147] 103:forward-compute-total: 0.009146000 seconds
[token:148] 001:embedding-lookup: 0.000000000 seconds
[token:148, layer:0] 002:attention-norm: 0.000000000 seconds
[token:148, layer:0] 003:qkv-projection: 0.000118000 seconds
[token:148, layer:0] 004:apply-rope: 0.000002000 seconds
[token:148, layer:0] 005:compute-attention: 0.000035000 seconds
[token:148, layer:0] 006:attention-output: 0.000036000 seconds
[token:148, layer:0] 007:ffn-norm: 0.000001000 seconds
[token:148, layer:0] 008:ffn-up-projection: 0.000208000 seconds
[token:148, layer:0] 009:ffn-swiglu: 0.000002000 seconds
[token:148, layer:0] 010:ffn-down-projection: 0.000136000 seconds
[token:148, layer:0] 102:layer-compute-total: 0.000538000 seconds
[token:148, layer:1] 002:attention-norm: 0.000001000 seconds
[token:148, layer:1] 003:qkv-projection: 0.000107000 seconds
[token:148, layer:1] 004:apply-rope: 0.000002000 seconds
[token:148, layer:1] 005:compute-attention: 0.000036000 seconds
[token:148, layer:1] 006:attention-output: 0.000036000 seconds
[token:148, layer:1] 007:ffn-norm: 0.000001000 seconds
[token:148, layer:1] 008:ffn-up-projection: 0.000190000 seconds
[token:148, layer:1] 009:ffn-swiglu: 0.000001000 seconds
[token:148, layer:1] 010:ffn-down-projection: 0.000136000 seconds
[token:148, layer:1] 102:layer-compute-total: 0.000510000 seconds
[token:148, layer:2] 002:attention-norm: 0.000000000 seconds
[token:148, layer:2] 003:qkv-projection: 0.000107000 seconds
[token:148, layer:2] 004:apply-rope: 0.000001000 seconds
[token:148, layer:2] 005:compute-attention: 0.000033000 seconds
[token:148, layer:2] 006:attention-output: 0.000035000 seconds
[token:148, layer:2] 007:ffn-norm: 0.000000000 seconds
[token:148, layer:2] 008:ffn-up-projection: 0.000190000 seconds
[token:148, layer:2] 009:ffn-swiglu: 0.000001000 seconds
[token:148, layer:2] 010:ffn-down-projection: 0.000140000 seconds
[token:148, layer:2] 102:layer-compute-total: 0.000507000 seconds
[token:148, layer:3] 002:attention-norm: 0.000001000 seconds
[token:148, layer:3] 003:qkv-projection: 0.000109000 seconds
[token:148, layer:3] 004:apply-rope: 0.000001000 seconds
[token:148, layer:3] 005:compute-attention: 0.000037000 seconds
[token:148, layer:3] 006:attention-output: 0.000036000 seconds
[token:148, layer:3] 007:ffn-norm: 0.000001000 seconds
[token:148, layer:3] 008:ffn-up-projection: 0.000194000 seconds
[token:148, layer:3] 009:ffn-swiglu: 0.000001000 seconds
[token:148, layer:3] 010:ffn-down-projection: 0.006995000 seconds
[token:148, layer:3] 102:layer-compute-total: 0.007375000 seconds
[token:148, layer:4] 002:attention-norm: 0.000000000 seconds
[token:148, layer:4] 003:qkv-projection: 0.000110000 seconds
[token:148, layer:4] 004:apply-rope: 0.000003000 seconds
[token:148, layer:4] 005:compute-attention: 0.000041000 seconds
[token:148, layer:4] 006:attention-output: 0.000037000 seconds
[token:148, layer:4] 007:ffn-norm: 0.000001000 seconds
[token:148, layer:4] 008:ffn-up-projection: 0.000582000 seconds
[token:148, layer:4] 009:ffn-swiglu: 0.000001000 seconds
[token:148, layer:4] 010:ffn-down-projection: 0.000137000 seconds
[token:148, layer:4] 102:layer-compute-total: 0.000912000 seconds
[token:148, layer:5] 002:attention-norm: 0.000000000 seconds
[token:148, layer:5] 003:qkv-projection: 0.000109000 seconds
[token:148, layer:5] 004:apply-rope: 0.000002000 seconds
[token:148, layer:5] 005:compute-attention: 0.000035000 seconds
[token:148, layer:5] 006:attention-output: 0.000035000 seconds
[token:148, layer:5] 007:ffn-norm: 0.000000000 seconds
[token:148, layer:5] 008:ffn-up-projection: 0.000195000 seconds
[token:148, layer:5] 009:ffn-swiglu: 0.000001000 seconds
[token:148, layer:5] 010:ffn-down-projection: 0.000135000 seconds
[token:148, layer:5] 102:layer-compute-total: 0.000512000 seconds
[token:148] 011:final-projection: 0.003911000 seconds
[token:148] 103:forward-compute-total: 0.014265000 seconds
[token:149] 001:embedding-lookup: 0.000000000 seconds
[token:149, layer:0] 002:attention-norm: 0.000000000 seconds
[token:149, layer:0] 003:qkv-projection: 0.000113000 seconds
[token:149, layer:0] 004:apply-rope: 0.000001000 seconds
[token:149, layer:0] 005:compute-attention: 0.000033000 seconds
[token:149, layer:0] 006:attention-output: 0.000036000 seconds
[token:149, layer:0] 007:ffn-norm: 0.000000000 seconds
[token:149, layer:0] 008:ffn-up-projection: 0.000187000 seconds
[token:149, layer:0] 009:ffn-swiglu: 0.000001000 seconds
[token:149, layer:0] 010:ffn-down-projection: 0.000134000 seconds
[token:149, layer:0] 102:layer-compute-total: 0.000505000 seconds
[token:149, layer:1] 002:attention-norm: 0.000000000 seconds
[token:149, layer:1] 003:qkv-projection: 0.000116000 seconds
[token:149, layer:1] 004:apply-rope: 0.000001000 seconds
[token:149, layer:1] 005:compute-attention: 0.000042000 seconds
[token:149, layer:1] 006:attention-output: 0.000039000 seconds
[token:149, layer:1] 007:ffn-norm: 0.000000000 seconds
[token:149, layer:1] 008:ffn-up-projection: 0.000193000 seconds
[token:149, layer:1] 009:ffn-swiglu: 0.000001000 seconds
[token:149, layer:1] 010:ffn-down-projection: 0.000142000 seconds
[token:149, layer:1] 102:layer-compute-total: 0.000534000 seconds
[token:149, layer:2] 002:attention-norm: 0.000001000 seconds
[token:149, layer:2] 003:qkv-projection: 0.000110000 seconds
[token:149, layer:2] 004:apply-rope: 0.000001000 seconds
[token:149, layer:2] 005:compute-attention: 0.000034000 seconds
[token:149, layer:2] 006:attention-output: 0.000037000 seconds
[token:149, layer:2] 007:ffn-norm: 0.000000000 seconds
[token:149, layer:2] 008:ffn-up-projection: 0.000194000 seconds
[token:149, layer:2] 009:ffn-swiglu: 0.000001000 seconds
[token:149, layer:2] 010:ffn-down-projection: 0.000140000 seconds
[token:149, layer:2] 102:layer-compute-total: 0.000518000 seconds
[token:149, layer:3] 002:attention-norm: 0.000000000 seconds
[token:149, layer:3] 003:qkv-projection: 0.000107000 seconds
[token:149, layer:3] 004:apply-rope: 0.000001000 seconds
[token:149, layer:3] 005:compute-attention: 0.000035000 seconds
[token:149, layer:3] 006:attention-output: 0.000036000 seconds
[token:149, layer:3] 007:ffn-norm: 0.000000000 seconds
[token:149, layer:3] 008:ffn-up-projection: 0.000190000 seconds
[token:149, layer:3] 009:ffn-swiglu: 0.000001000 seconds
[token:149, layer:3] 010:ffn-down-projection: 0.000136000 seconds
[token:149, layer:3] 102:layer-compute-total: 0.000506000 seconds
[token:149, layer:4] 002:attention-norm: 0.000001000 seconds
[token:149, layer:4] 003:qkv-projection: 0.000112000 seconds
[token:149, layer:4] 004:apply-rope: 0.000001000 seconds
[token:149, layer:4] 005:compute-attention: 0.000029000 seconds
[token:149, layer:4] 006:attention-output: 0.000036000 seconds
[token:149, layer:4] 007:ffn-norm: 0.000000000 seconds
[token:149, layer:4] 008:ffn-up-projection: 0.000189000 seconds
[token:149, layer:4] 009:ffn-swiglu: 0.000001000 seconds
[token:149, layer:4] 010:ffn-down-projection: 0.000136000 seconds
[token:149, layer:4] 102:layer-compute-total: 0.000505000 seconds
[token:149, layer:5] 002:attention-norm: 0.000000000 seconds
[token:149, layer:5] 003:qkv-projection: 0.000107000 seconds
[token:149, layer:5] 004:apply-rope: 0.000001000 seconds
[token:149, layer:5] 005:compute-attention: 0.000027000 seconds
[token:149, layer:5] 006:attention-output: 0.000036000 seconds
[token:149, layer:5] 007:ffn-norm: 0.000000000 seconds
[token:149, layer:5] 008:ffn-up-projection: 0.000189000 seconds
[token:149, layer:5] 009:ffn-swiglu: 0.000001000 seconds
[token:149, layer:5] 010:ffn-down-projection: 0.000149000 seconds
[token:149, layer:5] 102:layer-compute-total: 0.000510000 seconds
[token:149] 011:final-projection: 0.004166000 seconds
[token:149] 103:forward-compute-total: 0.007244000 seconds
[token:150] 001:embedding-lookup: 0.000000000 seconds
[token:150, layer:0] 002:attention-norm: 0.000000000 seconds
[token:150, layer:0] 003:qkv-projection: 0.000110000 seconds
[token:150, layer:0] 004:apply-rope: 0.000002000 seconds
[token:150, layer:0] 005:compute-attention: 0.000037000 seconds
[token:150, layer:0] 006:attention-output: 0.000036000 seconds
[token:150, layer:0] 007:ffn-norm: 0.000000000 seconds
[token:150, layer:0] 008:ffn-up-projection: 0.000194000 seconds
[token:150, layer:0] 009:ffn-swiglu: 0.000001000 seconds
[token:150, layer:0] 010:ffn-down-projection: 0.000136000 seconds
[token:150, layer:0] 102:layer-compute-total: 0.000516000 seconds
[token:150, layer:1] 002:attention-norm: 0.000000000 seconds
[token:150, layer:1] 003:qkv-projection: 0.000107000 seconds
[token:150, layer:1] 004:apply-rope: 0.000001000 seconds
[token:150, layer:1] 005:compute-attention: 0.000036000 seconds
[token:150, layer:1] 006:attention-output: 0.000035000 seconds
[token:150, layer:1] 007:ffn-norm: 0.000001000 seconds
[token:150, layer:1] 008:ffn-up-projection: 0.000195000 seconds
[token:150, layer:1] 009:ffn-swiglu: 0.000001000 seconds
[token:150, layer:1] 010:ffn-down-projection: 0.000139000 seconds
[token:150, layer:1] 102:layer-compute-total: 0.000515000 seconds
[token:150, layer:2] 002:attention-norm: 0.000000000 seconds
[token:150, layer:2] 003:qkv-projection: 0.000110000 seconds
[token:150, layer:2] 004:apply-rope: 0.000001000 seconds
[token:150, layer:2] 005:compute-attention: 0.000037000 seconds
[token:150, layer:2] 006:attention-output: 0.000037000 seconds
[token:150, layer:2] 007:ffn-norm: 0.000000000 seconds
[token:150, layer:2] 008:ffn-up-projection: 0.000196000 seconds
[token:150, layer:2] 009:ffn-swiglu: 0.000001000 seconds
[token:150, layer:2] 010:ffn-down-projection: 0.000139000 seconds
[token:150, layer:2] 102:layer-compute-total: 0.000521000 seconds
[token:150, layer:3] 002:attention-norm: 0.000001000 seconds
[token:150, layer:3] 003:qkv-projection: 0.000109000 seconds
[token:150, layer:3] 004:apply-rope: 0.000001000 seconds
[token:150, layer:3] 005:compute-attention: 0.000038000 seconds
[token:150, layer:3] 006:attention-output: 0.000036000 seconds
[token:150, layer:3] 007:ffn-norm: 0.000000000 seconds
[token:150, layer:3] 008:ffn-up-projection: 0.000190000 seconds
[token:150, layer:3] 009:ffn-swiglu: 0.000001000 seconds
[token:150, layer:3] 010:ffn-down-projection: 0.000137000 seconds
[token:150, layer:3] 102:layer-compute-total: 0.000513000 seconds
[token:150, layer:4] 002:attention-norm: 0.000000000 seconds
[token:150, layer:4] 003:qkv-projection: 0.000107000 seconds
[token:150, layer:4] 004:apply-rope: 0.000001000 seconds
[token:150, layer:4] 005:compute-attention: 0.000038000 seconds
[token:150, layer:4] 006:attention-output: 0.000036000 seconds
[token:150, layer:4] 007:ffn-norm: 0.000000000 seconds
[token:150, layer:4] 008:ffn-up-projection: 0.000194000 seconds
[token:150, layer:4] 009:ffn-swiglu: 0.000001000 seconds
[token:150, layer:4] 010:ffn-down-projection: 0.000139000 seconds
[token:150, layer:4] 102:layer-compute-total: 0.000516000 seconds
[token:150, layer:5] 002:attention-norm: 0.000001000 seconds
[token:150, layer:5] 003:qkv-projection: 0.000110000 seconds
[token:150, layer:5] 004:apply-rope: 0.000001000 seconds
[token:150, layer:5] 005:compute-attention: 0.000040000 seconds
[token:150, layer:5] 006:attention-output: 0.000037000 seconds
[token:150, layer:5] 007:ffn-norm: 0.000001000 seconds
[token:150, layer:5] 008:ffn-up-projection: 0.000195000 seconds
[token:150, layer:5] 009:ffn-swiglu: 0.000001000 seconds
[token:150, layer:5] 010:ffn-down-projection: 0.000142000 seconds
[token:150, layer:5] 102:layer-compute-total: 0.000528000 seconds
[token:150] 011:final-projection: 0.004051000 seconds
[token:150] 103:forward-compute-total: 0.007160000 seconds
achieved tok/s: 129.645635
